WaterName,County,Species,Quantity,Average length,Date stocked,Year
ABERDUNK L FL,SEVIER,TIGER TROUT,110,2.84,7/2/2020,2020
ABES RES,SEVIER,CUTTHROAT,104,2.13,9/16/2020,2020
ACADEMY MILL RES,SANPETE,TIGER TROUT,3025,2.84,7/2/2020,2020
ADAMS RESERVOIR,DAVIS,RAINBOW,999,10.15,3/3/2020,2020
ADAMS RESERVOIR,DAVIS,RAINBOW,1001,10.75,3/16/2020,2020
ADAMS RESERVOIR,DAVIS,RAINBOW,1099,9.52,5/11/2020,2020
ADAMS RESERVOIR,DAVIS,RAINBOW,1201,9.61,5/22/2020,2020
ADAMS RESERVOIR,DAVIS,RAINBOW,1254,9.46,6/1/2020,2020
ADAMS RESERVOIR,DAVIS,RAINBOW,2576,9.46,6/15/2020,2020
ADAMS RESERVOIR,DAVIS,RAINBOW,1001,9.44,9/2/2020,2020
ADAMS RESERVOIR,DAVIS,RAINBOW,999,9.4,9/9/2020,2020
ADAMS RESERVOIR,DAVIS,RAINBOW,499,9.42,9/14/2020,2020
ADAMS RESERVOIR,DAVIS,RAINBOW,500,9.71,9/21/2020,2020
ADAMS RESERVOIR,DAVIS,WIPER,605,4.57,9/22/2020,2020
ADAMS RESERVOIR,DAVIS,RAINBOW,999,9.42,10/5/2020,2020
ADAMS RESERVOIR,DAVIS,RAINBOW,590,9.46,10/13/2020,2020
ADAMS RESERVOIR,DAVIS,RAINBOW,290,9.52,10/19/2020,2020
AMERICAN FK CR,UTAH,RAINBOW,550,10,6/1/2020,2020
AMERICAN FK CR,UTAH,RAINBOW,550,10,6/17/2020,2020
AMERICAN FK CR,UTAH,RAINBOW,550,10,6/23/2020,2020
AMERICAN FK CR,UTAH,RAINBOW,552,10.14,6/29/2020,2020
AMERICAN FK CR,UTAH,RAINBOW,550,9.21,7/6/2020,2020
AMERICAN FK CR,UTAH,RAINBOW,549,9.31,7/14/2020,2020
AMERICAN FK CR,UTAH,RAINBOW,550,8.94,7/27/2020,2020
AMERICAN FK CR,UTAH,RAINBOW,551,9.12,8/17/2020,2020
"AMERICAN FK CR, N FK",UTAH,RAINBOW,375,10,6/1/2020,2020
"AMERICAN FK CR, N FK",UTAH,RAINBOW,375,10,6/17/2020,2020
"AMERICAN FK CR, N FK",UTAH,RAINBOW,375,10,6/23/2020,2020
"AMERICAN FK CR, N FK",UTAH,RAINBOW,374,10.14,6/29/2020,2020
"AMERICAN FK CR, N FK",UTAH,RAINBOW,374,9.21,7/6/2020,2020
"AMERICAN FK CR, N FK",UTAH,RAINBOW,375,9.31,7/14/2020,2020
"AMERICAN FK CR, N FK",UTAH,RAINBOW,378,8.94,7/27/2020,2020
"AMERICAN FK CR, N FK",UTAH,RAINBOW,376,9.12,8/17/2020,2020
"AMERICAN FK CR, N FK",UTAH,CUTTHROAT,4021,2.16,10/6/2020,2020
"AMERICAN FK CR, N FK",UTAH,CUTTHROAT,1516,2.51,10/6/2020,2020
"AMERICAN FK CR, N FK",UTAH,CUTTHROAT,3845,2.51,10/6/2020,2020
"AMERICAN FK CR, N FK",UTAH,CUTTHROAT,3014,2.51,10/6/2020,2020
ANDERSON MEADOW,BEAVER,RAINBOW,1548,10.07,6/22/2020,2020
ANDERSON MEADOW,BEAVER,TIGER TROUT,232,2.9,7/16/2020,2020
ANDERSON MEADOW,BEAVER,RAINBOW,1519,10.29,7/28/2020,2020
ANNABELLA RES,SEVIER,RAINBOW,415,10.17,5/21/2020,2020
ANTIMONY L EMW,GARFIELD,BROOK TROUT,70,3.19,8/11/2020,2020
ANTIMONY L EMW,GARFIELD,RAINBOW,110,6.28,10/22/2020,2020
ASAY CR,GARFIELD,BROWN TROUT,6149,3.25,4/20/2020,2020
ASAY CR,GARFIELD,RAINBOW,4024,3.2,6/1/2020,2020
ASAY CR,GARFIELD,CUTTHROAT,7425,2.13,9/16/2020,2020
"ASHLEY CR, S FK",UINTAH,RAINBOW,241,9.72,6/18/2020,2020
"ASHLEY CR, S FK",UINTAH,RAINBOW,218,9.81,7/7/2020,2020
ASHLEY TWIN L GR-35,UINTAH,BROOK TROUT,2090,3.49,7/6/2020,2020
ASPEN MIRROR L,KANE,RAINBOW,818,10.9,5/8/2020,2020
ASPEN MIRROR L,KANE,RAINBOW,312,11.67,5/19/2020,2020
ASPEN MIRROR L,KANE,RAINBOW,525,11.04,5/19/2020,2020
ASPEN MIRROR L,KANE,TIGER TROUT,515,2.42,5/19/2020,2020
ASPEN MIRROR L,KANE,RAINBOW,804,11.2,6/3/2020,2020
ASPEN MIRROR L,KANE,RAINBOW,816,11.38,6/18/2020,2020
ASPEN MIRROR L,KANE,RAINBOW,838,11.28,7/1/2020,2020
ASPEN MIRROR L,KANE,RAINBOW,440,11.71,7/14/2020,2020
ASPEN MIRROR L,KANE,RAINBOW,1188,9.75,7/29/2020,2020
ASPEN MIRROR L,KANE,RAINBOW,826,9.63,8/19/2020,2020
AVERETT CYN P,WASATCH,CUTTHROAT,104,7.55,7/20/2020,2020
AZURE (LOCK) L A-11,SUMMIT,GRAYLING ARCTIC,306,2.81,9/21/2020,2020
BAKER L BR-45,SUMMIT,TIGER TROUT,360,2.4,7/31/2020,2020
BAKER RES,WASHINGTON,BROWN TROUT,494,16.37,1/23/2020,2020
BAKER RES,WASHINGTON,RAINBOW,3401,0.96,1/23/2020,2020
BAKER RES,WASHINGTON,SUNFISH BLUEGILL,9355,2.62,9/24/2020,2020
BAKER SP,BOX ELDER,RAINBOW,1000,9.05,4/10/2020,2020
BAR M SP,BOX ELDER,RAINBOW,1000,9.05,4/9/2020,2020
"BARKER POND, UPPER NCL",GARFIELD,CUTTHROAT,34,4.2,10/21/2020,2020
BARKER RES NCL,GARFIELD,RAINBOW,1586,9.81,6/2/2020,2020
BARKER RES NCL,GARFIELD,BROOK TROUT,511,2.69,7/1/2020,2020
"BARKER RES,LOWER NCL",GARFIELD,TIGER TROUT,209,2.84,7/1/2020,2020
"BARKER RES,LOWER NCL",GARFIELD,SPLAKE,203,3.25,7/1/2020,2020
BARNEY L,SEVIER,TIGER TROUT,1006,2.98,7/15/2020,2020
BARNEY L,SEVIER,CUTTHROAT,5049,2.13,9/14/2020,2020
BARTHOLOMEW PARK POND,UTAH,RAINBOW,999,9.49,3/10/2020,2020
BARTHOLOMEW PARK POND,UTAH,RAINBOW,999,9.49,3/16/2020,2020
BARTHOLOMEW PARK POND,UTAH,RAINBOW,1495,10.37,5/4/2020,2020
BARTHOLOMEW PARK POND,UTAH,RAINBOW,1000,10.87,5/11/2020,2020
BARTHOLOMEW PARK POND,UTAH,RAINBOW,500,10.22,5/18/2020,2020
BARTHOLOMEW PARK POND,UTAH,RAINBOW,504,10.22,5/26/2020,2020
BARTHOLOMEW PARK POND,UTAH,RAINBOW,1500,10.87,6/4/2020,2020
BARTHOLOMEW PARK POND,UTAH,RAINBOW,998,10.53,9/2/2020,2020
BARTHOLOMEW PARK POND,UTAH,RAINBOW,504,10.89,9/21/2020,2020
BARTHOLOMEW PARK POND,UTAH,RAINBOW,494,10.89,9/28/2020,2020
BARTHOLOMEW PARK POND,UTAH,RAINBOW,1001,12.24,10/1/2020,2020
BARTHOLOMEW PARK POND,UTAH,CUTTHROAT,234,17.65,10/6/2020,2020
BARTHOLOMEW PARK POND,UTAH,CUTTHROAT,234,17.65,10/6/2020,2020
BARTHOLOMEW PARK POND,UTAH,CUTTHROAT,138,17.65,10/7/2020,2020
BASTIAN RES,GARFIELD,TIGER TROUT,1502,2.84,7/2/2020,2020
BATTLE CR,UTAH,CUTTHROAT,1012,2.4,11/5/2020,2020
BEAR CYN CR,JUAB,CUTTHROAT,1012,2.4,11/4/2020,2020
BEAR L,RICH,CUTTHROAT,15525,7.45,7/27/2020,2020
BEAR L,RICH,CUTTHROAT,16560,7.45,7/27/2020,2020
BEAR L,RICH,CUTTHROAT,44954,7.45,7/27/2020,2020
BEAR L,RICH,CUTTHROAT,22080,7.45,7/27/2020,2020
BEAR L,RICH,CUTTHROAT,13869,7.45,7/28/2020,2020
BEAR L,RICH,CUTTHROAT,44160,7.45,7/28/2020,2020
BEAR L,RICH,CUTTHROAT,16905,7.45,7/28/2020,2020
BEAR L,RICH,CUTTHROAT,21525,3.01,11/4/2020,2020
BEAR L,RICH,LAKE TROUT,23579,5.95,11/9/2020,2020
BEAR L G-7,SUMMIT,BROOK TROUT,2010,3.49,7/6/2020,2020
BEAR R,SUMMIT,RAINBOW,150,9.21,7/2/2020,2020
BEAR R,SUMMIT,RAINBOW,151,9.52,7/14/2020,2020
BEAR R,SUMMIT,RAINBOW,102,11.99,7/27/2020,2020
BEAR R,SUMMIT,RAINBOW,102,8.94,8/10/2020,2020
BEAVER CR,SUMMIT,RAINBOW,202,9.21,7/6/2020,2020
BEAVER CR,SUMMIT,RAINBOW,196,11.99,7/24/2020,2020
BEAVER CR,SUMMIT,RAINBOW,193,8.94,8/4/2020,2020
BEAVER CR,SUMMIT,RAINBOW,201,9.12,8/17/2020,2020
BEAVER DAMS NBS,WAYNE,BROOK TROUT,307,2.69,7/1/2020,2020
BEAVER L A-17,SUMMIT,BROOK TROUT,281,2.47,7/31/2020,2020
BEAVER L BR-10,SUMMIT,RAINBOW,1000,10,6/10/2020,2020
BEAVER L BR-10,SUMMIT,RAINBOW,200,10,6/17/2020,2020
BEAVER L BR-10,SUMMIT,RAINBOW,1001,11.99,7/24/2020,2020
BEAVER R,BEAVER,RAINBOW,4966,3.85,3/26/2020,2020
BEAVER R,BEAVER,BROWN TROUT,8104,2.96,4/7/2020,2020
BEAVER R,BEAVER,RAINBOW,502,9.83,4/7/2020,2020
BEAVER R,BEAVER,BROWN TROUT,4612,3.25,4/28/2020,2020
BEAVER R,BEAVER,RAINBOW,999,10.5,5/19/2020,2020
BEAVER R,BEAVER,RAINBOW,309,10.17,5/20/2020,2020
BEAVER R,BEAVER,RAINBOW,300,10.07,6/8/2020,2020
BEAVER R,BEAVER,RAINBOW,300,10.07,6/22/2020,2020
BEAVER R,BEAVER,RAINBOW,272,10.13,6/29/2020,2020
BEAVER R,BEAVER,RAINBOW,520,10.18,7/15/2020,2020
BEAVER R,BEAVER,RAINBOW,304,10.29,7/20/2020,2020
BEAVER R,BEAVER,RAINBOW,322,10.56,8/4/2020,2020
BEE TREE,SANPETE,BROOK TROUT,211,2.83,7/7/2020,2020
BENCHS POND,SANPETE,RAINBOW,1008,10.22,5/18/2020,2020
BENCHS POND,SANPETE,RAINBOW,1008,10.22,5/27/2020,2020
BENCHS POND,SANPETE,RAINBOW,1494,11.25,6/17/2020,2020
BENCHS POND,SANPETE,RAINBOW,499,10.53,9/2/2020,2020
BENNIE CR,UTAH,CUTTHROAT,1508,2.4,11/4/2020,2020
BESS L BTN,GARFIELD,BROOK TROUT,256,2.55,7/1/2020,2020
BESS L BTN,GARFIELD,GRAYLING ARCTIC,306,2.81,9/28/2020,2020
BIG COTTONWOOD CR,SALT LAKE,CUTTHROAT,3000,2.15,10/7/2020,2020
BIG CR,RICH,CUTTHROAT,300,13.35,7/20/2020,2020
BIG CR,RICH,CUTTHROAT,499,9.8,9/3/2020,2020
"BIG HOLLOW, UPPER",GARFIELD,TIGER TROUT,501,10.03,5/13/2020,2020
BIG L,SEVIER,RAINBOW,1778,10.17,5/21/2020,2020
BIG L,SEVIER,RAINBOW,1067,10.17,5/21/2020,2020
BIG L BTS,GARFIELD,BROOK TROUT,211,2.55,7/1/2020,2020
BIG L BTS,GARFIELD,GRAYLING ARCTIC,504,2.81,9/28/2020,2020
BIG SANDWASH RES,DUCHESNE,RAINBOW,1249,10.53,4/22/2020,2020
BIG SANDWASH RES,DUCHESNE,RAINBOW,1840,10.71,4/24/2020,2020
BIG SANDWASH RES,DUCHESNE,RAINBOW,3772,10.71,4/26/2020,2020
BIG SANDWASH RES,DUCHESNE,RAINBOW,3210,10.97,5/4/2020,2020
BIG SANDWASH RES,DUCHESNE,RAINBOW,5136,10.97,5/4/2020,2020
BIG SANDWASH RES,DUCHESNE,TIGER TROUT,1020,10.72,5/4/2020,2020
BIG SANDWASH RES,DUCHESNE,WALLEYE,3362,2.93,6/11/2020,2020
BIG SANDWASH RES,DUCHESNE,TIGER TROUT,1995,5.32,10/23/2020,2020
BIRCH CR RES,RICH,TIGER TROUT,27680,2.5,8/11/2020,2020
BIRCH CR RES,RICH,TIGER TROUT,2240,3.29,8/11/2020,2020
BIRCH CR RES,RICH,RAINBOW,9720,5.7,8/11/2020,2020
BIRCH CR RES,RICH,RAINBOW,6840,2.36,8/11/2020,2020
BLACKSMITH FK,CACHE,RAINBOW,1000,8.22,8/10/2020,2020
BLANCHE L,SALT LAKE,BROOK TROUT,1006,2.47,7/30/2020,2020
BLANCHE L,SALT LAKE,CUTTHROAT,2002,2.13,9/22/2020,2020
BLANDING RES NO 3,SAN JUAN,RAINBOW,1525,10.12,3/23/2020,2020
BLANDING RES NO 3,SAN JUAN,RAINBOW,944,10.19,4/27/2020,2020
BLANDING RES NO 3,SAN JUAN,RAINBOW,533,10.17,5/19/2020,2020
BLANDING RES NO 3,SAN JUAN,RAINBOW,1606,10.37,8/25/2020,2020
BLANDING RES NO 4,SAN JUAN,RAINBOW,1808,10.12,3/23/2020,2020
BLANDING RES NO 4,SAN JUAN,RAINBOW,1711,10.19,4/27/2020,2020
BLANDING RES NO 4,SAN JUAN,TIGER TROUT,4529,2.81,6/24/2020,2020
BLANDING RES NO 4,SAN JUAN,RAINBOW,2002,10.37,8/25/2020,2020
BLIND L NBS,WAYNE,RAINBOW,4956,2.41,7/1/2020,2020
BLIND L NBS,WAYNE,SPLAKE,503,3.25,7/1/2020,2020
BLIND L NBS,WAYNE,GRAYLING ARCTIC,3006,2.81,9/28/2020,2020
BLUE L,SAN JUAN,RAINBOW,804,10.07,6/8/2020,2020
BLUE L,SANPETE,TIGER TROUT,505,2.84,7/2/2020,2020
BLUE L,SANPETE,GRAYLING ARCTIC,1494,2.81,9/28/2020,2020
BLUE L A-5,SUMMIT,BROOK TROUT,611,2.47,7/31/2020,2020
BLUE L GT,GARFIELD,GRAYLING ARCTIC,252,2.81,9/28/2020,2020
BLUE L NCL,GARFIELD,TIGER TROUT,54,3.25,7/28/2020,2020
BLUE RIBBON #1,SANPETE,BROOK TROUT,111,2.83,7/7/2020,2020
BLUE RIBBON #2,SANPETE,BROOK TROUT,111,2.83,7/7/2020,2020
BOBS HOLE NBS,WAYNE,TIGER TROUT,66,2.84,7/1/2020,2020
BOBS HOLE NBS,WAYNE,BROOK TROUT,218,2.69,7/1/2020,2020
BOBS L G-73,SUMMIT,TIGER TROUT,504,2.4,7/31/2020,2020
BOBS L G-73,SUMMIT,CUTTHROAT,501,2.48,9/23/2020,2020
BONNIE L Z-6,DUCHESNE,BROOK TROUT,611,2.47,7/31/2020,2020
"BOULDER CR, W FK",GARFIELD,CUTTHROAT,203,4.2,10/21/2020,2020
BOULGER POND,SANPETE,RAINBOW,2016,10.22,5/27/2020,2020
BOULGER POND,SANPETE,RAINBOW,1494,11.25,6/17/2020,2020
BOULGER POND,SANPETE,RAINBOW,499,10.53,9/2/2020,2020
BOUNTIFUL POND,DAVIS,RAINBOW,199,20.05,2/23/2020,2020
BOUNTIFUL POND,DAVIS,RAINBOW,1000,10.15,3/3/2020,2020
BOUNTIFUL POND,DAVIS,RAINBOW,1499,10.15,3/10/2020,2020
BOUNTIFUL POND,DAVIS,RAINBOW,1000,9.63,5/5/2020,2020
BOUNTIFUL POND,DAVIS,RAINBOW,1920,9.52,5/11/2020,2020
BOUNTIFUL POND,DAVIS,RAINBOW,1499,9.46,6/1/2020,2020
BOUNTIFUL POND,DAVIS,CHANNEL CATFISH,900,13.57,6/11/2020,2020
BOUNTIFUL POND,DAVIS,RAINBOW,208,16.88,6/17/2020,2020
BOUNTIFUL POND,DAVIS,RAINBOW,1650,9.4,9/8/2020,2020
BOUNTIFUL POND,DAVIS,RAINBOW,1376,9.42,9/15/2020,2020
BOUNTIFUL POND,DAVIS,RAINBOW,125,21.54,9/15/2020,2020
BOUNTIFUL POND,DAVIS,CHANNEL CATFISH,3000,2.48,9/15/2020,2020
BOUNTIFUL POND,DAVIS,RAINBOW,76,19.64,9/23/2020,2020
BOUNTIFUL POND,DAVIS,RAINBOW,999,9.42,10/5/2020,2020
BOUNTIFUL POND,DAVIS,RAINBOW,1001,9.52,10/19/2020,2020
BOUNTIFUL POND,DAVIS,RAINBOW,299,9.52,10/27/2020,2020
BOUNTIFUL POND,DAVIS,RAINBOW,2700,9.52,11/2/2020,2020
BOUNTIFUL POND,DAVIS,RAINBOW,2000,9.63,11/30/2020,2020
BOURBON L BR-1,SUMMIT,BROOK TROUT,50,2.47,7/31/2020,2020
"BOWNS RES, LOWER",GARFIELD,TIGER TROUT,1001,10.56,5/27/2020,2020
"BOWNS RES, LOWER",GARFIELD,TIGER TROUT,1001,10.56,5/27/2020,2020
"BOWNS RES, LOWER",GARFIELD,RAINBOW,16000,3.14,6/9/2020,2020
"BOX CR RES, LOWER",PIUTE,RAINBOW,1045,10.28,5/4/2020,2020
"BOX CR RES, LOWER",PIUTE,TIGER TROUT,754,2.98,7/15/2020,2020
"BOX CR RES, UPPER",PIUTE,RAINBOW,1573,10.32,5/11/2020,2020
"BOX CR RES, UPPER",PIUTE,RAINBOW,1428,9.95,6/11/2020,2020
"BOX CR RES, UPPER",PIUTE,SPLAKE,506,3.05,6/15/2020,2020
"BOX CR RES, UPPER",PIUTE,TIGER TROUT,1252,2.98,7/15/2020,2020
BOX RES,UTAH,RAINBOW,600,10.22,5/26/2020,2020
BOX RES,UTAH,RAINBOW,500,11.25,6/9/2020,2020
BOX RES,UTAH,RAINBOW,499,10.37,6/22/2020,2020
BOX RES,UTAH,RAINBOW,504,12.24,10/1/2020,2020
BR-43,SUMMIT,TIGER TROUT,216,2.4,7/31/2020,2020
BR-50,SUMMIT,BROOK TROUT,363,2.47,7/31/2020,2020
BRAD'S SECRET,SANPETE,BROOK TROUT,111,2.83,7/7/2020,2020
BRIAN HEAD POND,IRON,TIGER TROUT,1030,9.48,5/28/2020,2020
BRIAN HEAD POND,IRON,RAINBOW,1020,10.07,6/8/2020,2020
BRIAN HEAD POND,IRON,RAINBOW,1001,10.06,7/15/2020,2020
BRIAN HEAD POND,IRON,RAINBOW,1009,10.56,8/4/2020,2020
BRIDGER L G-20,SUMMIT,RAINBOW,991,9.09,5/15/2020,2020
BRIDGER L G-20,SUMMIT,RAINBOW,1002,9.83,6/23/2020,2020
BRIDGER L G-20,SUMMIT,RAINBOW,999,9.75,7/9/2020,2020
BRIDGER L G-20,SUMMIT,RAINBOW,1617,8.66,7/24/2020,2020
BRIDGER L G-20,SUMMIT,BROOK TROUT,2106,2.49,7/24/2020,2020
BRIDGER L G-20,SUMMIT,RAINBOW,1505,8.94,8/3/2020,2020
BRIDGER L G-20,SUMMIT,RAINBOW,2000,9.12,8/17/2020,2020
BROOK L A-20,SUMMIT,BROOK TROUT,99,2.47,7/31/2020,2020
BROOK L U-54,DUCHESNE,BROOK TROUT,1005,3.49,7/6/2020,2020
BROUGH RES,UINTAH,RAINBOW,1748,10.71,4/26/2020,2020
BROUGH RES,UINTAH,RAINBOW,2782,10.97,5/5/2020,2020
BROUGH RES,UINTAH,BROWN TROUT,800,2.68,5/5/2020,2020
BROUGH RES,UINTAH,RAINBOW,1243,8.9,5/5/2020,2020
BROUGH RES,UINTAH,BROWN TROUT,825,2.67,6/8/2020,2020
BROUGH RES,UINTAH,RAINBOW,192,17.33,11/12/2020,2020
BROWNE L,DAGGETT,RAINBOW,5824,3.92,5/31/2020,2020
BROWNE L,DAGGETT,BROOK TROUT,1518,3.19,6/9/2020,2020
BROWNS DRAW RES,DUCHESNE,RAINBOW,4884,4.62,4/25/2020,2020
BROWNS DRAW RES,DUCHESNE,RAINBOW,10117,3.12,4/30/2020,2020
BROWNS DRAW RES,DUCHESNE,TIGER TROUT,4420,2.35,4/30/2020,2020
BROWNS DRAW RES,DUCHESNE,RAINBOW,619,10.24,11/2/2020,2020
BROWNS DRAW RES,DUCHESNE,RAINBOW,426,10.2,11/17/2020,2020
BRUSH CR,UINTAH,CUTTHROAT,2000,5.05,7/8/2020,2020
BUCKEYE L A-3,SUMMIT,BROOK TROUT,182,2.47,7/31/2020,2020
BUD L Z-2,DUCHESNE,BROOK TROUT,561,2.47,7/31/2020,2020
"BULBERRY L, SOUTH",WAYNE,TIGER TROUT,103,2.45,5/21/2020,2020
"BULBERRY L, SOUTH",WAYNE,BROOK TROUT,53,2.32,5/21/2020,2020
BULLBERRY L#4(NORTH),WAYNE,TIGER TROUT,52,2.45,5/21/2020,2020
BULLOCK RES,UINTAH,MUSKIE TIGER,1505,1.19,4/28/2020,2020
BURRASTON PONDS,JUAB,RAINBOW,1740,9.41,5/5/2020,2020
BURRASTON PONDS,JUAB,RAINBOW,1498,9.63,5/12/2020,2020
BURRASTON PONDS,JUAB,RAINBOW,1512,9.63,5/18/2020,2020
BURRASTON PONDS,JUAB,RAINBOW,1008,9.63,5/26/2020,2020
BURRASTON PONDS,JUAB,RAINBOW,1000,10,6/8/2020,2020
BURRASTON PONDS,JUAB,RAINBOW,108,10.14,6/23/2020,2020
BURRASTON PONDS,JUAB,RAINBOW,888,10.14,6/23/2020,2020
BURRASTON PONDS,JUAB,RAINBOW,1000,10,6/29/2020,2020
BURRASTON PONDS,JUAB,RAINBOW,999,11.16,9/8/2020,2020
BURRASTON PONDS,JUAB,RAINBOW,1003,11.37,9/29/2020,2020
BUTTERFLY L Z-1,DUCHESNE,RAINBOW,400,10,6/17/2020,2020
BUTTERFLY L Z-1,DUCHESNE,RAINBOW,400,9.21,7/6/2020,2020
BUTTERFLY L Z-1,DUCHESNE,RAINBOW,399,11.99,7/24/2020,2020
BUTTERFLY L Z-1,DUCHESNE,TIGER TROUT,435,8.31,7/26/2020,2020
BUTTERFLY L Z-1,DUCHESNE,BROOK TROUT,486,2.49,7/27/2020,2020
BUTTERFLY L Z-1,DUCHESNE,RAINBOW,399,11.99,7/27/2020,2020
BUTTERFLY L Z-1,DUCHESNE,TIGER TROUT,391,8.31,7/28/2020,2020
BUTTERFLY L Z-1,DUCHESNE,BROOK TROUT,117,3.66,8/3/2020,2020
BUTTERFLY L Z-1,DUCHESNE,RAINBOW,403,8.94,8/3/2020,2020
BUTTERFLY L Z-1,DUCHESNE,RAINBOW,399,8.94,8/10/2020,2020
BUTTERFLY L Z-1,DUCHESNE,TIGER TROUT,400,8.31,8/10/2020,2020
BUTTERFLY L Z-1,DUCHESNE,RAINBOW,300,9.12,8/17/2020,2020
BUTTERFLY L Z-1,DUCHESNE,TIGER TROUT,299,9.03,8/24/2020,2020
BUTTERFLY L Z-1,DUCHESNE,RAINBOW,300,9.12,8/24/2020,2020
BUTTERFLY L Z-1,DUCHESNE,TIGER TROUT,400,9.31,8/31/2020,2020
BUTTERFLY L Z-1,DUCHESNE,RAINBOW,400,9.31,9/1/2020,2020
BUTTERFLY L Z-1,DUCHESNE,RAINBOW,399,8.94,9/8/2020,2020
BUTTERFLY L Z-1,DUCHESNE,TIGER TROUT,400,8.66,9/9/2020,2020
CALDER RES,UINTAH,CUTTHROAT,508,5.47,5/11/2020,2020
CALDER RES,UINTAH,RAINBOW,4005,2.52,5/11/2020,2020
CALDER RES,UINTAH,BROWN TROUT,510,2.56,5/11/2020,2020
CALDER RES,UINTAH,BROWN TROUT,810,2.77,5/30/2020,2020
CAMP KOSTOPAULUS,SALT LAKE,RAINBOW,400,9.63,6/9/2020,2020
CANYON VIEW PARK PD,UTAH,RAINBOW,500,10.75,3/16/2020,2020
CANYON VIEW PARK PD,UTAH,RAINBOW,499,9.52,5/11/2020,2020
CANYON VIEW PARK PD,UTAH,RAINBOW,499,9.61,5/22/2020,2020
CANYON VIEW PARK PD,UTAH,RAINBOW,501,9.63,6/8/2020,2020
CANYON VIEW PARK PD,UTAH,RAINBOW,499,9.44,6/22/2020,2020
CANYON VIEW PARK PD,UTAH,RAINBOW,499,9.55,7/7/2020,2020
CANYON VIEW PARK PD,UTAH,RAINBOW,500,9.4,9/9/2020,2020
CARBON CNTY P,CARBON,RAINBOW,1800,9.41,5/6/2020,2020
CARBON CNTY P,CARBON,RAINBOW,900,10,6/9/2020,2020
CARBON CNTY P,CARBON,RAINBOW,257,11.05,9/30/2020,2020
CARBON CNTY P,CARBON,RAINBOW,901,11.37,10/19/2020,2020
CAROL L W-51,SUMMIT,BROOK TROUT,281,2.47,7/30/2020,2020
CART CR,DAGGETT,RAINBOW,202,9.63,6/16/2020,2020
CART CR,DAGGETT,RAINBOW,218,9.81,7/7/2020,2020
CARTER CR,DAGGETT,RAINBOW,171,9.63,6/16/2020,2020
CARTER CR,DAGGETT,RAINBOW,190,9.81,7/7/2020,2020
CASPERS POND,CACHE,RAINBOW,1000,9.35,5/28/2020,2020
CASPERS POND,CACHE,RAINBOW,500,8.99,6/17/2020,2020
CASTLE L G-11,SUMMIT,TIGER TROUT,612,2.4,7/31/2020,2020
CATHERINE L,SALT LAKE,BROOK TROUT,1205,2.47,7/30/2020,2020
CAUSEY RES,WEBER,RAINBOW,7233,8.08,5/18/2020,2020
CAUSEY RES,WEBER,RAINBOW,7328,8.2,6/1/2020,2020
CAUSEY RES,WEBER,LAKE TROUT,2700,3.95,7/21/2020,2020
CAUSEY RES,WEBER,TIGER TROUT,1461,9.31,8/31/2020,2020
CEDAR CR,SANPETE,CUTTHROAT,1359,2.25,9/21/2020,2020
CHALK CR,MILLARD,TIGER TROUT,250,11.46,5/28/2020,2020
CHALK CR,MILLARD,RAINBOW,260,10.13,6/29/2020,2020
CHINA L G-21,SUMMIT,BROOK TROUT,7771,3.15,7/6/2020,2020
CHINA L G-21,SUMMIT,GRAYLING ARCTIC,3096,2.81,9/21/2020,2020
CHUCK L BTN,GARFIELD,BROOK TROUT,106,2.55,7/1/2020,2020
CLEAR CR,SEVIER,DACE,282,2.75,9/21/2020,2020
CLEAR CR,SEVIER,SCULPIN,192,3.02,9/21/2020,2020
CLEAR CR,SEVIER,SUCKER,73,7.69,9/21/2020,2020
CLEAR CR,UTAH,CUTTHROAT,1006,2.92,10/8/2020,2020
CLEAR L NBS,WAYNE,TIGER TROUT,52,2.45,5/21/2020,2020
CLEVELAND RES,EMERY,RAINBOW,1340,10.87,6/2/2020,2020
CLEVELAND RES,EMERY,RAINBOW,1340,10.87,6/2/2020,2020
CLEVELAND RES,EMERY,RAINBOW,1340,10.87,6/2/2020,2020
CLIFF L A-34,SUMMIT,TIGER TROUT,900,2.4,7/31/2020,2020
CLIFF L G-5,SUMMIT,TIGER TROUT,3312,2.4,7/31/2020,2020
CLINTON POND,DAVIS,RAINBOW,100,20.05,2/25/2020,2020
CLINTON POND,DAVIS,RAINBOW,545,10.15,3/4/2020,2020
CLINTON POND,DAVIS,RAINBOW,599,9.63,5/4/2020,2020
CLINTON POND,DAVIS,RAINBOW,649,9.46,5/18/2020,2020
CLINTON POND,DAVIS,RAINBOW,601,9.61,5/22/2020,2020
CLINTON POND,DAVIS,CHANNEL CATFISH,300,13.57,6/11/2020,2020
CLINTON POND,DAVIS,RAINBOW,843,9.42,9/14/2020,2020
CLINTON POND,DAVIS,CHANNEL CATFISH,1000,2.48,9/15/2020,2020
CLINTON POND,DAVIS,WIPER,403,4.57,9/22/2020,2020
CLINTON POND,DAVIS,RAINBOW,843,9.42,9/28/2020,2020
CLINTON POND,DAVIS,RAINBOW,844,9.46,10/12/2020,2020
CLINTON POND,DAVIS,RAINBOW,844,9.52,10/26/2020,2020
CLINTON POND,DAVIS,RAINBOW,476,9.52,11/2/2020,2020
COLD SPRING L,SEVIER,RAINBOW,1012,10.54,5/26/2020,2020
COLD SPRING L,SEVIER,RAINBOW,1013,10.29,7/22/2020,2020
COLD SPRING LAKES,BOX ELDER,RAINBOW,650,11.84,4/2/2020,2020
COLD SPRING LAKES,BOX ELDER,RAINBOW,800,8.85,4/29/2020,2020
COLD SPRING LAKES,BOX ELDER,RAINBOW,1000,9.34,5/29/2020,2020
COLD SPRING LAKES,BOX ELDER,RAINBOW,650,9.94,7/1/2020,2020
COLD SPRING LAKES,BOX ELDER,RAINBOW,900,10.53,8/10/2020,2020
COLD SPRING LAKES,BOX ELDER,RAINBOW,1025,9.36,9/3/2020,2020
COLD SPRING LAKES,BOX ELDER,RAINBOW,825,10.02,10/9/2020,2020
COLEMAN RES NBS,WAYNE,BROOK TROUT,259,2.2,5/21/2020,2020
COLEMAN RES NBS,WAYNE,RAINBOW,400,3.14,6/9/2020,2020
COMMUNITY L,SANPETE,RAINBOW,510,9.41,5/7/2020,2020
COMMUNITY L,SANPETE,RAINBOW,1000,10,6/3/2020,2020
COMMUNITY L,SANPETE,RAINBOW,749,8.79,6/15/2020,2020
COMMUNITY L,SANPETE,RAINBOW,750,10,6/29/2020,2020
COMMUNITY L,SANPETE,TIGER TROUT,998,3.69,7/7/2020,2020
COMMUNITY L,SANPETE,RAINBOW,999,11.16,9/8/2020,2020
COOK L BT,WAYNE,RAINBOW,1020,10.07,6/24/2020,2020
COOK L BT,WAYNE,TIGER TROUT,501,9.69,6/25/2020,2020
COOK L BT,WAYNE,BROOK TROUT,511,2.69,7/1/2020,2020
CORN CR,MILLARD,TIGER TROUT,250,11.46,5/28/2020,2020
CORN CR,MILLARD,RAINBOW,260,10.13,6/29/2020,2020
"CORN CR, N FK",MILLARD,CUTTHROAT,2896,2.51,10/6/2020,2020
CORNER BEAVER #1,SANPETE,BROOK TROUT,111,2.83,7/7/2020,2020
CORNER BEAVER #2,SANPETE,BROOK TROUT,211,2.83,7/7/2020,2020
COTTONWOOD RES,UINTAH,MUSKIE TIGER,3157,1.19,4/28/2020,2020
COTTONWOOD RES,UINTAH,RAINBOW,1598,8.9,5/5/2020,2020
COTTONWOOD RES,UINTAH,WIPER,3200,2.19,7/15/2020,2020
COTTONWOOD RES,UINTAH,SUNFISH BLUEGILL,26994,2.62,9/23/2020,2020
COVE L,SANPETE,TIGER TROUT,1000,4.15,7/15/2020,2020
COVE POND,SALT LAKE,RAINBOW,1008,8.86,4/27/2020,2020
COVE POND,SALT LAKE,RAINBOW,1008,9.63,5/13/2020,2020
COVE POND,SALT LAKE,RAINBOW,504,9.63,5/18/2020,2020
COVE POND,SALT LAKE,RAINBOW,1008,9.63,5/28/2020,2020
COVE POND,SALT LAKE,RAINBOW,500,10,6/3/2020,2020
COVE POND,SALT LAKE,RAINBOW,220,16.88,6/18/2020,2020
COVE POND,SALT LAKE,CHANNEL CATFISH,499,2.48,9/15/2020,2020
COVE POND,SALT LAKE,BASS LARGEMOUTH,77,3.19,9/24/2020,2020
COVE POND,SALT LAKE,SUNFISH BLUEGILL,551,2.46,9/24/2020,2020
COVE POND,SALT LAKE,RAINBOW,1513,11.37,9/24/2020,2020
CRATER L BTS,GARFIELD,BROOK TROUT,211,2.55,7/1/2020,2020
CRATER L BTS,GARFIELD,GRAYLING ARCTIC,144,2.81,9/28/2020,2020
CRESCENT L BTS,GARFIELD,TIGER TROUT,55,2.84,7/1/2020,2020
CRESCENT L BTS,GARFIELD,CUTTHROAT,389,2.12,9/23/2020,2020
CRYSTAL L A-51,SUMMIT,BROOK TROUT,1006,2.47,7/30/2020,2020
CRYSTAL L A-51,SUMMIT,BROOK TROUT,252,3.66,8/3/2020,2020
CUB L BT,WAYNE,BROOK TROUT,61,2.55,7/1/2020,2020
CUBERANT NO 4 W-45,SUMMIT,TIGER TROUT,2200,3.15,9/21/2020,2020
CURRANT CR,WASATCH,CUTTHROAT,1768,4.24,6/13/2020,2020
CURRANT CR,WASATCH,CUTTHROAT,2035,5.37,6/13/2020,2020
CURRANT CR RES,WASATCH,CUTTHROAT,3325,5.47,5/11/2020,2020
CURRANT CR RES,WASATCH,TIGER TROUT,7920,2.51,5/11/2020,2020
CURRANT CR RES,WASATCH,CUTTHROAT,1005,4.76,7/27/2020,2020
CURRANT CR RES,WASATCH,TIGER TROUT,3221,3.49,7/27/2020,2020
CURRANT CR RES,WASATCH,RAINBOW,4900,9.03,10/5/2020,2020
CURRANT CR RES,WASATCH,RAINBOW,4704,9.15,10/12/2020,2020
CURRANT CR RES,WASATCH,RAINBOW,1375,7.82,10/24/2020,2020
D-26,DUCHESNE,BROOK TROUT,297,2.47,7/31/2020,2020
DANIELS CR,WASATCH,CUTTHROAT,4392,2.27,10/12/2020,2020
DANIELS CR,WASATCH,CUTTHROAT,608,2.11,10/12/2020,2020
DARK CYN L,SAN JUAN,RAINBOW,504,10.07,6/8/2020,2020
DARK CYN L,SAN JUAN,TIGER TROUT,505,2.84,7/2/2020,2020
DARK CYN L,SAN JUAN,RAINBOW,1000,10.06,7/16/2020,2020
DEAD L BTS,GARFIELD,BROOK TROUT,211,2.55,7/1/2020,2020
DEAD L BTS,GARFIELD,GRAYLING ARCTIC,306,2.81,9/28/2020,2020
DEAD L WR-29,UINTAH,GRAYLING ARCTIC,756,2.81,9/21/2020,2020
DEADHORSE L G-77,SUMMIT,TIGER TROUT,1602,2.4,7/31/2020,2020
DEAN L W-35,SUMMIT,BROOK TROUT,908,2.47,7/30/2020,2020
DEEP CR L TLM,WAYNE,BROOK TROUT,211,2.55,7/2/2020,2020
DEEP L,SEVIER,RAINBOW,1491,9.67,5/28/2020,2020
DEEP L,SANPETE,RAINBOW,2100,10,7/1/2020,2020
DEEP L,SANPETE,BROOK TROUT,510,2.83,7/7/2020,2020
DEER CR L EBS,GARFIELD,TIGER TROUT,110,2.84,7/1/2020,2020
DEER CR L EBS,GARFIELD,BROOK TROUT,1009,2.55,7/1/2020,2020
DEER CR RES,WASATCH,RAINBOW,1770,10.19,3/25/2020,2020
DEER CR RES,WASATCH,RAINBOW,1770,10.19,3/25/2020,2020
DEER CR RES,WASATCH,RAINBOW,1298,10.19,3/25/2020,2020
DEER CR RES,WASATCH,RAINBOW,6582,10.03,3/26/2020,2020
DEER CR RES,WASATCH,RAINBOW,6582,10.03,3/26/2020,2020
DEER CR RES,WASATCH,RAINBOW,37208,4.1,8/18/2020,2020
DEER CR RES,WASATCH,RAINBOW,9604,9,8/20/2020,2020
DEER CR RES,WASATCH,RAINBOW,39996,4.96,9/30/2020,2020
DEER CR RES,WASATCH,RAINBOW,6370,9.97,10/28/2020,2020
DEER CR RES,WASATCH,RAINBOW,4160,9.97,10/28/2020,2020
DEER CR RES,WASATCH,RAINBOW,6240,9.97,10/29/2020,2020
DEER CR RES,WASATCH,RAINBOW,5760,10.24,10/30/2020,2020
DEER CR RES,WASATCH,RAINBOW,1000,11.61,11/3/2020,2020
DEER CR RES,WASATCH,RAINBOW,1000,11.61,11/3/2020,2020
DEER CR RES,WASATCH,RAINBOW,5427,9.85,11/5/2020,2020
DEER CR RES,WASATCH,RAINBOW,924,10.27,11/6/2020,2020
DEER CR RES,WASATCH,RAINBOW,1386,10.27,11/6/2020,2020
DEER CR RES,WASATCH,RAINBOW,1386,10.27,11/6/2020,2020
DEER CR RES,WASATCH,RAINBOW,1155,10.27,11/6/2020,2020
DEER CR RES,WASATCH,RAINBOW,1386,10.27,11/6/2020,2020
DEER CR RES,WASATCH,RAINBOW,1386,10.27,11/6/2020,2020
DEER CR RES,WASATCH,RAINBOW,783,9.86,11/11/2020,2020
DEER CR RES,WASATCH,RAINBOW,1044,9.86,11/11/2020,2020
DEER CR RES,WASATCH,RAINBOW,1566,9.86,11/11/2020,2020
DEER CR RES,WASATCH,RAINBOW,1566,9.86,11/11/2020,2020
DEER CR RES,WASATCH,RAINBOW,1524,9.95,11/16/2020,2020
DEER CR RES,WASATCH,RAINBOW,1651,9.95,11/16/2020,2020
DEER CR RES,WASATCH,RAINBOW,1524,9.95,11/16/2020,2020
DEER CR RES,WASATCH,RAINBOW,1016,9.95,11/16/2020,2020
DEER CR RES,WASATCH,RAINBOW,1143,9.95,11/16/2020,2020
DEER CR RES,WASATCH,RAINBOW,980,10.07,11/20/2020,2020
DEER CR RES,WASATCH,RAINBOW,735,10.07,11/20/2020,2020
DEER CR RES,WASATCH,RAINBOW,1470,10.07,11/20/2020,2020
DEER CR RES,WASATCH,RAINBOW,1556,10.07,11/20/2020,2020
DEER CR RES,WASATCH,RAINBOW,1470,10.07,11/20/2020,2020
DEER CR RES,WASATCH,RAINBOW,1470,10.07,11/20/2020,2020
DEER CR RES,WASATCH,RAINBOW,1572,9.84,11/25/2020,2020
DEER CR RES,WASATCH,RAINBOW,1572,9.84,11/25/2020,2020
DEER CR RES,WASATCH,RAINBOW,1572,9.84,11/25/2020,2020
DEER CR RES,WASATCH,RAINBOW,1572,9.84,11/25/2020,2020
DEER CR RES,WASATCH,RAINBOW,524,9.84,11/25/2020,2020
DEER CR RES,WASATCH,RAINBOW,1572,9.84,11/25/2020,2020
DEER CR RES,WASATCH,RAINBOW,1582,9.63,11/30/2020,2020
DEER VALLEY LAKES,SUMMIT,WIPER,1500,8.55,5/14/2020,2020
DEER VALLEY LAKES,SUMMIT,RAINBOW,500,9.09,5/19/2020,2020
DEER VALLEY LAKES,SUMMIT,RAINBOW,501,9.41,5/27/2020,2020
DEER VALLEY LAKES,SUMMIT,RAINBOW,500,9.75,6/4/2020,2020
DEER VALLEY LAKES,SUMMIT,RAINBOW,501,9.41,6/8/2020,2020
DEER VALLEY LAKES,SUMMIT,RAINBOW,501,9.41,6/16/2020,2020
DEER VALLEY LAKES,SUMMIT,RAINBOW,249,9.41,6/24/2020,2020
DEER VALLEY LAKES,SUMMIT,RAINBOW,253,9.21,6/30/2020,2020
DEER VALLEY LAKES,SUMMIT,WIPER,752,4.2,9/16/2020,2020
DEER VALLEY LAKES,SUMMIT,TIGER TROUT,3000,5.23,10/24/2020,2020
DIAMOND FK CR,UTAH,CUTTHROAT,8694,2.15,10/8/2020,2020
DIAMOND FK CR,UTAH,CUTTHROAT,835,2.92,10/8/2020,2020
DIAMOND FK R,UTAH,BROWN TROUT,8890,2.75,6/5/2020,2020
DIAMOND FK R,UTAH,RAINBOW,999,11.25,6/10/2020,2020
DIAMOND FK R,UTAH,BROWN TROUT,8240,5.78,7/21/2020,2020
DIAMOND FK R,UTAH,RAINBOW,1536,10.42,10/29/2020,2020
DIAMOND L U-39,DUCHESNE,GRAYLING ARCTIC,558,2.81,9/21/2020,2020
DMAD RES,MILLARD,CHANNEL CATFISH,4999,3.61,9/8/2020,2020
DOLLAR L G-2,SUMMIT,TIGER TROUT,1008,2.4,7/31/2020,2020
DONS L,GRAND,RAINBOW,1067,10.17,5/12/2020,2020
DONS L,GRAND,RAINBOW,964,10.06,7/6/2020,2020
DOUGHERTY BASIN NCL,GARFIELD,CUTTHROAT,987,2.12,9/23/2020,2020
DOUGHERTY BASIN NCL,GARFIELD,CUTTHROAT,171,5.75,10/21/2020,2020
DRY CREEK HIGHLAND,UTAH,CUTTHROAT,3015,2.4,11/5/2020,2020
DRY WASH RES,SAN JUAN,RAINBOW,1505,10.17,5/19/2020,2020
DRY WASH RES,SAN JUAN,RAINBOW,1020,10.07,6/23/2020,2020
DUCHESNE R,DUCHESNE,RAINBOW,252,9.63,6/17/2020,2020
DUCHESNE R,DUCHESNE,RAINBOW,249,9.72,6/30/2020,2020
"DUCHESNE R, N FK",DUCHESNE,RAINBOW,997,9.63,6/17/2020,2020
"DUCHESNE R, N FK",DUCHESNE,RAINBOW,1151,9.72,6/30/2020,2020
"DUCHESNE R, N FK",DUCHESNE,RAINBOW,501,9.63,7/23/2020,2020
DUCK CR,KANE,RAINBOW,273,10.9,5/8/2020,2020
DUCK CR,KANE,RAINBOW,158,11.04,5/19/2020,2020
DUCK CR,KANE,RAINBOW,134,11.67,5/19/2020,2020
DUCK CR,KANE,RAINBOW,251,11.2,6/3/2020,2020
DUCK CR,KANE,RAINBOW,250,11.38,6/18/2020,2020
DUCK CR SPRINGS,KANE,RAINBOW,600,10.9,5/8/2020,2020
DUCK CR SPRINGS,KANE,TIGER TROUT,1047,10.16,5/8/2020,2020
DUCK CR SPRINGS,KANE,RAINBOW,315,11.04,5/19/2020,2020
DUCK CR SPRINGS,KANE,RAINBOW,267,11.67,5/19/2020,2020
DUCK CR SPRINGS,KANE,RAINBOW,623,11.2,6/3/2020,2020
DUCK CR SPRINGS,KANE,RAINBOW,624,11.38,6/18/2020,2020
DUCK CR SPRINGS,KANE,RAINBOW,641,11.28,7/1/2020,2020
DUCK CR SPRINGS,KANE,RAINBOW,440,11.71,7/14/2020,2020
DUCK CR SPRINGS,KANE,RAINBOW,810,9.75,7/29/2020,2020
DUCK CR SPRINGS,KANE,RAINBOW,624,9.63,8/19/2020,2020
DUCK FK RES,SANPETE,CUTTHROAT,1311,7.55,7/20/2020,2020
DUCK FK RES,SANPETE,TIGER TROUT,1502,5.81,9/22/2020,2020
EAST CYN RES,MORGAN,RAINBOW,3677,8.69,4/2/2020,2020
EAST CYN RES,MORGAN,RAINBOW,3696,8.69,4/2/2020,2020
EAST CYN RES,MORGAN,KOKANEE,16965,3.37,4/24/2020,2020
EAST CYN RES,MORGAN,WIPER,10105,2.2,8/13/2020,2020
EAST CYN RES,MORGAN,RAINBOW,3014,10.07,10/13/2020,2020
EAST CYN RES,MORGAN,RAINBOW,7980,7.6,10/13/2020,2020
EAST CYN RES,MORGAN,RAINBOW,6240,7.27,10/13/2020,2020
EAST CYN RES,MORGAN,RAINBOW,9100,7.27,10/13/2020,2020
EAST CYN RES,MORGAN,RAINBOW,8970,7.27,10/13/2020,2020
EAST CYN RES,MORGAN,RAINBOW,7980,7.6,10/13/2020,2020
EAST CYN RES,MORGAN,RAINBOW,2280,7.6,10/14/2020,2020
EAST CYN RES,MORGAN,RAINBOW,1625,7.27,10/14/2020,2020
EAST CYN RES,MORGAN,RAINBOW,1550,7.94,10/14/2020,2020
EAST CYN RES,MORGAN,RAINBOW,200,10,10/23/2020,2020
EAST L BTS,GARFIELD,BROOK TROUT,256,2.69,7/1/2020,2020
EAST PARK RES,UINTAH,RAINBOW,2000,9.37,5/28/2020,2020
EAST PARK RES,UINTAH,RAINBOW,1501,9.72,6/18/2020,2020
EAST PARK RES,UINTAH,RAINBOW,1632,9.81,7/7/2020,2020
EAST PARLEY'S,SANPETE,BROOK TROUT,111,2.83,7/7/2020,2020
ECHO RES,SUMMIT,RAINBOW,29989,3.14,1/14/2020,2020
ECHO RES,SUMMIT,RAINBOW,8742,3.97,6/10/2020,2020
ECHO RES,SUMMIT,RAINBOW,53213,3.75,7/22/2020,2020
ECHO RES,SUMMIT,RAINBOW,3167,9.71,10/5/2020,2020
ECHO RES,SUMMIT,RAINBOW,4368,9.71,10/5/2020,2020
ECHO RES,SUMMIT,RAINBOW,4423,9.71,10/5/2020,2020
ECHO RES,SUMMIT,RAINBOW,1989,10.42,10/26/2020,2020
ECHO RES,SUMMIT,RAINBOW,1547,10.42,10/26/2020,2020
ECHO RES,SUMMIT,RAINBOW,15543,3.76,10/27/2020,2020
ELBOW L WR-58,DUCHESNE,BROOK TROUT,3243,3.49,7/6/2020,2020
ELECTRIC L,EMERY,KOKANEE,28015,3.98,4/29/2020,2020
ELECTRIC L,EMERY,TIGER TROUT,9975,3.69,7/8/2020,2020
ELECTRIC L,EMERY,LAKE TROUT,256,3.95,7/21/2020,2020
ELKHORN L W-64,SUMMIT,BROOK TROUT,115,2.47,7/30/2020,2020
ELY CR,UINTAH,CUTTHROAT,500,1.87,9/10/2020,2020
EMERALD L,SANPETE,RAINBOW,1000,10.87,7/13/2020,2020
EMERALD L,SANPETE,GRAYLING ARCTIC,1494,2.81,9/28/2020,2020
EMERALD L D-20,DUCHESNE,BROOK TROUT,50,2.47,7/31/2020,2020
EMERY (LARSON) RES,SANPETE,TIGER TROUT,2521,2.84,7/2/2020,2020
EMIGRATION CR,SALT LAKE,CUTTHROAT,1025,2.27,10/12/2020,2020
"ENTERPRISE RES,LOWER",WASHINGTON,RAINBOW,3725,9.85,3/3/2020,2020
"ENTERPRISE RES,LOWER",WASHINGTON,RAINBOW,1288,9.85,3/9/2020,2020
"ENTERPRISE RES,UPPER",WASHINGTON,RAINBOW,13750,5.82,2/26/2020,2020
"ENTERPRISE RES,UPPER",WASHINGTON,RAINBOW,13063,5.82,3/2/2020,2020
"ENTERPRISE RES,UPPER",WASHINGTON,KOKANEE,5038,3.01,3/31/2020,2020
"ERICKSON L,NORTH W26",SUMMIT,BROOK TROUT,462,2.47,7/30/2020,2020
EWE L GR-18,DAGGETT,GRAYLING ARCTIC,450,2.81,9/21/2020,2020
FAIRMONT PARK P,SALT LAKE,CHANNEL CATFISH,401,2.48,9/15/2020,2020
FAIRMONT PARK SLC,SALT LAKE,RAINBOW,250,9.52,3/11/2020,2020
FAIRMONT PARK SLC,SALT LAKE,RAINBOW,500,9.83,4/27/2020,2020
FAIRMONT PARK SLC,SALT LAKE,RAINBOW,501,9.8,5/11/2020,2020
FAIRMONT PARK SLC,SALT LAKE,RAINBOW,500,9.75,5/28/2020,2020
FAIRMONT PARK SLC,SALT LAKE,CHANNEL CATFISH,150,13.57,6/11/2020,2020
FAIRMONT PARK SLC,SALT LAKE,RAINBOW,250,10,6/18/2020,2020
FAIRMONT PARK SLC,SALT LAKE,RAINBOW,202,9.63,7/21/2020,2020
FAIRMONT PARK SLC,SALT LAKE,RAINBOW,497,12.24,10/1/2020,2020
FAIRVIEW L,SANPETE,RAINBOW,1750,10,6/8/2020,2020
FAIRVIEW L,SANPETE,RAINBOW,1750,10,6/8/2020,2020
FAIRVIEW L,SANPETE,RAINBOW,1750,10,6/8/2020,2020
FAIRVIEW L,SANPETE,RAINBOW,1750,10,6/9/2020,2020
FAITH L A-16,SUMMIT,BROOK TROUT,50,2.47,7/30/2020,2020
FARMERS L X-23,DUCHESNE,BROOK TROUT,6261,3.15,7/6/2020,2020
FARMINGTON CITY RES,DAVIS,RAINBOW,1203,8.02,3/18/2020,2020
FARMINGTON CITY RES,DAVIS,RAINBOW,599,9.73,3/31/2020,2020
FARMINGTON CITY RES,DAVIS,RAINBOW,1202,9.71,5/13/2020,2020
FARMINGTON CITY RES,DAVIS,RAINBOW,601,9.12,5/19/2020,2020
FARMINGTON CITY RES,DAVIS,RAINBOW,601,9.12,5/28/2020,2020
FARMINGTON CITY RES,DAVIS,RAINBOW,400,8.77,6/8/2020,2020
FARMINGTON CITY RES,DAVIS,RAINBOW,906,10.6,8/26/2020,2020
FARMINGTON CITY RES,DAVIS,RAINBOW,705,10.96,9/2/2020,2020
FARMINGTON CITY RES,DAVIS,CHANNEL CATFISH,1000,2.48,9/15/2020,2020
FARMINGTON CITY RES,DAVIS,WIPER,101,4.57,9/22/2020,2020
FARMINGTON CITY RES,DAVIS,RAINBOW,1001,10.27,9/23/2020,2020
FARMINGTON CITY RES,DAVIS,RAINBOW,1001,9.87,10/5/2020,2020
FARMINGTON CITY RES,DAVIS,RAINBOW,889,10.07,10/19/2020,2020
FARNSWORTH L,SEVIER,RAINBOW,1560,9.81,6/1/2020,2020
FARNSWORTH L,SEVIER,TIGER TROUT,501,9.69,6/25/2020,2020
FARRALS POND TLM,SEVIER,TIGER TROUT,54,2.85,6/23/2020,2020
FERRON RES,SANPETE,RAINBOW,999,11.25,6/16/2020,2020
FERRON RES,SANPETE,RAINBOW,999,11.25,6/16/2020,2020
FERRON RES,SANPETE,BROOK TROUT,1568,2.6,6/25/2020,2020
FERRON RES,SANPETE,CUTTHROAT,1001,7.55,7/20/2020,2020
FISH CR L NBS,WAYNE,SPLAKE,251,3.25,7/1/2020,2020
FISH CR L NBS,WAYNE,TIGER TROUT,756,2.84,7/1/2020,2020
FISH L,SEVIER,KOKANEE,26370,3.31,5/6/2020,2020
FISH L,SEVIER,KOKANEE,26370,3.31,5/6/2020,2020
FISH L,SEVIER,KOKANEE,26370,3.31,5/6/2020,2020
FISH L,SEVIER,KOKANEE,49116,2.59,5/6/2020,2020
FISH L,SEVIER,SPLAKE,60165,2.59,5/11/2020,2020
FISH L,SEVIER,KOKANEE,5199,3.98,5/12/2020,2020
FISH L,SEVIER,BROWN TROUT,19278,4.11,5/27/2020,2020
FISH L,SEVIER,RAINBOW,27328,8.47,6/15/2020,2020
FISH L,SEVIER,RAINBOW,25276,8.7,6/15/2020,2020
FISH L,SEVIER,RAINBOW,22890,8.42,6/16/2020,2020
FISH L,SEVIER,BROOK TROUT,15299,3.19,8/5/2020,2020
FISH L,SEVIER,BROOK TROUT,6435,3.21,8/5/2020,2020
FISH L,SEVIER,RAINBOW,2540,2.73,8/5/2020,2020
FISH L,SEVIER,BROOK TROUT,3047,3,8/5/2020,2020
FISH L,SEVIER,RAINBOW,262,10.47,8/18/2020,2020
FISH L,SEVIER,RAINBOW,1526,10.47,8/18/2020,2020
FISH L,SEVIER,RAINBOW,6976,10.47,8/18/2020,2020
FISH L,SEVIER,LAKE TROUT,1645,13.87,9/2/2020,2020
FISH L,SEVIER,BROOK TROUT,15375,3.22,10/1/2020,2020
FISH L,SEVIER,RAINBOW,12025,6.47,10/6/2020,2020
FISH L,SEVIER,RAINBOW,12025,6.47,10/6/2020,2020
FISH L,SEVIER,RAINBOW,3200,8.44,10/13/2020,2020
FISH L,SEVIER,RAINBOW,3200,8.44,10/13/2020,2020
FISH L,SEVIER,RAINBOW,3240,8.44,10/13/2020,2020
FISH L,SEVIER,RAINBOW,3400,8.44,10/13/2020,2020
FISH L,SEVIER,RAINBOW,3400,8.44,10/13/2020,2020
FISH L,SEVIER,RAINBOW,3360,8.44,10/13/2020,2020
FISH L,SEVIER,RAINBOW,3200,8.44,10/13/2020,2020
FISH L,SEVIER,RAINBOW,3400,8.44,10/13/2020,2020
FISH L,SEVIER,RAINBOW,3200,8.44,10/14/2020,2020
FISH L,SEVIER,RAINBOW,3260,8.44,10/14/2020,2020
FISH L,SEVIER,RAINBOW,3200,8.44,10/14/2020,2020
FISH L,SEVIER,RAINBOW,3200,8.44,10/14/2020,2020
FISH L,SEVIER,RAINBOW,3200,8.44,10/14/2020,2020
FISH L,SEVIER,RAINBOW,3200,8.44,10/14/2020,2020
FISH L,SEVIER,RAINBOW,3280,8.44,10/14/2020,2020
FISH L,SEVIER,RAINBOW,3360,8.44,10/14/2020,2020
FISH L,SEVIER,RAINBOW,3200,8.44,10/15/2020,2020
FISH L,SEVIER,RAINBOW,3160,8.44,10/15/2020,2020
FISH L,SEVIER,RAINBOW,3300,8.44,10/15/2020,2020
FISH L,SEVIER,RAINBOW,3200,8.44,10/15/2020,2020
FISH L,SEVIER,RAINBOW,3300,8.44,10/15/2020,2020
FISH L,SEVIER,RAINBOW,3200,8.44,10/15/2020,2020
FISH L,SEVIER,RAINBOW,3200,8.44,10/15/2020,2020
FISH L,SEVIER,BROOK TROUT,584,13.19,10/28/2020,2020
FLAMING GORGE RES,DAGGETT,KOKANEE,59400,3.23,4/16/2020,2020
FLAMING GORGE RES,DAGGETT,RAINBOW,3358,10.71,4/26/2020,2020
FLAMING GORGE RES,DAGGETT,KOKANEE,77400,3.42,4/28/2020,2020
FLAMING GORGE RES,DAGGETT,KOKANEE,77400,3.42,4/29/2020,2020
FLAMING GORGE RES,DAGGETT,KOKANEE,21500,3.42,4/29/2020,2020
FLAMING GORGE RES,DAGGETT,KOKANEE,26660,3.42,4/29/2020,2020
FLAMING GORGE RES,DAGGETT,KOKANEE,77400,3.42,4/30/2020,2020
FLAMING GORGE RES,DAGGETT,KOKANEE,43000,3.42,5/1/2020,2020
FLAMING GORGE RES,DAGGETT,KOKANEE,38610,3.27,5/4/2020,2020
FLAMING GORGE RES,DAGGETT,KOKANEE,11250,3.58,5/7/2020,2020
FLAMING GORGE RES,DAGGETT,RAINBOW,2550,8.87,5/18/2020,2020
FLAMING GORGE RES,DAGGETT,RAINBOW,2380,8.87,5/18/2020,2020
FLAMING GORGE RES,DAGGETT,RAINBOW,2380,8.87,5/18/2020,2020
FLAMING GORGE RES,DAGGETT,RAINBOW,2465,8.87,5/18/2020,2020
FLAMING GORGE RES,DAGGETT,RAINBOW,2380,8.87,5/18/2020,2020
FLAMING GORGE RES,DAGGETT,RAINBOW,2550,8.87,5/18/2020,2020
FLAMING GORGE RES,DAGGETT,RAINBOW,2380,8.87,5/18/2020,2020
FLAMING GORGE RES,DAGGETT,RAINBOW,2380,8.87,5/18/2020,2020
FLAMING GORGE RES,DAGGETT,RAINBOW,2720,8.87,5/19/2020,2020
FLAMING GORGE RES,DAGGETT,RAINBOW,2720,8.87,5/19/2020,2020
FLAMING GORGE RES,DAGGETT,RAINBOW,2720,8.87,5/19/2020,2020
FLAMING GORGE RES,DAGGETT,RAINBOW,2720,8.87,5/19/2020,2020
FLAMING GORGE RES,DAGGETT,RAINBOW,2720,8.87,5/19/2020,2020
FLAMING GORGE RES,DAGGETT,RAINBOW,2720,8.87,5/19/2020,2020
FLAMING GORGE RES,DAGGETT,RAINBOW,2720,8.87,5/19/2020,2020
FLAMING GORGE RES,DAGGETT,RAINBOW,2720,8.87,5/19/2020,2020
FLAMING GORGE RES,DAGGETT,RAINBOW,2924,8.87,5/20/2020,2020
FLAMING GORGE RES,DAGGETT,RAINBOW,2720,8.87,5/20/2020,2020
FLAMING GORGE RES,DAGGETT,RAINBOW,2720,8.87,5/20/2020,2020
FLAMING GORGE RES,DAGGETT,RAINBOW,2720,8.87,5/20/2020,2020
FLAMING GORGE RES,DAGGETT,RAINBOW,2720,8.87,5/20/2020,2020
FLAMING GORGE RES,DAGGETT,RAINBOW,2720,8.87,5/20/2020,2020
FLAMING GORGE RES,DAGGETT,RAINBOW,2720,8.87,5/20/2020,2020
FLAMING GORGE RES,DAGGETT,RAINBOW,2720,8.87,5/20/2020,2020
FLAMING GORGE RES,DAGGETT,RAINBOW,1870,8.87,5/20/2020,2020
FLAMING GORGE RES,DAGGETT,RAINBOW,2720,8.87,5/20/2020,2020
FLAMING GORGE RES,DAGGETT,RAINBOW,2720,8.87,5/20/2020,2020
FLAMING GORGE RES,DAGGETT,RAINBOW,2720,8.87,5/20/2020,2020
FLAMING GORGE RES,DAGGETT,RAINBOW,2720,8.87,5/21/2020,2020
FLAMING GORGE RES,DAGGETT,RAINBOW,2720,8.87,5/21/2020,2020
FLAMING GORGE RES,DAGGETT,RAINBOW,2720,8.87,5/21/2020,2020
FLAMING GORGE RES,DAGGETT,RAINBOW,2720,8.87,5/21/2020,2020
FLAMING GORGE RES,DAGGETT,RAINBOW,2720,8.87,5/21/2020,2020
FLAMING GORGE RES,DAGGETT,ALL TROUT,2720,8.87,5/21/2020,2020
FLAMING GORGE RES,DAGGETT,RAINBOW,2720,8.87,5/21/2020,2020
FLAMING GORGE RES,DAGGETT,RAINBOW,2720,8.87,5/21/2020,2020
FLAMING GORGE RES,DAGGETT,RAINBOW,2720,8.87,5/25/2020,2020
FLAMING GORGE RES,DAGGETT,RAINBOW,2465,8.87,5/25/2020,2020
FLAMING GORGE RES,DAGGETT,RAINBOW,2720,8.87,5/25/2020,2020
FLAMING GORGE RES,DAGGETT,RAINBOW,2720,8.87,5/25/2020,2020
FLAMING GORGE RES,DAGGETT,RAINBOW,2720,8.87,5/25/2020,2020
FLAMING GORGE RES,DAGGETT,RAINBOW,2720,8.87,5/25/2020,2020
FLAMING GORGE RES,DAGGETT,RAINBOW,2720,8.87,5/25/2020,2020
FLAMING GORGE RES,DAGGETT,RAINBOW,11616,8.98,5/26/2020,2020
FLAMING GORGE RES,DAGGETT,RAINBOW,10527,8.98,5/26/2020,2020
FLAMING GORGE RES,DAGGETT,RAINBOW,8894,8.98,5/26/2020,2020
FLAMING GORGE RES,DAGGETT,RAINBOW,8575,9.09,5/27/2020,2020
FLAMING GORGE RES,DAGGETT,RAINBOW,10880,9.18,5/27/2020,2020
FLAMING GORGE RES,DAGGETT,RAINBOW,10880,9.18,5/27/2020,2020
FLAMING GORGE RES,DAGGETT,RAINBOW,6000,9.37,5/28/2020,2020
FLAMING GORGE RES,DAGGETT,RAINBOW,5950,9.09,5/28/2020,2020
FLAMING GORGE RES,DAGGETT,KOKANEE,171769,3.23,6/2/2020,2020
FLAMING GORGE RES,DAGGETT,KOKANEE,128877,2.73,6/3/2020,2020
FLAMING GORGE RES,DAGGETT,KOKANEE,136376,3.25,6/3/2020,2020
FLAMING GORGE RES,DAGGETT,TIGER TROUT,14060,3.38,7/22/2020,2020
FLAMING GORGE RES,DAGGETT,RAINBOW,11520,9.54,9/10/2020,2020
FLAMING GORGE RES,DAGGETT,RAINBOW,11520,9.54,9/10/2020,2020
FLAMING GORGE RES,DAGGETT,RAINBOW,3450,9.5,9/18/2020,2020
FLAMING GORGE RES,DAGGETT,RAINBOW,3600,9.5,9/18/2020,2020
FLAMING GORGE RES,DAGGETT,TIGER TROUT,1750,5.47,10/31/2020,2020
FLAT L NCL,GARFIELD,BROOK TROUT,154,2.69,7/1/2020,2020
FLOATING ISLAND TLM,SEVIER,SPLAKE,153,3.05,6/15/2020,2020
FLOATING ISLAND TLM,SEVIER,TIGER TROUT,151,2.85,6/23/2020,2020
FLORENCE L,SALT LAKE,BROOK TROUT,528,2.47,7/30/2020,2020
FOREBAY POND,IRON,RAINBOW,545,10.9,5/5/2020,2020
FOREBAY POND,IRON,RAINBOW,1080,11.62,6/10/2020,2020
FORSYTH RES,SEVIER,SPLAKE,4000,3.05,6/15/2020,2020
FORSYTH RES,SEVIER,TIGER TROUT,8307,2.98,7/13/2020,2020
FORSYTH RES,SEVIER,CUTTHROAT,2356,7.67,7/20/2020,2020
FORSYTH RES,SEVIER,TIGER TROUT,7309,3.28,8/4/2020,2020
FOY L,SAN JUAN,RAINBOW,1004,10.02,5/5/2020,2020
FOY L,SAN JUAN,RAINBOW,1140,10.07,6/22/2020,2020
FOY L,SAN JUAN,RAINBOW,964,10.06,7/17/2020,2020
FREMONT R,WAYNE,BROWN TROUT,2052,3.26,4/30/2020,2020
FREMONT R,WAYNE,BROWN TROUT,4104,3.26,4/30/2020,2020
FT BUENAVENTURA P,WEBER,RAINBOW,400,7.83,3/10/2020,2020
FT BUENAVENTURA P,WEBER,RAINBOW,800,9.47,5/26/2020,2020
FT BUENAVENTURA P,WEBER,RAINBOW,400,9.75,6/3/2020,2020
FT BUENAVENTURA P,WEBER,RAINBOW,402,9.41,6/8/2020,2020
FT BUENAVENTURA P,WEBER,RAINBOW,229,16.88,6/17/2020,2020
FT BUENAVENTURA P,WEBER,RAINBOW,634,9.54,9/14/2020,2020
FT BUENAVENTURA P,WEBER,CHANNEL CATFISH,1000,2.48,9/15/2020,2020
FT BUENAVENTURA P,WEBER,SUNFISH BLUEGILL,5010,2.46,9/24/2020,2020
FT BUENAVENTURA P,WEBER,RAINBOW,632,9.75,9/28/2020,2020
FT BUENAVENTURA P,WEBER,RAINBOW,633,10,10/12/2020,2020
FT BUENAVENTURA P,WEBER,RAINBOW,633,10.42,10/26/2020,2020
FT BUENAVENTURA P,WEBER,RAINBOW,354,10.42,11/3/2020,2020
G- 13,SUMMIT,BROOK TROUT,797,3.49,7/6/2020,2020
G- 52,SUMMIT,BROOK TROUT,302,3.49,7/6/2020,2020
G- 61,SUMMIT,BROOK TROUT,402,3.49,7/6/2020,2020
G- 64,SUMMIT,TIGER TROUT,342,2.4,7/31/2020,2020
G- 68,SUMMIT,BROOK TROUT,413,2.47,7/31/2020,2020
GAIL L GR-115,SUMMIT,CUTTHROAT,341,2.48,9/23/2020,2020
GARDEN CITY HERITAGE COM,RICH,RAINBOW,500,8.86,4/30/2020,2020
GARDEN CITY HERITAGE COM,RICH,RAINBOW,1000,9.24,5/22/2020,2020
GARDEN CITY HERITAGE COM,RICH,RAINBOW,500,10.05,6/12/2020,2020
GARDEN CITY HERITAGE COM,RICH,RAINBOW,750,9.41,6/30/2020,2020
GARDEN CITY HERITAGE COM,RICH,RAINBOW,500,10.74,8/3/2020,2020
GARDEN CITY HERITAGE COM,RICH,RAINBOW,750,8.75,8/28/2020,2020
GARDEN CITY HERITAGE COM,RICH,RAINBOW,1000,10.28,10/2/2020,2020
GARKANE EAST FK,GARFIELD,TIGER TROUT,515,9.48,6/3/2020,2020
"GARKANE IMP, MAIN FK",GARFIELD,RAINBOW,1005,10.02,5/5/2020,2020
"GARKANE IMP, MAIN FK",GARFIELD,TIGER TROUT,277,9.48,6/3/2020,2020
"GARKANE IMP, MAIN FK",GARFIELD,RAINBOW,1001,10.06,7/8/2020,2020
GARRISON RES(PRUESS),MILLARD,CHANNEL CATFISH,3500,3.61,9/8/2020,2020
GATES L,SEVIER,RAINBOW,1008,10.07,6/23/2020,2020
GATES L,GARFIELD,TIGER TROUT,255,2.98,7/14/2020,2020
GIGLIOTTI POND,CARBON,RAINBOW,1008,9.63,5/20/2020,2020
GIGLIOTTI POND,CARBON,RAINBOW,500,10,6/9/2020,2020
GIGLIOTTI POND,CARBON,RAINBOW,510,11.37,10/19/2020,2020
GLASSMANS POND,WEBER,RAINBOW,500,10.15,3/3/2020,2020
GLASSMANS POND,WEBER,RAINBOW,500,10.15,3/10/2020,2020
GLASSMANS POND,WEBER,RAINBOW,100,20.05,3/10/2020,2020
GLASSMANS POND,WEBER,RAINBOW,501,9.63,5/5/2020,2020
GLASSMANS POND,WEBER,RAINBOW,499,9.46,5/18/2020,2020
GLASSMANS POND,WEBER,RAINBOW,499,9.46,6/1/2020,2020
GLASSMANS POND,WEBER,CHANNEL CATFISH,300,13.57,6/11/2020,2020
GLASSMANS POND,WEBER,RAINBOW,504,9.43,6/29/2020,2020
GLASSMANS POND,WEBER,RAINBOW,761,9.44,9/2/2020,2020
GLASSMANS POND,WEBER,RAINBOW,500,9.71,9/21/2020,2020
GLASSMANS POND,WEBER,RAINBOW,499,9.42,9/28/2020,2020
GLASSMANS POND,WEBER,RAINBOW,499,9.46,10/13/2020,2020
GLASSMANS POND,WEBER,RAINBOW,249,9.52,10/27/2020,2020
GLASSMANS POND,WEBER,RAINBOW,178,17.33,10/29/2020,2020
GLASSMANS POND,WEBER,RAINBOW,501,9.63,11/30/2020,2020
GLENWOOD POND,SEVIER,RAINBOW,202,9.92,3/11/2020,2020
GLENWOOD POND,SEVIER,RAINBOW,200,9.99,4/14/2020,2020
GLENWOOD POND,SEVIER,RAINBOW,52,10.56,8/11/2020,2020
GLENWOOD POND,SEVIER,RAINBOW,100,10.19,9/9/2020,2020
GLENWOOD POND,SEVIER,RAINBOW,100,10.19,9/15/2020,2020
GLENWOOD POND,SEVIER,RAINBOW,101,10.39,10/8/2020,2020
GLENWOOD POND,SEVIER,RAINBOW,102,10.08,11/2/2020,2020
GOOD SKI LAKE (21ST PO),WEBER,RAINBOW,500,9.24,4/6/2020,2020
GOOD SKI LAKE (21ST PO),WEBER,RAINBOW,1400,8.94,5/4/2020,2020
GOOD SKI LAKE (21ST PO),WEBER,RAINBOW,860,9.45,5/18/2020,2020
GOOD SKI LAKE (21ST PO),WEBER,RAINBOW,700,9.36,9/4/2020,2020
GOOD SKI LAKE (21ST PO),WEBER,RAINBOW,700,9.88,9/21/2020,2020
GOOD SKI LAKE (21ST PO),WEBER,RAINBOW,400,10.4,10/5/2020,2020
GOOSEBERRY RES,SANPETE,RAINBOW,999,11.25,6/16/2020,2020
GOOSEBERRY RES,SANPETE,RAINBOW,1001,10.37,6/22/2020,2020
GOOSEBERRY RES,SANPETE,RAINBOW,1000,10.87,7/9/2020,2020
GOOSEBERRY RES,SANPETE,RAINBOW,1000,10.87,7/9/2020,2020
GOOSEBERRY RES,SANPETE,RAINBOW,998,10.53,9/2/2020,2020
GOOSEBERRY RES,SANPETE,RAINBOW,998,10.53,9/2/2020,2020
GOOSEBERRY RES,SANPETE,GRAYLING ARCTIC,1494,2.81,9/28/2020,2020
GR-145,SUMMIT,GRAYLING ARCTIC,1098,2.81,9/21/2020,2020
GR-160,SUMMIT,BROOK TROUT,248,3.49,7/6/2020,2020
GR-161,SUMMIT,GRAYLING ARCTIC,198,2.81,9/21/2020,2020
GR-163,SUMMIT,GRAYLING ARCTIC,306,2.81,9/21/2020,2020
GR-172,SUMMIT,GRAYLING ARCTIC,144,2.81,9/21/2020,2020
GR-173,SUMMIT,BROOK TROUT,402,3.49,7/6/2020,2020
GRANTSVILLE RES,TOOELE,RAINBOW,2120,8.1,3/30/2020,2020
GRANTSVILLE RES,TOOELE,RAINBOW,2000,8.55,4/7/2020,2020
GRANTSVILLE RES,TOOELE,RAINBOW,1801,8.98,4/29/2020,2020
GRANTSVILLE RES,TOOELE,RAINBOW,1000,10.87,5/12/2020,2020
GRANTSVILLE RES,TOOELE,RAINBOW,1000,10.87,5/12/2020,2020
GRANTSVILLE RES,TOOELE,RAINBOW,2002,9.63,5/28/2020,2020
GRANTSVILLE RES,TOOELE,RAINBOW,2000,10,6/3/2020,2020
GRANTSVILLE RES,TOOELE,RAINBOW,999,10.14,6/25/2020,2020
GRANTSVILLE RES,TOOELE,RAINBOW,999,10.14,6/25/2020,2020
GRANTSVILLE RES,TOOELE,RAINBOW,1998,9.75,7/9/2020,2020
GRANTSVILLE RES,TOOELE,RAINBOW,1607,11.37,9/22/2020,2020
GRANTSVILLE RES,TOOELE,RAINBOW,1607,11.37,9/22/2020,2020
GRANTSVILLE RES,TOOELE,RAINBOW,7500,4.64,10/13/2020,2020
GRANTSVILLE RES,TOOELE,RAINBOW,1500,6.22,10/14/2020,2020
GRANTSVILLE RES,TOOELE,RAINBOW,6250,6.22,10/14/2020,2020
GRANTSVILLE RES,TOOELE,RAINBOW,4746,6.12,10/14/2020,2020
GRASS L SB,GARFIELD,BROOK TROUT,154,2.69,7/1/2020,2020
GRASS L SB,GARFIELD,CUTTHROAT,209,2.12,9/23/2020,2020
GRASS L TLM,WAYNE,BROOK TROUT,103,2.69,6/23/2020,2020
GRASSY LAKE RES,SANPETE,RAINBOW,500,10.87,6/4/2020,2020
GRASSY LAKE RES,SANPETE,RAINBOW,1499,9.83,6/18/2020,2020
GRASSY LAKE RES,SANPETE,TIGER TROUT,2565,3.69,7/7/2020,2020
GRASSY LAKE RES,SANPETE,RAINBOW,500,12.24,8/31/2020,2020
GREEN L EBS,GARFIELD,LAKE TROUT,52,3.82,7/15/2020,2020
GREEN L NBS,WAYNE,BROOK TROUT,512,2.55,7/1/2020,2020
GREEN L NBS,WAYNE,GRAYLING ARCTIC,252,2.81,9/28/2020,2020
"GREEN L, WEST",DAGGETT,CUTTHROAT,900,2.48,9/23/2020,2020
GREEN R,DAGGETT,RAINBOW,4752,9.44,6/16/2020,2020
GREEN R,DAGGETT,RAINBOW,4752,9.44,6/16/2020,2020
GREEN R,DAGGETT,RAINBOW,5049,9.44,6/17/2020,2020
GREEN R,DAGGETT,RAINBOW,594,9.53,6/24/2020,2020
GUNNISON BEND RES,MILLARD,CHANNEL CATFISH,10001,3.61,9/8/2020,2020
HACKING L GR-40,UINTAH,TIGER TROUT,496,3.2,7/6/2020,2020
HALF MOON L BTS,GARFIELD,BROOK TROUT,511,2.69,7/1/2020,2020
HALLS FK,UTAH,CUTTHROAT,1498,2.92,10/8/2020,2020
HAMILTON RES,SEVIER,BROOK TROUT,253,2.95,7/14/2020,2020
HAMILTON RES,SEVIER,TIGER TROUT,104,2.98,7/14/2020,2020
HARMONICA L,SANPETE,TIGER TROUT,1520,5.28,9/16/2020,2020
HAYDEN FK,SUMMIT,RAINBOW,301,9.21,7/2/2020,2020
HAYDEN FK,SUMMIT,RAINBOW,299,9.52,7/14/2020,2020
HAYDEN FK,SUMMIT,RAINBOW,305,11.99,7/27/2020,2020
HAYDEN FK,SUMMIT,RAINBOW,301,8.94,8/10/2020,2020
"HEART L, NORTH NB",WAYNE,TIGER TROUT,52,2.45,5/21/2020,2020
"HEART L, SOUTH NBS",WAYNE,TIGER TROUT,52,2.45,5/21/2020,2020
HENDRICKSON L,IRON,BROOK TROUT,1009,2.55,7/1/2020,2020
HESSIE L G-18,SUMMIT,TIGER TROUT,1319,2.4,7/31/2020,2020
HIDDEN L,GRAND,RAINBOW,1067,10.17,5/12/2020,2020
HIDDEN L,GRAND,RAINBOW,1012,10.06,7/6/2020,2020
HIDDEN L A-15,SUMMIT,BROOK TROUT,809,2.47,7/31/2020,2020
HIDDEN L GR-112,SUMMIT,CUTTHROAT,300,2.48,9/23/2020,2020
HIGHLAND GLEN PARK P,UTAH,RAINBOW,226,9.61,2/22/2020,2020
HIGHLAND GLEN PARK P,UTAH,RAINBOW,399,10.15,3/9/2020,2020
HIGHLAND GLEN PARK P,UTAH,RAINBOW,399,10.6,4/29/2020,2020
HIGHLAND GLEN PARK P,UTAH,RAINBOW,400,9.63,5/4/2020,2020
HIGHLAND GLEN PARK P,UTAH,RAINBOW,574,9.52,5/12/2020,2020
HIGHLAND GLEN PARK P,UTAH,RAINBOW,401,9.46,5/18/2020,2020
HIGHLAND GLEN PARK P,UTAH,RAINBOW,400,9.52,5/27/2020,2020
HIGHLAND GLEN PARK P,UTAH,CHANNEL CATFISH,200,13.57,6/11/2020,2020
HIGHLAND GLEN PARK P,UTAH,RAINBOW,230,16.88,6/18/2020,2020
HIGHLAND GLEN PARK P,UTAH,RAINBOW,401,9.44,6/22/2020,2020
HIGHLAND GLEN PARK P,UTAH,RAINBOW,399,9.55,7/7/2020,2020
HIGHLAND GLEN PARK P,UTAH,RAINBOW,626,9.4,9/9/2020,2020
HIGHLAND GLEN PARK P,UTAH,CHANNEL CATFISH,1499,2.48,9/15/2020,2020
HIGHLAND GLEN PARK P,UTAH,RAINBOW,399,9.71,9/21/2020,2020
HIGHLAND GLEN PARK P,UTAH,SUNFISH BLUEGILL,2054,2.46,9/24/2020,2020
HIGHLAND GLEN PARK P,UTAH,BASS LARGEMOUTH,195,3.22,9/24/2020,2020
HIGHLAND GLEN PARK P,UTAH,RAINBOW,401,9.42,10/5/2020,2020
HIGHLAND GLEN PARK P,UTAH,TIGER TROUT,495,9.12,10/5/2020,2020
HIGHLAND GLEN PARK P,UTAH,RAINBOW,400,9.52,10/19/2020,2020
HINKINS POND,EMERY,RAINBOW,506,10.37,5/6/2020,2020
HINKINS POND,EMERY,BROWN TROUT,525,2.67,5/22/2020,2020
HINKINS POND,EMERY,RAINBOW,249,10.37,6/24/2020,2020
"HOBBLE CR, LEFT FK",UTAH,CUTTHROAT,1008,2.15,10/8/2020,2020
"HOBBLE CR, RT FK",UTAH,CUTTHROAT,2015,2.15,10/8/2020,2020
HOBBS RESERVOIR,DAVIS,RAINBOW,1000,10.96,9/2/2020,2020
HOLMAN CR,UTAH,CUTTHROAT,1012,2.4,11/4/2020,2020
HOLMES CR RES,DAVIS,RAINBOW,1736,9.63,6/9/2020,2020
HOLMES CR RES,DAVIS,RAINBOW,1736,9.63,6/9/2020,2020
HOLMES CR RES,DAVIS,RAINBOW,1735,10.27,9/23/2020,2020
HOOP L,SUMMIT,RAINBOW,1484,9.09,5/15/2020,2020
HOOP L,SUMMIT,RAINBOW,1523,11.99,7/26/2020,2020
HOOP L,SUMMIT,TIGER TROUT,522,8.31,7/26/2020,2020
HOOP L,SUMMIT,RAINBOW,6920,5.25,7/28/2020,2020
HOOP L,SUMMIT,GRAYLING ARCTIC,1008,2.81,9/21/2020,2020
HORSESHOE L BTS,GARFIELD,LAKE TROUT,59,4.1,7/1/2020,2020
HORSESHOE L BTS,GARFIELD,TIGER TROUT,55,2.84,7/1/2020,2020
HORSESHOE L BTS,GARFIELD,BROOK TROUT,307,2.69,7/1/2020,2020
HUNTINGTON CR,EMERY,BROWN TROUT,13500,2.67,6/4/2020,2020
HUNTINGTON G F PONDS,EMERY,RAINBOW,300,9.41,5/6/2020,2020
HUNTINGTON NORTH RES,EMERY,RAINBOW,1500,9.41,4/21/2020,2020
HUNTINGTON NORTH RES,EMERY,RAINBOW,1500,9.41,4/21/2020,2020
HUNTINGTON NORTH RES,EMERY,WIPER,4163,2.19,7/15/2020,2020
HUNTINGTON NORTH RES,EMERY,RAINBOW,1505,11.37,10/8/2020,2020
HUNTINGTON NORTH RES,EMERY,RAINBOW,1505,11.37,10/8/2020,2020
HUNTINGTON RES,SANPETE,TIGER TROUT,9975,3.69,7/8/2020,2020
HYRUM RES,CACHE,RAINBOW,2100,10.28,10/1/2020,2020
HYRUM RES,CACHE,RAINBOW,2100,10.28,10/1/2020,2020
HYRUM RES,CACHE,RAINBOW,5088,6.47,10/6/2020,2020
HYRUM RES,CACHE,RAINBOW,5088,6.47,10/6/2020,2020
HYRUM RES,CACHE,RAINBOW,17112,10.03,10/20/2020,2020
Harrisville City Pond,WEBER,RAINBOW,802,8.05,3/10/2020,2020
Harrisville City Pond,WEBER,RAINBOW,100,9.09,7/30/2020,2020
Harrisville City Pond,WEBER,RAINBOW,201,9.95,8/12/2020,2020
Harrisville City Pond,WEBER,RAINBOW,206,9.42,9/14/2020,2020
Harrisville City Pond,WEBER,SUNFISH BLUEGILL,1002,2.46,9/24/2020,2020
Harrisville City Pond,WEBER,RAINBOW,99,9.42,9/28/2020,2020
INDIAN CR RES,BEAVER,RAINBOW,2008,10.32,5/13/2020,2020
INDIAN CYN CR,DUCHESNE,CUTTHROAT,1004,2.21,10/22/2020,2020
IRON MINE L D-33,WASATCH,BROOK TROUT,608,2.97,9/22/2020,2020
ISLAND L A-57,SUMMIT,TIGER TROUT,3006,2.4,7/31/2020,2020
ISLAND L A-57,SUMMIT,CUTTHROAT,6998,2.13,9/22/2020,2020
ISLAND L G-9,SUMMIT,TIGER TROUT,1008,2.4,7/31/2020,2020
JACKS L A-13,SUMMIT,BROOK TROUT,132,2.47,7/31/2020,2020
JACKSON FLAT RES.,KANE,RAINBOW,20,18.42,1/21/2020,2020
JACKSON FLAT RES.,KANE,BROOK TROUT,938,15.75,1/21/2020,2020
JACKSON FLAT RES.,KANE,RAINBOW,3950,9.8,2/24/2020,2020
JACKSON FLAT RES.,KANE,RAINBOW,1089,9.95,3/17/2020,2020
JACKSON FLAT RES.,KANE,BASS LARGEMOUTH,1001,3.19,9/24/2020,2020
JACKSON FLAT RES.,KANE,BROWN TROUT,1321,13.85,10/28/2020,2020
JACKSON FLAT RES.,KANE,RAINBOW,51,19.08,11/2/2020,2020
JACKSON FLAT RES.,KANE,BROWN TROUT,235,13.85,11/2/2020,2020
JAMES L A-31,SUMMIT,BROOK TROUT,198,2.47,7/30/2020,2020
JEAN L W-58,SUMMIT,GRAYLING ARCTIC,144,2.81,9/21/2020,2020
JENSEN NATURE PARK POND,DAVIS,BROOK TROUT,302,15.21,1/30/2020,2020
JENSEN NATURE PARK POND,DAVIS,RAINBOW,100,20.05,2/25/2020,2020
JENSEN NATURE PARK POND,DAVIS,RAINBOW,999,10.28,2/28/2020,2020
JENSEN NATURE PARK POND,DAVIS,RAINBOW,700,10.15,3/4/2020,2020
JENSEN NATURE PARK POND,DAVIS,RAINBOW,501,9.63,5/4/2020,2020
JENSEN NATURE PARK POND,DAVIS,RAINBOW,649,9.46,5/18/2020,2020
JENSEN NATURE PARK POND,DAVIS,RAINBOW,1001,9.61,5/22/2020,2020
JENSEN NATURE PARK POND,DAVIS,RAINBOW,499,9.46,6/1/2020,2020
JENSEN NATURE PARK POND,DAVIS,CHANNEL CATFISH,300,13.57,6/11/2020,2020
JENSEN NATURE PARK POND,DAVIS,RAINBOW,706,9.43,6/29/2020,2020
JENSEN NATURE PARK POND,DAVIS,RAINBOW,1477,9.42,9/14/2020,2020
JENSEN NATURE PARK POND,DAVIS,RAINBOW,1477,9.42,9/28/2020,2020
JENSEN NATURE PARK POND,DAVIS,RAINBOW,1475,9.46,10/12/2020,2020
JENSEN NATURE PARK POND,DAVIS,RAINBOW,1476,9.52,10/26/2020,2020
JENSEN NATURE PARK POND,DAVIS,RAINBOW,829,9.52,11/2/2020,2020
JENSEN NATURE PARK POND,DAVIS,RAINBOW,660,9.86,11/11/2020,2020
JENSEN NATURE PARK POND,DAVIS,RAINBOW,686,9.63,11/30/2020,2020
JERRY L W-28,SUMMIT,BROOK TROUT,396,2.47,7/30/2020,2020
JESSON L GR-1,SUMMIT,CUTTHROAT,1906,2.48,9/23/2020,2020
JEWELL L BR-38,SUMMIT,TIGER TROUT,126,2.4,7/31/2020,2020
JEWKES-VAN BUREN L,SANPETE,TIGER TROUT,998,3.69,7/7/2020,2020
JOE LAY L NCL,GARFIELD,BROOK TROUT,205,2.69,7/1/2020,2020
JOES VALLEY RES,EMERY,MUSKIE TIGER,2994,1.19,4/28/2020,2020
JOES VALLEY RES,EMERY,SPLAKE,30942,3.05,6/15/2020,2020
JOES VALLEY RES,EMERY,SPLAKE,24354,3.05,6/15/2020,2020
JOES VALLEY RES,EMERY,RAINBOW,12480,4,7/6/2020,2020
JOES VALLEY RES,EMERY,RAINBOW,12480,4,7/6/2020,2020
JOHNSON RES,SEVIER,MUSKIE TIGER,450,1.19,4/28/2020,2020
JOHNSON RES,SEVIER,TIGER TROUT,450,1.19,4/28/2020,2020
JORDAN L Z-35,DUCHESNE,BROOK TROUT,1815,2.47,7/31/2020,2020
JORDAN R,SALT LAKE,CHANNEL CATFISH,215,13.57,6/11/2020,2020
JORDANELLE RES,WASATCH,KOKANEE,132082,3,3/30/2020,2020
JORDANELLE RES,WASATCH,MUSKIE TIGER,15496,1.22,4/28/2020,2020
JORDANELLE RES,WASATCH,WIPER,2499,7.68,5/21/2020,2020
JORDANELLE RES,WASATCH,SPLAKE,35295,3.05,6/16/2020,2020
JORDANELLE RES,WASATCH,SPLAKE,30707,3.05,6/16/2020,2020
JORDANELLE RES,WASATCH,RAINBOW,8125,7.24,7/13/2020,2020
JORDANELLE RES,WASATCH,SPLAKE,23268,3.5,7/21/2020,2020
JORDANELLE RES,WASATCH,RAINBOW,2610,11.99,7/24/2020,2020
JORDANELLE RES,WASATCH,RAINBOW,1740,11.99,7/24/2020,2020
JORDANELLE RES,WASATCH,RAINBOW,3915,11.99,7/24/2020,2020
JORDANELLE RES,WASATCH,RAINBOW,2610,11.99,7/24/2020,2020
JORDANELLE RES,WASATCH,RAINBOW,1407,11.99,7/24/2020,2020
JORDANELLE RES,WASATCH,RAINBOW,2407,11.99,7/24/2020,2020
JORDANELLE RES,WASATCH,RAINBOW,2248,11.99,7/24/2020,2020
JORDANELLE RES,WASATCH,RAINBOW,1740,11.99,7/24/2020,2020
JORDANELLE RES,WASATCH,SPLAKE,17580,3.33,7/28/2020,2020
JORDANELLE RES,WASATCH,RAINBOW,19096,3.19,9/29/2020,2020
JORDANELLE RES,WASATCH,RAINBOW,3536,10.42,11/2/2020,2020
JORDANELLE RES,WASATCH,RAINBOW,3260,10.42,11/3/2020,2020
JUNIOR L A-56,SUMMIT,TIGER TROUT,306,2.4,7/31/2020,2020
JUNIOR L A-56,SUMMIT,CUTTHROAT,600,2.13,9/22/2020,2020
KABELL L GR-140,SUMMIT,CUTTHROAT,1475,2.48,9/23/2020,2020
KAYSVILLE STAKE POND,DAVIS,RAINBOW,801,10.15,3/3/2020,2020
KAYSVILLE STAKE POND,DAVIS,RAINBOW,800,10.75,3/16/2020,2020
KAYSVILLE STAKE POND,DAVIS,RAINBOW,801,9.63,5/4/2020,2020
KAYSVILLE STAKE POND,DAVIS,RAINBOW,811,9.46,5/18/2020,2020
KAYSVILLE STAKE POND,DAVIS,RAINBOW,601,9.61,5/22/2020,2020
KAYSVILLE STAKE POND,DAVIS,CHANNEL CATFISH,400,13.57,6/11/2020,2020
KAYSVILLE STAKE POND,DAVIS,CHANNEL CATFISH,2000,2.48,9/15/2020,2020
KAYSVILLE STAKE POND,DAVIS,RAINBOW,1851,10.27,9/23/2020,2020
KAYSVILLE STAKE POND,DAVIS,RAINBOW,198,19.64,9/23/2020,2020
KAYSVILLE STAKE POND,DAVIS,RAINBOW,2149,10.27,10/1/2020,2020
KAYSVILLE STAKE POND,DAVIS,RAINBOW,1002,10.07,10/19/2020,2020
KAYSVILLE STAKE POND,DAVIS,RAINBOW,755,11.06,10/27/2020,2020
KAYSVILLE STAKE POND,DAVIS,RAINBOW,250,17.33,10/29/2020,2020
KAYSVILLE STAKE POND,DAVIS,RAINBOW,599,11.16,11/4/2020,2020
KENS L,SAN JUAN,RAINBOW,3760,9.99,3/16/2020,2020
KENS L,SAN JUAN,RAINBOW,250,9.99,4/15/2020,2020
KENS L,SAN JUAN,RAINBOW,1338,10.19,9/1/2020,2020
KENS L,SAN JUAN,RAINBOW,2677,10.19,9/1/2020,2020
"KENTS L, LOWER",BEAVER,RAINBOW,500,10.57,5/20/2020,2020
"KENTS L, LOWER",BEAVER,TIGER TROUT,127,2.9,7/16/2020,2020
"KENTS L, LOWER",BEAVER,BROOK TROUT,327,2.87,7/16/2020,2020
"KENTS L, MIDDLE",BEAVER,RAINBOW,1060,10.57,5/20/2020,2020
"KENTS L, MIDDLE",BEAVER,RAINBOW,1263,10.54,6/4/2020,2020
"KENTS L, MIDDLE",BEAVER,RAINBOW,246,9.53,6/4/2020,2020
"KENTS L, MIDDLE",BEAVER,RAINBOW,1028,9.71,6/16/2020,2020
"KENTS L, MIDDLE",BEAVER,RAINBOW,1507,9.77,7/9/2020,2020
"KENTS L, MIDDLE",BEAVER,SPLAKE,812,3.35,7/15/2020,2020
"KENTS L, MIDDLE",BEAVER,TIGER TROUT,821,2.9,7/16/2020,2020
"KENTS L, MIDDLE",BEAVER,RAINBOW,1566,9.86,7/20/2020,2020
"KENTS L, MIDDLE",BEAVER,RAINBOW,428,10.36,8/4/2020,2020
"KENTS L, UPPER",BEAVER,CUTTHROAT,5100,2.41,9/29/2020,2020
KIDNEY POND,SALT LAKE,RAINBOW,275,10.6,4/29/2020,2020
KIDNEY POND,SALT LAKE,RAINBOW,274,9.63,5/4/2020,2020
KIDNEY POND,SALT LAKE,RAINBOW,274,9.46,5/18/2020,2020
KIDNEY POND,SALT LAKE,CHANNEL CATFISH,450,13.57,6/11/2020,2020
KIDNEY POND,SALT LAKE,RAINBOW,106,16.88,6/18/2020,2020
KIDNEY POND,SALT LAKE,CHANNEL CATFISH,401,2.48,9/15/2020,2020
KNIGHT IDEAL POND,CARBON,RAINBOW,989,10.37,5/6/2020,2020
KNIGHT IDEAL POND,CARBON,RAINBOW,500,10.37,6/24/2020,2020
KNIGHT IDEAL POND,CARBON,RAINBOW,504,11.05,9/30/2020,2020
KOLOB RES,WASHINGTON,BROOK TROUT,511,2.69,6/30/2020,2020
KOLOB RES,WASHINGTON,RAINBOW,5053,3.38,6/30/2020,2020
KOOSHAREM RES,SEVIER,RAINBOW,3074,9.95,3/17/2020,2020
KOOSHAREM RES,SEVIER,RAINBOW,3001,9.95,3/17/2020,2020
KOOSHAREM RES,SEVIER,CUTTHROAT,6732,8.26,3/18/2020,2020
KOOSHAREM RES,SEVIER,RAINBOW,19256,3.99,3/31/2020,2020
KOOSHAREM RES,SEVIER,RAINBOW,1003,11.02,4/22/2020,2020
KOOSHAREM RES,SEVIER,RAINBOW,900,10.56,4/22/2020,2020
KOOSHAREM RES,SEVIER,RAINBOW,900,10.56,4/22/2020,2020
KOOSHAREM RES,SEVIER,TIGER TROUT,300,1.19,4/28/2020,2020
KOOSHAREM RES,SEVIER,MUSKIE TIGER,300,1.19,4/28/2020,2020
KOOSHAREM RES,SEVIER,SPLAKE,2000,3.05,6/15/2020,2020
KOOSHAREM RES,SEVIER,TIGER TROUT,1995,3.69,7/6/2020,2020
LABARON RES,BEAVER,RAINBOW,1680,9.98,6/24/2020,2020
LABARON RES,BEAVER,RAINBOW,990,10.29,7/23/2020,2020
LABARON RES,BEAVER,RAINBOW,1822,10.49,7/23/2020,2020
LABARON RES,BEAVER,GRAYLING ARCTIC,1008,2.81,9/28/2020,2020
LAKE CANYON L,DUCHESNE,TIGER TROUT,602,2.45,5/7/2020,2020
LAKE CANYON L,DUCHESNE,CUTTHROAT,2244,4.77,5/7/2020,2020
LAKE FK R,DUCHESNE,RAINBOW,1750,9.63,6/15/2020,2020
LAKE FK R,DUCHESNE,CUTTHROAT,8840,1.98,11/1/2020,2020
LAKE POWELL,KANE,CHUB,2248,10.08,4/7/2020,2020
LAKE POWELL,KANE,CHUB,2249,10.08,4/7/2020,2020
LAKETOWN RES,RICH,RAINBOW,1000,8.85,4/30/2020,2020
LAKETOWN RES,RICH,RAINBOW,1000,8.75,8/28/2020,2020
LAMBERT L LF-21,DUCHESNE,BROOK TROUT,701,3.15,7/6/2020,2020
LAMBS CR,SALT LAKE,CUTTHROAT,805,2.27,10/12/2020,2020
LARVAE L WR-12,DUCHESNE,BROOK TROUT,580,4,7/27/2020,2020
LEDGE L BTS,GARFIELD,BROOK TROUT,204,2.69,7/1/2020,2020
LEFT HAND RES NBS,WAYNE,BROOK TROUT,307,2.69,7/1/2020,2020
LEIGH HILL RES,IRON,RAINBOW,1491,9.69,3/12/2020,2020
LEIGH HILL RES,IRON,RAINBOW,1491,9.69,3/12/2020,2020
LEIGH HILL RES,IRON,RAINBOW,763,10.9,5/5/2020,2020
LEIGH HILL RES,IRON,RAINBOW,763,10.9,5/5/2020,2020
LEIGH HILL RES,IRON,CHANNEL CATFISH,3500,3.61,9/8/2020,2020
LEIGH HILL RES,IRON,RAINBOW,1248,11.61,11/2/2020,2020
LEIGH HILL RES,IRON,RAINBOW,1248,11.61,11/2/2020,2020
LF-37,DUCHESNE,BROOK TROUT,300,3.15,7/6/2020,2020
LILLIAN L,SALT LAKE,GRAYLING ARCTIC,3006,2.81,9/21/2020,2020
LILLIAN L A-43,SUMMIT,BROOK TROUT,314,2.47,7/31/2020,2020
LILLY L A-58,SUMMIT,RAINBOW,200,10,6/9/2020,2020
LILLY L A-58,SUMMIT,RAINBOW,200,10,6/23/2020,2020
LILLY L A-58,SUMMIT,RAINBOW,202,9.21,7/6/2020,2020
LILLY L A-58,SUMMIT,RAINBOW,200,9.52,7/14/2020,2020
LILLY L A-58,SUMMIT,RAINBOW,203,11.99,7/24/2020,2020
LILLY L A-58,SUMMIT,TIGER TROUT,435,8.31,7/26/2020,2020
LILLY L A-58,SUMMIT,RAINBOW,305,11.99,7/27/2020,2020
LILLY L A-58,SUMMIT,TIGER TROUT,391,8.31,7/28/2020,2020
LILLY L A-58,SUMMIT,RAINBOW,210,8.94,8/3/2020,2020
LILLY L A-58,SUMMIT,RAINBOW,210,8.94,8/10/2020,2020
LILLY L A-58,SUMMIT,TIGER TROUT,400,8.31,8/10/2020,2020
LILLY L A-58,SUMMIT,RAINBOW,201,9.12,8/17/2020,2020
LILLY L A-58,SUMMIT,TIGER TROUT,398,9.03,8/24/2020,2020
LILLY L A-58,SUMMIT,RAINBOW,198,9.12,8/24/2020,2020
LILLY L A-58,SUMMIT,TIGER TROUT,130,9.31,8/31/2020,2020
LILLY L A-58,SUMMIT,RAINBOW,372,9.31,9/1/2020,2020
LILLY L A-58,SUMMIT,TIGER TROUT,300,8.66,9/9/2020,2020
LILY L BR-11,SUMMIT,RAINBOW,1199,9.95,6/1/2020,2020
LILY L BR-11,SUMMIT,RAINBOW,1200,9.21,7/2/2020,2020
LILY L BR-11,SUMMIT,RAINBOW,1102,11.99,7/24/2020,2020
LILY L LOWER A-25,SUMMIT,BROOK TROUT,149,2.47,7/30/2020,2020
LINDA L LF-36,DUCHESNE,BROOK TROUT,400,3.15,7/6/2020,2020
LITTLE ANTIMONY EMW,GARFIELD,TIGER TROUT,71,3.28,8/11/2020,2020
LITTLE BLUE,SANPETE,BROOK TROUT,211,2.83,7/7/2020,2020
LITTLE BRUSH CR,UINTAH,RAINBOW,348,9.83,6/23/2020,2020
LITTLE BRUSH CR,UINTAH,RAINBOW,364,9.87,7/20/2020,2020
LITTLE CR RES,RICH,RAINBOW,4845,8.7,4/8/2020,2020
LITTLE CR RES,RICH,RAINBOW,1768,10.42,10/26/2020,2020
LITTLE CR RES,RICH,RAINBOW,3205,10.42,10/26/2020,2020
LITTLE DEER CR,WASATCH,CUTTHROAT,4709,2.27,10/12/2020,2020
LITTLE DELL RES,SALT LAKE,CUTTHROAT,5173,5.97,6/15/2020,2020
LITTLE DELL RES,SALT LAKE,CUTTHROAT,4584,6,6/15/2020,2020
LITTLE DELL RES,SALT LAKE,CUTTHROAT,5494,5.99,6/15/2020,2020
LITTLE DELL RES,SALT LAKE,CUTTHROAT,8433,3.29,11/5/2020,2020
LITTLE DELL RES,SALT LAKE,CUTTHROAT,4131,2.4,11/5/2020,2020
LITTLE ELK L A-19,SUMMIT,GRAYLING ARCTIC,594,2.81,9/21/2020,2020
LITTLE ELK L DF-17,UINTAH,GRAYLING ARCTIC,504,2.81,9/21/2020,2020
LITTLE HIDDEN L W-21,SUMMIT,BROOK TROUT,495,2.47,7/30/2020,2020
LITTLE MONTES RES,UINTAH,CHANNEL CATFISH,460,13.57,6/11/2020,2020
LITTLE MONTES RES,UINTAH,SUNFISH BLUEGILL,500,2.62,9/23/2020,2020
LITTLE MONTES RES,UINTAH,RAINBOW,1099,10.24,11/2/2020,2020
LITTLE MONTES RES,UINTAH,BROOK TROUT,105,13.19,11/12/2020,2020
LITTLE MONTES RES,UINTAH,RAINBOW,197,17.33,11/12/2020,2020
LITTLE RES,BEAVER,RAINBOW,1537,10.57,5/19/2020,2020
LITTLE RES,BEAVER,BROWN TROUT,250,3.75,5/20/2020,2020
LITTLE RES,BEAVER,RAINBOW,1581,10.64,6/2/2020,2020
LITTLE RES,BEAVER,RAINBOW,1096,9.71,6/16/2020,2020
LITTLE RES,BEAVER,RAINBOW,1703,9.88,7/6/2020,2020
LITTLE RES,BEAVER,TIGER TROUT,269,2.9,7/16/2020,2020
LITTLE RES,BEAVER,RAINBOW,1827,9.86,7/20/2020,2020
LITTLE SCOUT L EB,GARFIELD,BROOK TROUT,211,2.55,7/1/2020,2020
LLOYDS L,SAN JUAN,RAINBOW,3900,9.86,4/1/2020,2020
LLOYDS L,SAN JUAN,RAINBOW,2024,10.37,8/24/2020,2020
LOG POND #1,SANPETE,BROOK TROUT,211,2.83,7/7/2020,2020
LOGAN R,CACHE,RAINBOW,500,8.82,4/2/2020,2020
LOGAN R,CACHE,RAINBOW,500,8.82,4/2/2020,2020
LOGAN R,CACHE,RAINBOW,400,8.82,4/2/2020,2020
LOGAN R,CACHE,RAINBOW,500,8.92,4/17/2020,2020
LOGAN R,CACHE,RAINBOW,400,8.93,4/17/2020,2020
LOGAN R,CACHE,RAINBOW,500,8.92,4/17/2020,2020
LOGAN R,CACHE,RAINBOW,400,8.86,5/1/2020,2020
LOGAN R,CACHE,RAINBOW,500,8.86,5/1/2020,2020
LOGAN R,CACHE,RAINBOW,500,8.86,5/1/2020,2020
LOGAN R,CACHE,RAINBOW,500,9.29,5/14/2020,2020
LOGAN R,CACHE,RAINBOW,500,9.29,5/14/2020,2020
LOGAN R,CACHE,RAINBOW,500,9.29,5/14/2020,2020
LOGAN R,CACHE,RAINBOW,500,9.34,5/29/2020,2020
LOGAN R,CACHE,RAINBOW,500,9.34,5/29/2020,2020
LOGAN R,CACHE,RAINBOW,500,9.34,5/29/2020,2020
LOGAN R,CACHE,RAINBOW,500,10.05,6/12/2020,2020
LOGAN R,CACHE,RAINBOW,400,10.06,6/12/2020,2020
LOGAN R,CACHE,RAINBOW,500,10.05,6/12/2020,2020
LOGAN R,CACHE,RAINBOW,500,10.27,6/26/2020,2020
LOGAN R,CACHE,RAINBOW,400,10.28,6/26/2020,2020
LOGAN R,CACHE,RAINBOW,1000,10.21,6/26/2020,2020
LOGAN R,CACHE,RAINBOW,500,9.74,7/10/2020,2020
LOGAN R,CACHE,RAINBOW,500,9.74,7/10/2020,2020
LOGAN R,CACHE,RAINBOW,400,9.72,7/10/2020,2020
LOGAN R,CACHE,RAINBOW,500,9.58,7/22/2020,2020
LOGAN R,CACHE,RAINBOW,400,9.59,7/22/2020,2020
LOGAN R,CACHE,RAINBOW,500,9.58,7/22/2020,2020
LOGAN R,CACHE,RAINBOW,500,10.52,8/7/2020,2020
LOGAN R,CACHE,RAINBOW,500,10.52,8/7/2020,2020
LOGAN R,CACHE,RAINBOW,400,10.52,8/7/2020,2020
LOGAN R,CACHE,RAINBOW,400,8.66,8/21/2020,2020
LOGAN R,CACHE,RAINBOW,800,8.66,8/21/2020,2020
LOGAN R,CACHE,RAINBOW,500,8.66,8/21/2020,2020
LOGAN R,CACHE,RAINBOW,500,9.36,9/3/2020,2020
LOGAN R,CACHE,RAINBOW,500,9.36,9/3/2020,2020
LOGAN R,CACHE,RAINBOW,500,9.36,9/3/2020,2020
LOGAN R,CACHE,RAINBOW,400,9.92,9/18/2020,2020
LOGAN R,CACHE,RAINBOW,500,9.92,9/18/2020,2020
LOGAN R,CACHE,RAINBOW,500,9.92,9/18/2020,2020
LOGAN R,CACHE,RAINBOW,500,10.3,10/2/2020,2020
LOGAN R,CACHE,RAINBOW,500,10.3,10/2/2020,2020
LOGGER L,SANPETE,RAINBOW,1296,9.75,7/8/2020,2020
LONG PARK RES,DAGGETT,RAINBOW,5587,4.07,5/31/2020,2020
LONG PARK RES,DAGGETT,BROOK TROUT,2619,3.09,5/31/2020,2020
LONG PARK RES,DAGGETT,GRAYLING ARCTIC,1998,2.81,9/21/2020,2020
LONG WILLOW BOTTOMS,GARFIELD,CUTTHROAT,807,2.12,9/23/2020,2020
LOST CR RES,MORGAN,KOKANEE,12528,3,4/1/2020,2020
LOST CR RES,MORGAN,CUTTHROAT,2814,11.11,6/2/2020,2020
LOST CR RES,MORGAN,SPLAKE,5001,3.05,6/16/2020,2020
LOST CR RES,MORGAN,RAINBOW,3814,11.99,7/24/2020,2020
LOST CR RES,MORGAN,TIGER TROUT,2001,8.31,7/24/2020,2020
LOST CREEK RESERVOIR,SEVIER,TIGER TROUT,501,9.69,6/25/2020,2020
LOST L A-59,SUMMIT,RAINBOW,2500,9.52,6/12/2020,2020
LOST L A-59,SUMMIT,RAINBOW,2001,11.99,7/25/2020,2020
LOST L A-59,SUMMIT,TIGER TROUT,1501,8.31,7/25/2020,2020
LOST L A-59,SUMMIT,BROOK TROUT,1993,2.49,7/27/2020,2020
LOST L A-59,SUMMIT,TIGER TROUT,1501,8.31,7/28/2020,2020
LOST L A-59,SUMMIT,BROOK TROUT,497,3.66,8/3/2020,2020
LOST L A-59,SUMMIT,TIGER TROUT,1501,8.31,8/10/2020,2020
LOST L GR-4,SUMMIT,CUTTHROAT,488,2.48,9/23/2020,2020
LOST L(GOVERNMNT)NBS,WAYNE,BROOK TROUT,307,2.69,7/1/2020,2020
LOUDER RANGER STA,IRON,TIGER TROUT,106,3.36,7/17/2020,2020
LOWER WPA,SANPETE,BROOK TROUT,211,2.83,7/7/2020,2020
"LYMAN L, LOWER G-25",SUMMIT,RAINBOW,799,9.19,6/2/2020,2020
"LYMAN L, LOWER G-25",SUMMIT,RAINBOW,799,9.75,7/9/2020,2020
"LYMAN L, LOWER G-25",SUMMIT,RAINBOW,1407,11.99,7/24/2020,2020
"LYMAN L, LOWER G-25",SUMMIT,BROOK TROUT,2495,2.49,7/24/2020,2020
"LYMAN L, UPPER G-27",SUMMIT,RAINBOW,1030,9.19,6/2/2020,2020
"LYMAN L, UPPER G-27",SUMMIT,RAINBOW,1001,11.99,7/24/2020,2020
"LYMAN L, UPPER G-27",SUMMIT,BROOK TROUT,1993,2.49,7/24/2020,2020
MABA L Z-8,DUCHESNE,BROOK TROUT,314,2.47,7/31/2020,2020
MAMMOTH CR,GARFIELD,BROWN TROUT,3074,3.25,4/20/2020,2020
MAMMOTH CR,GARFIELD,RAINBOW,724,10.54,5/26/2020,2020
MAMMOTH CR,GARFIELD,RAINBOW,671,10.54,5/26/2020,2020
MAMMOTH CR,GARFIELD,RAINBOW,783,10.06,7/7/2020,2020
MAMMOTH CR,GARFIELD,RAINBOW,542,10.06,7/7/2020,2020
MANILA CREEK PARK POND,UTAH,RAINBOW,494,9.61,2/22/2020,2020
MANILA CREEK PARK POND,UTAH,RAINBOW,494,10.6,4/29/2020,2020
MANILA CREEK PARK POND,UTAH,RAINBOW,493,9.63,5/4/2020,2020
MANILA CREEK PARK POND,UTAH,RAINBOW,986,9.52,5/12/2020,2020
MANILA CREEK PARK POND,UTAH,RAINBOW,714,9.46,5/18/2020,2020
MANILA CREEK PARK POND,UTAH,RAINBOW,493,9.52,5/27/2020,2020
MANILA CREEK PARK POND,UTAH,RAINBOW,493,9.63,6/8/2020,2020
MANILA CREEK PARK POND,UTAH,RAINBOW,517,9.44,6/22/2020,2020
MANILA CREEK PARK POND,UTAH,RAINBOW,494,9.55,7/7/2020,2020
MANILA CREEK PARK POND,UTAH,RAINBOW,493,9.5,7/13/2020,2020
MANILA CREEK PARK POND,UTAH,RAINBOW,493,9.63,8/17/2020,2020
MANILA CREEK PARK POND,UTAH,RAINBOW,494,9.4,9/9/2020,2020
MANILA CREEK PARK POND,UTAH,RAINBOW,202,18.12,10/5/2020,2020
MANILA CREEK PARK POND,UTAH,RAINBOW,996,11.37,10/20/2020,2020
MANILA CREEK PARK POND,UTAH,RAINBOW,949,11.61,10/26/2020,2020
MANILA CREEK PARK POND,UTAH,RAINBOW,949,11.61,10/26/2020,2020
MANN CR,DAGGETT,CUTTHROAT,1000,2.48,9/23/2020,2020
MANN CR,DAGGETT,CUTTHROAT,30,13.96,9/23/2020,2020
MANNING MEADOW RES,PIUTE,CUTTHROAT,16929,2.13,9/14/2020,2020
MANTUA RES,BOX ELDER,RAINBOW,3250,7.83,3/17/2020,2020
MANTUA RES,BOX ELDER,RAINBOW,3250,7.83,3/17/2020,2020
MANTUA RES,BOX ELDER,CHANNEL CATFISH,18601,2.48,9/15/2020,2020
MANTUA RES,BOX ELDER,RAINBOW,3295,10.74,9/17/2020,2020
MANTUA RES,BOX ELDER,TIGER TROUT,1188,9.12,9/30/2020,2020
MANTUA RES,BOX ELDER,RAINBOW,2100,10.39,10/6/2020,2020
MANTUA RES,BOX ELDER,RAINBOW,12727,10.23,10/6/2020,2020
MANTUA RES,BOX ELDER,RAINBOW,2100,9.69,10/6/2020,2020
MANTUA RES,BOX ELDER,RAINBOW,1172,8.27,11/25/2020,2020
MAPLE GROVE SPRINGS,MILLARD,RAINBOW,201,10.17,5/18/2020,2020
MAPLE GROVE SPRINGS,MILLARD,RAINBOW,192,10.07,6/23/2020,2020
MAPLE GROVE SPRINGS,MILLARD,RAINBOW,189,10.13,6/29/2020,2020
MAPLE GROVE SPRINGS,MILLARD,RAINBOW,203,10.29,7/20/2020,2020
MAPLE GROVE SPRINGS,MILLARD,RAINBOW,220,10.57,8/18/2020,2020
MAPLE L,UTAH,MUSKIE TIGER,303,1.22,4/28/2020,2020
MAPLE L,UTAH,RAINBOW,1898,10.37,5/4/2020,2020
MAPLE L,UTAH,RAINBOW,1200,10.87,5/13/2020,2020
MAPLE L,UTAH,RAINBOW,1200,10.22,5/26/2020,2020
MAPLE L,UTAH,WIPER,504,7.92,5/27/2020,2020
MAPLE L,UTAH,RAINBOW,1200,10.87,6/2/2020,2020
MAPLE L,UTAH,RAINBOW,1199,11.25,6/10/2020,2020
MAPLE L,UTAH,RAINBOW,1199,10.37,6/24/2020,2020
MAPLE L,UTAH,BROOK TROUT,2495,2.49,7/27/2020,2020
MARSH L G-19,SUMMIT,RAINBOW,2070,9.15,6/1/2020,2020
MARSH L G-19,SUMMIT,RAINBOW,3080,8.66,7/24/2020,2020
MARY L,SALT LAKE,BROOK TROUT,7095,2.47,7/30/2020,2020
MARYS L,SANPETE,RAINBOW,800,10.87,7/14/2020,2020
MATT WARNER RES,UINTAH,RAINBOW,9936,3.01,5/1/2020,2020
MATT WARNER RES,UINTAH,BROWN TROUT,8836,2.48,5/4/2020,2020
MATT WARNER RES,UINTAH,RAINBOW,40016,3.12,5/4/2020,2020
MATT WARNER RES,UINTAH,RAINBOW,275,13.15,5/19/2020,2020
MATT WARNER RES,UINTAH,RAINBOW,3759,8.48,5/21/2020,2020
MATT WARNER RES,UINTAH,RAINBOW,3759,8.48,5/21/2020,2020
MATT WARNER RES,UINTAH,RAINBOW,3759,8.48,5/21/2020,2020
MATT WARNER RES,UINTAH,RAINBOW,3759,8.48,5/21/2020,2020
MATT WARNER RES,UINTAH,BROWN TROUT,9450,2.77,5/30/2020,2020
MAY DAY POND,GARFIELD,TIGER TROUT,1600,2.81,6/24/2020,2020
MAYBEY POND,DAVIS,RAINBOW,349,10.15,3/4/2020,2020
MAYBEY POND,DAVIS,RAINBOW,199,9.63,5/4/2020,2020
MAYBEY POND,DAVIS,RAINBOW,201,9.46,5/18/2020,2020
MAYBEY POND,DAVIS,RAINBOW,299,9.61,5/22/2020,2020
MAYBEY POND,DAVIS,RAINBOW,201,9.46,6/1/2020,2020
MAYBEY POND,DAVIS,RAINBOW,239,9.42,9/14/2020,2020
MAYBEY POND,DAVIS,RAINBOW,245,9.42,9/28/2020,2020
MAYBEY POND,DAVIS,RAINBOW,201,9.46,10/13/2020,2020
MAYBEY POND,DAVIS,RAINBOW,241,9.52,10/27/2020,2020
MAYOR'S POND,BOX ELDER,RAINBOW,799,9.09,4/27/2020,2020
MAYOR'S POND,BOX ELDER,RAINBOW,400,9.87,10/6/2020,2020
MAYOR'S POND,BOX ELDER,RAINBOW,400,11.06,10/27/2020,2020
MCCLELLAN RES,UTAH,RAINBOW,1104,10.22,5/26/2020,2020
MCCLELLAN RES,UTAH,RAINBOW,996,10.37,6/22/2020,2020
MCCLELLAN RES,UTAH,BROOK TROUT,1993,2.49,7/27/2020,2020
MCGATH LAKE GT,GARFIELD,BROOK TROUT,3015,2.69,7/1/2020,2020
MCPHETERS L BR-14,SUMMIT,TIGER TROUT,2880,2.4,7/31/2020,2020
MEADOW CRK P,WEBER,BROOK TROUT,313,15.21,1/30/2020,2020
MEADOW CRK P,WEBER,RAINBOW,100,20.05,2/25/2020,2020
MEADOW CRK P,WEBER,RAINBOW,1000,8.02,3/5/2020,2020
MEADOW CRK P,WEBER,RAINBOW,199,20.05,3/10/2020,2020
MEADOW CRK P,WEBER,RAINBOW,100,20.05,3/10/2020,2020
MEADOW CRK P,WEBER,RAINBOW,505,8.02,3/18/2020,2020
MEADOW CRK P,WEBER,RAINBOW,999,9.41,4/27/2020,2020
MEADOW CRK P,WEBER,RAINBOW,216,16.88,6/17/2020,2020
MEADOW CRK P,WEBER,RAINBOW,500,8.77,6/22/2020,2020
MEADOW CRK P,WEBER,RAINBOW,731,9.03,6/29/2020,2020
MEADOW CRK P,WEBER,RAINBOW,501,9.41,7/15/2020,2020
MEADOW CRK P,WEBER,RAINBOW,100,9.57,7/22/2020,2020
MEADOW CRK P,WEBER,RAINBOW,845,10.22,9/14/2020,2020
MEADOW CRK P,WEBER,CHANNEL CATFISH,1000,2.48,9/15/2020,2020
MEADOW CRK P,WEBER,RAINBOW,846,10.3,9/28/2020,2020
MEADOW CRK P,WEBER,RAINBOW,843,10.07,10/12/2020,2020
MEADOW CRK P,WEBER,RAINBOW,845,10.86,10/26/2020,2020
MEADOW CRK P,WEBER,RAINBOW,200,21.54,11/2/2020,2020
MEADOW CRK P,WEBER,RAINBOW,470,11.16,11/4/2020,2020
MEADOW CRK P,WEBER,RAINBOW,401,11.2,11/9/2020,2020
MEDICINE L,SAN JUAN,RAINBOW,504,10.07,6/8/2020,2020
MEDICINE L,SAN JUAN,RAINBOW,506,10.06,7/16/2020,2020
MEEKS L TLM,SEVIER,RAINBOW,960,3.14,6/9/2020,2020
MEEKS L TLM,SEVIER,BROOK TROUT,256,2.69,6/23/2020,2020
MERCHANT VALLEY RES,BEAVER,RAINBOW,505,10.5,5/19/2020,2020
MERCHANT VALLEY RES,BEAVER,BROWN TROUT,250,3.75,5/19/2020,2020
MERCHANT VALLEY RES,BEAVER,RAINBOW,507,10.49,7/23/2020,2020
MIDAS POND,SALT LAKE,RAINBOW,275,10.6,4/29/2020,2020
MIDAS POND,SALT LAKE,RAINBOW,274,9.63,5/4/2020,2020
MIDAS POND,SALT LAKE,RAINBOW,551,9.52,5/11/2020,2020
MIDAS POND,SALT LAKE,RAINBOW,274,9.46,5/18/2020,2020
MIDAS POND,SALT LAKE,RAINBOW,412,9.52,5/26/2020,2020
MIDAS POND,SALT LAKE,RAINBOW,274,9.46,6/1/2020,2020
MIDAS POND,SALT LAKE,RAINBOW,52,16.88,6/18/2020,2020
MIDAS POND,SALT LAKE,RAINBOW,601,9.71,9/21/2020,2020
MILL CR,GRAND,BROWN TROUT,4073,3.25,4/15/2020,2020
MILL CR,SALT LAKE,CUTTHROAT,3008,2.11,10/12/2020,2020
MILL CR,SALT LAKE,CUTTHROAT,5026,2.27,10/12/2020,2020
MILL HOLLOW RES,WASATCH,RAINBOW,1461,9.75,6/1/2020,2020
MILL HOLLOW RES,WASATCH,RAINBOW,729,9.41,6/11/2020,2020
MILL HOLLOW RES,WASATCH,RAINBOW,735,9.41,6/17/2020,2020
MILL HOLLOW RES,WASATCH,RAINBOW,732,9.41,6/25/2020,2020
MILL HOLLOW RES,WASATCH,RAINBOW,930,9.41,7/14/2020,2020
MILL HOLLOW RES,WASATCH,BROOK TROUT,5022,2.49,7/27/2020,2020
MILL HOLLOW RES,WASATCH,TIGER TROUT,5100,3.09,7/27/2020,2020
MILL HOLLOW RES,WASATCH,RAINBOW,500,11.99,7/27/2020,2020
MILL HOLLOW RES,WASATCH,RAINBOW,730,9.12,8/25/2020,2020
MILL HOLLOW RES,WASATCH,RAINBOW,751,9.31,9/1/2020,2020
MILL HOLLOW RES,WASATCH,RAINBOW,729,9.75,9/22/2020,2020
MILL MEADOW RES,SEVIER,RAINBOW,3055,9.86,3/20/2020,2020
MILL MEADOW RES,SEVIER,RAINBOW,1976,9.86,3/27/2020,2020
MILL MEADOW RES,SEVIER,WIPER,1140,8.7,5/14/2020,2020
MILL MEADOW RES,SEVIER,WIPER,722,8.77,5/14/2020,2020
MILL MEADOW RES,SEVIER,WIPER,1170,8.62,5/14/2020,2020
MILL MEADOW RES,SEVIER,WIPER,1509,4.24,9/15/2020,2020
MILLER L BTN,WAYNE,RAINBOW,540,10.07,6/24/2020,2020
MILLER L BTN,WAYNE,TIGER TROUT,501,9.69,6/25/2020,2020
MILLERS FLAT RES,SANPETE,RAINBOW,27840,3.05,6/3/2020,2020
MILLERS FLAT RES,SANPETE,BROOK TROUT,499,2.6,6/25/2020,2020
MILLERS FLAT RES,SANPETE,BROOK TROUT,1500,3.75,7/17/2020,2020
MILLRACE PARK POND,SALT LAKE,RAINBOW,375,9.61,2/22/2020,2020
MILLRACE PARK POND,SALT LAKE,RAINBOW,373,10.15,3/9/2020,2020
MILLRACE PARK POND,SALT LAKE,RAINBOW,375,9.63,5/4/2020,2020
MILLRACE PARK POND,SALT LAKE,CHANNEL CATFISH,150,13.57,6/11/2020,2020
MILLRACE PARK POND,SALT LAKE,CHANNEL CATFISH,800,2.48,9/15/2020,2020
MILLSITE RES,EMERY,RAINBOW,2825,10.12,3/24/2020,2020
MILLSITE RES,EMERY,RAINBOW,3187,10.12,3/24/2020,2020
MILLSITE RES,EMERY,SPLAKE,5059,3.05,6/15/2020,2020
MINERSVILLE RES,BEAVER,BROWN TROUT,10130,2.96,4/7/2020,2020
MINERSVILLE RES,BEAVER,WIPER,3345,2.24,8/13/2020,2020
MINERSVILLE RES,BEAVER,BASS LARGEMOUTH,1001,3.19,9/24/2020,2020
MINERSVILLE RES,BEAVER,RAINBOW,3692,10.13,10/5/2020,2020
MINERSVILLE RES,BEAVER,RAINBOW,14605,10.13,10/5/2020,2020
MINERSVILLE RES,BEAVER,RAINBOW,11880,10.28,10/5/2020,2020
MIRROR L Z-3,DUCHESNE,RAINBOW,751,9.52,6/12/2020,2020
MIRROR L Z-3,DUCHESNE,RAINBOW,750,10,6/23/2020,2020
MIRROR L Z-3,DUCHESNE,RAINBOW,749,9.21,7/6/2020,2020
MIRROR L Z-3,DUCHESNE,TIGER TROUT,1305,8.31,7/23/2020,2020
MIRROR L Z-3,DUCHESNE,RAINBOW,1015,11.99,7/23/2020,2020
MIRROR L Z-3,DUCHESNE,BROOK TROUT,3564,2.49,7/28/2020,2020
MIRROR L Z-3,DUCHESNE,TIGER TROUT,1001,8.31,7/28/2020,2020
MIRROR L Z-3,DUCHESNE,RAINBOW,1015,8.94,7/28/2020,2020
MIRROR L Z-3,DUCHESNE,RAINBOW,998,8.94,8/3/2020,2020
MIRROR L Z-3,DUCHESNE,BROOK TROUT,1287,3.66,8/3/2020,2020
MIRROR L Z-3,DUCHESNE,RAINBOW,1068,8.94,8/10/2020,2020
MIRROR L Z-3,DUCHESNE,TIGER TROUT,1000,8.31,8/10/2020,2020
MIRROR L Z-3,DUCHESNE,RAINBOW,1000,9.12,8/17/2020,2020
MIRROR L Z-3,DUCHESNE,TIGER TROUT,496,9.03,8/24/2020,2020
MIRROR L Z-3,DUCHESNE,RAINBOW,1502,9.12,8/24/2020,2020
MIRROR L Z-3,DUCHESNE,TIGER TROUT,1002,9.31,8/31/2020,2020
MIRROR L Z-3,DUCHESNE,RAINBOW,2000,9.31,8/31/2020,2020
MIRROR L Z-3,DUCHESNE,RAINBOW,1502,8.94,9/8/2020,2020
MIRROR L Z-3,DUCHESNE,TIGER TROUT,1001,8.66,9/9/2020,2020
MONROE POND,SEVIER,RAINBOW,1017,10.12,3/25/2020,2020
MONROE POND,SEVIER,RAINBOW,1003,10.19,4/22/2020,2020
MONROE POND,SEVIER,RAINBOW,1624,10.02,5/7/2020,2020
MONROE POND,SEVIER,RAINBOW,403,9.81,6/5/2020,2020
MONROE POND,SEVIER,RAINBOW,1003,10.13,6/26/2020,2020
MONROE POND,SEVIER,RAINBOW,506,10.29,7/20/2020,2020
MONROE POND,SEVIER,RAINBOW,451,10.37,8/19/2020,2020
MONTEZ CR RES,UINTAH,BROWN TROUT,559,2.66,5/26/2020,2020
MONTICELLO L,SAN JUAN,RAINBOW,732,10.02,5/5/2020,2020
MONTICELLO L,SAN JUAN,RAINBOW,768,10.07,6/22/2020,2020
MONTICELLO L,SAN JUAN,TIGER TROUT,1025,2.81,6/24/2020,2020
MONTICELLO L,SAN JUAN,RAINBOW,506,10.06,7/17/2020,2020
MOON L,DUCHESNE,TIGER TROUT,12180,2.54,5/18/2020,2020
MOON L,DUCHESNE,RAINBOW,2805,9.27,5/19/2020,2020
MOON L,DUCHESNE,RAINBOW,7797,9.41,5/19/2020,2020
MOON L,DUCHESNE,RAINBOW,275,13.15,5/19/2020,2020
MOON L,DUCHESNE,RAINBOW,2331,9.26,5/19/2020,2020
MOON L,DUCHESNE,SPLAKE,10280,3.19,6/24/2020,2020
MOOSE POND,DAGGETT,RAINBOW,1000,9.27,5/19/2020,2020
MOOSE POND,DAGGETT,RAINBOW,61,13.15,5/19/2020,2020
MOOSE POND,DAGGETT,RAINBOW,552,9.63,6/16/2020,2020
MOOSE POND,DAGGETT,RAINBOW,198,10.46,10/31/2020,2020
MOOSEHORN L Z-4,DUCHESNE,RAINBOW,400,10,6/17/2020,2020
MOOSEHORN L Z-4,DUCHESNE,RAINBOW,400,9.21,6/29/2020,2020
MOOSEHORN L Z-4,DUCHESNE,RAINBOW,305,9.52,7/21/2020,2020
MOOSEHORN L Z-4,DUCHESNE,TIGER TROUT,435,8.31,7/26/2020,2020
MOOSEHORN L Z-4,DUCHESNE,RAINBOW,399,11.99,7/27/2020,2020
MOOSEHORN L Z-4,DUCHESNE,TIGER TROUT,391,8.31,7/28/2020,2020
MOOSEHORN L Z-4,DUCHESNE,RAINBOW,403,8.94,8/3/2020,2020
MOOSEHORN L Z-4,DUCHESNE,TIGER TROUT,400,8.31,8/10/2020,2020
MOOSEHORN L Z-4,DUCHESNE,RAINBOW,403,8.94,8/10/2020,2020
MOOSEHORN L Z-4,DUCHESNE,RAINBOW,399,9.12,8/17/2020,2020
MOOSEHORN L Z-4,DUCHESNE,RAINBOW,400,9.31,9/1/2020,2020
MOOSEHORN L Z-4,DUCHESNE,TIGER TROUT,231,8.66,9/9/2020,2020
MORRELL POND TLM,SEVIER,RAINBOW,960,3.14,6/9/2020,2020
MORRELL POND TLM,SEVIER,BROOK TROUT,256,2.69,6/23/2020,2020
MOSS L NBS,WAYNE,TIGER TROUT,52,2.45,5/21/2020,2020
MT DELL CR,SALT LAKE,CUTTHROAT,2001,2.27,10/12/2020,2020
MT PLEASANT POND,SANPETE,RAINBOW,900,9.41,4/14/2020,2020
MT PLEASANT POND,SANPETE,RAINBOW,493,9.52,5/11/2020,2020
MT PLEASANT POND,SANPETE,RAINBOW,625,10,6/11/2020,2020
MT PLEASANT POND,SANPETE,RAINBOW,500,9.75,7/9/2020,2020
MT PLEASANT POND,SANPETE,BROWN TROUT,2588,5.78,7/21/2020,2020
MT PLEASANT POND,SANPETE,RAINBOW,504,10.14,8/3/2020,2020
MT PLEASANT POND,SANPETE,RAINBOW,1003,11.37,9/15/2020,2020
MUMFORD RES,BEAVER,TIGER TROUT,55,2.84,7/1/2020,2020
MUMFORD RES,BEAVER,CUTTHROAT,153,2.41,9/28/2020,2020
MYSTERY (LOST)GR-101,DAGGETT,CUTTHROAT,803,2.48,9/23/2020,2020
NAVAJO L,KANE,TIGER TROUT,2014,2.67,5/21/2020,2020
NAVAJO L,KANE,SPLAKE,6019,2.54,5/21/2020,2020
NAVAJO L,KANE,RAINBOW,6998,10.47,6/1/2020,2020
NAVAJO L,KANE,RAINBOW,6656,10.64,6/2/2020,2020
NAVAJO L,KANE,RAINBOW,6934,10.54,6/3/2020,2020
NAVAJO L,KANE,RAINBOW,1474,9.53,6/4/2020,2020
NAVAJO L,KANE,RAINBOW,2940,10.61,6/4/2020,2020
NAVAJO L,KANE,LAKE TROUT,17421,3.5,6/30/2020,2020
NEBO CR,UTAH,CUTTHROAT,7021,2.4,11/4/2020,2020
NEBO CR,UTAH,CUTTHROAT,2003,2.4,11/5/2020,2020
NEFFS RES TLM,WAYNE,SPLAKE,203,3.25,7/2/2020,2020
NEFFS RES TLM,WAYNE,LAKE TROUT,59,3.5,7/2/2020,2020
NEW CANYON RES,SANPETE,RAINBOW,896,8.79,6/15/2020,2020
NEWCASTLE RES,IRON,WIPER,2004,2.19,7/15/2020,2020
NEWCASTLE RES,IRON,RAINBOW,3441,10.25,9/22/2020,2020
NEWCASTLE RES,IRON,RAINBOW,1610,10.25,9/23/2020,2020
NEWCASTLE RES,IRON,RAINBOW,9144,7.07,9/28/2020,2020
NEWCASTLE RES,IRON,RAINBOW,9702,7.07,9/30/2020,2020
NEWTON RES,CACHE,MUSKIE TIGER,2736,1.22,4/28/2020,2020
NINE MILE RES,SANPETE,RAINBOW,560,14.62,4/8/2020,2020
NINE MILE RES,SANPETE,RAINBOW,560,14.62,4/8/2020,2020
NINE MILE RES,SANPETE,RAINBOW,2000,10.09,4/9/2020,2020
NINE MILE RES,SANPETE,RAINBOW,1520,11.61,10/27/2020,2020
NORTH POND,WASHINGTON,BROWN TROUT,150,2.67,5/21/2020,2020
NORTHWEST SUNSET POND,SALT LAKE,CHANNEL CATFISH,175,13.57,6/11/2020,2020
NOTCH L W-36,SUMMIT,BROOK TROUT,1502,2.47,7/30/2020,2020
OAK CR,MILLARD,RAINBOW,154,10.17,5/18/2020,2020
OAK CR,MILLARD,TIGER TROUT,100,11.46,5/28/2020,2020
OAK CR,MILLARD,RAINBOW,282,10.29,7/22/2020,2020
OAKS PARK RES,UINTAH,BROOK TROUT,2425,3.09,5/28/2020,2020
OAKS PARK RES,UINTAH,RAINBOW,1280,9.37,5/28/2020,2020
OAKS PARK RES,UINTAH,RAINBOW,1000,9.72,6/18/2020,2020
OAKS PARK RES,UINTAH,RAINBOW,1020,9.81,7/7/2020,2020
OGDEN R,WEBER,RAINBOW,1400,9.24,4/6/2020,2020
OGDEN R,WEBER,RAINBOW,1400,9.32,5/11/2020,2020
OGDEN R,WEBER,RAINBOW,1400,9.86,6/11/2020,2020
OGDEN R,WEBER,RAINBOW,1400,10.21,7/2/2020,2020
OGDEN R,WEBER,RAINBOW,1400,8.57,8/4/2020,2020
OGDEN R,WEBER,RAINBOW,1000,9.73,9/11/2020,2020
OGDEN R,WEBER,RAINBOW,1000,10.39,10/5/2020,2020
OLD FORT POND NORTH,UINTAH,TIGER TROUT,1029,8.79,3/16/2020,2020
OLD FORT POND NORTH,UINTAH,RAINBOW,1242,10.71,4/22/2020,2020
OLD FORT POND NORTH,UINTAH,BASS LARGEMOUTH,26,10.77,6/30/2020,2020
OLD FORT POND NORTH,UINTAH,RAINBOW,324,12.77,9/11/2020,2020
OLD FORT POND NORTH,UINTAH,RAINBOW,429,10.28,9/25/2020,2020
OLD FORT POND SOUTH,UINTAH,SUNFISH BLUEGILL,100,8.67,6/30/2020,2020
OLD FORT POND SOUTH,UINTAH,BASS LARGEMOUTH,26,10.77,6/30/2020,2020
OLD FORT POND SOUTH,UINTAH,SUNFISH BLUEGILL,195,2.62,9/23/2020,2020
OLD FORT POND SOUTH,UINTAH,BASS LARGEMOUTH,794,3.24,9/23/2020,2020
OOWAH L,GRAND,RAINBOW,1872,10.17,5/22/2020,2020
OOWAH L,GRAND,RAINBOW,1229,10.06,7/14/2020,2020
OTTER CR,PIUTE,BROWN TROUT,4996,3.25,4/21/2020,2020
OTTER CR,PIUTE,BROWN TROUT,1007,4.47,11/12/2020,2020
OTTER CR,PIUTE,RAINBOW,610,4.08,11/12/2020,2020
OTTER CR RES,PIUTE,RAINBOW,9202,7.17,3/27/2020,2020
OTTER CR RES,PIUTE,RAINBOW,8457,7.17,3/27/2020,2020
OTTER CR RES,PIUTE,RAINBOW,5508,7.17,3/27/2020,2020
OTTER CR RES,PIUTE,BROWN TROUT,20368,3.25,4/21/2020,2020
OTTER CR RES,PIUTE,WIPER,2274,7.65,4/27/2020,2020
OTTER CR RES,PIUTE,WIPER,2274,7.65,4/27/2020,2020
OTTER CR RES,PIUTE,RAINBOW,38106,7.25,9/29/2020,2020
OTTER CR RES,PIUTE,RAINBOW,43875,7.09,9/30/2020,2020
OTTER CR RES,PIUTE,RAINBOW,9045,7.32,10/1/2020,2020
OTTER CR RES,PIUTE,RAINBOW,25584,7.9,10/1/2020,2020
OTTER CR RES,PIUTE,RAINBOW,3540,7.64,10/16/2020,2020
OTTER CR RES,PIUTE,RAINBOW,39957,7.16,10/26/2020,2020
OTTER CR RES,PIUTE,RAINBOW,40299,7.17,10/26/2020,2020
OTTER CR RES,PIUTE,RAINBOW,40455,7.2,10/27/2020,2020
OTTER L EMW,GARFIELD,GRAYLING ARCTIC,306,2.81,9/28/2020,2020
PACER L EMW,GARFIELD,TIGER TROUT,110,2.84,7/1/2020,2020
PACER L EMW,GARFIELD,BROOK TROUT,1506,2.55,7/1/2020,2020
PALISADE RES,SANPETE,RAINBOW,1200,9.41,4/10/2020,2020
PALISADE RES,SANPETE,RAINBOW,510,9.41,4/22/2020,2020
PALISADE RES,SANPETE,RAINBOW,510,9.41,4/22/2020,2020
PALISADE RES,SANPETE,RAINBOW,1008,9.63,5/13/2020,2020
PALISADE RES,SANPETE,RAINBOW,1000,10,6/8/2020,2020
PALISADE RES,SANPETE,RAINBOW,996,10.14,6/23/2020,2020
PALISADE RES,SANPETE,TIGER TROUT,7980,3.69,7/6/2020,2020
PALISADE RES,SANPETE,WIPER,1201,10.28,8/11/2020,2020
PALISADE RES,SANPETE,SUCKER,10020,2.46,9/24/2020,2020
PALISADE RES,SANPETE,RAINBOW,1520,11.61,10/27/2020,2020
PANGUITCH CR,GARFIELD,RAINBOW,668,11.67,5/18/2020,2020
PANGUITCH CR,GARFIELD,RAINBOW,694,11.52,6/8/2020,2020
PANGUITCH CR,GARFIELD,RAINBOW,640,11.22,6/22/2020,2020
PANGUITCH L,GARFIELD,CUTTHROAT,16950,8.6,4/13/2020,2020
PANGUITCH L,GARFIELD,CUTTHROAT,10440,8.53,4/13/2020,2020
PANGUITCH L,GARFIELD,RAINBOW,17547,9.07,4/20/2020,2020
PANGUITCH L,GARFIELD,RAINBOW,21167,8.93,4/21/2020,2020
PANGUITCH L,GARFIELD,RAINBOW,21286,8.89,4/22/2020,2020
PANGUITCH L,GARFIELD,TIGER TROUT,20106,2.3,5/14/2020,2020
PANGUITCH L,GARFIELD,RAINBOW,2880,8.74,10/19/2020,2020
PANGUITCH L,GARFIELD,RAINBOW,2880,8.74,10/19/2020,2020
PANGUITCH L,GARFIELD,RAINBOW,2880,8.74,10/19/2020,2020
PANGUITCH L,GARFIELD,RAINBOW,3096,8.74,10/19/2020,2020
PANGUITCH L,GARFIELD,RAINBOW,2880,8.74,10/19/2020,2020
PANGUITCH L,GARFIELD,RAINBOW,2880,8.74,10/19/2020,2020
PANGUITCH L,GARFIELD,RAINBOW,2934,8.74,10/19/2020,2020
PANGUITCH L,GARFIELD,RAINBOW,2880,8.74,10/19/2020,2020
PANGUITCH L,GARFIELD,RAINBOW,2880,8.74,10/20/2020,2020
PANGUITCH L,GARFIELD,RAINBOW,2916,8.74,10/20/2020,2020
PANGUITCH L,GARFIELD,RAINBOW,2898,8.74,10/20/2020,2020
PANGUITCH L,GARFIELD,RAINBOW,2880,8.74,10/20/2020,2020
PANGUITCH L,GARFIELD,RAINBOW,3006,8.74,10/20/2020,2020
PANGUITCH L,GARFIELD,RAINBOW,2880,8.74,10/20/2020,2020
PANGUITCH L,GARFIELD,RAINBOW,2952,8.74,10/20/2020,2020
PANGUITCH L,GARFIELD,RAINBOW,2880,8.74,10/20/2020,2020
PANGUITCH L,GARFIELD,RAINBOW,1620,8.74,10/21/2020,2020
PANGUITCH L,GARFIELD,RAINBOW,2880,8.74,10/21/2020,2020
PANGUITCH L,GARFIELD,RAINBOW,2916,8.74,10/21/2020,2020
PANGUITCH L,GARFIELD,RAINBOW,2880,8.74,10/21/2020,2020
PANGUITCH L,GARFIELD,RAINBOW,2880,8.74,10/21/2020,2020
PANGUITCH L,GARFIELD,RAINBOW,2880,8.74,10/21/2020,2020
PARADISE RES,UINTAH,RAINBOW,1398,9.52,6/11/2020,2020
PARADISE RES,UINTAH,BROOK TROUT,1860,3.86,7/22/2020,2020
PARAGONAH RES,IRON,TIGER TROUT,1002,10.03,5/14/2020,2020
PARLEYS CR,SALT LAKE,CUTTHROAT,1000,2.27,10/12/2020,2020
PARLEYS CR,SALT LAKE,CUTTHROAT,1513,2.27,10/12/2020,2020
PAROWAN POND,IRON,RAINBOW,852,9.98,3/12/2020,2020
PAROWAN POND,IRON,RAINBOW,818,10.9,5/5/2020,2020
PASS L Z-5,DUCHESNE,RAINBOW,400,10,6/9/2020,2020
PASS L Z-5,DUCHESNE,RAINBOW,400,10,6/23/2020,2020
PASS L Z-5,DUCHESNE,RAINBOW,400,9.21,7/6/2020,2020
PASS L Z-5,DUCHESNE,RAINBOW,400,9.52,7/14/2020,2020
PASS L Z-5,DUCHESNE,RAINBOW,399,11.99,7/24/2020,2020
PASS L Z-5,DUCHESNE,TIGER TROUT,500,8.31,7/26/2020,2020
PASS L Z-5,DUCHESNE,BROOK TROUT,486,2.49,7/27/2020,2020
PASS L Z-5,DUCHESNE,RAINBOW,399,11.99,7/27/2020,2020
PASS L Z-5,DUCHESNE,TIGER TROUT,500,8.31,7/28/2020,2020
PASS L Z-5,DUCHESNE,RAINBOW,403,8.94,8/3/2020,2020
PASS L Z-5,DUCHESNE,TIGER TROUT,500,8.31,8/10/2020,2020
PASS L Z-5,DUCHESNE,RAINBOW,399,8.94,8/10/2020,2020
PASS L Z-5,DUCHESNE,RAINBOW,399,9.12,8/17/2020,2020
PASS L Z-5,DUCHESNE,RAINBOW,597,9.12,8/24/2020,2020
PASS L Z-5,DUCHESNE,TIGER TROUT,499,9.31,8/31/2020,2020
PASS L Z-5,DUCHESNE,RAINBOW,601,9.31,9/1/2020,2020
PASS L Z-5,DUCHESNE,RAINBOW,599,8.94,9/8/2020,2020
PASS L Z-5,DUCHESNE,TIGER TROUT,551,8.66,9/9/2020,2020
PAYSON CR,UTAH,CUTTHROAT,2519,2.4,11/4/2020,2020
PAYSON RES(BIG EAST),UTAH,RAINBOW,776,10.22,5/21/2020,2020
PAYSON RES(BIG EAST),UTAH,RAINBOW,776,10.22,5/21/2020,2020
PAYSON RES(BIG EAST),UTAH,RAINBOW,1130,10.87,6/2/2020,2020
PAYSON RES(BIG EAST),UTAH,RAINBOW,880,10.87,6/2/2020,2020
PAYSON RES(BIG EAST),UTAH,RAINBOW,999,11.25,6/9/2020,2020
PAYSON RES(BIG EAST),UTAH,RAINBOW,999,11.25,6/10/2020,2020
PAYSON RES(BIG EAST),UTAH,RAINBOW,2001,10.37,6/22/2020,2020
PAYSON RES(BIG EAST),UTAH,RAINBOW,1005,10.87,7/9/2020,2020
PAYSON RES(BIG EAST),UTAH,RAINBOW,1005,10.87,7/9/2020,2020
PAYSON RES(BIG EAST),UTAH,BROOK TROUT,5022,2.49,7/27/2020,2020
PAYSON RES(BIG EAST),UTAH,RAINBOW,504,11.05,7/29/2020,2020
PAYSON RES(BIG EAST),UTAH,RAINBOW,504,11.05,7/29/2020,2020
PEAR L NBS,WAYNE,BROOK TROUT,512,2.55,7/1/2020,2020
PEAR L NBS,WAYNE,GRAYLING ARCTIC,252,2.81,9/28/2020,2020
PELICAN L,UINTAH,MUSKIE TIGER,12243,1.19,4/28/2020,2020
PELICAN L,UINTAH,SUNFISH BLUEGILL,146,8.67,6/30/2020,2020
PELICAN L,UINTAH,BASS LARGEMOUTH,26,11.86,6/30/2020,2020
PELICAN L,UINTAH,BASS LARGEMOUTH,9853,3.24,9/23/2020,2020
PETES HOLE,SANPETE,RAINBOW,1000,10.87,6/4/2020,2020
PETES HOLE,SANPETE,RAINBOW,990,10.53,6/30/2020,2020
PETES HOLE,SANPETE,TIGER TROUT,3990,3.69,7/7/2020,2020
PETES HOLE,SANPETE,RAINBOW,1001,12.24,8/31/2020,2020
PETIT L A-26,SUMMIT,BROOK TROUT,66,2.47,7/30/2020,2020
PINE CR,WAYNE,BROWN TROUT,3040,3.26,4/30/2020,2020
PINE CR RES BTN,WAYNE,CUTTHROAT,299,2.12,9/23/2020,2020
PINE L,GARFIELD,RAINBOW,3630,10.28,5/7/2020,2020
PINE L,GARFIELD,TIGER TROUT,1530,10.16,5/7/2020,2020
PINE L,GARFIELD,RAINBOW,3372,9.98,6/18/2020,2020
PINE L,GARFIELD,BROOK TROUT,1009,2.55,7/1/2020,2020
PINE L,GARFIELD,CUTTHROAT,3123,2.02,9/8/2020,2020
PINE VALLEY RES,WASHINGTON,RAINBOW,703,11.2,5/28/2020,2020
PINE VALLEY RES,WASHINGTON,RAINBOW,804,11.2,5/28/2020,2020
PINE VALLEY RES,WASHINGTON,RAINBOW,1508,11.2,6/2/2020,2020
PINE VALLEY RES,WASHINGTON,RAINBOW,720,11.62,6/10/2020,2020
PINE VALLEY RES,WASHINGTON,RAINBOW,768,11.38,6/16/2020,2020
PINE VALLEY RES,WASHINGTON,RAINBOW,180,11.62,6/16/2020,2020
PINE VALLEY RES,WASHINGTON,RAINBOW,576,11.38,6/16/2020,2020
PINE VALLEY RES,WASHINGTON,RAINBOW,500,11.22,6/24/2020,2020
PINE VALLEY RES,WASHINGTON,RAINBOW,500,11.22,6/24/2020,2020
PINE VALLEY RES,WASHINGTON,RAINBOW,493,11.28,7/2/2020,2020
PINE VALLEY RES,WASHINGTON,RAINBOW,493,11.28,7/2/2020,2020
PINE VALLEY RES,WASHINGTON,RAINBOW,1294,10.29,7/20/2020,2020
PINE VALLEY RES,WASHINGTON,RAINBOW,1000,9.63,8/11/2020,2020
PINEVIEW RES,WEBER,MUSKIE TIGER,20007,1.22,4/28/2020,2020
PIONEER PARK P,BOX ELDER,RAINBOW,500,8.84,4/29/2020,2020
PIONEER PARK P,BOX ELDER,RAINBOW,635,9.31,5/11/2020,2020
PIONEER PARK P,BOX ELDER,RAINBOW,665,9.46,5/18/2020,2020
PIONEER PARK P,BOX ELDER,RAINBOW,600,9.24,5/21/2020,2020
PIONEER PARK P,BOX ELDER,RAINBOW,765,9.83,6/3/2020,2020
PIONEER PARK P,BOX ELDER,CHANNEL CATFISH,300,13.57,6/11/2020,2020
PIONEER PARK P,BOX ELDER,RAINBOW,1250,9.92,9/9/2020,2020
PIONEER PARK P,BOX ELDER,CHANNEL CATFISH,1000,2.48,9/15/2020,2020
PIONEER PARK P,BOX ELDER,WIPER,302,4.57,9/22/2020,2020
PIONEER PARK P,BOX ELDER,RAINBOW,1250,10.3,9/30/2020,2020
PITTSBURGH L,UTAH,BROOK TROUT,1006,2.47,7/30/2020,2020
PIUTE RES,PIUTE,RAINBOW,20000,3.14,6/10/2020,2020
PIUTE RES,PIUTE,RAINBOW,20166,3.75,7/20/2020,2020
PIUTE RES,PIUTE,RAINBOW,9817,2.94,7/20/2020,2020
PIUTE RES,PIUTE,RAINBOW,20704,2.84,7/20/2020,2020
PIUTE RES,PIUTE,RAINBOW,21353,3.75,7/21/2020,2020
PLEASANT CR L-BTS,GARFIELD,BROOK TROUT,106,2.55,7/1/2020,2020
PLEASANT CR L-BTS,GARFIELD,GRAYLING ARCTIC,252,2.81,9/28/2020,2020
POINT L WR-6,DUCHESNE,BROOK TROUT,1595,3.49,7/6/2020,2020
POLE CANYON PARK POND,UTAH,RAINBOW,1008,9.63,5/19/2020,2020
POLE CANYON PARK POND,UTAH,RAINBOW,1008,9.63,5/26/2020,2020
POLE CANYON PARK POND,UTAH,RAINBOW,1000,10,6/3/2020,2020
POLE CANYON PARK POND,UTAH,CHANNEL CATFISH,300,13.57,6/11/2020,2020
POLE CANYON PARK POND,UTAH,RAINBOW,504,10.14,6/23/2020,2020
POLE CANYON PARK POND,UTAH,RAINBOW,500,10,6/29/2020,2020
POLE CANYON PARK POND,UTAH,CHANNEL CATFISH,800,2.48,9/15/2020,2020
POLE CANYON PARK POND,UTAH,RAINBOW,1003,11.37,9/28/2020,2020
POLE CR L,DUCHESNE,TIGER TROUT,496,3.2,7/6/2020,2020
PORCUPINE L,IRON,BROOK TROUT,115,2.69,6/30/2020,2020
PORCUPINE RES,CACHE,SPLAKE,1001,3.05,6/16/2020,2020
PORCUPINE RES,CACHE,RAINBOW,2045,11.99,7/24/2020,2020
POSEY L,GARFIELD,RAINBOW,1498,10.54,6/3/2020,2020
POSEY L,GARFIELD,RAINBOW,1069,9.7,6/17/2020,2020
POSEY L,GARFIELD,TIGER TROUT,110,2.84,7/1/2020,2020
POSEY L,GARFIELD,BROOK TROUT,409,2.69,7/1/2020,2020
POSEY L,GARFIELD,SPLAKE,106,3.25,7/1/2020,2020
POSEY L,GARFIELD,RAINBOW,1008,10.3,7/13/2020,2020
POSEY L,GARFIELD,RAINBOW,1004,9.99,7/27/2020,2020
POT L A-8,SUMMIT,BROOK TROUT,413,2.47,7/31/2020,2020
"POTTER L,UPPER GR-28",DAGGETT,CUTTHROAT,3009,2.48,9/23/2020,2020
POTTERS NO 1,EMERY,RAINBOW,1000,10.87,6/1/2020,2020
POTTERS NO 1,EMERY,RAINBOW,749,9.83,6/18/2020,2020
POTTERS NO 1,EMERY,RAINBOW,1242,10.37,6/23/2020,2020
POTTERS NO 1,EMERY,RAINBOW,1000,10.87,7/13/2020,2020
POTTERS NO 1,EMERY,RAINBOW,1007,11.05,7/29/2020,2020
POTTERS NO 2,EMERY,RAINBOW,1000,10.87,6/1/2020,2020
POTTERS NO 2,EMERY,RAINBOW,749,9.83,6/18/2020,2020
POTTERS NO 2,EMERY,RAINBOW,1242,10.37,6/23/2020,2020
POTTERS NO 2,EMERY,RAINBOW,1000,10.87,7/13/2020,2020
POTTERS NO 2,EMERY,RAINBOW,1007,11.05,7/29/2020,2020
PRICE R,EMERY,CHUB,1777,10.08,4/6/2020,2020
PRICE R,EMERY,CHUB,1777,10.08,4/6/2020,2020
PRICE R,UTAH,BROWN TROUT,9966,2.66,5/25/2020,2020
PRICE R(LWR FISH CR),UTAH,BROWN TROUT,19932,2.66,5/25/2020,2020
PROVO R,SUMMIT,RAINBOW,300,10,6/17/2020,2020
PROVO R,SUMMIT,RAINBOW,299,9.52,7/14/2020,2020
PROVO R,SUMMIT,RAINBOW,228,8.94,8/3/2020,2020
"PROVO R, LOWER, N FK",UTAH,CUTTHROAT,2001,2.27,10/12/2020,2020
"PROVO R, LOWER, N FK",UTAH,CUTTHROAT,1007,2.92,10/12/2020,2020
"PROVO R, LOWER, S FK",UTAH,CUTTHROAT,2001,2.27,10/12/2020,2020
"PROVO R, UPPER, S FK",WASATCH,CUTTHROAT,4001,2.27,10/12/2020,2020
PUFFER L,BEAVER,RAINBOW,1985,9.91,6/3/2020,2020
PUFFER L,BEAVER,RAINBOW,1536,10.07,6/25/2020,2020
PUFFER L,BEAVER,RAINBOW,1500,9.98,6/25/2020,2020
PUFFER L,BEAVER,SPLAKE,512,3.35,7/15/2020,2020
PUFFER L,BEAVER,BROOK TROUT,1030,2.88,7/16/2020,2020
PUFFER L,BEAVER,GRAYLING ARCTIC,1008,2.81,9/28/2020,2020
PURPLE L GT,GARFIELD,BROOK TROUT,302,2.55,7/1/2020,2020
QUAIL CR RES,WASHINGTON,RAINBOW,1530,8.85,1/7/2020,2020
QUAIL CR RES,WASHINGTON,RAINBOW,1496,9.11,1/8/2020,2020
QUAIL CR RES,WASHINGTON,RAINBOW,1570,8.65,1/8/2020,2020
QUAIL CR RES,WASHINGTON,RAINBOW,1505,8.69,1/8/2020,2020
QUAIL CR RES,WASHINGTON,RAINBOW,14778,10.08,11/2/2020,2020
QUAIL CR RES,WASHINGTON,RAINBOW,14731,10.08,11/3/2020,2020
QUAIL CR RES,WASHINGTON,RAINBOW,690,10.08,11/5/2020,2020
QUAIL CR RES,WASHINGTON,RAINBOW,3680,10.08,11/5/2020,2020
QUARTER CORNER LG103,SUMMIT,RAINBOW,1197,9.01,6/1/2020,2020
QUARTER CORNER LG103,SUMMIT,GRAYLING ARCTIC,198,2.81,9/21/2020,2020
QUEANT L WR-4,DUCHESNE,BROOK TROUT,4087,3.49,7/6/2020,2020
RAFT L BTN,WAYNE,BROOK TROUT,512,2.55,7/1/2020,2020
RAFT L BTN,WAYNE,GRAYLING ARCTIC,504,2.81,9/28/2020,2020
RAINBOW L U-33,DUCHESNE,BROOK TROUT,3496,2.97,9/21/2020,2020
RAINBOW RES,TOOELE,RAINBOW,701,9.31,4/7/2020,2020
RAINBOW RES,TOOELE,RAINBOW,700,10,5/27/2020,2020
RAINBOW RES,TOOELE,RAINBOW,700,10,6/19/2020,2020
RAINBOW RES,TOOELE,RAINBOW,704,9.21,6/30/2020,2020
RAINBOW RES,TOOELE,RAINBOW,701,9.31,7/13/2020,2020
RANGE CR,CARBON,CUTTHROAT,2475,6.46,6/1/2020,2020
RANGER L FL,SEVIER,BROOK TROUT,301,2.95,7/14/2020,2020
RAZOR RIDGE P,WASHINGTON,RAINBOW,408,8.85,1/7/2020,2020
RAZOR RIDGE P,WASHINGTON,RAINBOW,264,18.42,1/22/2020,2020
RAZOR RIDGE P,WASHINGTON,RAINBOW,594,9.84,2/7/2020,2020
RAZOR RIDGE P,WASHINGTON,RAINBOW,349,10.04,2/26/2020,2020
RAZOR RIDGE P,WASHINGTON,RAINBOW,381,10.36,3/4/2020,2020
RAZOR RIDGE P,WASHINGTON,RAINBOW,305,10.07,3/17/2020,2020
RAZOR RIDGE P,WASHINGTON,RAINBOW,365,9.43,11/5/2020,2020
RAZOR RIDGE P,WASHINGTON,RAINBOW,359,10.06,11/23/2020,2020
RAZOR RIDGE P,WASHINGTON,RAINBOW,378,10.95,12/17/2020,2020
READER CR,DUCHESNE,CUTTHROAT,3478,4.26,6/5/2020,2020
READER CR,DUCHESNE,CUTTHROAT,240,1.53,9/23/2020,2020
RED BUTTE RES,SALT LAKE,CUTTHROAT,102,6,6/15/2020,2020
RED BUTTE RES,SALT LAKE,CUTTHROAT,2001,2.27,10/12/2020,2020
RED CASTLE L G-15,SUMMIT,TIGER TROUT,5616,2.4,7/31/2020,2020
"RED CASTLE,EAST G-17",SUMMIT,TIGER TROUT,702,2.4,7/31/2020,2020
"RED CASTLE,UPPER G16",SUMMIT,TIGER TROUT,2556,2.4,7/31/2020,2020
RED CR,DUCHESNE,CUTTHROAT,5001,2.29,10/27/2020,2020
RED CR RES,DUCHESNE,RAINBOW,10020,3.47,5/21/2020,2020
RED CR RES,DUCHESNE,TIGER TROUT,5053,2.6,5/21/2020,2020
RED FLEET RES,UINTAH,WALLEYE,7046,2.39,6/11/2020,2020
RED FLEET RES,UINTAH,RAINBOW,9200,3.97,6/11/2020,2020
RED FLEET RES,UINTAH,WIPER,999,2.19,7/15/2020,2020
RED FLEET RES,UINTAH,TIGER TROUT,2584,5.32,10/23/2020,2020
RED L GR-33,DAGGETT,TIGER TROUT,766,3.2,7/6/2020,2020
RED L GR-33,DAGGETT,CUTTHROAT,1501,2.48,9/23/2020,2020
RED PINE L,SALT LAKE,CUTTHROAT,2002,2.13,9/22/2020,2020
"RED PINE L, LITTLE UPPER",SALT LAKE,CUTTHROAT,2002,2.13,9/22/2020,2020
REDMOND L,SEVIER,CHANNEL CATFISH,5001,3.61,9/8/2020,2020
REIDS L W-38,SUMMIT,BROOK TROUT,528,2.47,7/30/2020,2020
REX RES,SEVIER,RAINBOW,5000,2.7,5/28/2020,2020
RIDGE L BTN,GARFIELD,BROOK TROUT,61,2.55,7/1/2020,2020
RIM L BTS,GARFIELD,BROOK TROUT,307,2.69,7/1/2020,2020
RIM L BTS,GARFIELD,GRAYLING ARCTIC,504,2.81,9/28/2020,2020
RIVERFRONT POND,SALT LAKE,RAINBOW,250,10.6,4/29/2020,2020
RIVERFRONT POND,SALT LAKE,RAINBOW,249,9.63,5/4/2020,2020
RIVERFRONT POND,SALT LAKE,RAINBOW,251,9.46,5/18/2020,2020
RIVERFRONT POND,SALT LAKE,RAINBOW,389,9.52,5/26/2020,2020
RIVERFRONT POND,SALT LAKE,RAINBOW,52,16.88,6/18/2020,2020
RIVERFRONT POND,SALT LAKE,CHANNEL CATFISH,401,2.48,9/15/2020,2020
RIVERTON POND,SALT LAKE,RAINBOW,399,10.6,4/29/2020,2020
RIVERTON POND,SALT LAKE,RAINBOW,501,9.63,5/4/2020,2020
RIVERTON POND,SALT LAKE,RAINBOW,998,9.52,5/12/2020,2020
RIVERTON POND,SALT LAKE,RAINBOW,1001,9.52,5/26/2020,2020
RIVERTON POND,SALT LAKE,CHANNEL CATFISH,150,13.57,6/11/2020,2020
RIVERTON POND,SALT LAKE,RAINBOW,428,9.44,9/1/2020,2020
RIVERTON POND,SALT LAKE,RAINBOW,424,9.4,9/8/2020,2020
RIVERTON POND,SALT LAKE,CHANNEL CATFISH,1499,2.48,9/15/2020,2020
RIVERTON POND,SALT LAKE,RAINBOW,426,9.71,9/21/2020,2020
RIVERTON POND,SALT LAKE,SUNFISH BLUEGILL,1603,2.46,9/24/2020,2020
RIVERTON POND,SALT LAKE,RAINBOW,425,9.42,10/5/2020,2020
ROAD POND,SANPETE,BROOK TROUT,111,2.83,7/7/2020,2020
ROB RES EMW,GARFIELD,CUTTHROAT,153,2.41,9/28/2020,2020
ROCK CR,DUCHESNE,RAINBOW,1260,9.49,6/10/2020,2020
ROCK CR,DUCHESNE,RAINBOW,1050,9.72,6/30/2020,2020
ROCK CR,DUCHESNE,RAINBOW,1000,9.63,7/23/2020,2020
ROCKPORT RES,SUMMIT,KOKANEE,30045,3.01,3/30/2020,2020
ROCKPORT RES,SUMMIT,RAINBOW,3331,9.71,10/13/2020,2020
ROCKPORT RES,SUMMIT,RAINBOW,4368,9.71,10/13/2020,2020
ROCKPORT RES,SUMMIT,RAINBOW,4410,10.07,10/13/2020,2020
ROCKPORT RES,SUMMIT,RAINBOW,3994,10.07,10/13/2020,2020
ROCKPORT RES,SUMMIT,RAINBOW,3920,10.07,10/13/2020,2020
ROUND L GR-131,SUMMIT,CUTTHROAT,1707,2.48,9/23/2020,2020
ROUND L NBS,WAYNE,BROOK TROUT,1009,2.55,7/1/2020,2020
ROUND L TLM,WAYNE,RAINBOW,960,3.14,6/9/2020,2020
ROUND L TLM,WAYNE,BROOK TROUT,256,2.69,6/23/2020,2020
ROUND WILLOW BOTTOM,GARFIELD,CUTTHROAT,807,2.12,9/23/2020,2020
ROW L 3 GT,GARFIELD,TIGER TROUT,676,10.12,7/8/2020,2020
ROW L 3 GT,GARFIELD,RAINBOW,506,10.06,7/16/2020,2020
ROW L 7-BANANA-GT,GARFIELD,BROOK TROUT,512,2.55,7/1/2020,2020
ROW L 7-BANANA-GT,GARFIELD,RAINBOW,337,10.06,7/16/2020,2020
ROW L 7-BANANA-GT,GARFIELD,GRAYLING ARCTIC,504,2.81,9/28/2020,2020
ROW L 8 GT,GARFIELD,TIGER TROUT,676,10.12,7/8/2020,2020
RUTH L BR-40,SUMMIT,BROOK TROUT,512,2.47,7/31/2020,2020
SALAMANDER L BR-26,SUMMIT,BROOK TROUT,396,2.47,7/31/2020,2020
SALEM POND,UTAH,RAINBOW,230,17.58,1/30/2020,2020
SALEM POND,UTAH,RAINBOW,584,9.17,1/30/2020,2020
SALEM POND,UTAH,RAINBOW,1080,9.41,5/5/2020,2020
SALEM POND,UTAH,RAINBOW,1080,9.41,5/5/2020,2020
SALEM POND,UTAH,RAINBOW,994,9.63,5/13/2020,2020
SALEM POND,UTAH,RAINBOW,1008,9.63,5/26/2020,2020
SALEM POND,UTAH,RAINBOW,1000,10,6/8/2020,2020
SALEM POND,UTAH,RAINBOW,230,16.88,6/18/2020,2020
SALEM POND,UTAH,RAINBOW,1020,10.14,6/23/2020,2020
SALEM POND,UTAH,RAINBOW,1000,10,6/29/2020,2020
SALEM POND,UTAH,RAINBOW,999,11.16,9/8/2020,2020
SALEM POND,UTAH,RAINBOW,1020,11.37,9/21/2020,2020
SALEM POND,UTAH,RAINBOW,1020,11.37,9/25/2020,2020
SALEM POND,UTAH,RAINBOW,996,11.37,10/20/2020,2020
SALEM POND,UTAH,RAINBOW,1000,11.61,10/26/2020,2020
SALINA CITY POND,SEVIER,RAINBOW,452,10.12,3/25/2020,2020
SALINA CITY POND,SEVIER,RAINBOW,201,10.19,4/22/2020,2020
SALINA CITY POND,SEVIER,RAINBOW,397,10.02,5/7/2020,2020
SALINA CITY POND,SEVIER,RAINBOW,403,9.81,6/5/2020,2020
SALINA CITY POND,SEVIER,RAINBOW,578,10.13,6/26/2020,2020
SALINA CITY POND,SEVIER,RAINBOW,304,10.29,7/20/2020,2020
SALINA CITY POND,SEVIER,RAINBOW,165,10.57,8/18/2020,2020
SALINA RES,SEVIER,RAINBOW,1012,10.54,5/26/2020,2020
SALINA RES,SEVIER,BROOK TROUT,505,2.95,7/14/2020,2020
SALINA RES,SEVIER,RAINBOW,1013,10.29,7/22/2020,2020
"SALINA TWIN, EAST",SEVIER,TIGER TROUT,104,2.98,7/14/2020,2020
"SALINA TWIN, WEST",SEVIER,BROOK TROUT,108,2.85,7/14/2020,2020
SALT CR,JUAB,RAINBOW,501,9.49,3/10/2020,2020
SALT CR,JUAB,RAINBOW,500,10.09,4/13/2020,2020
SALT CR,JUAB,RAINBOW,500,10.87,6/2/2020,2020
SALT CR,JUAB,RAINBOW,448,10.37,6/22/2020,2020
SALT CR,JUAB,RAINBOW,475,10.87,7/9/2020,2020
SALT CR,JUAB,BROWN TROUT,749,5.78,7/21/2020,2020
SALT CR,JUAB,RAINBOW,494,11.05,9/29/2020,2020
SALT CR,JUAB,RAINBOW,999,10.42,10/29/2020,2020
SALT CR,JUAB,CUTTHROAT,2003,2.4,11/4/2020,2020
SALT CREEK RES.,JUAB,RAINBOW,498,9.49,3/10/2020,2020
SALT CREEK RES.,JUAB,RAINBOW,250,10.87,6/2/2020,2020
SALT CREEK RES.,JUAB,RAINBOW,448,10.37,6/22/2020,2020
SALT CREEK RES.,JUAB,RAINBOW,475,10.87,7/9/2020,2020
SALT CREEK RES.,JUAB,RAINBOW,494,11.05,9/29/2020,2020
SALT CREEK RES.,JUAB,RAINBOW,999,10.42,10/29/2020,2020
SAN RAFAEL R,EMERY,CHUB,1773,10.08,4/8/2020,2020
SAN RAFAEL R,EMERY,CHUB,1774,10.08,4/8/2020,2020
"SAND COVE RES, UPPER",WASHINGTON,RAINBOW,3330,10.25,9/21/2020,2020
"SAND COVE RES, UPPER",WASHINGTON,RAINBOW,1721,10.25,9/21/2020,2020
"SAND COVE RES, UPPER",WASHINGTON,RAINBOW,1798,10.25,9/23/2020,2020
SANDY COMMUNITY FISHERY,SALT LAKE,RAINBOW,699,9.61,2/22/2020,2020
SANDY COMMUNITY FISHERY,SALT LAKE,RAINBOW,698,10.15,3/9/2020,2020
SANDY COMMUNITY FISHERY,SALT LAKE,RAINBOW,699,10.6,4/29/2020,2020
SANDY COMMUNITY FISHERY,SALT LAKE,RAINBOW,700,9.63,5/4/2020,2020
SANDY COMMUNITY FISHERY,SALT LAKE,RAINBOW,699,9.52,5/11/2020,2020
SANDY COMMUNITY FISHERY,SALT LAKE,RAINBOW,699,9.46,5/18/2020,2020
SANDY COMMUNITY FISHERY,SALT LAKE,RAINBOW,699,9.52,5/26/2020,2020
SANDY COMMUNITY FISHERY,SALT LAKE,RAINBOW,699,9.52,5/26/2020,2020
SANDY COMMUNITY FISHERY,SALT LAKE,CHANNEL CATFISH,500,13.57,6/11/2020,2020
SANDY COMMUNITY FISHERY,SALT LAKE,RAINBOW,499,9.44,9/1/2020,2020
SANDY COMMUNITY FISHERY,SALT LAKE,RAINBOW,500,9.4,9/8/2020,2020
SANDY COMMUNITY FISHERY,SALT LAKE,RAINBOW,499,9.42,9/14/2020,2020
SANDY COMMUNITY FISHERY,SALT LAKE,CHANNEL CATFISH,1499,2.48,9/15/2020,2020
SANDY COMMUNITY FISHERY,SALT LAKE,RAINBOW,500,9.71,9/21/2020,2020
SANDY COMMUNITY FISHERY,SALT LAKE,RAINBOW,499,9.42,9/28/2020,2020
SANDY COMMUNITY FISHERY,SALT LAKE,RAINBOW,401,9.42,10/5/2020,2020
SANDY COMMUNITY FISHERY,SALT LAKE,RAINBOW,601,9.52,10/20/2020,2020
SANDY COMMUNITY FISHERY,SALT LAKE,RAINBOW,1120,9.63,11/30/2020,2020
SANTAQUIN CR,UTAH,CUTTHROAT,1012,2.4,11/4/2020,2020
SCOFIELD RES,CARBON,MUSKIE TIGER,11004,1.19,4/28/2020,2020
SCOFIELD RES,CARBON,TIGER TROUT,2000,10.64,5/12/2020,2020
SCOFIELD RES,CARBON,TIGER TROUT,2000,10.64,5/12/2020,2020
SCOFIELD RES,CARBON,TIGER TROUT,1563,10.64,5/12/2020,2020
SCOFIELD RES,CARBON,TIGER TROUT,1500,10.64,5/12/2020,2020
SCOFIELD RES,CARBON,TIGER TROUT,1625,10.64,5/12/2020,2020
SCOFIELD RES,CARBON,TIGER TROUT,1625,10.64,5/12/2020,2020
SCOFIELD RES,CARBON,TIGER TROUT,1375,10.64,5/12/2020,2020
SCOFIELD RES,CARBON,TIGER TROUT,1500,10.64,5/12/2020,2020
SCOFIELD RES,CARBON,TIGER TROUT,2000,10.64,5/12/2020,2020
SCOFIELD RES,CARBON,TIGER TROUT,2000,10.64,5/12/2020,2020
SCOFIELD RES,CARBON,TIGER TROUT,2000,10.64,5/12/2020,2020
SCOFIELD RES,CARBON,TIGER TROUT,2000,10.64,5/12/2020,2020
SCOFIELD RES,CARBON,TIGER TROUT,2000,10.64,5/12/2020,2020
SCOFIELD RES,CARBON,TIGER TROUT,2000,10.64,5/12/2020,2020
SCOFIELD RES,CARBON,TIGER TROUT,2000,10.64,5/12/2020,2020
SCOFIELD RES,CARBON,TIGER TROUT,2000,10.64,5/12/2020,2020
SCOFIELD RES,CARBON,WIPER,630,8.22,5/14/2020,2020
SCOFIELD RES,CARBON,WIPER,495,8.22,5/14/2020,2020
SCOFIELD RES,CARBON,CUTTHROAT,17160,7.73,5/26/2020,2020
SCOFIELD RES,CARBON,CUTTHROAT,14881,8.1,5/27/2020,2020
SCOFIELD RES,CARBON,CUTTHROAT,15102,8.06,5/28/2020,2020
SCOFIELD RES,CARBON,CUTTHROAT,13519,8.37,5/29/2020,2020
SCOFIELD RES,CARBON,CUTTHROAT,7776,8.37,6/1/2020,2020
SCOFIELD RES,CARBON,WIPER,2532,8.44,6/8/2020,2020
SCOFIELD RES,CARBON,WIPER,2500,8.44,6/8/2020,2020
SCOFIELD RES,CARBON,CUTTHROAT,6836,8.91,7/1/2020,2020
SCOFIELD RES,CARBON,WIPER,12261,1.71,7/29/2020,2020
SCOFIELD RES,CARBON,WIPER,1500,9.35,8/13/2020,2020
SCOFIELD RES,CARBON,RAINBOW,1080,12.39,10/5/2020,2020
SCOFIELD RES,CARBON,RAINBOW,1080,12.39,10/5/2020,2020
SCOFIELD RES,CARBON,RAINBOW,1080,12.39,10/5/2020,2020
SCOFIELD RES,CARBON,RAINBOW,1148,12.39,10/5/2020,2020
SCOFIELD RES,CARBON,RAINBOW,1080,12.39,10/5/2020,2020
SCOFIELD RES,CARBON,RAINBOW,1080,12.39,10/5/2020,2020
SCOFIELD RES,CARBON,RAINBOW,1080,12.39,10/5/2020,2020
SCOFIELD RES,CARBON,RAINBOW,1080,12.39,10/5/2020,2020
SCOFIELD RES,CARBON,RAINBOW,1148,12.39,10/6/2020,2020
SCOFIELD RES,CARBON,RAINBOW,1080,12.39,10/6/2020,2020
SCOFIELD RES,CARBON,RAINBOW,1080,12.39,10/6/2020,2020
SCOFIELD RES,CARBON,RAINBOW,1080,12.39,10/6/2020,2020
SCOFIELD RES,CARBON,RAINBOW,1080,12.39,10/6/2020,2020
SCOFIELD RES,CARBON,RAINBOW,1148,12.39,10/6/2020,2020
SCOFIELD RES,CARBON,RAINBOW,1148,12.39,10/6/2020,2020
SCOFIELD RES,CARBON,RAINBOW,1148,12.39,10/6/2020,2020
SCOFIELD RES,CARBON,RAINBOW,648,12.39,10/7/2020,2020
SCOFIELD RES,CARBON,RAINBOW,675,12.39,10/7/2020,2020
SCOUT L,IRON,TIGER TROUT,750,9.69,6/30/2020,2020
SCOUT L Z-12,DUCHESNE,BROOK TROUT,1006,2.47,7/31/2020,2020
SEARS CR,DAGGETT,CUTTHROAT,1000,1.87,9/10/2020,2020
SENCEBALL,BEAVER,BROOK TROUT,106,2.55,7/1/2020,2020
SENCEBALL,BEAVER,GRAYLING ARCTIC,108,2.81,9/28/2020,2020
SETTLEMENT CYN RES,TOOELE,RAINBOW,1316,8.1,3/30/2020,2020
SETTLEMENT CYN RES,TOOELE,RAINBOW,1000,8.55,4/7/2020,2020
SETTLEMENT CYN RES,TOOELE,RAINBOW,1001,8.98,4/29/2020,2020
SETTLEMENT CYN RES,TOOELE,WIPER,2499,8.41,5/14/2020,2020
SETTLEMENT CYN RES,TOOELE,RAINBOW,1000,9.12,5/28/2020,2020
SETTLEMENT CYN RES,TOOELE,RAINBOW,999,9.78,6/4/2020,2020
SETTLEMENT CYN RES,TOOELE,RAINBOW,2002,8.94,6/23/2020,2020
SETTLEMENT CYN RES,TOOELE,RAINBOW,1602,9.03,7/1/2020,2020
SETTLEMENT CYN RES,TOOELE,RAINBOW,1002,9.41,7/14/2020,2020
SETTLEMENT CYN RES,TOOELE,RAINBOW,1025,10.62,8/5/2020,2020
SETTLEMENT CYN RES,TOOELE,RAINBOW,1002,10.6,8/26/2020,2020
SETTLEMENT CYN RES,TOOELE,RAINBOW,1281,10.44,8/31/2020,2020
SETTLEMENT CYN RES,TOOELE,WIPER,1253,4.24,9/14/2020,2020
SETTLEMENT CYN RES,TOOELE,TIGER TROUT,5985,5.28,9/16/2020,2020
SETTLEMENT CYN RES,TOOELE,RAINBOW,7500,4.64,10/13/2020,2020
SETTLEMENT CYN RES,TOOELE,RAINBOW,6253,6.17,10/15/2020,2020
SETTLEMENT CYN RES,TOOELE,RAINBOW,1538,6.17,10/15/2020,2020
SETTLEMENT CYN RES,TOOELE,RAINBOW,4746,6.17,10/15/2020,2020
SEVIER R,GARFIELD,BROWN TROUT,20291,3.25,4/20/2020,2020
SEVIER R,GARFIELD,BROWN TROUT,5073,3.25,4/20/2020,2020
SEVIER R,SEVIER,BROWN TROUT,14988,3.25,4/22/2020,2020
SEVIER R,SEVIER,RAINBOW,1519,10.32,5/12/2020,2020
SEVIER R,GARFIELD,RAINBOW,20015,3.2,6/1/2020,2020
SEVIER R,SEVIER,RAINBOW,1503,10.18,7/9/2020,2020
SEVIER R,GARFIELD,CUTTHROAT,8910,2.13,9/16/2020,2020
SEVIER R,GARFIELD,CUTTHROAT,8910,2.13,9/16/2020,2020
"SEVIER R, E FK",GARFIELD,BROWN TROUT,4996,3.25,4/21/2020,2020
"SEVIER R, E FK",GARFIELD,BROWN TROUT,3074,3.25,4/21/2020,2020
"SEVIER R, E FK",PIUTE,BROWN TROUT,14604,3.25,4/23/2020,2020
"SEVIER R, E FK",PIUTE,RAINBOW,969,10.5,5/20/2020,2020
"SEVIER R, E FK",PIUTE,RAINBOW,1040,10.18,7/9/2020,2020
"SEVIER R, E FK",GARFIELD,CUTTHROAT,6246,2.02,9/8/2020,2020
"SEVIER R, E FK",GARFIELD,CUTTHROAT,6246,2.02,9/8/2020,2020
"SEVIER R, E FK",PIUTE,CUTTHROAT,6246,2.02,9/8/2020,2020
"SEVIER R, E FK",PIUTE,CUTTHROAT,4455,2.13,9/16/2020,2020
"SEVIER R, E FK",GARFIELD,CUTTHROAT,9588,2.41,10/1/2020,2020
SHADOW L A-52,SUMMIT,BROOK TROUT,710,2.47,7/30/2020,2020
SHEEP CR,DAGGETT,RAINBOW,330,9.27,5/21/2020,2020
SHEEP CR,DAGGETT,RAINBOW,330,9.27,5/21/2020,2020
SHEEP CR L,DAGGETT,CUTTHROAT,4070,4.26,6/9/2020,2020
"SHEEP CR, MIDDLE FK",DAGGETT,CUTTHROAT,201,13.96,9/23/2020,2020
"SHINGLE CR,EAST A-39",SUMMIT,TIGER TROUT,414,2.4,7/31/2020,2020
SHINGLE MILL CR,UTAH,CUTTHROAT,317,2.15,10/8/2020,2020
SHINGLE MILL RES,SANPETE,RAINBOW,1500,10,7/1/2020,2020
SHORT L,GARFIELD,CUTTHROAT,299,2.12,9/23/2020,2020
SILENT VIGIL,SANPETE,BROOK TROUT,111,2.83,7/7/2020,2020
SILVER CR,UTAH,CUTTHROAT,1019,2.16,10/6/2020,2020
SILVER L,UTAH,BROOK TROUT,1502,2.47,7/30/2020,2020
SILVER L,UTAH,GRAYLING ARCTIC,3006,2.81,9/21/2020,2020
SILVER L,UTAH,CUTTHROAT,2002,2.13,9/22/2020,2020
SILVER L FLAT RES,UTAH,RAINBOW,1500,9.41,5/27/2020,2020
SILVER L FLAT RES,UTAH,RAINBOW,1502,9.75,6/4/2020,2020
SILVER L FLAT RES,UTAH,RAINBOW,999,9.41,6/9/2020,2020
SILVER L FLAT RES,UTAH,RAINBOW,1002,9.41,6/16/2020,2020
SILVER L FLAT RES,UTAH,RAINBOW,2001,9.41,6/24/2020,2020
SILVER L FLAT RES,UTAH,RAINBOW,1001,9.31,7/13/2020,2020
SILVER L FLAT RES,UTAH,RAINBOW,1005,9.63,7/20/2020,2020
SILVER L FLAT RES,UTAH,GRAYLING ARCTIC,4320,2.81,9/21/2020,2020
SILVER L FLAT RES,UTAH,GRAYLING ARCTIC,4482,2.81,9/22/2020,2020
SILVER L-BRIGHTON,SALT LAKE,RAINBOW,1500,10,6/2/2020,2020
SILVER L-BRIGHTON,SALT LAKE,RAINBOW,1500,10,6/9/2020,2020
SILVER L-BRIGHTON,SALT LAKE,RAINBOW,1000,10,6/23/2020,2020
SILVER L-BRIGHTON,SALT LAKE,RAINBOW,1002,9.21,7/6/2020,2020
SILVER L-BRIGHTON,SALT LAKE,RAINBOW,1000,9.63,7/15/2020,2020
SILVER L-BRIGHTON,SALT LAKE,BROOK TROUT,2013,2.47,7/30/2020,2020
SILVER L-BRIGHTON,SALT LAKE,RAINBOW,1001,8.94,8/4/2020,2020
SILVER L-BRIGHTON,SALT LAKE,CUTTHROAT,3002,2.15,10/7/2020,2020
SIX MILE POND,SANPETE,RAINBOW,1430,10,6/25/2020,2020
SIX MILE POND,SANPETE,RAINBOW,168,10.14,6/25/2020,2020
SIX MILE POND,SANPETE,BROOK TROUT,111,2.83,7/7/2020,2020
SIX MILE POND,SANPETE,BROOK TROUT,510,2.83,7/7/2020,2020
SIXTH WATER,UTAH,CUTTHROAT,1006,2.92,10/8/2020,2020
SIXTH WATER,UTAH,CUTTHROAT,4520,2.15,10/8/2020,2020
SKUTUMPA RES,SEVIER,RAINBOW,502,4.61,5/7/2020,2020
SKUTUMPA RES,SEVIER,RAINBOW,657,10.02,5/7/2020,2020
SKUTUMPA RES,SEVIER,RAINBOW,723,10.06,7/15/2020,2020
SKYLERS POND,CACHE,RAINBOW,1000,9.03,5/7/2020,2020
SKYLERS POND,CACHE,RAINBOW,600,10.3,9/30/2020,2020
SKYLERS POND,CACHE,RAINBOW,501,10.12,10/20/2020,2020
SKYLINE P,WASHINGTON,RAINBOW,408,8.85,1/7/2020,2020
SKYLINE P,WASHINGTON,RAINBOW,322,17.58,1/23/2020,2020
SKYLINE P,WASHINGTON,RAINBOW,446,9.84,2/7/2020,2020
SKYLINE P,WASHINGTON,RAINBOW,419,10.04,2/26/2020,2020
SKYLINE P,WASHINGTON,RAINBOW,381,10.36,3/4/2020,2020
SKYLINE P,WASHINGTON,RAINBOW,277,10.07,3/17/2020,2020
SKYLINE P,WASHINGTON,RAINBOW,435,9.43,11/4/2020,2020
SKYLINE P,WASHINGTON,RAINBOW,431,10.06,11/24/2020,2020
SKYLINE P,WASHINGTON,RAINBOW,432,11.06,12/17/2020,2020
SMITH FAMILY PARK POND,WEBER,RAINBOW,149,20.05,2/24/2020,2020
SMITH FAMILY PARK POND,WEBER,RAINBOW,149,20.05,2/26/2020,2020
SMITH FAMILY PARK POND,WEBER,RAINBOW,798,10.28,2/28/2020,2020
SMITH FAMILY PARK POND,WEBER,RAINBOW,700,10.15,3/3/2020,2020
SMITH FAMILY PARK POND,WEBER,RAINBOW,176,20.05,3/11/2020,2020
SMITH FAMILY PARK POND,WEBER,RAINBOW,699,10.75,3/16/2020,2020
SMITH FAMILY PARK POND,WEBER,RAINBOW,750,9.63,5/5/2020,2020
SMITH FAMILY PARK POND,WEBER,RAINBOW,800,9.52,5/11/2020,2020
SMITH FAMILY PARK POND,WEBER,RAINBOW,575,9.46,5/18/2020,2020
SMITH FAMILY PARK POND,WEBER,RAINBOW,575,9.46,6/1/2020,2020
SMITH FAMILY PARK POND,WEBER,RAINBOW,224,16.88,6/17/2020,2020
SMITH FAMILY PARK POND,WEBER,RAINBOW,706,9.43,6/29/2020,2020
SMITH FAMILY PARK POND,WEBER,RAINBOW,1055,9.42,9/14/2020,2020
SMITH FAMILY PARK POND,WEBER,CHANNEL CATFISH,1000,2.48,9/15/2020,2020
SMITH FAMILY PARK POND,WEBER,RAINBOW,1055,9.42,9/28/2020,2020
SMITH FAMILY PARK POND,WEBER,RAINBOW,1050,9.46,10/12/2020,2020
SMITH FAMILY PARK POND,WEBER,RAINBOW,632,9.52,10/26/2020,2020
SMITH FAMILY PARK POND,WEBER,RAINBOW,589,9.52,11/2/2020,2020
SMITH FAMILY PARK POND,WEBER,RAINBOW,200,21.54,11/2/2020,2020
SMITH FAMILY PARK POND,WEBER,RAINBOW,501,9.86,11/11/2020,2020
"SMITH L, NORTH",MORGAN,WIPER,202,4.57,9/22/2020,2020
SMITH-MOREHOUSE RES,SUMMIT,RAINBOW,1998,9.75,5/13/2020,2020
SMITH-MOREHOUSE RES,SUMMIT,RAINBOW,1500,10,6/2/2020,2020
SMITH-MOREHOUSE RES,SUMMIT,RAINBOW,1500,10,6/23/2020,2020
SMITH-MOREHOUSE RES,SUMMIT,RAINBOW,1501,9.21,7/6/2020,2020
SMITH-MOREHOUSE RES,SUMMIT,RAINBOW,1001,9.52,7/21/2020,2020
SMITH-MOREHOUSE RES,SUMMIT,RAINBOW,1240,11.99,7/24/2020,2020
SMITH-MOREHOUSE RES,SUMMIT,RAINBOW,1663,8.94,8/4/2020,2020
SMITH-MOREHOUSE RES,SUMMIT,RAINBOW,917,9.12,8/17/2020,2020
SMITH-MOREHOUSE RES,SUMMIT,RAINBOW,1601,9.12,8/24/2020,2020
SMITH-MOREHOUSE RES,SUMMIT,RAINBOW,2000,9.31,8/31/2020,2020
SMITH-MOREHOUSE RES,SUMMIT,GRAYLING ARCTIC,20160,2.81,9/28/2020,2020
SMITHFIELD CR,CACHE,RAINBOW,500,9.34,5/28/2020,2020
SMITHS FK PASS L G14,SUMMIT,TIGER TROUT,846,2.4,7/31/2020,2020
SNOW L,SANPETE,RAINBOW,1000,10.87,7/14/2020,2020
SNOW L GR-130,SUMMIT,CUTTHROAT,944,2.48,9/23/2020,2020
SOLDIER CR,UTAH,CUTTHROAT,2015,2.15,10/9/2020,2020
"SOLDIER CR, S FK",UTAH,CUTTHROAT,518,2.15,10/8/2020,2020
SOLITAIRE L NBS,WAYNE,CUTTHROAT,807,2.12,9/23/2020,2020
SOUP BOWL RES,SANPETE,RAINBOW,500,10.87,6/4/2020,2020
SOUP BOWL RES,SANPETE,RAINBOW,506,10.53,6/30/2020,2020
SOUP BOWL RES,SANPETE,TIGER TROUT,998,3.69,7/7/2020,2020
SOUP BOWL RES,SANPETE,RAINBOW,500,12.24,8/31/2020,2020
SOWERS CR,DUCHESNE,CUTTHROAT,1991,2.29,10/27/2020,2020
SPANISH FK R,UTAH,BROWN TROUT,9017,2.75,6/5/2020,2020
SPANISH FK R,UTAH,RAINBOW,1001,10.37,6/22/2020,2020
SPANISH FK R,UTAH,BROWN TROUT,2452,5.78,7/21/2020,2020
SPANISH FK R,UTAH,RAINBOW,2998,9,8/20/2020,2020
SPANISH OAKS P,UTAH,RAINBOW,1031,10.75,3/16/2020,2020
SPANISH OAKS P,UTAH,RAINBOW,832,10.6,3/17/2020,2020
SPANISH OAKS P,UTAH,RAINBOW,215,10.12,3/24/2020,2020
SPANISH OAKS P,UTAH,WIPER,250,7.59,4/9/2020,2020
SPANISH OAKS P,UTAH,RAINBOW,1034,9.63,5/4/2020,2020
SPANISH OAKS P,UTAH,RAINBOW,516,9.52,5/11/2020,2020
SPANISH OAKS P,UTAH,WIPER,300,8.55,5/14/2020,2020
SPANISH OAKS P,UTAH,RAINBOW,516,9.46,5/18/2020,2020
SPANISH OAKS P,UTAH,RAINBOW,516,9.61,5/22/2020,2020
SPANISH OAKS P,UTAH,RAINBOW,517,9.52,5/26/2020,2020
SPANISH OAKS P,UTAH,RAINBOW,515,9.63,6/8/2020,2020
SPANISH OAKS P,UTAH,RAINBOW,517,9.46,6/15/2020,2020
SPANISH OAKS P,UTAH,RAINBOW,210,16.88,6/18/2020,2020
SPANISH OAKS P,UTAH,RAINBOW,493,9.44,6/22/2020,2020
SPANISH OAKS P,UTAH,RAINBOW,511,9.55,7/7/2020,2020
SPANISH OAKS P,UTAH,RAINBOW,517,9.5,7/13/2020,2020
SPANISH OAKS P,UTAH,RAINBOW,516,9.78,7/20/2020,2020
SPANISH OAKS P,UTAH,RAINBOW,517,9.46,8/3/2020,2020
SPANISH OAKS P,UTAH,RAINBOW,515,9.69,8/10/2020,2020
SPANISH OAKS P,UTAH,RAINBOW,1300,11.16,9/9/2020,2020
SPANISH OAKS P,UTAH,WIPER,302,4.24,9/16/2020,2020
SPANISH OAKS P,UTAH,RAINBOW,198,19.64,9/16/2020,2020
SPECTACLE L A-44,SUMMIT,BROOK TROUT,330,2.47,7/30/2020,2020
SPECTACLE L BTS,GARFIELD,TIGER TROUT,55,2.84,7/1/2020,2020
SPECTACLE L BTS,GARFIELD,BROOK TROUT,358,2.69,7/1/2020,2020
SPINNERS RES,SANPETE,TIGER TROUT,496,3.69,7/8/2020,2020
SPIRIT L GR-3,DAGGETT,TIGER TROUT,2818,10.25,6/23/2020,2020
SPIRIT L GR-3,DAGGETT,TIGER TROUT,126,10.78,7/16/2020,2020
SPRING CR,WASATCH,CUTTHROAT,50,6,6/15/2020,2020
SPRING HILL P #1,SANPETE,RAINBOW,600,10,6/3/2020,2020
SPRING HILL P #1,SANPETE,BROOK TROUT,211,2.83,7/7/2020,2020
SPRING HILL P #1,SANPETE,RAINBOW,599,9.75,7/9/2020,2020
SPRING HILL P #1,SANPETE,RAINBOW,600,10.14,8/3/2020,2020
SPRING HILL P #2,SANPETE,BROOK TROUT,211,2.83,7/7/2020,2020
SPRING L,UTAH,RAINBOW,1500,9.41,5/5/2020,2020
SPRING L,UTAH,RAINBOW,756,9.63,5/13/2020,2020
SPRING L,UTAH,RAINBOW,756,9.63,5/26/2020,2020
SPRING L,UTAH,RAINBOW,750,10,6/8/2020,2020
SPRING L,UTAH,CHANNEL CATFISH,400,13.57,6/11/2020,2020
SPRING L,UTAH,RAINBOW,744,10.14,6/23/2020,2020
SPRING L,UTAH,RAINBOW,750,10,6/29/2020,2020
SPRING L,UTAH,RAINBOW,749,11.16,9/9/2020,2020
SPRING L,WAYNE,CHANNEL CATFISH,3000,2.48,9/15/2020,2020
SPRING L,UTAH,SUNFISH BLUEGILL,7014,2.46,9/24/2020,2020
SPRING L,UTAH,BASS LARGEMOUTH,480,3.22,9/24/2020,2020
SPRING L,UTAH,RAINBOW,1020,11.37,9/25/2020,2020
SPRING L,UTAH,RAINBOW,500,11.37,10/20/2020,2020
SPRING L,UTAH,RAINBOW,500,11.37,10/20/2020,2020
STAR L A-42,SUMMIT,TIGER TROUT,666,2.4,7/31/2020,2020
STARVATION RES,DUCHESNE,KOKANEE,60086,3.1,4/1/2020,2020
STARVATION RES,DUCHESNE,KOKANEE,11800,3.05,4/1/2020,2020
STARVATION RES,DUCHESNE,RAINBOW,5760,10.24,11/2/2020,2020
STARVATION RES,DUCHESNE,RAINBOW,5760,10.24,11/2/2020,2020
STARVATION RES,DUCHESNE,RAINBOW,1208,10.39,11/3/2020,2020
STARVATION RES,DUCHESNE,RAINBOW,6750,9.85,11/3/2020,2020
STARVATION RES,DUCHESNE,RAINBOW,5520,10.39,11/3/2020,2020
STARVATION RES,DUCHESNE,RAINBOW,6120,10.04,11/3/2020,2020
STARVATION RES,DUCHESNE,RAINBOW,6120,10.04,11/3/2020,2020
STARVATION RES,DUCHESNE,RAINBOW,4208,10.04,11/3/2020,2020
STARVATION RES,DUCHESNE,RAINBOW,4000,10.1,11/3/2020,2020
STARVATION RES,DUCHESNE,RAINBOW,3968,10.13,11/4/2020,2020
STARVATION RES,DUCHESNE,RAINBOW,4455,9.85,11/4/2020,2020
STARVATION RES,DUCHESNE,RAINBOW,1913,10.04,11/4/2020,2020
STARVATION RES,DUCHESNE,RAINBOW,4320,9.85,11/5/2020,2020
STATE MENTAL HOS PD,UTAH,RAINBOW,400,9.4,9/9/2020,2020
STATELINE RES,SUMMIT,RAINBOW,2921,9.15,6/1/2020,2020
STATELINE RES,SUMMIT,LAKE TROUT,3800,3.95,7/21/2020,2020
STATELINE RES,SUMMIT,RAINBOW,4813,8.66,7/24/2020,2020
STEED POND,DAVIS,RAINBOW,100,20.05,2/25/2020,2020
STEED POND,DAVIS,RAINBOW,499,10.28,2/28/2020,2020
STEED POND,DAVIS,RAINBOW,500,10.15,3/10/2020,2020
STEED POND,DAVIS,RAINBOW,375,9.63,5/4/2020,2020
STEED POND,DAVIS,RAINBOW,299,9.61,5/22/2020,2020
STEED POND,DAVIS,RAINBOW,156,16.88,6/17/2020,2020
STEED POND,DAVIS,RAINBOW,631,9.42,9/14/2020,2020
STEED POND,DAVIS,CHANNEL CATFISH,1000,2.48,9/15/2020,2020
STEED POND,DAVIS,RAINBOW,634,9.42,9/28/2020,2020
STEED POND,DAVIS,RAINBOW,634,9.46,10/12/2020,2020
STEED POND,DAVIS,RAINBOW,1056,9.52,10/26/2020,2020
STEED POND,DAVIS,RAINBOW,354,9.52,11/2/2020,2020
STEINAKER RES,UINTAH,BROWN TROUT,7562,2.43,5/8/2020,2020
STEINAKER RES,UINTAH,RAINBOW,2494,8.35,5/11/2020,2020
STEINAKER RES,UINTAH,RAINBOW,2494,8.35,5/11/2020,2020
STEINAKER RES,UINTAH,RAINBOW,2494,8.35,5/11/2020,2020
STEINAKER RES,UINTAH,RAINBOW,2494,8.35,5/11/2020,2020
STEINAKER RES,UINTAH,SUNFISH BLUEGILL,211,8.67,6/30/2020,2020
STEINAKER RES,UINTAH,RAINBOW,2187,10.2,11/17/2020,2020
STILLWATER FK,SUMMIT,RAINBOW,150,9.21,7/2/2020,2020
STILLWATER FK,SUMMIT,RAINBOW,151,9.52,7/14/2020,2020
STILLWATER FK,SUMMIT,RAINBOW,145,11.99,7/27/2020,2020
STILLWATER FK,SUMMIT,RAINBOW,109,8.94,8/10/2020,2020
STODDARD SLOUGH,MORGAN,RAINBOW,660,9.12,4/21/2020,2020
STODDARD SLOUGH,MORGAN,RAINBOW,198,9.12,8/18/2020,2020
STODDARD SLOUGH,MORGAN,RAINBOW,202,9.31,9/1/2020,2020
STONE L FL,SEVIER,BROOK TROUT,106,2.55,7/2/2020,2020
STRATTON P,WASHINGTON,RAINBOW,612,8.85,1/7/2020,2020
STRATTON P,WASHINGTON,RAINBOW,876,18.42,1/22/2020,2020
STRATTON P,WASHINGTON,RAINBOW,280,18.42,1/23/2020,2020
STRATTON P,WASHINGTON,RAINBOW,128,18.42,1/23/2020,2020
STRATTON P,WASHINGTON,RAINBOW,669,9.84,2/7/2020,2020
STRATTON P,WASHINGTON,RAINBOW,628,10.04,2/26/2020,2020
STRATTON P,WASHINGTON,RAINBOW,635,10.36,3/4/2020,2020
STRATTON P,WASHINGTON,RAINBOW,735,10.07,3/17/2020,2020
STRATTON P,WASHINGTON,RAINBOW,452,9.43,11/5/2020,2020
STRATTON P,WASHINGTON,RAINBOW,502,10.06,11/23/2020,2020
STRATTON P,WASHINGTON,RAINBOW,486,11.06,12/17/2020,2020
STRAWBERRY R,DUCHESNE,RAINBOW,502,9.27,5/21/2020,2020
STRAWBERRY R,DUCHESNE,RAINBOW,485,9.72,6/30/2020,2020
"STRAWBERRY R, UPPER",WASATCH,CUTTHROAT,41640,2.74,10/5/2020,2020
"STRAWBERRY R, UPPER",WASATCH,CUTTHROAT,41640,2.74,10/5/2020,2020
"STRAWBERRY R, UPPER",WASATCH,CUTTHROAT,41640,2.74,10/5/2020,2020
"STRAWBERRY R, UPPER",WASATCH,CUTTHROAT,41640,2.74,10/6/2020,2020
"STRAWBERRY R, UPPER",WASATCH,CUTTHROAT,41640,2.74,10/6/2020,2020
"STRAWBERRY R, UPPER",WASATCH,CUTTHROAT,24984,2.74,10/8/2020,2020
STRAWBERRY RES,WASATCH,KOKANEE,34800,3.37,4/22/2020,2020
STRAWBERRY RES,WASATCH,KOKANEE,39000,3.47,4/22/2020,2020
STRAWBERRY RES,WASATCH,KOKANEE,39000,3.47,4/22/2020,2020
STRAWBERRY RES,WASATCH,KOKANEE,39000,3.47,4/23/2020,2020
STRAWBERRY RES,WASATCH,CUTTHROAT,14260,9.75,5/4/2020,2020
STRAWBERRY RES,WASATCH,KOKANEE,20196,3.74,5/4/2020,2020
STRAWBERRY RES,WASATCH,CUTTHROAT,10982,7.62,5/4/2020,2020
STRAWBERRY RES,WASATCH,CUTTHROAT,16021,7.62,5/5/2020,2020
STRAWBERRY RES,WASATCH,CUTTHROAT,13082,7.62,5/6/2020,2020
STRAWBERRY RES,WASATCH,KOKANEE,50048,3.7,5/6/2020,2020
STRAWBERRY RES,WASATCH,KOKANEE,39680,3.98,5/6/2020,2020
STRAWBERRY RES,WASATCH,KOKANEE,69375,3.58,5/6/2020,2020
STRAWBERRY RES,WASATCH,KOKANEE,30000,3.58,5/7/2020,2020
STRAWBERRY RES,WASATCH,RAINBOW,8738,9.91,6/1/2020,2020
STRAWBERRY RES,WASATCH,RAINBOW,6262,9.91,6/2/2020,2020
STRAWBERRY RES,WASATCH,CUTTHROAT,10368,9.17,6/22/2020,2020
STRAWBERRY RES,WASATCH,CUTTHROAT,1357,18.12,6/22/2020,2020
STRAWBERRY RES,WASATCH,CUTTHROAT,11808,8.78,6/22/2020,2020
STRAWBERRY RES,WASATCH,CUTTHROAT,11076,9,6/23/2020,2020
STRAWBERRY RES,WASATCH,CUTTHROAT,11968,8.74,6/23/2020,2020
STRAWBERRY RES,WASATCH,CUTTHROAT,11100,9.02,6/23/2020,2020
STRAWBERRY RES,WASATCH,CUTTHROAT,11968,8.74,6/23/2020,2020
STRAWBERRY RES,WASATCH,CUTTHROAT,10985,8.75,6/23/2020,2020
STRAWBERRY RES,WASATCH,CUTTHROAT,11880,8.79,6/24/2020,2020
STRAWBERRY RES,WASATCH,CUTTHROAT,11552,8.85,6/24/2020,2020
STRAWBERRY RES,WASATCH,CUTTHROAT,11390,8.77,6/24/2020,2020
STRAWBERRY RES,WASATCH,CUTTHROAT,10354,9.08,6/25/2020,2020
STRAWBERRY RES,WASATCH,CUTTHROAT,10527,9.15,6/25/2020,2020
STRAWBERRY RES,WASATCH,CUTTHROAT,11440,8.92,6/25/2020,2020
STRAWBERRY RES,WASATCH,CUTTHROAT,10892,9.08,6/29/2020,2020
STRAWBERRY RES,WASATCH,CUTTHROAT,11593,8.86,6/30/2020,2020
STRAWBERRY RES,WASATCH,RAINBOW,870,9.52,7/21/2020,2020
STRAWBERRY RES,WASATCH,RAINBOW,2755,9.52,7/21/2020,2020
STRAWBERRY RES,WASATCH,RAINBOW,8843,9.75,9/8/2020,2020
STRAWBERRY RES,WASATCH,RAINBOW,13209,9.03,9/8/2020,2020
STRAWBERRY RES,WASATCH,RAINBOW,13475,8.94,9/8/2020,2020
STRAWBERRY RES,WASATCH,RAINBOW,4200,8.94,9/8/2020,2020
STRAWBERRY RES,WASATCH,RAINBOW,5236,9.03,9/8/2020,2020
STRAWBERRY RES,WASATCH,CUTTHROAT,14306,10.07,9/15/2020,2020
STRAWBERRY RES,WASATCH,CUTTHROAT,7303,10.07,9/15/2020,2020
STRAWBERRY RES,WASATCH,CUTTHROAT,6160,10.07,9/16/2020,2020
STRAWBERRY RES,WASATCH,CUTTHROAT,12488,10.07,9/16/2020,2020
STRAWBERRY RES,WASATCH,RAINBOW,6162,10.28,9/22/2020,2020
STRAWBERRY RES,WASATCH,RAINBOW,4029,10.28,9/22/2020,2020
STRAWBERRY RES,WASATCH,RAINBOW,4029,10.28,9/25/2020,2020
STRAWBERRY RES,WASATCH,RAINBOW,4029,10.28,9/27/2020,2020
STRAWBERRY RES,WASATCH,RAINBOW,16783,10.17,9/28/2020,2020
STRAWBERRY RES,WASATCH,RAINBOW,6248,10.17,9/28/2020,2020
STRAWBERRY RES,WASATCH,RAINBOW,17680,9.97,9/28/2020,2020
STRAWBERRY RES,WASATCH,RAINBOW,6682,9.97,9/28/2020,2020
STRAWBERRY RES,WASATCH,CUTTHROAT,1121,8.83,9/29/2020,2020
STRAWBERRY RES,WASATCH,CUTTHROAT,5769,8.83,9/29/2020,2020
STRAWBERRY RES,WASATCH,RAINBOW,19572,9.73,9/29/2020,2020
STRAWBERRY RES,WASATCH,RAINBOW,7420,9.73,9/29/2020,2020
STRAWBERRY RES,WASATCH,RAINBOW,6248,10.17,9/30/2020,2020
STRAWBERRY RES,WASATCH,RAINBOW,6248,10.17,9/30/2020,2020
STRAWBERRY RES,WASATCH,RAINBOW,3500,10.1,10/2/2020,2020
STRAWBERRY RES,WASATCH,RAINBOW,2688,10.1,10/3/2020,2020
STRAWBERRY RES,WASATCH,RAINBOW,12831,10.39,10/7/2020,2020
STRAWBERRY RES,WASATCH,RAINBOW,4160,9.97,10/13/2020,2020
STRAWBERRY RES,WASATCH,RAINBOW,5460,9.97,10/13/2020,2020
STRAWBERRY RES,WASATCH,RAINBOW,6240,9.97,10/14/2020,2020
STRAWBERRY RES,WASATCH,RAINBOW,4160,9.97,10/16/2020,2020
STRAWBERRY RES,WASATCH,CUTTHROAT,39585,2.93,10/19/2020,2020
STRAWBERRY RES,WASATCH,CUTTHROAT,19992,3.68,10/19/2020,2020
STRAWBERRY RES,WASATCH,CUTTHROAT,68544,3.68,10/19/2020,2020
STRAWBERRY RES,WASATCH,CUTTHROAT,16965,2.93,10/19/2020,2020
STRAWBERRY RES,WASATCH,RAINBOW,2640,10.24,10/30/2020,2020
SUMMIT L GR-5,SUMMIT,GRAYLING ARCTIC,756,2.81,9/21/2020,2020
SUNSET POND,SALT LAKE,RAINBOW,115,17.58,1/30/2020,2020
SUNSET POND,SALT LAKE,RAINBOW,299,9.61,2/22/2020,2020
SUNSET POND,SALT LAKE,RAINBOW,401,10.6,4/29/2020,2020
SUNSET POND,SALT LAKE,RAINBOW,300,9.63,5/4/2020,2020
SUNSET POND,SALT LAKE,RAINBOW,299,9.52,5/26/2020,2020
SUNSET POND,SALT LAKE,RAINBOW,301,9.46,6/1/2020,2020
SUNSET POND,SALT LAKE,CHANNEL CATFISH,175,13.57,6/11/2020,2020
SUNSET POND,SALT LAKE,RAINBOW,153,16.88,6/18/2020,2020
SUNSET POND,SALT LAKE,CHANNEL CATFISH,1601,2.48,9/15/2020,2020
SUNSET POND,SALT LAKE,BASS LARGEMOUTH,100,3.19,9/24/2020,2020
SUNSET POND,SALT LAKE,SUNFISH BLUEGILL,802,2.46,9/24/2020,2020
SUNSET POND,SALT LAKE,RAINBOW,152,18.12,10/5/2020,2020
SURVEYORS L BTN,GARFIELD,BROOK TROUT,106,2.55,7/1/2020,2020
SURVEYORS L BTN,GARFIELD,TIGER TROUT,55,2.84,7/1/2020,2020
SWAN CR,RICH,CUTTHROAT,2353,2.98,9/15/2020,2020
TALL FOUR RES,GARFIELD,CUTTHROAT,90,2.12,9/23/2020,2020
TAMARACK L GR-2,SUMMIT,CUTTHROAT,6750,2.48,9/23/2020,2020
TEAL SP,BOX ELDER,RAINBOW,1000,9.05,4/9/2020,2020
TEAPOT L A-60,SUMMIT,RAINBOW,250,10,6/9/2020,2020
TEAPOT L A-60,SUMMIT,RAINBOW,250,10,6/23/2020,2020
TEAPOT L A-60,SUMMIT,RAINBOW,250,9.21,7/6/2020,2020
TEAPOT L A-60,SUMMIT,RAINBOW,249,9.52,7/14/2020,2020
TEAPOT L A-60,SUMMIT,RAINBOW,305,9.52,7/21/2020,2020
TEAPOT L A-60,SUMMIT,RAINBOW,450,11.99,7/24/2020,2020
TEAPOT L A-60,SUMMIT,TIGER TROUT,435,8.31,7/26/2020,2020
TEAPOT L A-60,SUMMIT,BROOK TROUT,486,2.49,7/27/2020,2020
TEAPOT L A-60,SUMMIT,RAINBOW,305,11.99,7/27/2020,2020
TEAPOT L A-60,SUMMIT,TIGER TROUT,500,8.31,7/28/2020,2020
TEAPOT L A-60,SUMMIT,RAINBOW,298,8.94,8/3/2020,2020
TEAPOT L A-60,SUMMIT,BROOK TROUT,117,3.66,8/3/2020,2020
TEAPOT L A-60,SUMMIT,RAINBOW,298,8.94,8/10/2020,2020
TEAPOT L A-60,SUMMIT,TIGER TROUT,400,8.31,8/10/2020,2020
TEAPOT L A-60,SUMMIT,RAINBOW,300,9.12,8/17/2020,2020
TEAPOT L A-60,SUMMIT,RAINBOW,300,9.12,8/24/2020,2020
TEAPOT L A-60,SUMMIT,TIGER TROUT,299,9.03,8/24/2020,2020
TEAPOT L A-60,SUMMIT,TIGER TROUT,400,9.31,8/31/2020,2020
TEAPOT L A-60,SUMMIT,RAINBOW,499,9.31,9/1/2020,2020
TEAPOT L A-60,SUMMIT,TIGER TROUT,551,8.66,9/9/2020,2020
TEDS L WR-44,UINTAH,BROOK TROUT,1394,3.49,7/6/2020,2020
"TEEPEE L,LOWER GR-29",DAGGETT,CUTTHROAT,401,2.48,9/23/2020,2020
"TEEPEE L,UPPER GR-30",DAGGETT,TIGER TROUT,600,3.2,7/6/2020,2020
THISTLE CR,UTAH,BROWN TROUT,8001,2.75,6/5/2020,2020
THISTLE CR,UTAH,BROWN TROUT,4086,5.78,7/21/2020,2020
THISTLE CR,UTAH,CUTTHROAT,3511,2.4,11/4/2020,2020
THREE CREEKS RES,BEAVER,RAINBOW,840,10.07,6/10/2020,2020
THREE CREEKS RES,BEAVER,RAINBOW,675,10.29,7/23/2020,2020
TIBBLE FK RES,UTAH,RAINBOW,1980,9.12,4/21/2020,2020
TIBBLE FK RES,UTAH,RAINBOW,1703,9.08,5/20/2020,2020
TIBBLE FK RES,UTAH,RAINBOW,1701,9.41,5/27/2020,2020
TIBBLE FK RES,UTAH,RAINBOW,2499,9.41,6/5/2020,2020
TIBBLE FK RES,UTAH,RAINBOW,1701,9.41,6/9/2020,2020
TIBBLE FK RES,UTAH,RAINBOW,899,9.31,7/13/2020,2020
TIBBLE FK RES,UTAH,RAINBOW,1702,9.63,7/20/2020,2020
TIBBLE FK RES,UTAH,RAINBOW,1698,8.94,8/3/2020,2020
TIBBLE FK RES,UTAH,RAINBOW,1700,9.12,8/17/2020,2020
TIBBLE FK RES,UTAH,RAINBOW,1703,9.12,8/27/2020,2020
TIBBLE FK RES,UTAH,CUTTHROAT,5018,2.51,10/6/2020,2020
TIDWELL RES,SEVIER,RAINBOW,240,3.14,6/9/2020,2020
TIDWELL RES,SEVIER,BROOK TROUT,52,2.69,6/23/2020,2020
TIE FK CR,UTAH,CUTTHROAT,2015,2.15,10/9/2020,2020
TONY GROVE L,CACHE,RAINBOW,1579,9.55,6/30/2020,2020
TONY GROVE L,CACHE,RAINBOW,1021,9.76,7/1/2020,2020
TONY GROVE L,CACHE,RAINBOW,2600,9.74,7/20/2020,2020
TONY GROVE L,CACHE,RAINBOW,508,9.52,7/22/2020,2020
TONY GROVE L,CACHE,RAINBOW,2600,9.06,8/3/2020,2020
"TOWA P, UPPER",WASHINGTON,RAINBOW,714,8.85,1/7/2020,2020
"TOWA P, UPPER",WASHINGTON,RAINBOW,329,17.58,1/23/2020,2020
"TOWA P, UPPER",WASHINGTON,RAINBOW,668,9.84,2/7/2020,2020
"TOWA P, UPPER",WASHINGTON,RAINBOW,698,10.04,2/26/2020,2020
"TOWA P, UPPER",WASHINGTON,RAINBOW,699,10.36,3/4/2020,2020
"TOWA P, UPPER",WASHINGTON,RAINBOW,540,10.07,3/17/2020,2020
"TOWA P, UPPER",WASHINGTON,RAINBOW,661,9.43,11/4/2020,2020
"TOWA P, UPPER",WASHINGTON,RAINBOW,646,10.06,11/24/2020,2020
"TOWA P, UPPER",WASHINGTON,RAINBOW,648,11.06,12/17/2020,2020
TOWA P. LOWER,WASHINGTON,RAINBOW,408,8.85,1/7/2020,2020
TOWA P. LOWER,WASHINGTON,RAINBOW,24,18.42,1/23/2020,2020
TOWA P. LOWER,WASHINGTON,RAINBOW,133,17.58,1/23/2020,2020
TOWA P. LOWER,WASHINGTON,RAINBOW,446,9.84,2/7/2020,2020
TOWA P. LOWER,WASHINGTON,RAINBOW,488,10.04,2/26/2020,2020
TOWA P. LOWER,WASHINGTON,RAINBOW,254,10.36,3/4/2020,2020
TOWA P. LOWER,WASHINGTON,RAINBOW,637,10.07,3/17/2020,2020
TOWA P. LOWER,WASHINGTON,RAINBOW,383,9.43,11/4/2020,2020
TOWA P. LOWER,WASHINGTON,RAINBOW,359,10.06,11/24/2020,2020
TOWA P. LOWER,WASHINGTON,RAINBOW,378,11.06,12/17/2020,2020
TOWNE RES,SANPETE,RAINBOW,1008,9.63,5/21/2020,2020
TOWNE RES,SANPETE,RAINBOW,1008,9.63,5/21/2020,2020
TRIAL L A-61,SUMMIT,RAINBOW,1001,9.52,6/12/2020,2020
TRIAL L A-61,SUMMIT,RAINBOW,750,10,6/17/2020,2020
TRIAL L A-61,SUMMIT,RAINBOW,752,9.21,6/29/2020,2020
TRIAL L A-61,SUMMIT,RAINBOW,749,9.21,7/6/2020,2020
TRIAL L A-61,SUMMIT,RAINBOW,1001,9.52,7/21/2020,2020
TRIAL L A-61,SUMMIT,RAINBOW,1001,11.99,7/23/2020,2020
TRIAL L A-61,SUMMIT,TIGER TROUT,1001,8.31,7/23/2020,2020
TRIAL L A-61,SUMMIT,BROOK TROUT,2495,2.49,7/27/2020,2020
TRIAL L A-61,SUMMIT,RAINBOW,1001,11.99,7/27/2020,2020
TRIAL L A-61,SUMMIT,TIGER TROUT,1000,8.31,7/28/2020,2020
TRIAL L A-61,SUMMIT,RAINBOW,998,8.94,8/3/2020,2020
TRIAL L A-61,SUMMIT,BROOK TROUT,497,3.66,8/3/2020,2020
TRIAL L A-61,SUMMIT,RAINBOW,998,8.94,8/10/2020,2020
TRIAL L A-61,SUMMIT,TIGER TROUT,1000,8.31,8/10/2020,2020
TRIAL L A-61,SUMMIT,RAINBOW,851,9.12,8/17/2020,2020
TRIAL L A-61,SUMMIT,RAINBOW,1502,9.12,8/24/2020,2020
TRIAL L A-61,SUMMIT,TIGER TROUT,1037,9.03,8/24/2020,2020
TRIAL L A-61,SUMMIT,TIGER TROUT,750,9.31,8/31/2020,2020
TRIAL L A-61,SUMMIT,RAINBOW,2000,9.31,9/1/2020,2020
TRIAL L A-61,SUMMIT,RAINBOW,1001,8.94,9/8/2020,2020
TRIAL L A-61,SUMMIT,TIGER TROUT,1001,8.66,9/9/2020,2020
TRIAL L A-61,SUMMIT,GRAYLING ARCTIC,1998,2.81,9/21/2020,2020
TRIAL L A-61,SUMMIT,GRAYLING ARCTIC,5400,2.81,9/29/2020,2020
TRIDENT L A-41,SUMMIT,BROOK TROUT,115,2.47,7/30/2020,2020
TROPIC RES,GARFIELD,TIGER TROUT,1771,10.16,5/7/2020,2020
TROPIC RES,GARFIELD,TIGER TROUT,1771,10.16,5/7/2020,2020
TROPIC RES,GARFIELD,RAINBOW,3540,10.19,5/11/2020,2020
TULE L,GARFIELD,BROOK TROUT,154,2.69,7/1/2020,2020
TWIN L,SALT LAKE,CUTTHROAT,3501,2.13,9/22/2020,2020
U M CR,SEVIER,TIGER TROUT,104,2.98,7/14/2020,2020
U- 91,DUCHESNE,CUTTHROAT,480,1.53,9/23/2020,2020
UINTA R,DUCHESNE,RAINBOW,990,9.27,5/21/2020,2020
UINTA R,DUCHESNE,RAINBOW,1092,9.72,6/29/2020,2020
UINTA R,DUCHESNE,RAINBOW,559,9.87,7/20/2020,2020
UPPER BELLS RES,SALT LAKE,CUTTHROAT,2002,2.13,9/22/2020,2020
UPPER STILLWATER RES,DUCHESNE,BROOK TROUT,3480,3.67,7/29/2020,2020
UPPER WPA,SANPETE,BROOK TROUT,310,2.83,7/7/2020,2020
UTAH L,UTAH,SUCKER,3892,11.85,4/27/2020,2020
UTAH L,UTAH,SUCKER,4976,11.16,4/28/2020,2020
UTAH L,UTAH,SUCKER,4911,11.22,4/28/2020,2020
UTAH L,UTAH,SUCKER,4028,11.24,4/29/2020,2020
UTAH L,UTAH,SUCKER,3500,12.61,9/14/2020,2020
UTAH L,UTAH,SUCKER,4108,11.4,9/15/2020,2020
UTAH L,UTAH,SUCKER,3404,11.4,9/16/2020,2020
VERNON CR RES,TOOELE,RAINBOW,1400,8.55,4/7/2020,2020
VERNON CR RES,TOOELE,RAINBOW,703,9.09,4/29/2020,2020
VERNON CR RES,TOOELE,RAINBOW,1300,9.12,5/28/2020,2020
VERNON CR RES,TOOELE,RAINBOW,801,9.78,6/4/2020,2020
VERNON CR RES,TOOELE,RAINBOW,1403,8.77,6/24/2020,2020
VERNON CR RES,TOOELE,RAINBOW,600,9.41,7/14/2020,2020
VERNON CR RES,TOOELE,TIGER TROUT,3040,5.28,9/16/2020,2020
VIC'S POND,SANPETE,BROOK TROUT,111,2.83,7/7/2020,2020
VIRGIN R,WASHINGTON,CHUB,859,4.66,11/5/2020,2020
VIRGINR RIVER PARK POND,WASHINGTON,RAINBOW,306,8.85,1/7/2020,2020
VIRGINR RIVER PARK POND,WASHINGTON,RAINBOW,161,17.58,1/23/2020,2020
VIRGINR RIVER PARK POND,WASHINGTON,RAINBOW,349,10.04,2/26/2020,2020
VIRGINR RIVER PARK POND,WASHINGTON,RAINBOW,191,10.36,3/4/2020,2020
VIRGINR RIVER PARK POND,WASHINGTON,RAINBOW,416,10.07,3/17/2020,2020
VIRGINR RIVER PARK POND,WASHINGTON,RAINBOW,313,9.43,11/5/2020,2020
VIRGINR RIVER PARK POND,WASHINGTON,RAINBOW,359,10.06,11/23/2020,2020
VIRGINR RIVER PARK POND,WASHINGTON,RAINBOW,324,10.95,12/17/2020,2020
VIVIAN PARK P,UTAH,RAINBOW,800,9.75,5/13/2020,2020
VIVIAN PARK P,UTAH,RAINBOW,500,10,5/26/2020,2020
VIVIAN PARK P,UTAH,RAINBOW,500,10,6/25/2020,2020
VIVIAN PARK P,UTAH,RAINBOW,502,9.31,7/14/2020,2020
VIVIAN PARK P,UTAH,RAINBOW,508,8.94,8/3/2020,2020
VIVIAN PARK P,UTAH,RAINBOW,498,9.12,8/17/2020,2020
W-52,SUMMIT,BROOK TROUT,363,2.47,7/30/2020,2020
WALL L A-29,SUMMIT,TIGER TROUT,1854,2.4,7/31/2020,2020
WALL L U-99,DUCHESNE,GRAYLING ARCTIC,504,2.81,9/21/2020,2020
WANRHODES CR,UTAH,CUTTHROAT,518,2.15,10/8/2020,2020
WARDSWORTH CR,UTAH,CUTTHROAT,518,2.15,10/8/2020,2020
WARNER L,GRAND,RAINBOW,830,10.17,5/22/2020,2020
WARNER L,GRAND,RAINBOW,783,10.06,7/14/2020,2020
WASATCH MTN STATE PARK P,WASATCH,RAINBOW,600,8.05,3/31/2020,2020
WASATCH MTN STATE PARK P,WASATCH,WIPER,250,7.59,4/9/2020,2020
WASATCH MTN STATE PARK P,WASATCH,RAINBOW,500,9.75,5/11/2020,2020
WASATCH MTN STATE PARK P,WASATCH,WIPER,300,8.55,5/14/2020,2020
WASATCH MTN STATE PARK P,WASATCH,RAINBOW,600,10,5/27/2020,2020
WASATCH MTN STATE PARK P,WASATCH,RAINBOW,600,10,6/8/2020,2020
WASATCH MTN STATE PARK P,WASATCH,RAINBOW,1200,10,6/16/2020,2020
WASATCH MTN STATE PARK P,WASATCH,RAINBOW,600,9.41,6/27/2020,2020
WASATCH MTN STATE PARK P,WASATCH,RAINBOW,602,9.21,6/30/2020,2020
WASATCH MTN STATE PARK P,WASATCH,RAINBOW,602,9.21,7/6/2020,2020
WASATCH MTN STATE PARK P,WASATCH,RAINBOW,601,9.31,7/14/2020,2020
WASATCH MTN STATE PARK P,WASATCH,BROOK TROUT,497,3.66,8/3/2020,2020
WASATCH MTN STATE PARK P,WASATCH,WIPER,299,10.28,8/11/2020,2020
WASHINGTON L A-23,SUMMIT,RAINBOW,1000,10,6/9/2020,2020
WASHINGTON L A-23,SUMMIT,RAINBOW,749,9.21,7/6/2020,2020
WASHINGTON L A-23,SUMMIT,RAINBOW,798,9.52,7/21/2020,2020
WASHINGTON L A-23,SUMMIT,RAINBOW,986,11.99,7/24/2020,2020
WASHINGTON L A-23,SUMMIT,TIGER TROUT,609,8.31,7/24/2020,2020
WASHINGTON L A-23,SUMMIT,BROOK TROUT,1993,2.49,7/27/2020,2020
WASHINGTON L A-23,SUMMIT,TIGER TROUT,1000,8.31,7/28/2020,2020
WASHINGTON L A-23,SUMMIT,RAINBOW,753,8.94,8/3/2020,2020
WASHINGTON L A-23,SUMMIT,TIGER TROUT,600,8.31,8/10/2020,2020
WASHINGTON L A-23,SUMMIT,RAINBOW,749,9.12,8/17/2020,2020
WASHINGTON L A-23,SUMMIT,TIGER TROUT,598,9.03,8/24/2020,2020
WASHINGTON L A-23,SUMMIT,TIGER TROUT,601,8.66,9/9/2020,2020
WASHINGTON L A-23,SUMMIT,GRAYLING ARCTIC,5130,2.81,9/29/2020,2020
WATSON L A-27,SUMMIT,BROOK TROUT,297,2.47,7/30/2020,2020
WEAVER RES,GRAND,CUTTHROAT,2000,5.92,7/14/2020,2020
WEBER R,WEBER,RAINBOW,935,9.31,5/11/2020,2020
WEBER R,WEBER,RAINBOW,935,9.86,6/11/2020,2020
WEBER R,SUMMIT,RAINBOW,100,10,6/23/2020,2020
WEBER R,SUMMIT,RAINBOW,100,10,6/23/2020,2020
WEBER R,SUMMIT,RAINBOW,100,10,6/23/2020,2020
WEBER R,SUMMIT,RAINBOW,99,9.21,7/6/2020,2020
WEBER R,SUMMIT,RAINBOW,99,9.21,7/6/2020,2020
WEBER R,SUMMIT,RAINBOW,99,9.21,7/6/2020,2020
WEBER R,SUMMIT,RAINBOW,102,11.99,7/24/2020,2020
WEBER R,SUMMIT,RAINBOW,102,11.99,7/24/2020,2020
WEBER R,SUMMIT,RAINBOW,102,11.99,7/24/2020,2020
WEBER R,SUMMIT,RAINBOW,95,8.94,8/4/2020,2020
WEBER R,SUMMIT,RAINBOW,95,8.94,8/4/2020,2020
WEBER R,SUMMIT,RAINBOW,95,8.94,8/4/2020,2020
WEBER R,WEBER,RAINBOW,935,8.57,8/4/2020,2020
WEBER R,SUMMIT,RAINBOW,99,9.12,8/17/2020,2020
WEBER R,SUMMIT,RAINBOW,99,9.12,8/17/2020,2020
WEBER R,SUMMIT,RAINBOW,99,9.12,8/17/2020,2020
WELLSVILLE RES,CACHE,RAINBOW,2004,7.47,3/17/2020,2020
WELLSVILLE RES,CACHE,RAINBOW,2288,9.09,4/27/2020,2020
WELLSVILLE RES,CACHE,RAINBOW,1098,9.03,5/7/2020,2020
WELLSVILLE RES,CACHE,RAINBOW,1260,9.41,5/20/2020,2020
WELLSVILLE RES,CACHE,RAINBOW,198,19.64,9/22/2020,2020
WELLSVILLE RES,CACHE,RAINBOW,1502,10.27,9/22/2020,2020
WELLSVILLE RES,CACHE,BASS LARGEMOUTH,539,3.19,9/24/2020,2020
WELLSVILLE RES,CACHE,RAINBOW,1248,9.87,10/6/2020,2020
WELLSVILLE RES,CACHE,RAINBOW,1000,10.12,10/20/2020,2020
WELLSVILLE RES,CACHE,RAINBOW,1001,11.16,11/3/2020,2020
WHISKEY ISLAND L BR3,SUMMIT,GRAYLING ARCTIC,1008,2.81,9/21/2020,2020
WHITE PINE L,SALT LAKE,CUTTHROAT,2002,2.13,9/22/2020,2020
WHITNEY RES,SUMMIT,RAINBOW,2541,9.19,6/2/2020,2020
WHITNEY RES,SUMMIT,RAINBOW,2498,9.72,6/11/2020,2020
WHITNEY RES,SUMMIT,TIGER TROUT,9975,3.69,7/7/2020,2020
WHITNEY RES,SUMMIT,TIGER TROUT,9975,3.69,7/7/2020,2020
WHITNEY RES,SUMMIT,RAINBOW,2219,11.99,7/24/2020,2020
WIDE HOLLOW RES,GARFIELD,RAINBOW,3042,10.03,10/26/2020,2020
WIGWAM L WR-54,DUCHESNE,BROOK TROUT,677,3.49,7/6/2020,2020
WILLARD BAY RES,BOX ELDER,WIPER,2647,6.99,4/2/2020,2020
WILLARD BAY RES,BOX ELDER,WIPER,2697,7.4,4/30/2020,2020
WILLARD BAY RES,BOX ELDER,WIPER,250000,0.38,5/7/2020,2020
WILLARD BAY RES,BOX ELDER,WALLEYE,11261,2.79,5/26/2020,2020
WILLARD BAY RES,BOX ELDER,WALLEYE,4248,3.11,6/2/2020,2020
WILLARD BAY RES,BOX ELDER,WIPER,1696,8.44,6/9/2020,2020
WILLARD BAY RES,BOX ELDER,WIPER,5087,4.51,9/29/2020,2020
WILLARD CR POND,BOX ELDER,RAINBOW,99,7.83,3/10/2020,2020
WILLARD CR POND,BOX ELDER,RAINBOW,203,9.47,5/26/2020,2020
WILLARD CR POND,BOX ELDER,RAINBOW,100,9.75,6/3/2020,2020
WILLARD CR POND,BOX ELDER,RAINBOW,102,9.41,6/8/2020,2020
WILLARD CR POND,BOX ELDER,RAINBOW,155,9.31,9/1/2020,2020
WILLARD CR POND,BOX ELDER,RAINBOW,151,9.75,9/28/2020,2020
WILLARD CR POND,BOX ELDER,RAINBOW,102,10.36,10/22/2020,2020
WILLARD CR POND,BOX ELDER,RAINBOW,99,10.42,11/3/2020,2020
WILLOW CREEK POND,UTAH,RAINBOW,954,10.15,3/9/2020,2020
WILLOW CREEK POND,UTAH,BASS LARGEMOUTH,300,3.22,9/24/2020,2020
WILLOW CREEK POND,UTAH,SUNFISH BLUEGILL,2004,2.46,9/24/2020,2020
WILLOW L,SANPETE,RAINBOW,999,11.25,6/15/2020,2020
WILLOW L,SANPETE,RAINBOW,770,10.53,6/30/2020,2020
WILLOW L,SANPETE,TIGER TROUT,2981,3.69,7/8/2020,2020
WILLOW L,SANPETE,RAINBOW,525,12.24,9/30/2020,2020
WILLOW L,SANPETE,RAINBOW,855,11.05,9/30/2020,2020
WILLOW PARK PND,SALT LAKE,RAINBOW,778,9.17,1/30/2020,2020
WILLOW PARK PND,SALT LAKE,RAINBOW,173,17.58,1/30/2020,2020
WILLOW PARK PND,SALT LAKE,RAINBOW,956,10.6,4/29/2020,2020
WILLOW PARK PND,SALT LAKE,RAINBOW,954,9.52,5/11/2020,2020
WILLOW PARK PND,SALT LAKE,RAINBOW,956,9.46,5/18/2020,2020
WILLOW PARK PND,SALT LAKE,RAINBOW,954,9.52,5/26/2020,2020
WILLOW PARK PND,SALT LAKE,RAINBOW,956,9.46,6/1/2020,2020
WILLOW PARK PND,SALT LAKE,RAINBOW,955,9.63,6/9/2020,2020
WILLOW PARK PND,SALT LAKE,CHANNEL CATFISH,700,13.57,6/11/2020,2020
WILLOW PARK PND,SALT LAKE,RAINBOW,500,9.4,9/8/2020,2020
WILLOW PARK PND,SALT LAKE,RAINBOW,499,9.42,9/14/2020,2020
WILLOW PARK PND,SALT LAKE,CHANNEL CATFISH,2000,2.48,9/15/2020,2020
WILLOW PARK PND,SALT LAKE,RAINBOW,500,9.71,9/21/2020,2020
WILLOW PARK PND,SALT LAKE,BASS LARGEMOUTH,200,3.19,9/24/2020,2020
WILLOW PARK PND,SALT LAKE,SUNFISH BLUEGILL,2989,2.46,9/24/2020,2020
WILLOW PARK PND,SALT LAKE,TIGER TROUT,495,9.12,10/5/2020,2020
WILLOW PARK PND,SALT LAKE,RAINBOW,499,9.42,10/5/2020,2020
WILLOW PARK PND,SALT LAKE,RAINBOW,499,9.46,10/13/2020,2020
WILLOW PARK PND,SALT LAKE,RAINBOW,499,9.52,10/19/2020,2020
WILLOW PARK PND,SALT LAKE,RAINBOW,499,9.52,11/2/2020,2020
WILLOW PARK PND,SALT LAKE,RAINBOW,1500,8.27,11/24/2020,2020
WILLOW PARK PND,SALT LAKE,RAINBOW,1123,9.63,11/30/2020,2020
WOLF CR,DUCHESNE,CUTTHROAT,1000,1.98,11/1/2020,2020
WOODS POND,IRON,RAINBOW,301,11.2,5/28/2020,2020
WOODS POND,IRON,RAINBOW,201,11.2,5/28/2020,2020
WOODS POND,IRON,RAINBOW,528,11.38,6/17/2020,2020
WOODS POND,IRON,RAINBOW,493,11.28,6/29/2020,2020
WOODS POND,IRON,RAINBOW,506,10.29,7/20/2020,2020
WOODS POND,IRON,RAINBOW,501,9.63,8/19/2020,2020
"WPA POND, UPPER",SANPETE,RAINBOW,1800,10,7/1/2020,2020
WRIGLEY SPRING RES,EMERY,RAINBOW,999,11.25,6/15/2020,2020
WRIGLEY SPRING RES,EMERY,RAINBOW,990,10.53,6/30/2020,2020
WRIGLEY SPRING RES,EMERY,TIGER TROUT,1995,3.69,7/8/2020,2020
WRIGLEY SPRING RES,EMERY,RAINBOW,760,11.05,9/30/2020,2020
X- 85,DUCHESNE,BROOK TROUT,473,3.15,7/6/2020,2020
X- 86,DUCHESNE,BROOK TROUT,701,3.15,7/6/2020,2020
Y-20,DUCHESNE,BROOK TROUT,373,3.15,7/6/2020,2020
YANKEE MEADOW RES,IRON,RAINBOW,1928,9.76,5/21/2020,2020
YANKEE MEADOW RES,IRON,RAINBOW,3885,2.81,5/21/2020,2020
YANKEE MEADOW RES,IRON,BROOK TROUT,2003,2.55,7/1/2020,2020
YANKEE MEADOW RES,IRON,RAINBOW,1085,10.18,7/15/2020,2020
YANKEE MEADOW RES,IRON,CUTTHROAT,5643,2.13,9/15/2020,2020
YEARNS RES,SANPETE,RAINBOW,1500,9.41,5/7/2020,2020
YEARNS RES,SANPETE,RAINBOW,1008,9.63,5/13/2020,2020
YEARNS RES,SANPETE,RAINBOW,1008,9.63,5/26/2020,2020
YEARNS RES,SANPETE,RAINBOW,998,8.79,6/15/2020,2020
YEARNS RES,SANPETE,RAINBOW,1008,10.14,6/24/2020,2020
YEARNS RES,SANPETE,RAINBOW,999,11.16,9/9/2020,2020
YELLOW LAKE NCL,GARFIELD,BROOK TROUT,154,2.69,7/1/2020,2020
"YELLOWPINE,LOWER W66",SUMMIT,BROOK TROUT,198,2.47,7/30/2020,2020
"YELLOWPINE,UPPER W65",SUMMIT,BROOK TROUT,297,2.47,7/30/2020,2020
YELLOWSTONE R,DUCHESNE,RAINBOW,997,9.72,6/26/2020,2020
YELLOWSTONE R,DUCHESNE,RAINBOW,999,9.83,7/8/2020,2020
YUBA RES (SEVIER BRG,JUAB,RAINBOW,1050,10.09,4/2/2020,2020
YUBA RES (SEVIER BRG,JUAB,RAINBOW,1050,10.09,4/2/2020,2020
YUBA RES (SEVIER BRG,JUAB,WIPER,1596,8.41,5/14/2020,2020
YUBA RES (SEVIER BRG,JUAB,WIPER,2099,8.28,5/14/2020,2020
YUBA RES (SEVIER BRG,JUAB,CHANNEL CATFISH,6880,3.61,9/14/2020,2020
YUBA RES (SEVIER BRG,JUAB,CHANNEL CATFISH,18601,2.48,9/14/2020,2020
YUBA RES (SEVIER BRG,JUAB,TIGER TROUT,7900,5.62,9/23/2020,2020
YUBA RES (SEVIER BRG,JUAB,TIGER TROUT,9480,5.62,9/23/2020,2020
YUBA RES (SEVIER BRG,JUAB,TIGER TROUT,9480,5.62,9/23/2020,2020
YUBA RES (SEVIER BRG,JUAB,TIGER TROUT,9480,5.62,9/23/2020,2020
YUBA RES (SEVIER BRG,JUAB,TIGER TROUT,9480,5.62,9/23/2020,2020
YUBA RES (SEVIER BRG,JUAB,TIGER TROUT,9480,5.62,9/23/2020,2020
YUBA RES (SEVIER BRG,JUAB,TIGER TROUT,6320,5.62,9/24/2020,2020
YUBA RES (SEVIER BRG,JUAB,TIGER TROUT,3239,5.62,9/24/2020,2020
YUBA RES (SEVIER BRG,JUAB,RAINBOW,5088,6.47,10/5/2020,2020
YUBA RES (SEVIER BRG,JUAB,RAINBOW,5088,6.47,10/5/2020,2020
ABERDUNK L FL,SEVIER,TIGER TROUT,98,2.95,7/6/2021,2021
ABES RES,SEVIER,BROOK TROUT,101,3.1,7/27/2021,2021
ACADEMY MILL RES,SANPETE,TIGER TROUT,2987,2.95,7/6/2021,2021
ADAMS RESERVOIR,DAVIS,RAINBOW,1120,9.44,3/9/2021,2021
ADAMS RESERVOIR,DAVIS,RAINBOW,1099,9.44,3/15/2021,2021
ADAMS RESERVOIR,DAVIS,RAINBOW,1375,9.62,3/29/2021,2021
ADAMS RESERVOIR,DAVIS,RAINBOW,1201,9.4,4/11/2021,2021
ADAMS RESERVOIR,DAVIS,RAINBOW,1199,9.63,4/12/2021,2021
ADAMS RESERVOIR,DAVIS,RAINBOW,1201,9.43,4/26/2021,2021
ADAMS RESERVOIR,DAVIS,WIPER,2092,6.86,5/5/2021,2021
ADAMS RESERVOIR,DAVIS,RAINBOW,200,17.1,5/5/2021,2021
ADAMS RESERVOIR,DAVIS,RAINBOW,1099,9.52,5/10/2021,2021
ADAMS RESERVOIR,DAVIS,RAINBOW,1255,9.66,6/1/2021,2021
ADAMS RESERVOIR,DAVIS,RAINBOW,999,10.36,9/7/2021,2021
ADAMS RESERVOIR,DAVIS,RAINBOW,1001,9.43,9/20/2021,2021
ADAMS RESERVOIR,DAVIS,RAINBOW,999,9.5,10/4/2021,2021
ADAMS RESERVOIR,DAVIS,RAINBOW,1998,9.62,10/18/2021,2021
ADAMS RESERVOIR,DAVIS,RAINBOW,700,7.75,10/29/2021,2021
ALEXANDER L A-1,SUMMIT,BROOK TROUT,2300,2.79,6/28/2021,2021
AMERICAN FK CR,UTAH,RAINBOW,1100,10.15,6/8/2021,2021
AMERICAN FK CR,UTAH,RAINBOW,551,10.13,6/21/2021,2021
AMERICAN FK CR,UTAH,RAINBOW,1100,10.37,6/28/2021,2021
AMERICAN FK CR,UTAH,RAINBOW,551,11.17,7/12/2021,2021
AMERICAN FK CR,UTAH,RAINBOW,550,10.45,7/27/2021,2021
AMERICAN FK CR,UTAH,RAINBOW,549,10.1,8/9/2021,2021
AMERICAN FK CR,UTAH,CUTTHROAT,3009,2.25,10/13/2021,2021
"AMERICAN FK CR, N FK",UTAH,RAINBOW,751,10.15,6/8/2021,2021
"AMERICAN FK CR, N FK",UTAH,RAINBOW,377,10.13,6/21/2021,2021
"AMERICAN FK CR, N FK",UTAH,RAINBOW,748,10.37,6/28/2021,2021
"AMERICAN FK CR, N FK",UTAH,RAINBOW,375,11.17,7/12/2021,2021
"AMERICAN FK CR, N FK",UTAH,RAINBOW,377,10.45,7/27/2021,2021
"AMERICAN FK CR, N FK",UTAH,RAINBOW,374,10.1,8/9/2021,2021
"AMERICAN FK CR, N FK",UTAH,CUTTHROAT,3014,2.43,10/13/2021,2021
"AMERICAN FK CR, N FK",UTAH,CUTTHROAT,1507,2.43,10/13/2021,2021
"AMERICAN FK CR, N FK",UTAH,CUTTHROAT,4011,2.25,10/13/2021,2021
"AMERICAN FK CR, N FK",UTAH,CUTTHROAT,1500,2.58,11/16/2021,2021
ANDERSON MEADOW,BEAVER,RAINBOW,1100,9.91,6/3/2021,2021
ANDERSON MEADOW,BEAVER,TIGER TROUT,1498,10.07,6/3/2021,2021
ANDERSON MEADOW,BEAVER,RAINBOW,1008,10.5,7/13/2021,2021
ANNABELLA RES,SEVIER,RAINBOW,500,9.81,5/26/2021,2021
ASAY CR,GARFIELD,RAINBOW,24196,2.74,5/10/2021,2021
ASAY CR,GARFIELD,BROWN TROUT,7240,4.17,5/11/2021,2021
ASAY CR,GARFIELD,RAINBOW,803,10.44,5/28/2021,2021
"ASHLEY CR, S FK",UINTAH,RAINBOW,214,9.47,6/18/2021,2021
"ASHLEY CR, S FK",UINTAH,RAINBOW,200,10.46,7/7/2021,2021
ASPEN MIRROR L,KANE,RAINBOW,490,10.23,5/12/2021,2021
ASPEN MIRROR L,KANE,TIGER TROUT,558,9.26,5/12/2021,2021
ASPEN MIRROR L,KANE,RAINBOW,658,10.44,5/26/2021,2021
ASPEN MIRROR L,KANE,RAINBOW,627,10.95,6/9/2021,2021
ASPEN MIRROR L,KANE,RAINBOW,630,11.25,6/23/2021,2021
ASPEN MIRROR L,KANE,RAINBOW,598,11.13,7/7/2021,2021
ATWINE L X-64,DUCHESNE,BROOK TROUT,1355,3.32,7/1/2021,2021
AZURE (LOCK) L A-11,SUMMIT,GRAYLING ARCTIC,301,2.65,9/21/2021,2021
BAKER RES,WASHINGTON,RAINBOW,3250,9.83,9/27/2021,2021
BAKER RES,WASHINGTON,RAINBOW,3250,9.83,9/27/2021,2021
BAKER RES,WASHINGTON,SUNFISH BLUEGILL,10002,2.21,10/7/2021,2021
BAKER RES,WASHINGTON,BASS LARGEMOUTH,1000,3.34,10/7/2021,2021
BAKER SP,BOX ELDER,RAINBOW,500,9.23,4/20/2021,2021
BAR M SP,BOX ELDER,RAINBOW,500,9.23,4/20/2021,2021
BARKER RES NCL,GARFIELD,RAINBOW,1000,9.91,6/2/2021,2021
BARKER RES NCL,GARFIELD,BROOK TROUT,501,2.76,7/6/2021,2021
"BARKER RES,LOWER NCL",GARFIELD,SPLAKE,166,3.33,7/6/2021,2021
"BARKER RES,LOWER NCL",GARFIELD,TIGER TROUT,241,3.09,7/13/2021,2021
BARNEY L,SEVIER,TIGER TROUT,1011,2.79,7/1/2021,2021
BARNEY L,SEVIER,CUTTHROAT,5940,2.13,9/2/2021,2021
BARTHOLOMEW PARK POND,UTAH,RAINBOW,1004,8.41,3/10/2021,2021
BARTHOLOMEW PARK POND,UTAH,RAINBOW,1503,8.93,4/7/2021,2021
BARTHOLOMEW PARK POND,UTAH,RAINBOW,1749,9.09,4/14/2021,2021
BARTHOLOMEW PARK POND,UTAH,RAINBOW,751,9.37,5/5/2021,2021
BARTHOLOMEW PARK POND,UTAH,RAINBOW,999,9.71,5/26/2021,2021
BARTHOLOMEW PARK POND,UTAH,RAINBOW,973,9.7,6/2/2021,2021
BARTHOLOMEW PARK POND,UTAH,RAINBOW,299,12.47,6/3/2021,2021
BARTHOLOMEW PARK POND,UTAH,RAINBOW,728,10.45,9/7/2021,2021
BARTHOLOMEW PARK POND,UTAH,RAINBOW,999,9.69,9/21/2021,2021
BARTHOLOMEW PARK POND,UTAH,RAINBOW,900,10.77,10/4/2021,2021
BARTHOLOMEW PARK POND,UTAH,TIGER TROUT,1500,6.59,11/24/2021,2021
BATTLE CR,UTAH,CUTTHROAT,1015,2.18,10/27/2021,2021
BEAR L,RICH,CUTTHROAT,12460,6.85,5/10/2021,2021
BEAR L,RICH,CUTTHROAT,53400,6.85,5/10/2021,2021
BEAR L,RICH,CUTTHROAT,12460,6.85,5/11/2021,2021
BEAR L,RICH,CUTTHROAT,56115,6.85,5/11/2021,2021
BEAR L,RICH,CUTTHROAT,28213,6.85,5/12/2021,2021
BEAR L,RICH,CUTTHROAT,6764,6.85,5/12/2021,2021
BEAR L,RICH,LAKE TROUT,36103,4.93,11/15/2021,2021
BEAR R,SUMMIT,RAINBOW,170,9.32,6/14/2021,2021
BEAR R,SUMMIT,RAINBOW,124,9.32,7/7/2021,2021
BEAR R,SUMMIT,RAINBOW,122,10.14,8/2/2021,2021
BEAVER CR,SUMMIT,RAINBOW,248,9.68,6/1/2021,2021
BEAVER CR,SUMMIT,RAINBOW,250,9.32,6/14/2021,2021
BEAVER CR,SUMMIT,RAINBOW,247,9.32,6/28/2021,2021
BEAVER CR,SUMMIT,RAINBOW,99,9.32,7/6/2021,2021
BEAVER CR,SUMMIT,RAINBOW,170,9.32,7/11/2021,2021
BEAVER CR,SUMMIT,RAINBOW,259,10.14,7/20/2021,2021
BEAVER CR,SUMMIT,RAINBOW,250,10.14,8/2/2021,2021
BEAVER DAMS NBS,WAYNE,BROOK TROUT,203,2.76,7/6/2021,2021
BEAVER L BR-10,SUMMIT,RAINBOW,1498,9.29,6/10/2021,2021
BEAVER R,BEAVER,RAINBOW,4034,3.69,3/17/2021,2021
BEAVER R,BEAVER,BROWN TROUT,8030,3.3,4/5/2021,2021
BEAVER R,BEAVER,RAINBOW,531,9.46,4/5/2021,2021
BEAVER R,BEAVER,RAINBOW,158,10.5,4/22/2021,2021
BEAVER R,BEAVER,BROWN TROUT,2006,3.86,4/27/2021,2021
BEAVER R,BEAVER,RAINBOW,158,10.5,5/18/2021,2021
BEAVER R,BEAVER,RAINBOW,1000,10.64,5/18/2021,2021
BEAVER R,BEAVER,RAINBOW,516,9.94,6/9/2021,2021
BEAVER R,BEAVER,RAINBOW,158,10.5,6/23/2021,2021
BEAVER R,BEAVER,RAINBOW,147,10.5,7/13/2021,2021
BEAVER R,BEAVER,RAINBOW,518,10.09,7/13/2021,2021
BEAVER R,BEAVER,RAINBOW,158,10.08,8/2/2021,2021
BEDGROUND L Z-46,DUCHESNE,GRAYLING ARCTIC,301,2.65,9/21/2021,2021
BEE TREE,SANPETE,BROOK TROUT,202,2.81,6/29/2021,2021
BELL CR,SALT LAKE,CUTTHROAT,2003,2.43,10/13/2021,2021
BENCHS POND,SANPETE,RAINBOW,1500,10.77,5/26/2021,2021
BENCHS POND,SANPETE,RAINBOW,500,10.77,6/29/2021,2021
BENCHS POND,SANPETE,RAINBOW,504,10.14,7/21/2021,2021
BENNIE CR,UTAH,CUTTHROAT,1508,2.18,10/27/2021,2021
BENNION L GR-134,SUMMIT,BROOK TROUT,771,3.32,7/1/2021,2021
BESS L BTN,GARFIELD,BROOK TROUT,252,2.71,7/6/2021,2021
BESS L BTN,GARFIELD,GRAYLING ARCTIC,258,2.65,9/23/2021,2021
BETH L A-6,SUMMIT,BROOK TROUT,299,2.79,6/28/2021,2021
BETSEY L X-7,DUCHESNE,CUTTHROAT,4023,1.9,9/22/2021,2021
BIG BEAR CR,SANPETE,CUTTHROAT,10071,1.89,9/23/2021,2021
BIG COTTONWOOD CR,SALT LAKE,CUTTHROAT,4513,2.25,10/13/2021,2021
BIG CR,RICH,CUTTHROAT,3360,3.24,9/14/2021,2021
"BIG HOLLOW, UPPER",GARFIELD,TIGER TROUT,519,9.48,6/29/2021,2021
BIG L,SEVIER,RAINBOW,2030,10.52,5/10/2021,2021
BIG L,SEVIER,RAINBOW,715,12.2,5/10/2021,2021
BIG L BTS,GARFIELD,BROOK TROUT,202,2.71,7/6/2021,2021
BIG L BTS,GARFIELD,GRAYLING ARCTIC,494,2.65,9/23/2021,2021
BIG SANDWASH RES,DUCHESNE,RAINBOW,9900,7.89,3/23/2021,2021
BIG SANDWASH RES,DUCHESNE,RAINBOW,1563,10.11,11/2/2021,2021
BIRCH CR RES,RICH,TIGER TROUT,17993,2.86,6/8/2021,2021
BIRCH CR RES,RICH,RAINBOW,9983,4.38,6/8/2021,2021
BIRCH CR RES,RICH,TIGER TROUT,505,9.44,6/8/2021,2021
BIRCH CR RES,RICH,TIGER TROUT,12078,3.01,6/8/2021,2021
BITTER CR,UINTAH,CUTTHROAT,3996,2.06,9/27/2021,2021
BLACKSMITH FK,CACHE,RAINBOW,500,8.56,5/26/2021,2021
BLANCHE L,SALT LAKE,BROOK TROUT,909,2.79,6/30/2021,2021
BLANCHE L,SALT LAKE,CUTTHROAT,2000,2.46,9/21/2021,2021
BLANDING RES NO 3,SAN JUAN,RAINBOW,1163,9.91,3/24/2021,2021
BLANDING RES NO 3,SAN JUAN,RAINBOW,1145,10.5,4/26/2021,2021
BLANDING RES NO 3,SAN JUAN,RAINBOW,1050,10.5,5/19/2021,2021
BLANDING RES NO 4,SAN JUAN,RAINBOW,2000,9.91,3/24/2021,2021
BLANDING RES NO 4,SAN JUAN,RAINBOW,1502,10.5,4/26/2021,2021
BLANDING RES NO 4,SAN JUAN,TIGER TROUT,4502,2.91,6/30/2021,2021
BLANDING RES NO 4,SAN JUAN,RAINBOW,2526,10.69,8/24/2021,2021
BLIND L NBS,WAYNE,SPLAKE,412,3.33,7/6/2021,2021
BLIND L NBS,WAYNE,RAINBOW,5512,2.82,7/6/2021,2021
BLIND L NBS,WAYNE,GRAYLING ARCTIC,3010,2.65,9/23/2021,2021
BLIND L TLM,WAYNE,BROOK TROUT,108,3.03,8/3/2021,2021
BLUE L,SANPETE,TIGER TROUT,499,4.47,7/7/2021,2021
BLUE L,SAN JUAN,RAINBOW,840,10.5,7/8/2021,2021
BLUE L,SANPETE,GRAYLING ARCTIC,1505,2.65,9/23/2021,2021
BLUE L DF-1,UINTAH,BROOK TROUT,701,3.32,7/1/2021,2021
BLUE L GT,GARFIELD,SPLAKE,90,3.33,7/6/2021,2021
BLUE L GT,GARFIELD,GRAYLING ARCTIC,258,2.65,9/23/2021,2021
BLUE L NCL,GARFIELD,TIGER TROUT,193,3.09,7/13/2021,2021
BLUE RIBBON #1,SANPETE,BROOK TROUT,100,2.81,6/29/2021,2021
BLUE RIBBON #2,SANPETE,BROOK TROUT,100,2.81,6/29/2021,2021
BLYTHE L Z-20,DUCHESNE,BROOK TROUT,403,2.79,6/29/2021,2021
BOBS HOLE NBS,WAYNE,BROOK TROUT,203,2.76,7/6/2021,2021
BOBS HOLE NBS,WAYNE,TIGER TROUT,49,2.95,7/6/2021,2021
BONNIE L Z-6,DUCHESNE,BROOK TROUT,598,2.79,6/29/2021,2021
BOOKER L A-35,SUMMIT,BROOK TROUT,403,2.79,6/28/2021,2021
BOULGER POND,SANPETE,RAINBOW,1500,10.77,5/26/2021,2021
BOULGER POND,SANPETE,RAINBOW,500,10.77,6/29/2021,2021
BOULGER POND,SANPETE,RAINBOW,504,10.14,7/21/2021,2021
BOUNTIFUL POND,DAVIS,RAINBOW,799,9.44,3/1/2021,2021
BOUNTIFUL POND,DAVIS,RAINBOW,428,9.44,3/10/2021,2021
BOUNTIFUL POND,DAVIS,RAINBOW,1370,9.44,3/15/2021,2021
BOUNTIFUL POND,DAVIS,RAINBOW,1299,9.62,3/29/2021,2021
BOUNTIFUL POND,DAVIS,RAINBOW,1300,9.4,4/11/2021,2021
BOUNTIFUL POND,DAVIS,RAINBOW,1300,9.63,4/12/2021,2021
BOUNTIFUL POND,DAVIS,WIPER,2560,7.43,4/21/2021,2021
BOUNTIFUL POND,DAVIS,RAINBOW,1300,9.43,4/26/2021,2021
BOUNTIFUL POND,DAVIS,RAINBOW,998,9.52,5/10/2021,2021
BOUNTIFUL POND,DAVIS,RAINBOW,281,19.64,5/24/2021,2021
BOUNTIFUL POND,DAVIS,CHANNEL CATFISH,1100,13.57,5/27/2021,2021
BOUNTIFUL POND,DAVIS,RAINBOW,1300,9.66,6/1/2021,2021
BOUNTIFUL POND,DAVIS,RAINBOW,297,19.64,6/7/2021,2021
BOUNTIFUL POND,DAVIS,WIPER,448,7.79,6/8/2021,2021
BOUNTIFUL POND,DAVIS,RAINBOW,1400,10.36,9/7/2021,2021
BOUNTIFUL POND,DAVIS,RAINBOW,1198,9.43,9/20/2021,2021
BOUNTIFUL POND,DAVIS,RAINBOW,576,9.54,9/29/2021,2021
BOUNTIFUL POND,DAVIS,RAINBOW,800,9.5,10/4/2021,2021
BOUNTIFUL POND,DAVIS,RAINBOW,2100,10.44,10/5/2021,2021
BOUNTIFUL POND,DAVIS,RAINBOW,2023,9.62,10/18/2021,2021
BOUNTIFUL POND,DAVIS,LAKE TROUT,85,25.2,10/28/2021,2021
BOUNTIFUL POND,DAVIS,RAINBOW,800,10.77,11/1/2021,2021
BOUNTIFUL POND,DAVIS,LAKE TROUT,139,25.2,11/4/2021,2021
BOUNTIFUL POND,DAVIS,RAINBOW,705,11.86,11/9/2021,2021
BOURBON L BR-1,SUMMIT,BROOK TROUT,46,2.79,6/29/2021,2021
"BOWNS RES, LOWER",GARFIELD,RAINBOW,6216,4.81,4/12/2021,2021
"BOX CR RES, LOWER",PIUTE,RAINBOW,1014,12.2,5/18/2021,2021
"BOX CR RES, LOWER",PIUTE,TIGER TROUT,758,2.79,7/1/2021,2021
"BOX CR RES, UPPER",PIUTE,RAINBOW,572,12.2,5/18/2021,2021
"BOX CR RES, UPPER",PIUTE,TIGER TROUT,559,2.86,7/14/2021,2021
BR-44,SUMMIT,TIGER TROUT,346,2.69,6/30/2021,2021
BR-50,SUMMIT,BROOK TROUT,345,2.79,6/29/2021,2021
BR-55,SUMMIT,BROOK TROUT,230,2.79,6/29/2021,2021
BRAD'S SECRET,SANPETE,BROOK TROUT,100,2.81,6/29/2021,2021
BRIAN HEAD POND,IRON,TIGER TROUT,750,9.23,5/20/2021,2021
BRIAN HEAD POND,IRON,RAINBOW,480,10.04,5/24/2021,2021
BRIAN HEAD POND,IRON,RAINBOW,504,10.5,6/23/2021,2021
BRIAN HEAD POND,IRON,RAINBOW,1155,10.5,6/30/2021,2021
BRIDGER L G-20,SUMMIT,RAINBOW,1496,9.03,5/25/2021,2021
BRIDGER L G-20,SUMMIT,RAINBOW,1502,9.32,6/22/2021,2021
BRIDGER L G-20,SUMMIT,BROOK TROUT,2106,2.68,7/13/2021,2021
BRIDGER L G-20,SUMMIT,RAINBOW,1502,9.32,7/13/2021,2021
BRIDGER L G-20,SUMMIT,RAINBOW,1500,10.14,7/26/2021,2021
BROADHEAD L D-40,WASATCH,BROOK TROUT,897,2.79,6/29/2021,2021
BROUGH RES,UINTAH,RAINBOW,4125,7.89,3/23/2021,2021
BROUGH RES,UINTAH,BROWN TROUT,795,2.67,5/19/2021,2021
BROUGH RES,UINTAH,BROWN TROUT,1014,5.08,10/13/2021,2021
BROUGH RES,UINTAH,RAINBOW,1100,10.11,11/2/2021,2021
BROWNE L,DAGGETT,RAINBOW,1007,8.93,5/25/2021,2021
BROWNE L,DAGGETT,BROOK TROUT,1497,3.12,6/2/2021,2021
BROWNE L,DAGGETT,RAINBOW,2496,4.02,6/2/2021,2021
BROWNE L,DAGGETT,TIGER TROUT,994,2.73,6/2/2021,2021
BROWNE L,DAGGETT,RAINBOW,341,9.17,6/8/2021,2021
BROWNS DRAW RES,DUCHESNE,RAINBOW,10033,2.7,4/18/2021,2021
BROWNS DRAW RES,DUCHESNE,TIGER TROUT,4288,2.54,5/7/2021,2021
BROWNS DRAW RES,DUCHESNE,RAINBOW,4998,3.71,5/7/2021,2021
BROWNS DRAW RES,DUCHESNE,RAINBOW,1563,10.11,11/2/2021,2021
BROWNS DRAW RES,DUCHESNE,TIGER TROUT,499,6.93,11/29/2021,2021
BROWNS DRAW RES,DUCHESNE,TIGER TROUT,499,6.93,11/29/2021,2021
BUCKEYE L A-3,SUMMIT,BROOK TROUT,173,2.79,6/28/2021,2021
BUCKLEY SPRING,DUCHESNE,CUTTHROAT,75,6.11,7/6/2021,2021
BUD L Z-2,DUCHESNE,BROOK TROUT,564,2.79,6/28/2021,2021
BULLOCK RES,UINTAH,MUSKIE TIGER,881,1.04,4/20/2021,2021
BULLOCK RES,UINTAH,SUNFISH BLUEGILL,5208,2.67,5/13/2021,2021
BULLOCK RES,UINTAH,MUSKIE TIGER,900,4.11,7/15/2021,2021
BULLOCK RES,UINTAH,WIPER,884,2.19,8/12/2021,2021
BULLOCK RES,UINTAH,SUCKER,9776,2.21,10/7/2021,2021
BULLOCK RES,UINTAH,BASS LARGEMOUTH,2499,3.34,10/7/2021,2021
BURRASTON PONDS,JUAB,BROOK TROUT,201,15.51,2/8/2021,2021
BURRASTON PONDS,JUAB,BROWN TROUT,201,10.47,2/8/2021,2021
BURRASTON PONDS,JUAB,RAINBOW,1752,9.31,3/9/2021,2021
BURRASTON PONDS,JUAB,RAINBOW,1001,9.52,3/23/2021,2021
BURRASTON PONDS,JUAB,RAINBOW,1750,10,4/15/2021,2021
BURRASTON PONDS,JUAB,RAINBOW,500,10.77,4/22/2021,2021
BURRASTON PONDS,JUAB,RAINBOW,500,10.77,4/22/2021,2021
BURRASTON PONDS,JUAB,RAINBOW,500,10.77,4/29/2021,2021
BURRASTON PONDS,JUAB,RAINBOW,500,10.77,4/29/2021,2021
BURRASTON PONDS,JUAB,RAINBOW,1000,10.77,5/3/2021,2021
BURRASTON PONDS,JUAB,RAINBOW,999,10.44,5/13/2021,2021
BURRASTON PONDS,JUAB,RAINBOW,520,12.44,6/8/2021,2021
BURRASTON PONDS,JUAB,RAINBOW,1000,10.77,6/8/2021,2021
BURRASTON PONDS,JUAB,RAINBOW,1000,10.77,6/8/2021,2021
BURRASTON PONDS,JUAB,RAINBOW,998,10.6,9/8/2021,2021
BURRASTON PONDS,JUAB,RAINBOW,1020,11.37,10/12/2021,2021
BUTTERFLY L Z-1,DUCHESNE,TIGER TROUT,303,9.41,6/9/2021,2021
BUTTERFLY L Z-1,DUCHESNE,RAINBOW,300,9.29,6/9/2021,2021
BUTTERFLY L Z-1,DUCHESNE,RAINBOW,300,9.32,6/21/2021,2021
BUTTERFLY L Z-1,DUCHESNE,BROOK TROUT,495,2.79,7/1/2021,2021
BUTTERFLY L Z-1,DUCHESNE,TIGER TROUT,300,9.41,7/6/2021,2021
BUTTERFLY L Z-1,DUCHESNE,BROOK TROUT,147,13.96,7/7/2021,2021
BUTTERFLY L Z-1,DUCHESNE,RAINBOW,340,9.32,7/7/2021,2021
BUTTERFLY L Z-1,DUCHESNE,RAINBOW,300,9.32,7/12/2021,2021
BUTTERFLY L Z-1,DUCHESNE,RAINBOW,312,9.32,7/19/2021,2021
BUTTERFLY L Z-1,DUCHESNE,TIGER TROUT,308,9.63,7/20/2021,2021
BUTTERFLY L Z-1,DUCHESNE,RAINBOW,300,10.14,7/26/2021,2021
BUTTERFLY L Z-1,DUCHESNE,TIGER TROUT,299,9.26,8/2/2021,2021
BUTTERFLY L Z-1,DUCHESNE,RAINBOW,300,10.14,8/2/2021,2021
BUTTERFLY L Z-1,DUCHESNE,RAINBOW,300,10.14,8/9/2021,2021
BUTTERFLY L Z-1,DUCHESNE,TIGER TROUT,499,9.21,8/16/2021,2021
BUTTERFLY L Z-1,DUCHESNE,RAINBOW,301,12.13,8/17/2021,2021
BUTTERFLY L Z-1,DUCHESNE,RAINBOW,193,12.13,8/23/2021,2021
BUTTERFLY L Z-1,DUCHESNE,RAINBOW,210,12.13,8/30/2021,2021
CALDER RES,UINTAH,RAINBOW,3963,2.24,6/1/2021,2021
CALDER RES,UINTAH,BROWN TROUT,495,2.77,6/1/2021,2021
CAMP KOSTOPAULUS,SALT LAKE,RAINBOW,401,9.52,5/11/2021,2021
CANYON VIEW PARK PD,UTAH,RAINBOW,488,9.55,4/6/2021,2021
CANYON VIEW PARK PD,UTAH,RAINBOW,428,9.63,4/12/2021,2021
CANYON VIEW PARK PD,UTAH,RAINBOW,428,9.46,4/19/2021,2021
CANYON VIEW PARK PD,UTAH,WIPER,302,7.45,4/26/2021,2021
CANYON VIEW PARK PD,UTAH,RAINBOW,429,9.43,4/26/2021,2021
CANYON VIEW PARK PD,UTAH,RAINBOW,429,10.01,6/7/2021,2021
CANYON VIEW PARK PD,UTAH,RAINBOW,233,15.92,6/10/2021,2021
CARBON CNTY P,CARBON,RAINBOW,896,9.63,3/31/2021,2021
CARBON CNTY P,CARBON,RAINBOW,900,10.77,4/28/2021,2021
CARBON CNTY P,CARBON,CHANNEL CATFISH,1000,3.97,9/13/2021,2021
CART CR,DAGGETT,RAINBOW,230,9.7,6/15/2021,2021
CASPERS POND,CACHE,RAINBOW,500,8.56,5/26/2021,2021
CATHERINE L,SALT LAKE,BROOK TROUT,1196,2.79,6/29/2021,2021
CAUSEY RES,WEBER,TIGER TROUT,1020,9.03,5/17/2021,2021
CAUSEY RES,WEBER,RAINBOW,342,11.8,5/17/2021,2021
CAUSEY RES,WEBER,RAINBOW,2736,11.8,5/17/2021,2021
CAUSEY RES,WEBER,TIGER TROUT,15000,3.06,5/18/2021,2021
CAUSEY RES,WEBER,LAKE TROUT,6146,3.51,6/9/2021,2021
CEDAR CR,SANPETE,CUTTHROAT,1545,2.13,9/8/2021,2021
CHALK CR,MILLARD,RAINBOW,130,10.5,5/19/2021,2021
CHALK CR,MILLARD,TIGER TROUT,252,10.07,6/3/2021,2021
CHALK CR,MILLARD,RAINBOW,141,10.5,7/12/2021,2021
CHINA L G-21,SUMMIT,BROOK TROUT,6412,3.32,7/1/2021,2021
CHINA L G-21,SUMMIT,GRAYLING ARCTIC,3999,2.65,9/21/2021,2021
CHUCK L BTN,GARFIELD,BROOK TROUT,101,2.71,7/6/2021,2021
CLEAR CR,SEVIER,CUTTHROAT,10960,1.73,8/16/2021,2021
CLEAR CR,UTAH,CUTTHROAT,1536,2.18,10/27/2021,2021
CLEGG L A-47,SUMMIT,BROOK TROUT,253,2.79,6/28/2021,2021
CLEVELAND L WR-7,DUCHESNE,BROOK TROUT,2406,3.32,7/1/2021,2021
CLIFF L A-34,SUMMIT,TIGER TROUT,602,2.69,6/30/2021,2021
CLIFF L WR-49,DUCHESNE,BROOK TROUT,1997,3.32,7/1/2021,2021
CLIFF L WR-49,DUCHESNE,TIGER TROUT,1993,3.28,7/1/2021,2021
CLINTON POND,DAVIS,RAINBOW,499,9.44,3/8/2021,2021
CLINTON POND,DAVIS,RAINBOW,399,9.55,4/6/2021,2021
CLINTON POND,DAVIS,RAINBOW,300,15.83,4/13/2021,2021
CLINTON POND,DAVIS,RAINBOW,398,9.46,4/19/2021,2021
CLINTON POND,DAVIS,WIPER,499,7.8,4/27/2021,2021
CLINTON POND,DAVIS,RAINBOW,499,9.42,5/3/2021,2021
CLINTON POND,DAVIS,RAINBOW,499,9.55,5/17/2021,2021
CLINTON POND,DAVIS,RAINBOW,396,19.64,5/25/2021,2021
CLINTON POND,DAVIS,CHANNEL CATFISH,428,13.57,5/27/2021,2021
CLINTON POND,DAVIS,RAINBOW,600,11.86,11/9/2021,2021
COFFIN L GR-144,SUMMIT,TIGER TROUT,1997,2.69,6/30/2021,2021
COLD SPRING L,SEVIER,RAINBOW,792,10.04,5/20/2021,2021
COLD SPRING L,SEVIER,RAINBOW,735,10.5,7/15/2021,2021
COLD SPRING LAKES,BOX ELDER,RAINBOW,375,8.74,3/23/2021,2021
COLD SPRING LAKES,BOX ELDER,RAINBOW,375,8.05,4/29/2021,2021
COLD SPRING LAKES,BOX ELDER,RAINBOW,375,8.13,5/24/2021,2021
COLD SPRING LAKES,BOX ELDER,RAINBOW,375,8.33,6/30/2021,2021
COLD SPRING LAKES,BOX ELDER,RAINBOW,500,8.31,8/11/2021,2021
COLD SPRING LAKES,BOX ELDER,RAINBOW,500,9.39,9/2/2021,2021
COLD SPRING LAKES,BOX ELDER,RAINBOW,500,10.7,10/15/2021,2021
COLEMAN RES NBS,WAYNE,BROOK TROUT,255,2.56,6/23/2021,2021
COLEMAN RES NBS,WAYNE,RAINBOW,450,2.54,6/28/2021,2021
COMMUNITY L,SANPETE,RAINBOW,700,10.77,6/2/2021,2021
COMMUNITY L,SANPETE,RAINBOW,500,10.77,6/29/2021,2021
COMMUNITY L,SANPETE,TIGER TROUT,1000,4.47,7/8/2021,2021
COMMUNITY L,SANPETE,RAINBOW,996,10.14,7/8/2021,2021
COMMUNITY L,SANPETE,RAINBOW,500,10.77,9/13/2021,2021
CONTINENT L X-121,DUCHESNE,CUTTHROAT,2739,1.9,9/22/2021,2021
COOK L BT,WAYNE,RAINBOW,525,10.5,6/23/2021,2021
COOK L BT,WAYNE,BROOK TROUT,501,2.76,7/6/2021,2021
COOK L BT,WAYNE,TIGER TROUT,346,9.48,7/6/2021,2021
CORN CR,MILLARD,RAINBOW,130,10.5,5/19/2021,2021
CORN CR,MILLARD,TIGER TROUT,252,10.07,6/3/2021,2021
CORN CR,MILLARD,RAINBOW,141,10.5,7/12/2021,2021
CORNER BEAVER #1,SANPETE,BROOK TROUT,100,2.81,6/29/2021,2021
CORNER BEAVER #2,SANPETE,BROOK TROUT,202,2.81,6/29/2021,2021
COTTONWOOD RES,UINTAH,MUSKIE TIGER,1278,1.04,4/20/2021,2021
COTTONWOOD RES,UINTAH,SUNFISH BLUEGILL,10395,2.67,5/12/2021,2021
COTTONWOOD RES,UINTAH,BROWN TROUT,1995,2.67,5/19/2021,2021
COTTONWOOD RES,UINTAH,MUSKIE TIGER,1332,4.11,7/15/2021,2021
COTTONWOOD RES,UINTAH,WIPER,3489,2.19,8/12/2021,2021
COTTONWOOD RES,UINTAH,SUCKER,27214,2.21,10/7/2021,2021
COTTONWOOD RES,UINTAH,RAINBOW,1125,10.11,11/2/2021,2021
COVE CR,SANPETE,CUTTHROAT,7087,1.89,9/23/2021,2021
COVE L,SANPETE,TIGER TROUT,1000,4.47,7/8/2021,2021
COVE POND,SALT LAKE,RAINBOW,996,10.14,4/6/2021,2021
COVE POND,SALT LAKE,RAINBOW,500,10,4/13/2021,2021
COVE POND,SALT LAKE,RAINBOW,500,10.77,4/22/2021,2021
COVE POND,SALT LAKE,RAINBOW,500,10.77,4/29/2021,2021
COVE POND,SALT LAKE,RAINBOW,506,10.44,5/6/2021,2021
COVE POND,SALT LAKE,RAINBOW,1000,10.77,5/24/2021,2021
COVE POND,SALT LAKE,WIPER,126,7.53,5/25/2021,2021
COVE POND,SALT LAKE,CHANNEL CATFISH,60,13.57,5/27/2021,2021
COVE POND,SALT LAKE,RAINBOW,520,12.44,6/8/2021,2021
COVE POND,SALT LAKE,CHANNEL CATFISH,150,13.57,6/10/2021,2021
COVE POND,SALT LAKE,RAINBOW,704,11.6,10/19/2021,2021
COW POND,SANPETE,BROOK TROUT,198,2.81,6/29/2021,2021
CRATER L BTS,GARFIELD,BROOK TROUT,202,2.71,7/6/2021,2021
CRATER L BTS,GARFIELD,GRAYLING ARCTIC,151,2.65,9/23/2021,2021
CRATER L X-94,DUCHESNE,TIGER TROUT,697,3.28,7/1/2021,2021
CRATER L-LOST L,SEVIER,BROOK TROUT,55,3.01,7/27/2021,2021
CRESCENT L BTS,GARFIELD,CUTTHROAT,500,2.32,9/20/2021,2021
CRYSTAL L A-51,SUMMIT,BROOK TROUT,1000,2.79,6/28/2021,2021
CUB L BT,WAYNE,BROOK TROUT,51,2.71,7/6/2021,2021
CUBERANT NO 1 W-42,SUMMIT,BROOK TROUT,403,2.79,6/29/2021,2021
CURRANT CR,WASATCH,RAINBOW,480,9.21,6/1/2021,2021
CURRANT CR,WASATCH,RAINBOW,515,9.47,6/16/2021,2021
CURRANT CR RES,WASATCH,CUTTHROAT,5954,5,5/12/2021,2021
CURRANT CR RES,WASATCH,RAINBOW,2928,8.96,5/23/2021,2021
CURRANT CR RES,WASATCH,TIGER TROUT,7811,2.82,5/23/2021,2021
CURRANT CR RES,WASATCH,RAINBOW,3030,8.93,5/24/2021,2021
CURRANT CR RES,WASATCH,RAINBOW,5033,8.96,5/24/2021,2021
CURRANT CR RES,WASATCH,CUTTHROAT,15,7.3,6/16/2021,2021
CURRANT CR RES,WASATCH,TIGER TROUT,1006,6.93,11/29/2021,2021
DALE L Z-39,DUCHESNE,BROOK TROUT,1495,2.79,6/30/2021,2021
DANIELS CR,WASATCH,CUTTHROAT,5016,2.43,10/13/2021,2021
DARK CYN L,SAN JUAN,RAINBOW,756,10.5,7/8/2021,2021
DARK CYN L,SAN JUAN,TIGER TROUT,499,4.47,7/20/2021,2021
DARK CYN L,SAN JUAN,GRAYLING ARCTIC,1011,2.65,9/23/2021,2021
DAYNES L Z-38,DUCHESNE,BROOK TROUT,2001,2.79,6/29/2021,2021
DEAD L BTS,GARFIELD,GRAYLING ARCTIC,301,2.65,9/23/2021,2021
DEADMAN CR,SUMMIT,CUTTHROAT,252,3.24,9/14/2021,2021
DEADMAN L GR-38,UINTAH,BROOK TROUT,1051,3.32,7/1/2021,2021
DEAN L Z-40,DUCHESNE,BROOK TROUT,1599,2.79,6/30/2021,2021
DEEP CR L TLM,WAYNE,BROOK TROUT,202,2.71,7/6/2021,2021
DEEP L,SEVIER,RAINBOW,1500,9.81,5/26/2021,2021
DEEP L,SANPETE,RAINBOW,1250,10.77,6/15/2021,2021
DEEP L,SANPETE,RAINBOW,1250,10.77,6/15/2021,2021
DEEP L,SANPETE,RAINBOW,400,10.77,6/17/2021,2021
DEEP L,SANPETE,BROOK TROUT,202,2.81,6/29/2021,2021
DEER CR L EBS,GARFIELD,BROOK TROUT,996,2.71,7/6/2021,2021
DEER CR L EBS,GARFIELD,TIGER TROUT,98,2.95,7/6/2021,2021
DEER CR L EBS,GARFIELD,CUTTHROAT,4000,2.32,9/20/2021,2021
DEER CR RES,WASATCH,RAINBOW,773,9.62,3/24/2021,2021
DEER CR RES,WASATCH,RAINBOW,759,9.62,3/24/2021,2021
DEER CR RES,WASATCH,RAINBOW,759,9.62,3/24/2021,2021
DEER CR RES,WASATCH,RAINBOW,703,9.62,3/24/2021,2021
DEER CR RES,WASATCH,RAINBOW,633,9.62,3/24/2021,2021
DEER CR RES,WASATCH,RAINBOW,1065,9.62,3/30/2021,2021
DEER CR RES,WASATCH,RAINBOW,2009,9.55,4/7/2021,2021
DEER CR RES,WASATCH,RAINBOW,2103,9.52,5/12/2021,2021
DEER CR RES,WASATCH,RAINBOW,1034,9.55,5/18/2021,2021
DEER CR RES,WASATCH,RAINBOW,1502,9.71,5/25/2021,2021
DEER CR RES,WASATCH,RAINBOW,1638,9.71,5/25/2021,2021
DEER CR RES,WASATCH,RAINBOW,970,9.66,6/2/2021,2021
DEER CR RES,WASATCH,RAINBOW,1385,9.66,6/2/2021,2021
DEER CR RES,WASATCH,RAINBOW,747,10.01,6/8/2021,2021
DEER CR RES,WASATCH,RAINBOW,1308,10.01,6/8/2021,2021
DEER CR RES,WASATCH,RAINBOW,661,10.1,6/14/2021,2021
DEER CR RES,WASATCH,RAINBOW,1250,10.77,6/15/2021,2021
DEER CR RES,WASATCH,RAINBOW,1250,10.77,6/15/2021,2021
DEER CR RES,WASATCH,RAINBOW,1250,10.77,6/15/2021,2021
DEER CR RES,WASATCH,RAINBOW,1250,10.77,6/15/2021,2021
DEER CR RES,WASATCH,RAINBOW,1250,10.77,6/15/2021,2021
DEER CR RES,WASATCH,RAINBOW,1250,10.77,6/15/2021,2021
DEER CR RES,WASATCH,RAINBOW,1250,10.77,6/15/2021,2021
DEER CR RES,WASATCH,RAINBOW,1250,10.77,6/15/2021,2021
DEER CR RES,WASATCH,RAINBOW,10000,8.81,7/13/2021,2021
DEER CR RES,WASATCH,RAINBOW,1872,10.14,7/29/2021,2021
DEER CR RES,WASATCH,RAINBOW,1872,10.14,7/29/2021,2021
DEER CR RES,WASATCH,RAINBOW,15047,4.6,9/14/2021,2021
DEER CR RES,WASATCH,RAINBOW,15047,4.6,9/14/2021,2021
DEER CR RES,WASATCH,RAINBOW,14918,4.84,9/15/2021,2021
DEER CR RES,WASATCH,RAINBOW,19058,10.27,9/28/2021,2021
DEER CR RES,WASATCH,RAINBOW,9702,10.27,9/28/2021,2021
DEER CR RES,WASATCH,RAINBOW,1301,9.93,10/13/2021,2021
DEER CR RES,WASATCH,RAINBOW,13851,10.1,10/18/2021,2021
DEER CR RES,WASATCH,RAINBOW,28492,10.1,10/18/2021,2021
DEER CR RES,WASATCH,RAINBOW,1617,10.27,10/27/2021,2021
DEER CR RES,WASATCH,RAINBOW,1288,7.75,10/29/2021,2021
DEER CR RES,WASATCH,RAINBOW,840,10.6,11/8/2021,2021
DEER CR RES,WASATCH,RAINBOW,5130,11.16,11/8/2021,2021
DEER CR RES,WASATCH,RAINBOW,1470,10.6,11/15/2021,2021
DEER CR RES,WASATCH,RAINBOW,473,10.6,11/16/2021,2021
DEER CR RES,WASATCH,RAINBOW,1230,10.68,11/22/2021,2021
DEER VALLEY LAKES,SUMMIT,RAINBOW,298,9.37,5/3/2021,2021
DEER VALLEY LAKES,SUMMIT,RAINBOW,300,9.66,5/10/2021,2021
DEER VALLEY LAKES,SUMMIT,RAINBOW,302,9.45,5/18/2021,2021
DEER VALLEY LAKES,SUMMIT,RAINBOW,300,9.71,5/25/2021,2021
DEER VALLEY LAKES,SUMMIT,WIPER,1500,6.84,6/7/2021,2021
DEER VALLEY LAKES,SUMMIT,RAINBOW,601,9.71,6/7/2021,2021
DEER VALLEY LAKES,SUMMIT,RAINBOW,599,9.76,6/15/2021,2021
DEER VALLEY LAKES,SUMMIT,RAINBOW,600,10.37,6/29/2021,2021
DEER VALLEY LAKES,SUMMIT,TIGER TROUT,2992,5.07,10/6/2021,2021
DEER VALLEY LAKES,SUMMIT,RAINBOW,0,2.85,10/6/2021,2021
DENISE L WR-9,DUCHESNE,BROOK TROUT,251,3.32,7/1/2021,2021
DG- 6,DUCHESNE,CUTTHROAT,599,1.9,9/22/2021,2021
DG- 9,DUCHESNE,CUTTHROAT,984,1.9,9/22/2021,2021
DG-10,DUCHESNE,CUTTHROAT,984,1.9,9/22/2021,2021
DG-14,DUCHESNE,CUTTHROAT,214,1.9,9/22/2021,2021
DG-15,DUCHESNE,CUTTHROAT,214,1.9,9/22/2021,2021
DG-16,DUCHESNE,CUTTHROAT,214,1.9,9/22/2021,2021
DG-17,DUCHESNE,CUTTHROAT,428,1.9,9/22/2021,2021
DIAMOND FK CR,UTAH,CUTTHROAT,5014,2.25,10/13/2021,2021
DIAMOND FK CR,UTAH,CUTTHROAT,4376,2.83,11/16/2021,2021
DIAMOND FK CR,UTAH,CUTTHROAT,531,2.53,11/16/2021,2021
DIAMOND FK CR,UTAH,CUTTHROAT,2633,2.61,11/16/2021,2021
DIAMOND FK R,UTAH,BROWN TROUT,450,5.96,2/4/2021,2021
DIAMOND FK R,UTAH,BROWN TROUT,4860,5.46,6/22/2021,2021
DIAMOND FK R,UTAH,CUTTHROAT,516,2.43,10/13/2021,2021
DIAMOND L A-22,SUMMIT,BROOK TROUT,299,2.79,6/28/2021,2021
DIVIDE L NO 1 A-36,SUMMIT,BROOK TROUT,529,2.79,6/28/2021,2021
DIVIDE L U-59,DUCHESNE,CUTTHROAT,1883,1.9,9/22/2021,2021
DMAD RES,MILLARD,WALLEYE,85500,0.41,4/8/2021,2021
DMAD RES,MILLARD,WALLEYE,28000,0.41,4/8/2021,2021
DMAD RES,MILLARD,WALLEYE,17000,0.41,4/8/2021,2021
DMAD RES,MILLARD,WALLEYE,10500,0.41,4/12/2021,2021
DMAD RES,MILLARD,WALLEYE,10550,0.41,4/12/2021,2021
DMAD RES,MILLARD,WALLEYE,17830,0.41,4/12/2021,2021
DMAD RES,MILLARD,WALLEYE,34500,0.41,4/12/2021,2021
DMAD RES,MILLARD,WALLEYE,25740,0.41,4/12/2021,2021
DMAD RES,MILLARD,CHANNEL CATFISH,5000,3.97,9/14/2021,2021
DOCS L X-15,DUCHESNE,BROOK TROUT,1104,2.79,6/30/2021,2021
DOLORES R,GRAND,CHUB,1829,10.36,4/19/2021,2021
DOLORES R,GRAND,CHUB,1829,10.36,4/19/2021,2021
DONKEY L NBS,WAYNE,MUSKIE TIGER,100,3.51,7/1/2021,2021
DONS L,GRAND,RAINBOW,1061,10.5,5/3/2021,2021
DOUGHERTY BASIN NCL,GARFIELD,CUTTHROAT,1000,2.32,9/23/2021,2021
DRY CREEK HIGHLAND,UTAH,CUTTHROAT,2999,2.55,11/16/2021,2021
DUCHESNE R,DUCHESNE,RAINBOW,248,9.47,6/16/2021,2021
DUCHESNE R,DUCHESNE,RAINBOW,250,10.31,7/20/2021,2021
"DUCHESNE R, N FK",DUCHESNE,RAINBOW,1497,9.47,6/16/2021,2021
"DUCHESNE R, N FK",DUCHESNE,RAINBOW,998,10.31,7/20/2021,2021
DUCK CR,KANE,RAINBOW,280,10.23,5/12/2021,2021
DUCK CR,KANE,RAINBOW,263,10.44,5/26/2021,2021
DUCK CR,KANE,RAINBOW,228,10.95,6/9/2021,2021
DUCK CR SPRINGS,KANE,RAINBOW,700,10.23,5/12/2021,2021
DUCK CR SPRINGS,KANE,TIGER TROUT,1023,9.26,5/12/2021,2021
DUCK CR SPRINGS,KANE,RAINBOW,855,10.44,5/26/2021,2021
DUCK CR SPRINGS,KANE,RAINBOW,855,10.95,6/9/2021,2021
DUCK CR SPRINGS,KANE,RAINBOW,840,11.25,6/23/2021,2021
DUCK CR SPRINGS,KANE,RAINBOW,761,11.13,7/7/2021,2021
DUCK FK RES,SANPETE,CUTTHROAT,1017,2.04,9/28/2021,2021
EAST CYN RES,MORGAN,RAINBOW,4060,8.55,3/30/2021,2021
EAST CYN RES,MORGAN,KOKANEE,15061,2.72,4/2/2021,2021
EAST CYN RES,MORGAN,RAINBOW,3998,9.01,4/5/2021,2021
EAST CYN RES,MORGAN,WIPER,16559,2.15,8/12/2021,2021
EAST CYN RES,MORGAN,RAINBOW,2000,11.6,9/14/2021,2021
EAST CYN RES,MORGAN,RAINBOW,150,9.88,9/16/2021,2021
EAST CYN RES,MORGAN,RAINBOW,5475,8.81,9/27/2021,2021
EAST CYN RES,MORGAN,RAINBOW,3650,8.81,9/27/2021,2021
EAST CYN RES,MORGAN,RAINBOW,11680,8.81,9/27/2021,2021
EAST CYN RES,MORGAN,RAINBOW,5658,8.81,9/28/2021,2021
EAST CYN RES,MORGAN,RAINBOW,9855,8.81,9/28/2021,2021
EAST CYN RES,MORGAN,RAINBOW,1000,10.17,11/3/2021,2021
EAST CYN RES,MORGAN,RAINBOW,1500,11.16,11/4/2021,2021
EAST L BTS,GARFIELD,BROOK TROUT,251,2.76,7/6/2021,2021
EAST PARK RES,UINTAH,RAINBOW,998,9.16,5/27/2021,2021
EAST PARK RES,UINTAH,BROOK TROUT,1974,3.06,5/27/2021,2021
EAST PARK RES,UINTAH,RAINBOW,1008,9.7,6/15/2021,2021
EAST PARK RES,UINTAH,BROOK TROUT,4482,4.29,8/23/2021,2021
ECHO RES,SUMMIT,RAINBOW,6715,11.37,4/19/2021,2021
ECHO RES,SUMMIT,RAINBOW,2040,11.37,4/19/2021,2021
ECHO RES,SUMMIT,RAINBOW,2720,11.37,4/19/2021,2021
ECHO RES,SUMMIT,RAINBOW,2260,12.05,10/25/2021,2021
ECHO RES,SUMMIT,RAINBOW,2260,12.05,10/25/2021,2021
ELECTRIC L,EMERY,KOKANEE,23850,3.16,5/5/2021,2021
ELECTRIC L,EMERY,TIGER TROUT,10500,3.62,6/17/2021,2021
ELECTRIC L,EMERY,LAKE TROUT,258,4.12,6/30/2021,2021
ELECTRIC L,EMERY,CUTTHROAT,7350,2.27,10/20/2021,2021
ELY CR,UINTAH,CUTTHROAT,500,2.06,9/27/2021,2021
EMERALD L,SANPETE,RAINBOW,1000,10.77,6/22/2021,2021
EMERALD L,SANPETE,GRAYLING ARCTIC,1505,2.65,9/23/2021,2021
EMERALD L D-20,DUCHESNE,BROOK TROUT,35,2.79,6/29/2021,2021
EMERY (LARSON) RES,SANPETE,TIGER TROUT,2499,2.95,7/6/2021,2021
"ENTERPRISE RES,LOWER",WASHINGTON,RAINBOW,3384,9.51,3/8/2021,2021
"ENTERPRISE RES,LOWER",WASHINGTON,RAINBOW,1124,9.51,3/10/2021,2021
"ENTERPRISE RES,UPPER",WASHINGTON,RAINBOW,10726,5.69,3/1/2021,2021
"ENTERPRISE RES,UPPER",WASHINGTON,RAINBOW,9548,5.69,3/2/2021,2021
"ERICKSON L,SOUTH W25",SUMMIT,BROOK TROUT,851,2.79,6/29/2021,2021
EVERMAN L Z-36,DUCHESNE,BROOK TROUT,805,2.79,6/28/2021,2021
FAIRMONT PARK SLC,SALT LAKE,RAINBOW,252,8.46,3/16/2021,2021
FAIRMONT PARK SLC,SALT LAKE,RAINBOW,250,8.93,4/7/2021,2021
FAIRMONT PARK SLC,SALT LAKE,RAINBOW,250,9.13,4/20/2021,2021
FAIRMONT PARK SLC,SALT LAKE,RAINBOW,249,9.37,5/5/2021,2021
FAIRMONT PARK SLC,SALT LAKE,RAINBOW,199,9.71,5/25/2021,2021
FAIRMONT PARK SLC,SALT LAKE,WIPER,77,8.02,5/26/2021,2021
FAIRMONT PARK SLC,SALT LAKE,CHANNEL CATFISH,60,13.57,5/27/2021,2021
FAIRMONT PARK SLC,SALT LAKE,CHANNEL CATFISH,150,13.57,6/10/2021,2021
FAIRMONT PARK SLC,SALT LAKE,WIPER,171,7.6,7/6/2021,2021
FAIRVIEW L,SANPETE,RAINBOW,1330,10.77,5/26/2021,2021
FAIRVIEW L,SANPETE,RAINBOW,1330,10.77,5/26/2021,2021
FAIRVIEW L,SANPETE,RAINBOW,1330,10.77,5/26/2021,2021
FAITH L A-16,SUMMIT,BROOK TROUT,46,2.79,6/28/2021,2021
FARMINGTON CITY RES,DAVIS,RAINBOW,300,17.1,3/16/2021,2021
FARMINGTON CITY RES,DAVIS,RAINBOW,301,8.7,4/7/2021,2021
FARMINGTON CITY RES,DAVIS,RAINBOW,348,8.74,4/20/2021,2021
FARMINGTON CITY RES,DAVIS,WIPER,995,7.8,4/27/2021,2021
FARMINGTON CITY RES,DAVIS,RAINBOW,404,15.83,5/5/2021,2021
FARMINGTON CITY RES,DAVIS,RAINBOW,404,15.83,5/11/2021,2021
FARMINGTON CITY RES,DAVIS,CHANNEL CATFISH,72,13.57,5/27/2021,2021
FARMINGTON CITY RES,DAVIS,RAINBOW,556,14.44,5/28/2021,2021
FARMINGTON CITY RES,DAVIS,RAINBOW,492,12.67,6/1/2021,2021
FARMINGTON CITY RES,DAVIS,RAINBOW,309,10.15,6/8/2021,2021
FARMINGTON CITY RES,DAVIS,CHANNEL CATFISH,36,17.1,6/10/2021,2021
FARMINGTON CITY RES,DAVIS,RAINBOW,800,11.63,10/5/2021,2021
FARMINGTON CITY RES,DAVIS,RAINBOW,801,11.53,10/13/2021,2021
FARMINGTON CITY RES,DAVIS,RAINBOW,357,11.63,10/19/2021,2021
FARMINGTON CITY RES,DAVIS,CHANNEL CATFISH,995,3.75,10/25/2021,2021
FARNEY L X-14,DUCHESNE,GRAYLING ARCTIC,2000,2.65,9/21/2021,2021
FARNSWORTH L,SEVIER,RAINBOW,1125,9.91,6/3/2021,2021
FARNSWORTH L,SEVIER,TIGER TROUT,504,9.78,7/12/2021,2021
FERN L X-5,DUCHESNE,BROOK TROUT,1449,2.79,6/30/2021,2021
FERRON CR,EMERY,CUTTHROAT,5085,2.04,9/28/2021,2021
FERRON CR,EMERY,CUTTHROAT,1017,2.04,9/28/2021,2021
FERRON CR,EMERY,CUTTHROAT,4068,2.04,9/28/2021,2021
FERRON CR,EMERY,CUTTHROAT,1017,2.04,9/28/2021,2021
FERRON RES,SANPETE,RAINBOW,1000,10.77,6/21/2021,2021
FERRON RES,SANPETE,RAINBOW,1000,10.77,6/21/2021,2021
FERRON RES,SANPETE,BROOK TROUT,1512,2.71,6/22/2021,2021
FISH CR,SEVIER,CUTTHROAT,32400,2.51,9/28/2021,2021
FISH CR L NBS,WAYNE,TIGER TROUT,752,2.95,7/6/2021,2021
FISH CR L NBS,WAYNE,CUTTHROAT,3000,1.71,9/20/2021,2021
FISH L,SEVIER,RAINBOW,2560,11.55,4/19/2021,2021
FISH L,SEVIER,RAINBOW,2282,12.08,4/19/2021,2021
FISH L,SEVIER,RAINBOW,10296,11.55,4/19/2021,2021
FISH L,SEVIER,RAINBOW,8904,12.08,4/19/2021,2021
FISH L,SEVIER,RAINBOW,2400,11.8,4/20/2021,2021
FISH L,SEVIER,RAINBOW,2360,11.55,4/20/2021,2021
FISH L,SEVIER,RAINBOW,2430,11.8,4/20/2021,2021
FISH L,SEVIER,RAINBOW,2473,12.16,4/21/2021,2021
FISH L,SEVIER,RAINBOW,8905,12.16,4/21/2021,2021
FISH L,SEVIER,RAINBOW,2438,11.8,4/26/2021,2021
FISH L,SEVIER,KOKANEE,27500,3.12,5/2/2021,2021
FISH L,SEVIER,KOKANEE,49116,2.59,5/6/2021,2021
FISH L,SEVIER,KOKANEE,49116,2.59,5/6/2021,2021
FISH L,SEVIER,RAINBOW,1045,10.75,5/26/2021,2021
FISH L,SEVIER,SPLAKE,25864,2.95,5/28/2021,2021
FISH L,SEVIER,SPLAKE,22631,2.95,5/28/2021,2021
FISH L,SEVIER,LAKE TROUT,7991,3.72,6/2/2021,2021
FISH L,SEVIER,RAINBOW,31140,3.02,6/11/2021,2021
FISH L,SEVIER,RAINBOW,31140,3.02,6/11/2021,2021
FISH L,SEVIER,RAINBOW,1920,9.94,6/12/2021,2021
FISH L,SEVIER,RAINBOW,5525,1.86,6/12/2021,2021
FISH L,SEVIER,RAINBOW,25916,2.15,6/12/2021,2021
FISH L,SEVIER,RAINBOW,4354,7.38,6/14/2021,2021
FISH L,SEVIER,RAINBOW,4354,7.38,6/14/2021,2021
FISH L,SEVIER,RAINBOW,4354,7.38,6/21/2021,2021
FISH L,SEVIER,RAINBOW,4354,7.38,6/21/2021,2021
FISH L,SEVIER,RAINBOW,2763,7.27,6/25/2021,2021
FISH L,SEVIER,RAINBOW,2763,7.27,6/25/2021,2021
FISH L,SEVIER,RAINBOW,1855,10.31,6/28/2021,2021
FISH L,SEVIER,RAINBOW,8378,2.81,6/29/2021,2021
FISH L,SEVIER,BROWN TROUT,13600,5.48,6/29/2021,2021
FISH L,SEVIER,RAINBOW,1840,10.09,7/1/2021,2021
FISH L,SEVIER,BROOK TROUT,1698,2.76,7/6/2021,2021
FISH L,SEVIER,BROOK TROUT,1477,2.71,7/6/2021,2021
FISH L,SEVIER,RAINBOW,8855,2.69,7/6/2021,2021
FISH L,SEVIER,TIGER TROUT,9863,2.95,7/6/2021,2021
FISH L,SEVIER,BROOK TROUT,1232,11.15,7/8/2021,2021
FISH L,SEVIER,RAINBOW,1040,10.63,7/14/2021,2021
FISH L,SEVIER,RAINBOW,5776,3.39,7/14/2021,2021
FISH L,SEVIER,RAINBOW,288,4.66,7/14/2021,2021
FISH L,SEVIER,RAINBOW,3680,10.09,7/15/2021,2021
FISH L,SEVIER,RAINBOW,3728,10.5,7/15/2021,2021
FISH L,SEVIER,RAINBOW,748,10.24,7/19/2021,2021
FISH L,SEVIER,RAINBOW,1547,10.84,8/4/2021,2021
FISH L,SEVIER,BROOK TROUT,3274,3.13,8/5/2021,2021
FISH L,SEVIER,BROOK TROUT,8723,3.06,8/5/2021,2021
FISH L,SEVIER,RAINBOW,402,4.07,8/5/2021,2021
FISH L,SEVIER,BROOK TROUT,3250,3.03,8/5/2021,2021
FISH L,SEVIER,BROWN TROUT,3462,2.95,8/5/2021,2021
FISH L,SEVIER,RAINBOW,2210,2.33,8/5/2021,2021
FISH L,SEVIER,CUTTHROAT,23820,2.62,8/10/2021,2021
FISH L,SEVIER,RAINBOW,5000,4.98,8/10/2021,2021
FISH L,SEVIER,RAINBOW,5000,4.98,8/10/2021,2021
FISH L,SEVIER,CUTTHROAT,8400,3.24,9/14/2021,2021
FISH L,SEVIER,RAINBOW,10137,6.33,9/20/2021,2021
FISH L,SEVIER,RAINBOW,10043,6.67,9/21/2021,2021
FISH L,SEVIER,RAINBOW,10016,6.35,9/21/2021,2021
FISH L,SEVIER,RAINBOW,10037,6.41,9/21/2021,2021
FISH L,SEVIER,RAINBOW,10032,6.54,9/21/2021,2021
FISH L,SEVIER,LAKE TROUT,129,19.24,11/15/2021,2021
FISH L,SEVIER,LAKE TROUT,100,16.95,11/15/2021,2021
FISH L,SEVIER,LAKE TROUT,75,22.31,11/15/2021,2021
FLAMING GORGE RES,DAGGETT,RAINBOW,6448,8.95,3/24/2021,2021
FLAMING GORGE RES,DAGGETT,RAINBOW,9552,8.95,3/24/2021,2021
FLAMING GORGE RES,DAGGETT,RAINBOW,9751,8.95,3/24/2021,2021
FLAMING GORGE RES,DAGGETT,RAINBOW,6169,8.95,3/25/2021,2021
FLAMING GORGE RES,DAGGETT,KOKANEE,56000,2.88,4/7/2021,2021
FLAMING GORGE RES,DAGGETT,RAINBOW,2744,9.41,4/13/2021,2021
FLAMING GORGE RES,DAGGETT,KOKANEE,64920,3.13,4/21/2021,2021
FLAMING GORGE RES,DAGGETT,KOKANEE,50600,3.12,4/24/2021,2021
FLAMING GORGE RES,DAGGETT,KOKANEE,33000,3.12,4/26/2021,2021
FLAMING GORGE RES,DAGGETT,KOKANEE,99000,3.12,4/26/2021,2021
FLAMING GORGE RES,DAGGETT,KOKANEE,99000,3.12,4/27/2021,2021
FLAMING GORGE RES,DAGGETT,KOKANEE,22550,3.12,4/29/2021,2021
FLAMING GORGE RES,DAGGETT,KOKANEE,25050,2.59,5/6/2021,2021
FLAMING GORGE RES,DAGGETT,RAINBOW,7833,9.58,5/13/2021,2021
FLAMING GORGE RES,DAGGETT,RAINBOW,7800,9.58,5/13/2021,2021
FLAMING GORGE RES,DAGGETT,RAINBOW,2560,9.21,5/17/2021,2021
FLAMING GORGE RES,DAGGETT,RAINBOW,2560,9.21,5/17/2021,2021
FLAMING GORGE RES,DAGGETT,RAINBOW,2560,9.21,5/17/2021,2021
FLAMING GORGE RES,DAGGETT,RAINBOW,2560,9.21,5/17/2021,2021
FLAMING GORGE RES,DAGGETT,RAINBOW,8796,9.19,5/17/2021,2021
FLAMING GORGE RES,DAGGETT,RAINBOW,2560,9.21,5/17/2021,2021
FLAMING GORGE RES,DAGGETT,RAINBOW,2784,9.21,5/17/2021,2021
FLAMING GORGE RES,DAGGETT,RAINBOW,2560,9.21,5/17/2021,2021
FLAMING GORGE RES,DAGGETT,RAINBOW,2560,9.21,5/17/2021,2021
FLAMING GORGE RES,DAGGETT,RAINBOW,2560,9.21,5/18/2021,2021
FLAMING GORGE RES,DAGGETT,RAINBOW,2560,9.21,5/18/2021,2021
FLAMING GORGE RES,DAGGETT,RAINBOW,2560,9.21,5/18/2021,2021
FLAMING GORGE RES,DAGGETT,RAINBOW,2560,9.21,5/18/2021,2021
FLAMING GORGE RES,DAGGETT,RAINBOW,2560,9.21,5/18/2021,2021
FLAMING GORGE RES,DAGGETT,RAINBOW,2560,9.21,5/18/2021,2021
FLAMING GORGE RES,DAGGETT,RAINBOW,2560,9.21,5/18/2021,2021
FLAMING GORGE RES,DAGGETT,RAINBOW,2560,9.21,5/18/2021,2021
FLAMING GORGE RES,DAGGETT,RAINBOW,7571,9.74,5/18/2021,2021
FLAMING GORGE RES,DAGGETT,RAINBOW,5376,9.47,5/19/2021,2021
FLAMING GORGE RES,DAGGETT,RAINBOW,2560,9.21,5/19/2021,2021
FLAMING GORGE RES,DAGGETT,RAINBOW,2560,9.21,5/19/2021,2021
FLAMING GORGE RES,DAGGETT,RAINBOW,2720,9.21,5/19/2021,2021
FLAMING GORGE RES,DAGGETT,RAINBOW,2720,9.21,5/19/2021,2021
FLAMING GORGE RES,DAGGETT,RAINBOW,2560,9.21,5/19/2021,2021
FLAMING GORGE RES,DAGGETT,RAINBOW,2560,9.21,5/19/2021,2021
FLAMING GORGE RES,DAGGETT,RAINBOW,2560,9.21,5/19/2021,2021
FLAMING GORGE RES,DAGGETT,RAINBOW,2560,9.21,5/19/2021,2021
FLAMING GORGE RES,DAGGETT,RAINBOW,2560,9.21,5/19/2021,2021
FLAMING GORGE RES,DAGGETT,RAINBOW,2560,9.21,5/19/2021,2021
FLAMING GORGE RES,DAGGETT,RAINBOW,2560,9.21,5/19/2021,2021
FLAMING GORGE RES,DAGGETT,RAINBOW,2720,9.21,5/19/2021,2021
FLAMING GORGE RES,DAGGETT,RAINBOW,2720,9.21,5/20/2021,2021
FLAMING GORGE RES,DAGGETT,RAINBOW,2560,9.21,5/20/2021,2021
FLAMING GORGE RES,DAGGETT,RAINBOW,2720,9.21,5/20/2021,2021
FLAMING GORGE RES,DAGGETT,RAINBOW,2560,9.21,5/20/2021,2021
FLAMING GORGE RES,DAGGETT,RAINBOW,2560,9.21,5/20/2021,2021
FLAMING GORGE RES,DAGGETT,RAINBOW,2720,9.21,5/20/2021,2021
FLAMING GORGE RES,DAGGETT,RAINBOW,2720,9.21,5/20/2021,2021
FLAMING GORGE RES,DAGGETT,RAINBOW,2720,9.21,5/20/2021,2021
FLAMING GORGE RES,DAGGETT,RAINBOW,2720,9.21,5/20/2021,2021
FLAMING GORGE RES,DAGGETT,RAINBOW,2560,9.21,5/20/2021,2021
FLAMING GORGE RES,DAGGETT,RAINBOW,2560,9.21,5/20/2021,2021
FLAMING GORGE RES,DAGGETT,RAINBOW,1440,9.21,5/20/2021,2021
FLAMING GORGE RES,DAGGETT,RAINBOW,7968,9.51,5/20/2021,2021
FLAMING GORGE RES,DAGGETT,RAINBOW,6270,8.77,5/20/2021,2021
FLAMING GORGE RES,DAGGETT,RAINBOW,5378,9.49,5/20/2021,2021
FLAMING GORGE RES,DAGGETT,RAINBOW,8306,9.45,5/20/2021,2021
FLAMING GORGE RES,DAGGETT,RAINBOW,9120,8.77,5/21/2021,2021
FLAMING GORGE RES,DAGGETT,RAINBOW,9310,8.77,5/21/2021,2021
FLAMING GORGE RES,DAGGETT,RAINBOW,2869,8.77,5/22/2021,2021
FLAMING GORGE RES,DAGGETT,RAINBOW,1528,12.44,5/22/2021,2021
FLAMING GORGE RES,DAGGETT,RAINBOW,819,9.49,5/22/2021,2021
FLAMING GORGE RES,DAGGETT,TIGER TROUT,21896,2.63,6/4/2021,2021
FLAMING GORGE RES,DAGGETT,BROWN TROUT,6630,3.04,6/8/2021,2021
FLAMING GORGE RES,DAGGETT,CUTTHROAT,24681,6.87,6/14/2021,2021
FLAMING GORGE RES,DAGGETT,CUTTHROAT,20921,7.23,6/15/2021,2021
FLAMING GORGE RES,DAGGETT,CUTTHROAT,1308,7.57,6/22/2021,2021
FLAMING GORGE RES,DAGGETT,RAINBOW,4511,6.36,11/10/2021,2021
FLAMING GORGE RES,DAGGETT,RAINBOW,5000,4.64,11/10/2021,2021
FLAMING GORGE RES,DAGGETT,RAINBOW,4511,6.36,11/10/2021,2021
FLAMING GORGE RES,DAGGETT,RAINBOW,4465,6.41,11/15/2021,2021
FLAMING GORGE RES,DAGGETT,RAINBOW,4465,6.41,11/15/2021,2021
FLAT L NCL,GARFIELD,BROOK TROUT,155,2.76,7/6/2021,2021
FLOATING ISLAND TLM,SEVIER,SPLAKE,126,3.49,7/14/2021,2021
FLOATING ISLAND TLM,SEVIER,TIGER TROUT,186,4.47,7/20/2021,2021
FLOATING ISLAND TLM,SEVIER,CUTTHROAT,366,1.98,9/28/2021,2021
FLORENCE L,SALT LAKE,BROOK TROUT,495,2.79,6/30/2021,2021
FOREBAY POND,IRON,RAINBOW,521,9.52,3/7/2021,2021
FOREBAY POND,IRON,RAINBOW,1238,10.29,5/20/2021,2021
FOREBAY POND,IRON,RAINBOW,242,10.95,6/11/2021,2021
FORSYTH RES,SEVIER,TIGER TROUT,2500,6.59,11/23/2021,2021
FOY L,SAN JUAN,RAINBOW,956,10.5,5/12/2021,2021
FOY L,SAN JUAN,RAINBOW,600,10.04,6/17/2021,2021
FREMONT R,WAYNE,BROWN TROUT,4635,2.95,4/21/2021,2021
FREMONT R,WAYNE,BROWN TROUT,2266,2.95,4/21/2021,2021
FT BUENAVENTURA P,WEBER,RAINBOW,497,8.41,3/9/2021,2021
FT BUENAVENTURA P,WEBER,RAINBOW,300,17.1,3/10/2021,2021
FT BUENAVENTURA P,WEBER,RAINBOW,499,9.07,4/6/2021,2021
FT BUENAVENTURA P,WEBER,RAINBOW,500,9.13,4/20/2021,2021
FT BUENAVENTURA P,WEBER,RAINBOW,499,9.66,5/11/2021,2021
FT BUENAVENTURA P,WEBER,CHANNEL CATFISH,428,13.57,5/27/2021,2021
FT BUENAVENTURA P,WEBER,RAINBOW,415,14.44,6/7/2021,2021
FT BUENAVENTURA P,WEBER,RAINBOW,500,10.46,6/8/2021,2021
FT BUENAVENTURA P,WEBER,RAINBOW,996,9.69,9/22/2021,2021
FT BUENAVENTURA P,WEBER,RAINBOW,501,10.52,10/19/2021,2021
G- 56,SUMMIT,BROOK TROUT,152,3.32,7/1/2021,2021
G- 60,SUMMIT,TIGER TROUT,256,2.69,6/30/2021,2021
G- 71,SUMMIT,BROOK TROUT,311,2.79,6/30/2021,2021
G- 74,SUMMIT,BROOK TROUT,299,2.79,6/30/2021,2021
G- 80,SUMMIT,BROOK TROUT,92,2.79,6/30/2021,2021
GARDEN CITY HERITAGE COM,RICH,RAINBOW,500,8.05,4/30/2021,2021
GARDEN CITY HERITAGE COM,RICH,CUTTHROAT,152,16.55,5/21/2021,2021
GARDEN CITY HERITAGE COM,RICH,RAINBOW,1000,8.51,5/28/2021,2021
GARDEN CITY HERITAGE COM,RICH,WIPER,151,7.79,6/8/2021,2021
GARDEN CITY HERITAGE COM,RICH,RAINBOW,1000,9.39,9/1/2021,2021
GARDEN CITY HERITAGE COM,RICH,RAINBOW,1000,9.67,9/17/2021,2021
GARDEN CITY HERITAGE COM,RICH,RAINBOW,1500,10,10/1/2021,2021
GARKANE EAST FK,GARFIELD,TIGER TROUT,101,9.89,6/23/2021,2021
"GARKANE IMP, MAIN FK",GARFIELD,RAINBOW,546,10.5,4/21/2021,2021
"GARKANE IMP, MAIN FK",GARFIELD,RAINBOW,516,10.04,5/26/2021,2021
"GARKANE IMP, MAIN FK",GARFIELD,TIGER TROUT,305,9.89,6/23/2021,2021
"GARKANE IMP, MAIN FK",GARFIELD,RAINBOW,746,10.5,7/1/2021,2021
GATES L,SEVIER,RAINBOW,813,9.91,6/3/2021,2021
GATES L,SEVIER,TIGER TROUT,256,4.47,7/20/2021,2021
GHOST POND,UINTAH,TIGER TROUT,112,2.72,5/28/2021,2021
GIGLIOTTI POND,CARBON,RAINBOW,504,9.63,3/31/2021,2021
GIGLIOTTI POND,CARBON,RAINBOW,500,10.77,4/28/2021,2021
GLADYS L X-128,DUCHESNE,BROOK TROUT,748,2.79,6/29/2021,2021
GLASSMANS POND,WEBER,RAINBOW,300,9.44,3/1/2021,2021
GLASSMANS POND,WEBER,RAINBOW,200,17.1,3/8/2021,2021
GLASSMANS POND,WEBER,RAINBOW,300,9.44,3/16/2021,2021
GLASSMANS POND,WEBER,RAINBOW,301,9.62,3/30/2021,2021
GLASSMANS POND,WEBER,RAINBOW,300,9.63,4/13/2021,2021
GLASSMANS POND,WEBER,WIPER,499,7.8,4/27/2021,2021
GLASSMANS POND,WEBER,RAINBOW,301,9.43,4/27/2021,2021
GLASSMANS POND,WEBER,RAINBOW,301,9.55,5/17/2021,2021
GLASSMANS POND,WEBER,RAINBOW,299,10.01,6/7/2021,2021
GLASSMANS POND,WEBER,RAINBOW,400,9.4,9/2/2021,2021
GLASSMANS POND,WEBER,RAINBOW,301,9.43,9/13/2021,2021
GLASSMANS POND,WEBER,RAINBOW,300,9.54,9/28/2021,2021
GLASSMANS POND,WEBER,RAINBOW,249,9.41,10/12/2021,2021
GLASSMANS POND,WEBER,RAINBOW,251,10.28,10/26/2021,2021
GLASSMANS POND,WEBER,RAINBOW,101,11.86,11/3/2021,2021
GLASSMANS POND,WEBER,RAINBOW,405,11.86,11/9/2021,2021
GLENWOOD POND,SEVIER,RAINBOW,101,10.04,3/3/2021,2021
GLENWOOD POND,SEVIER,RAINBOW,101,10.04,3/11/2021,2021
GLENWOOD POND,SEVIER,RAINBOW,100,10.07,4/7/2021,2021
GLENWOOD POND,SEVIER,RAINBOW,101,10.5,4/28/2021,2021
GLENWOOD POND,SEVIER,RAINBOW,101,10.04,5/20/2021,2021
GLENWOOD POND,SEVIER,RAINBOW,100,10.69,8/25/2021,2021
GLENWOOD POND,SEVIER,BROWN TROUT,24,6.9,8/25/2021,2021
GLENWOOD POND,SEVIER,RAINBOW,252,10.82,10/13/2021,2021
GOOD SKI LAKE (21ST PO),WEBER,RAINBOW,1200,8.66,3/26/2021,2021
GOOD SKI LAKE (21ST PO),WEBER,RAINBOW,1200,8.75,4/21/2021,2021
GOOD SKI LAKE (21ST PO),WEBER,RAINBOW,1200,8.05,4/27/2021,2021
GOOD SKI LAKE (21ST PO),WEBER,WIPER,499,7.8,4/27/2021,2021
GOOD SKI LAKE (21ST PO),WEBER,RAINBOW,1200,8.12,5/24/2021,2021
GOOD SKI LAKE (21ST PO),WEBER,RAINBOW,1125,9.39,9/2/2021,2021
GOOD SKI LAKE (21ST PO),WEBER,RAINBOW,1125,9.32,9/10/2021,2021
GOOD SKI LAKE (21ST PO),WEBER,RAINBOW,1125,10.18,9/24/2021,2021
GOOD SKI LAKE (21ST PO),WEBER,CHANNEL CATFISH,4000,3.22,10/7/2021,2021
GOOD SKI LAKE (21ST PO),WEBER,RAINBOW,1125,10.7,10/15/2021,2021
GOOSEBERRY RES,SANPETE,RAINBOW,1600,10.77,6/2/2021,2021
GOOSEBERRY RES,SANPETE,RAINBOW,999,10.14,7/7/2021,2021
GOOSEBERRY RES,SANPETE,GRAYLING ARCTIC,1505,2.65,9/23/2021,2021
GR- 77,UINTAH,GRAYLING ARCTIC,430,2.65,9/21/2021,2021
GR-117,DAGGETT,GRAYLING ARCTIC,194,2.65,9/21/2021,2021
GR-160,SUMMIT,BROOK TROUT,251,3.32,7/1/2021,2021
GR-161,SUMMIT,GRAYLING ARCTIC,194,2.65,9/21/2021,2021
GR-162,SUMMIT,BROOK TROUT,701,3.32,7/1/2021,2021
GR-163,SUMMIT,GRAYLING ARCTIC,301,2.65,9/21/2021,2021
GR-172,SUMMIT,GRAYLING ARCTIC,151,2.65,9/21/2021,2021
GRANTSVILLE RES,TOOELE,RAINBOW,1752,10.14,4/5/2021,2021
GRANTSVILLE RES,TOOELE,RAINBOW,1752,10.14,4/5/2021,2021
GRANTSVILLE RES,TOOELE,RAINBOW,300,15.83,4/12/2021,2021
GRANTSVILLE RES,TOOELE,RAINBOW,1500,10.77,4/19/2021,2021
GRANTSVILLE RES,TOOELE,RAINBOW,1500,10.77,4/19/2021,2021
GRANTSVILLE RES,TOOELE,RAINBOW,1500,10.77,5/3/2021,2021
GRANTSVILLE RES,TOOELE,RAINBOW,1500,10.77,5/3/2021,2021
GRANTSVILLE RES,TOOELE,RAINBOW,1496,10.44,5/17/2021,2021
GRANTSVILLE RES,TOOELE,RAINBOW,1496,10.44,5/17/2021,2021
GRANTSVILLE RES,TOOELE,RAINBOW,1500,10.77,6/7/2021,2021
GRANTSVILLE RES,TOOELE,RAINBOW,1500,10.77,6/7/2021,2021
GRANTSVILLE RES,TOOELE,RAINBOW,1500,10.77,6/14/2021,2021
GRANTSVILLE RES,TOOELE,RAINBOW,1500,10.77,6/14/2021,2021
GRANTSVILLE RES,TOOELE,RAINBOW,1500,10.77,6/22/2021,2021
GRANTSVILLE RES,TOOELE,RAINBOW,1500,10.77,6/22/2021,2021
GRANTSVILLE RES,TOOELE,RAINBOW,752,11.6,7/1/2021,2021
GRANTSVILLE RES,TOOELE,RAINBOW,752,11.6,7/1/2021,2021
GRANTSVILLE RES,TOOELE,RAINBOW,1250,10.77,9/21/2021,2021
GRANTSVILLE RES,TOOELE,RAINBOW,1250,10.77,9/21/2021,2021
GRANTSVILLE RES,TOOELE,RAINBOW,1250,10.77,9/27/2021,2021
GRANTSVILLE RES,TOOELE,RAINBOW,1250,10.77,9/27/2021,2021
GRASS L SB,GARFIELD,BROOK TROUT,155,2.76,7/6/2021,2021
GRASS L SB,GARFIELD,CUTTHROAT,200,2.32,9/20/2021,2021
GRASS L TLM,WAYNE,BROOK TROUT,108,3.03,8/3/2021,2021
GRASSY LAKE RES,SANPETE,RAINBOW,750,10.77,6/8/2021,2021
GRASSY LAKE RES,SANPETE,TIGER TROUT,2500,4.47,7/7/2021,2021
GRASSY LAKE RES,SANPETE,RAINBOW,504,10.14,7/21/2021,2021
GREEN L EBS,GARFIELD,TIGER TROUT,49,2.95,7/6/2021,2021
GREEN L EBS,GARFIELD,CUTTHROAT,500,1.71,9/20/2021,2021
GREEN L NBS,WAYNE,BROOK TROUT,504,2.71,7/6/2021,2021
GREEN L NBS,WAYNE,GRAYLING ARCTIC,258,2.65,9/23/2021,2021
GREEN R,DAGGETT,RAINBOW,3025,7.89,4/7/2021,2021
GREEN R,DAGGETT,CHUB,1806,10.34,4/22/2021,2021
GREEN R,DAGGETT,CHUB,1805,10.34,4/22/2021,2021
GREEN R,DAGGETT,RAINBOW,1045,10.62,7/7/2021,2021
GREEN R,DAGGETT,RAINBOW,1045,10.62,7/7/2021,2021
GREEN R,DAGGETT,RAINBOW,1045,10.62,7/7/2021,2021
GREEN R,DAGGETT,RAINBOW,1045,10.62,7/7/2021,2021
GREEN R,DAGGETT,RAINBOW,1254,10.62,7/12/2021,2021
GREEN R,DAGGETT,RAINBOW,996,10.01,7/12/2021,2021
GREEN R,DAGGETT,RAINBOW,996,10.01,7/12/2021,2021
GREEN R,DAGGETT,RAINBOW,1254,10.62,7/12/2021,2021
GREEN R,DAGGETT,RAINBOW,959,10.27,7/19/2021,2021
GREEN R,DAGGETT,RAINBOW,959,10.27,7/19/2021,2021
GREEN R,DAGGETT,RAINBOW,959,10.27,7/19/2021,2021
GREEN R,DAGGETT,RAINBOW,959,10.27,7/19/2021,2021
GUNNISON BEND RES,MILLARD,WALLEYE,19500,0.41,4/8/2021,2021
GUNNISON BEND RES,MILLARD,WALLEYE,87500,0.41,4/8/2021,2021
GUNNISON BEND RES,MILLARD,WALLEYE,41500,0.41,4/8/2021,2021
GUNNISON BEND RES,MILLARD,WALLEYE,37800,0.41,4/22/2021,2021
GUNNISON BEND RES,MILLARD,WALLEYE,36750,0.41,5/3/2021,2021
GUNNISON BEND RES,MILLARD,WALLEYE,7200,0.41,5/6/2021,2021
GUNNISON BEND RES,MILLARD,CHANNEL CATFISH,10001,3.97,9/14/2021,2021
HACKING L GR-40,UINTAH,RAINBOW,496,9.47,6/18/2021,2021
HACKING L GR-40,UINTAH,TIGER TROUT,497,3.46,7/7/2021,2021
HALF MOON L BTS,GARFIELD,BROOK TROUT,501,2.76,7/6/2021,2021
HAMILTON RES,SEVIER,TIGER TROUT,125,4.47,7/20/2021,2021
HAMILTON RES,SEVIER,BROOK TROUT,256,3.01,7/27/2021,2021
HAYDEN FK,SUMMIT,RAINBOW,201,9.32,6/21/2021,2021
HAYDEN FK,SUMMIT,RAINBOW,250,9.32,7/7/2021,2021
HAYDEN FK,SUMMIT,RAINBOW,210,9.32,7/19/2021,2021
HAYSTACK L A-9,SUMMIT,BROOK TROUT,897,2.79,6/28/2021,2021
HEART L X-13,DUCHESNE,CUTTHROAT,556,1.9,9/22/2021,2021
HELEN L X-126,DUCHESNE,BROOK TROUT,840,2.79,6/29/2021,2021
HENDRICKSON L,IRON,BROOK TROUT,996,2.71,7/6/2021,2021
HIDDEN L,GRAND,RAINBOW,1061,10.5,5/3/2021,2021
HIDDEN L GR-7,DAGGETT,BROOK TROUT,1063,3.32,7/1/2021,2021
HIGHLAND GLEN PARK P,UTAH,RAINBOW,300,17.1,3/9/2021,2021
HIGHLAND GLEN PARK P,UTAH,RAINBOW,203,10.96,3/16/2021,2021
HIGHLAND GLEN PARK P,UTAH,TIGER TROUT,507,9.01,3/23/2021,2021
HIGHLAND GLEN PARK P,UTAH,RAINBOW,204,10.96,4/2/2021,2021
HIGHLAND GLEN PARK P,UTAH,RAINBOW,203,10.96,4/6/2021,2021
HIGHLAND GLEN PARK P,UTAH,RAINBOW,203,10.96,4/12/2021,2021
HIGHLAND GLEN PARK P,UTAH,TIGER TROUT,495,9.53,4/12/2021,2021
HIGHLAND GLEN PARK P,UTAH,RAINBOW,205,10.98,4/19/2021,2021
HIGHLAND GLEN PARK P,UTAH,TIGER TROUT,495,9.84,4/21/2021,2021
HIGHLAND GLEN PARK P,UTAH,RAINBOW,204,11.06,4/26/2021,2021
HIGHLAND GLEN PARK P,UTAH,RAINBOW,204,11.86,5/3/2021,2021
HIGHLAND GLEN PARK P,UTAH,RAINBOW,496,9.63,5/6/2021,2021
HIGHLAND GLEN PARK P,UTAH,RAINBOW,204,11.86,5/10/2021,2021
HIGHLAND GLEN PARK P,UTAH,WIPER,348,7.29,5/13/2021,2021
HIGHLAND GLEN PARK P,UTAH,RAINBOW,204,11.94,5/17/2021,2021
HIGHLAND GLEN PARK P,UTAH,TIGER TROUT,500,10.46,5/24/2021,2021
HIGHLAND GLEN PARK P,UTAH,RAINBOW,398,14.44,5/25/2021,2021
HIGHLAND GLEN PARK P,UTAH,RAINBOW,204,12.22,5/25/2021,2021
HIGHLAND GLEN PARK P,UTAH,TIGER TROUT,451,10.91,6/14/2021,2021
HINKINS POND,EMERY,RAINBOW,506,10.28,4/28/2021,2021
HINKINS POND,EMERY,BROWN TROUT,494,2.62,5/18/2021,2021
HINKINS POND,EMERY,RAINBOW,250,10.77,6/16/2021,2021
"HOBBLE CR, LEFT FK",UTAH,CUTTHROAT,1507,2.43,10/13/2021,2021
"HOBBLE CR, RT FK",UTAH,CUTTHROAT,2507,2.25,10/13/2021,2021
HOBBS RESERVOIR,DAVIS,RAINBOW,900,10.36,10/4/2021,2021
HOBBS RESERVOIR,DAVIS,RAINBOW,700,7.75,10/29/2021,2021
HOLMAN CR,UTAH,CUTTHROAT,501,2.79,10/4/2021,2021
HOLMES CR RES,DAVIS,RAINBOW,2251,9.62,3/22/2021,2021
HOLMES CR RES,DAVIS,RAINBOW,2251,9.55,4/6/2021,2021
HOLMES CR RES,DAVIS,RAINBOW,2499,9.4,9/1/2021,2021
HONEYMOON L NB,WAYNE,TIGER TROUT,303,2.95,7/6/2021,2021
HONEYMOON L NB,WAYNE,BROOK TROUT,96,2.76,7/6/2021,2021
HOOK L X-81,DUCHESNE,BROOK TROUT,1051,3.32,7/1/2021,2021
HOOP L,SUMMIT,RAINBOW,1360,9.03,5/18/2021,2021
HOOP L,SUMMIT,TIGER TROUT,510,9.03,5/18/2021,2021
HOOP L,SUMMIT,RAINBOW,7998,3.87,5/25/2021,2021
HOOP L,SUMMIT,RAINBOW,2583,9.55,6/2/2021,2021
HOOP L,SUMMIT,RAINBOW,1298,9.32,6/21/2021,2021
HOOP L,SUMMIT,GRAYLING ARCTIC,1011,2.65,9/21/2021,2021
HOOP L,SUMMIT,GRAYLING ARCTIC,20746,3.65,10/18/2021,2021
HOOVER L Z-10,DUCHESNE,BROOK TROUT,1403,2.79,6/28/2021,2021
HORSESHOE L BTS,GARFIELD,TIGER TROUT,59,2.95,7/6/2021,2021
HORSESHOE L BTS,GARFIELD,BROOK TROUT,299,2.76,7/6/2021,2021
HORSESHOE L RC-38,DUCHESNE,BROOK TROUT,150,2.79,6/30/2021,2021
HOUR GLASS L A-48,SUMMIT,CUTTHROAT,747,2.46,9/21/2021,2021
HUNTINGTON CR,EMERY,CUTTHROAT,4165,2.27,10/20/2021,2021
HUNTINGTON G F PONDS,EMERY,RAINBOW,500,10.77,4/28/2021,2021
HUNTINGTON G F PONDS,EMERY,CHANNEL CATFISH,250,3.97,9/13/2021,2021
HUNTINGTON NORTH RES,EMERY,RAINBOW,1500,10,4/15/2021,2021
HUNTINGTON NORTH RES,EMERY,RAINBOW,1500,10,4/15/2021,2021
HUNTINGTON NORTH RES,EMERY,RAINBOW,1000,11.6,10/18/2021,2021
HUNTINGTON NORTH RES,EMERY,RAINBOW,1040,11.6,10/18/2021,2021
HUNTINGTON NORTH RES,EMERY,RAINBOW,1040,11.6,10/20/2021,2021
HUNTINGTON RES,SANPETE,SPLAKE,4094,2.9,6/1/2021,2021
HUNTINGTON RES,SANPETE,TIGER TROUT,10500,3.62,6/21/2021,2021
HYRUM RES,CACHE,RAINBOW,4000,8.56,5/25/2021,2021
HYRUM RES,CACHE,RAINBOW,8512,4.27,6/7/2021,2021
HYRUM RES,CACHE,RAINBOW,3000,10.77,10/18/2021,2021
Harrisville City Pond,WEBER,RAINBOW,800,9.21,3/9/2021,2021
Harrisville City Pond,WEBER,RAINBOW,301,11.63,10/5/2021,2021
Harrisville City Pond,WEBER,RAINBOW,200,11.63,10/19/2021,2021
INDIAN CR RES,BEAVER,RAINBOW,527,12.2,5/12/2021,2021
INDIAN CYN CR,DUCHESNE,CUTTHROAT,1994,2.19,10/19/2021,2021
IRON MINE L D-33,WASATCH,TIGER TROUT,196,9.63,6/30/2021,2021
IRON MINE L D-33,WASATCH,RAINBOW,476,9.63,6/30/2021,2021
JACKSON FLAT RES.,KANE,BROWN TROUT,250,13.57,2/3/2021,2021
JACKSON FLAT RES.,KANE,BROWN TROUT,1239,15.29,2/3/2021,2021
JACKSON FLAT RES.,KANE,BROWN TROUT,805,15.29,2/16/2021,2021
JACKSON FLAT RES.,KANE,RAINBOW,449,12.2,9/15/2021,2021
JACKSON FLAT RES.,KANE,RAINBOW,690,12.2,9/15/2021,2021
JACKSON FLAT RES.,KANE,RAINBOW,102,19.45,9/15/2021,2021
JACKSON FLAT RES.,KANE,CHANNEL CATFISH,76,25,9/20/2021,2021
JACKSON FLAT RES.,KANE,CHANNEL CATFISH,74,25,9/20/2021,2021
JACKSON FLAT RES.,KANE,BASS LARGEMOUTH,1000,3.34,10/7/2021,2021
JACKSON FLAT RES.,KANE,CRAPPIE WHITE,1241,4.65,10/21/2021,2021
JACKSON FLAT RES.,KANE,BROWN TROUT,636,13.31,10/26/2021,2021
JACKSON FLAT RES.,KANE,BROWN TROUT,409,13.31,11/18/2021,2021
JEAN L W-58,SUMMIT,GRAYLING ARCTIC,151,2.65,9/21/2021,2021
JEAN L Z-41,DUCHESNE,BROOK TROUT,2001,2.79,6/30/2021,2021
JENSEN NATURE PARK POND,DAVIS,RAINBOW,641,19.08,2/8/2021,2021
JENSEN NATURE PARK POND,DAVIS,RAINBOW,599,9.43,2/22/2021,2021
JENSEN NATURE PARK POND,DAVIS,RAINBOW,600,9.44,3/8/2021,2021
JENSEN NATURE PARK POND,DAVIS,RAINBOW,300,17.1,3/9/2021,2021
JENSEN NATURE PARK POND,DAVIS,RAINBOW,686,9.62,3/22/2021,2021
JENSEN NATURE PARK POND,DAVIS,RAINBOW,100,17.1,4/6/2021,2021
JENSEN NATURE PARK POND,DAVIS,RAINBOW,600,9.55,4/6/2021,2021
JENSEN NATURE PARK POND,DAVIS,RAINBOW,519,9.46,4/19/2021,2021
JENSEN NATURE PARK POND,DAVIS,WIPER,994,7.48,4/28/2021,2021
JENSEN NATURE PARK POND,DAVIS,RAINBOW,499,9.42,5/3/2021,2021
JENSEN NATURE PARK POND,DAVIS,RAINBOW,499,9.55,5/17/2021,2021
JENSEN NATURE PARK POND,DAVIS,RAINBOW,349,14.44,5/28/2021,2021
JENSEN NATURE PARK POND,DAVIS,RAINBOW,500,10.01,6/7/2021,2021
JENSEN NATURE PARK POND,DAVIS,RAINBOW,799,9.43,9/13/2021,2021
JENSEN NATURE PARK POND,DAVIS,RAINBOW,799,9.43,9/21/2021,2021
JENSEN NATURE PARK POND,DAVIS,RAINBOW,749,9.54,9/28/2021,2021
JENSEN NATURE PARK POND,DAVIS,RAINBOW,1400,10.3,9/29/2021,2021
JENSEN NATURE PARK POND,DAVIS,RAINBOW,699,9.41,10/12/2021,2021
JENSEN NATURE PARK POND,DAVIS,RAINBOW,699,10.28,10/26/2021,2021
JENSEN NATURE PARK POND,DAVIS,LAKE TROUT,233,25.2,10/28/2021,2021
JENSEN NATURE PARK POND,DAVIS,RAINBOW,300,11.86,11/3/2021,2021
JENSEN NATURE PARK POND,DAVIS,RAINBOW,700,10.6,11/8/2021,2021
JENSEN NATURE PARK POND,DAVIS,RAINBOW,600,11.86,11/9/2021,2021
JENSEN NATURE PARK POND,DAVIS,RAINBOW,800,10.68,11/22/2021,2021
JESSON L GR-1,SUMMIT,TIGER TROUT,632,3.28,7/1/2021,2021
JEWKES-VAN BUREN L,SANPETE,TIGER TROUT,1000,4.47,7/7/2021,2021
JOE LAY L NCL,GARFIELD,BROOK TROUT,203,2.76,7/6/2021,2021
JOES VALLEY RES,EMERY,SPLAKE,20468,2.9,6/1/2021,2021
JOES VALLEY RES,EMERY,SPLAKE,23879,2.9,6/1/2021,2021
JOES VALLEY RES,EMERY,RAINBOW,3840,10.04,6/15/2021,2021
JOES VALLEY RES,EMERY,RAINBOW,3380,10.53,6/21/2021,2021
JOES VALLEY RES,EMERY,RAINBOW,1360,11.6,7/14/2021,2021
JOES VALLEY RES,EMERY,RAINBOW,12528,4.43,7/14/2021,2021
JOES VALLEY RES,EMERY,RAINBOW,12528,4.43,7/14/2021,2021
JOES VALLEY RES,EMERY,RAINBOW,760,11.6,7/19/2021,2021
JOES VALLEY RES,EMERY,RAINBOW,760,11.6,7/19/2021,2021
JOES VALLEY RES,EMERY,RAINBOW,1624,9.63,7/27/2021,2021
JOES VALLEY RES,EMERY,RAINBOW,1624,9.63,7/27/2021,2021
JOHN L A-30,SUMMIT,BROOK TROUT,299,2.79,6/28/2021,2021
JOHN L FLAT CREEK,IRON,CUTTHROAT,1000,2.25,9/16/2021,2021
JOHNSON L WR-30,UINTAH,GRAYLING ARCTIC,323,2.65,9/21/2021,2021
JOHNSON RES,SEVIER,MUSKIE TIGER,3500,1.05,4/20/2021,2021
JOHNSON RES,SEVIER,MUSKIE TIGER,1215,4.08,7/13/2021,2021
JORDAN R,UTAH,CHANNEL CATFISH,3494,3.97,9/15/2021,2021
JORDAN R,UTAH,CHANNEL CATFISH,2496,3.5,10/12/2021,2021
JORDANELLE RES,WASATCH,RAINBOW,5945,11.99,4/19/2021,2021
JORDANELLE RES,WASATCH,RAINBOW,5945,11.99,4/19/2021,2021
JORDANELLE RES,WASATCH,RAINBOW,7699,9.13,4/19/2021,2021
JORDANELLE RES,WASATCH,RAINBOW,3817,9.13,4/19/2021,2021
JORDANELLE RES,WASATCH,RAINBOW,6800,11.37,4/19/2021,2021
JORDANELLE RES,WASATCH,RAINBOW,1071,11.37,4/20/2021,2021
JORDANELLE RES,WASATCH,KOKANEE,38961,3.11,4/20/2021,2021
JORDANELLE RES,WASATCH,MUSKIE TIGER,20002,1.04,4/20/2021,2021
JORDANELLE RES,WASATCH,KOKANEE,66600,3.11,4/20/2021,2021
JORDANELLE RES,WASATCH,KOKANEE,15914,3.13,4/29/2021,2021
JORDANELLE RES,WASATCH,WIPER,536,7.6,7/6/2021,2021
JORDANELLE RES,WASATCH,SPLAKE,18531,3.43,7/15/2021,2021
JORDANELLE RES,WASATCH,SPLAKE,16472,3.43,7/15/2021,2021
JORDANELLE RES,WASATCH,RAINBOW,1680,10.14,7/15/2021,2021
JORDANELLE RES,WASATCH,RAINBOW,1680,10.14,7/15/2021,2021
JORDANELLE RES,WASATCH,RAINBOW,1644,10.14,7/19/2021,2021
JORDANELLE RES,WASATCH,RAINBOW,1680,10.6,8/9/2021,2021
JORDANELLE RES,WASATCH,RAINBOW,1680,10.6,8/9/2021,2021
JORDANELLE RES,WASATCH,RAINBOW,1050,10.6,8/10/2021,2021
JORDANELLE RES,WASATCH,WIPER,18567,2.15,8/12/2021,2021
JORDANELLE RES,WASATCH,RAINBOW,3000,11.86,9/13/2021,2021
JORDANELLE RES,WASATCH,RAINBOW,12540,2.85,10/6/2021,2021
JORDANELLE RES,WASATCH,RAINBOW,2288,12.05,10/25/2021,2021
JORDANELLE RES,WASATCH,RAINBOW,1645,12.05,10/25/2021,2021
JORDANELLE RES,WASATCH,RAINBOW,3250,10.09,11/2/2021,2021
KAMAS RES W-40,SUMMIT,TIGER TROUT,1306,2.69,6/30/2021,2021
KAYSVILLE STAKE POND,DAVIS,RAINBOW,701,9.44,3/2/2021,2021
KAYSVILLE STAKE POND,DAVIS,RAINBOW,701,9.44,3/16/2021,2021
KAYSVILLE STAKE POND,DAVIS,RAINBOW,700,9.62,3/29/2021,2021
KAYSVILLE STAKE POND,DAVIS,RAINBOW,701,9.4,4/11/2021,2021
KAYSVILLE STAKE POND,DAVIS,RAINBOW,700,9.63,4/12/2021,2021
KAYSVILLE STAKE POND,DAVIS,RAINBOW,501,9.43,4/26/2021,2021
KAYSVILLE STAKE POND,DAVIS,WIPER,1490,7.48,4/28/2021,2021
KAYSVILLE STAKE POND,DAVIS,RAINBOW,499,9.42,5/3/2021,2021
KAYSVILLE STAKE POND,DAVIS,RAINBOW,347,15.83,5/4/2021,2021
KAYSVILLE STAKE POND,DAVIS,RAINBOW,700,9.55,5/17/2021,2021
KAYSVILLE STAKE POND,DAVIS,CHANNEL CATFISH,285,13.57,5/27/2021,2021
KAYSVILLE STAKE POND,DAVIS,CHANNEL CATFISH,285,13.57,5/27/2021,2021
KAYSVILLE STAKE POND,DAVIS,RAINBOW,226,9.4,9/2/2021,2021
KAYSVILLE STAKE POND,DAVIS,RAINBOW,574,10.36,9/7/2021,2021
KAYSVILLE STAKE POND,DAVIS,RAINBOW,799,9.43,9/13/2021,2021
KAYSVILLE STAKE POND,DAVIS,RAINBOW,238,9.43,9/21/2021,2021
KAYSVILLE STAKE POND,DAVIS,RAINBOW,1400,10.3,9/28/2021,2021
KAYSVILLE STAKE POND,DAVIS,RAINBOW,1362,9.54,9/29/2021,2021
KAYSVILLE STAKE POND,DAVIS,RAINBOW,801,9.41,10/12/2021,2021
KAYSVILLE STAKE POND,DAVIS,CHANNEL CATFISH,1997,3.75,10/25/2021,2021
KAYSVILLE STAKE POND,DAVIS,RAINBOW,800,10.28,10/26/2021,2021
KAYSVILLE STAKE POND,DAVIS,RAINBOW,450,10.77,11/1/2021,2021
KENS L,SAN JUAN,RAINBOW,3500,9.91,3/15/2021,2021
KENS L,SAN JUAN,BROWN TROUT,14,2.68,4/13/2021,2021
KENS L,SAN JUAN,RAINBOW,500,10.07,4/13/2021,2021
KENS L,SAN JUAN,CHANNEL CATFISH,13986,3.75,10/21/2021,2021
"KENTS L, LOWER",BEAVER,RAINBOW,300,4.27,6/23/2021,2021
"KENTS L, LOWER",BEAVER,BROOK TROUT,308,2.61,6/23/2021,2021
"KENTS L, LOWER",BEAVER,TIGER TROUT,104,2.68,6/23/2021,2021
"KENTS L, MIDDLE",BEAVER,RAINBOW,1000,9.46,5/26/2021,2021
"KENTS L, MIDDLE",BEAVER,RAINBOW,505,9.89,6/3/2021,2021
"KENTS L, MIDDLE",BEAVER,RAINBOW,920,10.29,6/17/2021,2021
"KENTS L, MIDDLE",BEAVER,RAINBOW,584,10.31,6/29/2021,2021
"KENTS L, MIDDLE",BEAVER,TIGER TROUT,512,4.44,9/28/2021,2021
"KENTS L, UPPER",BEAVER,TIGER TROUT,500,3.29,6/3/2021,2021
"KENTS L, UPPER",BEAVER,CUTTHROAT,3500,2.25,9/16/2021,2021
"KIBAH L, WEST DF-14",UINTAH,BROOK TROUT,777,3.32,7/1/2021,2021
"KIBAH L,FINGER DF-12",UINTAH,BROOK TROUT,374,3.32,7/1/2021,2021
"KIBAH L,ISLAND DF-16",UINTAH,BROOK TROUT,800,3.32,7/1/2021,2021
KIDNEY POND,SALT LAKE,CHANNEL CATFISH,120,13.57,6/24/2021,2021
KIDNEY POND,SALT LAKE,RAINBOW,301,9.43,9/20/2021,2021
KIDNEY POND,SALT LAKE,RAINBOW,301,9.5,10/4/2021,2021
KIDNEY POND,SALT LAKE,RAINBOW,300,9.63,10/12/2021,2021
KIDNEY POND,SALT LAKE,RAINBOW,301,9.62,10/18/2021,2021
KNIGHT IDEAL POND,CARBON,RAINBOW,644,10.28,4/28/2021,2021
KNIGHT IDEAL POND,CARBON,RAINBOW,500,10.77,6/16/2021,2021
KNIGHT IDEAL POND,CARBON,SUCKER,1861,2.21,10/7/2021,2021
KOLOB RES,WASHINGTON,RAINBOW,5455,2.97,5/18/2021,2021
KOOSHAREM RES,SEVIER,RAINBOW,695,15.36,3/25/2021,2021
KOOSHAREM RES,SEVIER,RAINBOW,704,15.36,3/25/2021,2021
KOOSHAREM RES,SEVIER,CUTTHROAT,5152,8.11,3/29/2021,2021
KOOSHAREM RES,SEVIER,RAINBOW,2376,9.44,4/20/2021,2021
KOOSHAREM RES,SEVIER,MUSKIE TIGER,1000,1.05,4/20/2021,2021
KOOSHAREM RES,SEVIER,RAINBOW,724,9.42,5/4/2021,2021
KOOSHAREM RES,SEVIER,RAINBOW,724,9.42,5/4/2021,2021
KOOSHAREM RES,SEVIER,RAINBOW,724,9.42,5/4/2021,2021
KOOSHAREM RES,SEVIER,RAINBOW,724,9.42,5/4/2021,2021
KOOSHAREM RES,SEVIER,RAINBOW,724,9.42,5/4/2021,2021
LABARON RES,BEAVER,TIGER TROUT,260,2.68,6/23/2021,2021
LABARON RES,BEAVER,BROOK TROUT,1003,2.56,6/23/2021,2021
LABARON RES,BEAVER,GRAYLING ARCTIC,1011,2.65,9/23/2021,2021
LAKE CANYON L,DUCHESNE,CUTTHROAT,988,5.32,6/1/2021,2021
LAKE CANYON L,DUCHESNE,TIGER TROUT,336,2.73,6/1/2021,2021
LAKE CANYON L,DUCHESNE,TIGER TROUT,413,5.34,11/12/2021,2021
LAKE CYN,DUCHESNE,CUTTHROAT,2056,2.25,10/21/2021,2021
LAKE FK R,DUCHESNE,RAINBOW,601,10.04,6/29/2021,2021
LAKE POWELL,KANE,CHUB,10691,4.14,11/3/2021,2021
LAKETOWN RES,RICH,RAINBOW,1000,8.04,4/30/2021,2021
LAKETOWN RES,RICH,CUTTHROAT,200,17.88,5/4/2021,2021
LAKETOWN RES,RICH,RAINBOW,1000,9.39,9/1/2021,2021
LAPOINT RES,UINTAH,MUSKIE TIGER,165,2.63,6/8/2021,2021
LEDGE L BTS,GARFIELD,BROOK TROUT,203,2.76,7/6/2021,2021
LEIGH HILL RES,IRON,RAINBOW,810,12.05,3/2/2021,2021
LEIGH HILL RES,IRON,RAINBOW,1215,12.17,3/2/2021,2021
LEIGH HILL RES,IRON,RAINBOW,810,12.17,3/2/2021,2021
LEIGH HILL RES,IRON,RAINBOW,1175,12.17,3/3/2021,2021
LEIGH HILL RES,IRON,CHANNEL CATFISH,570,13.57,5/27/2021,2021
LEIGH HILL RES,IRON,CHANNEL CATFISH,570,13.57,6/10/2021,2021
LEIGH HILL RES,IRON,RAINBOW,1050,12.59,9/7/2021,2021
LEIGH HILL RES,IRON,RAINBOW,675,12.59,9/7/2021,2021
LEIGH HILL RES,IRON,RAINBOW,675,12.59,9/7/2021,2021
LEIGH HILL RES,IRON,CHANNEL CATFISH,4000,3.97,9/14/2021,2021
LF-16,DUCHESNE,BROOK TROUT,298,3.32,7/1/2021,2021
LF-43,DUCHESNE,BROOK TROUT,251,3.32,7/1/2021,2021
LILLIAN L,SALT LAKE,GRAYLING ARCTIC,1011,2.65,9/21/2021,2021
LILLY L A-58,SUMMIT,TIGER TROUT,252,9.41,6/9/2021,2021
LILLY L A-58,SUMMIT,RAINBOW,300,9.29,6/9/2021,2021
LILLY L A-58,SUMMIT,RAINBOW,284,9.32,6/21/2021,2021
LILLY L A-58,SUMMIT,TIGER TROUT,252,9.41,6/23/2021,2021
LILLY L A-58,SUMMIT,TIGER TROUT,252,9.41,7/6/2021,2021
LILLY L A-58,SUMMIT,RAINBOW,300,9.32,7/7/2021,2021
LILLY L A-58,SUMMIT,RAINBOW,312,9.32,7/19/2021,2021
LILLY L A-58,SUMMIT,TIGER TROUT,249,9.63,7/20/2021,2021
LILLY L A-58,SUMMIT,TIGER TROUT,158,9.26,8/2/2021,2021
LILLY L A-58,SUMMIT,RAINBOW,199,10.14,8/2/2021,2021
LILLY L A-58,SUMMIT,RAINBOW,150,12.13,8/17/2021,2021
LILY L BR-11,SUMMIT,RAINBOW,1156,9.03,5/24/2021,2021
LILY L BR-11,SUMMIT,RAINBOW,927,9.32,6/14/2021,2021
LILY L BR-11,SUMMIT,RAINBOW,751,10.14,7/27/2021,2021
LILY L LOWER A-25,SUMMIT,BROOK TROUT,150,2.79,6/28/2021,2021
LILY PAD L X-2,DUCHESNE,BROOK TROUT,1000,2.79,6/30/2021,2021
"LILY PAD,LOWER DG-26",DUCHESNE,BROOK TROUT,450,3.32,7/1/2021,2021
"LILY PAD,UPPER DG-25",DUCHESNE,BROOK TROUT,1203,3.32,7/1/2021,2021
LITTLE BRUSH CR,UINTAH,RAINBOW,202,9.7,6/15/2021,2021
LITTLE BRUSH CR,UINTAH,RAINBOW,200,10.46,7/7/2021,2021
LITTLE CR,IRON,CUTTHROAT,5079,1.47,8/18/2021,2021
LITTLE CR RES,RICH,RAINBOW,3798,8.67,4/21/2021,2021
LITTLE CR RES,RICH,RAINBOW,2808,10.5,11/2/2021,2021
LITTLE CR RES,RICH,RAINBOW,1404,10.5,11/2/2021,2021
LITTLE DEER CR,WASATCH,CUTTHROAT,2716,2.43,10/13/2021,2021
LITTLE DELL RES,SALT LAKE,CUTTHROAT,4938,5.25,5/26/2021,2021
LITTLE DELL RES,SALT LAKE,CUTTHROAT,4938,5.25,5/26/2021,2021
LITTLE DELL RES,SALT LAKE,CUTTHROAT,3950,5.25,5/26/2021,2021
LITTLE DELL RES,SALT LAKE,CUTTHROAT,4444,5.25,5/26/2021,2021
LITTLE DELL RES,SALT LAKE,CUTTHROAT,3950,5.25,5/26/2021,2021
LITTLE DELL RES,SALT LAKE,BROOK TROUT,6480,2.75,7/14/2021,2021
LITTLE DOG L X-33,DUCHESNE,BROOK TROUT,701,3.32,7/1/2021,2021
LITTLE MONTES RES,UINTAH,RAINBOW,100,17.1,4/14/2021,2021
LITTLE MONTES RES,UINTAH,CHANNEL CATFISH,461,13.57,5/27/2021,2021
LITTLE MONTES RES,UINTAH,BASS LARGEMOUTH,56,10.77,6/9/2021,2021
LITTLE MONTES RES,UINTAH,SUNFISH BLUEGILL,4,8.67,6/9/2021,2021
LITTLE MONTES RES,UINTAH,CHANNEL CATFISH,460,13.57,6/24/2021,2021
LITTLE MONTES RES,UINTAH,SUCKER,1000,2.21,10/7/2021,2021
LITTLE MONTES RES,UINTAH,RAINBOW,898,13.14,10/14/2021,2021
LITTLE MONTES RES,UINTAH,CHANNEL CATFISH,174,4.62,11/2/2021,2021
LITTLE RES,BEAVER,BROWN TROUT,274,3.86,4/27/2021,2021
LITTLE RES,BEAVER,RAINBOW,1000,9.46,5/26/2021,2021
LITTLE RES,BEAVER,RAINBOW,505,9.89,6/3/2021,2021
LITTLE RES,BEAVER,RAINBOW,920,10.29,6/17/2021,2021
LITTLE RES,BEAVER,TIGER TROUT,260,2.68,6/23/2021,2021
LITTLE RES,BEAVER,RAINBOW,584,10.31,6/29/2021,2021
LLOYDS L,SAN JUAN,RAINBOW,2000,10.07,4/5/2021,2021
LLOYDS L,SAN JUAN,RAINBOW,1901,10.5,5/12/2021,2021
LOFTY L W-41,SUMMIT,TIGER TROUT,294,2.69,6/30/2021,2021
LOG POND #1,SANPETE,BROOK TROUT,202,2.81,6/29/2021,2021
LOGAN R,CACHE,RAINBOW,450,8.67,3/29/2021,2021
LOGAN R,CACHE,RAINBOW,501,8.68,3/29/2021,2021
LOGAN R,CACHE,RAINBOW,353,8.67,3/29/2021,2021
LOGAN R,CACHE,RAINBOW,450,9.22,4/19/2021,2021
LOGAN R,CACHE,RAINBOW,501,9.22,4/19/2021,2021
LOGAN R,CACHE,RAINBOW,353,9.23,4/19/2021,2021
LOGAN R,CACHE,RAINBOW,353,8.02,4/29/2021,2021
LOGAN R,CACHE,RAINBOW,501,8.03,4/29/2021,2021
LOGAN R,CACHE,RAINBOW,450,8.05,4/29/2021,2021
LOGAN R,CACHE,RAINBOW,501,8.11,5/20/2021,2021
LOGAN R,CACHE,RAINBOW,353,8.1,5/20/2021,2021
LOGAN R,CACHE,RAINBOW,450,8.11,5/20/2021,2021
LOGAN R,CACHE,RAINBOW,450,8.51,5/28/2021,2021
LOGAN R,CACHE,RAINBOW,501,8.51,5/28/2021,2021
LOGAN R,CACHE,RAINBOW,353,8.51,5/28/2021,2021
LOGAN R,CACHE,RAINBOW,1001,8.25,6/11/2021,2021
LOGAN R,CACHE,RAINBOW,1950,8.25,6/11/2021,2021
LOGAN R,CACHE,RAINBOW,853,8.25,6/11/2021,2021
LOGAN R,CACHE,RAINBOW,353,8.56,6/25/2021,2021
LOGAN R,CACHE,RAINBOW,450,8.56,6/25/2021,2021
LOGAN R,CACHE,RAINBOW,353,8.82,7/9/2021,2021
LOGAN R,CACHE,RAINBOW,450,8.82,7/9/2021,2021
LOGAN R,CACHE,RAINBOW,501,8.82,7/9/2021,2021
LOGAN R,CACHE,RAINBOW,353,8.8,7/22/2021,2021
LOGAN R,CACHE,RAINBOW,501,8.81,7/22/2021,2021
LOGAN R,CACHE,RAINBOW,450,8.81,7/22/2021,2021
LOGAN R,CACHE,RAINBOW,501,9.23,8/6/2021,2021
LOGAN R,CACHE,RAINBOW,353,9.23,8/6/2021,2021
LOGAN R,CACHE,RAINBOW,450,9.23,8/6/2021,2021
LOGAN R,CACHE,RAINBOW,501,9.15,8/20/2021,2021
LOGAN R,CACHE,RAINBOW,353,9.15,8/20/2021,2021
LOGAN R,CACHE,RAINBOW,450,9.15,8/20/2021,2021
LOGAN R,CACHE,RAINBOW,353,9.39,9/3/2021,2021
LOGAN R,CACHE,RAINBOW,501,9.39,9/3/2021,2021
LOGAN R,CACHE,RAINBOW,450,9.39,9/3/2021,2021
LOGAN R,CACHE,RAINBOW,501,9.67,9/17/2021,2021
LOGAN R,CACHE,RAINBOW,450,9.67,9/17/2021,2021
LOGAN R,CACHE,RAINBOW,353,9.67,9/17/2021,2021
LOGAN R,CACHE,RAINBOW,450,10,10/1/2021,2021
LOGAN R,CACHE,RAINBOW,501,9.99,10/1/2021,2021
LOGAN R,CACHE,RAINBOW,353,10,10/1/2021,2021
LONG PARK RES,DAGGETT,BROOK TROUT,2500,3.12,6/2/2021,2021
LONG PARK RES,DAGGETT,RAINBOW,4992,4.02,6/2/2021,2021
LONG PARK RES,DAGGETT,TIGER TROUT,994,2.73,6/2/2021,2021
LONG PARK RES,DAGGETT,GRAYLING ARCTIC,2000,2.65,9/21/2021,2021
LONG WILLOW BOTTOMS,GARFIELD,TIGER TROUT,241,3.09,7/13/2021,2021
LONG WILLOW BOTTOMS,GARFIELD,CUTTHROAT,1000,2.32,9/23/2021,2021
LOST CR RES,MORGAN,RAINBOW,1513,11.37,4/20/2021,2021
LOST CR RES,MORGAN,TIGER TROUT,2000,9.03,5/17/2021,2021
LOST CR RES,MORGAN,KOKANEE,12320,3.61,5/17/2021,2021
LOST CR RES,MORGAN,CUTTHROAT,3813,10.38,6/9/2021,2021
LOST CR RES,MORGAN,CUTTHROAT,3525,10.38,6/15/2021,2021
LOST CR RES,MORGAN,CUTTHROAT,3250,10.38,6/16/2021,2021
LOST CR RES,MORGAN,SPLAKE,4164,3.51,7/13/2021,2021
LOST CR RES,MORGAN,RAINBOW,4573,11.73,9/27/2021,2021
LOST CREEK RESERVOIR,SEVIER,TIGER TROUT,504,9.78,7/12/2021,2021
LOST L A-59,SUMMIT,TIGER TROUT,1020,9.41,6/9/2021,2021
LOST L A-59,SUMMIT,RAINBOW,1997,9.29,6/9/2021,2021
LOST L A-59,SUMMIT,TIGER TROUT,1401,9.41,6/23/2021,2021
LOST L A-59,SUMMIT,BROOK TROUT,2001,2.79,7/1/2021,2021
LOST L A-59,SUMMIT,TIGER TROUT,351,9.41,7/6/2021,2021
LOST L A-59,SUMMIT,BROOK TROUT,147,13.96,7/7/2021,2021
LOST L A-59,SUMMIT,RAINBOW,1607,9.32,7/7/2021,2021
LOST L A-59,SUMMIT,CUTTHROAT,142,15.22,7/27/2021,2021
LOST L Z-29,DUCHESNE,BROOK TROUT,1495,2.79,6/30/2021,2021
LOST L(GOVERNMNT)NBS,WAYNE,BROOK TROUT,299,2.76,7/6/2021,2021
LOUDER CR,IRON,CUTTHROAT,2500,2.25,9/16/2021,2021
LOUDER RANGER STA,IRON,TIGER TROUT,106,2.54,6/15/2021,2021
LOVENIA L W-23,SUMMIT,BROOK TROUT,299,2.79,6/28/2021,2021
LOWER WPA,SANPETE,BROOK TROUT,301,2.81,6/29/2021,2021
"LYMAN L, LOWER G-25",SUMMIT,RAINBOW,802,9.03,5/26/2021,2021
"LYMAN L, LOWER G-25",SUMMIT,BROOK TROUT,2795,2.68,6/29/2021,2021
"LYMAN L, LOWER G-25",SUMMIT,RAINBOW,803,9.32,6/29/2021,2021
"LYMAN L, LOWER G-25",SUMMIT,RAINBOW,650,10.14,7/26/2021,2021
"LYMAN L, UPPER G-27",SUMMIT,RAINBOW,748,9.03,5/26/2021,2021
"LYMAN L, UPPER G-27",SUMMIT,RAINBOW,757,9.32,6/29/2021,2021
"LYMAN L, UPPER G-27",SUMMIT,BROOK TROUT,1001,2.68,6/29/2021,2021
LYNN CR,UINTAH,CUTTHROAT,1274,4.28,6/2/2021,2021
MABA L Z-8,DUCHESNE,BROOK TROUT,299,2.79,6/28/2021,2021
MAIN CR,WASATCH,CUTTHROAT,1536,2.18,10/27/2021,2021
MAMMOTH CR,GARFIELD,RAINBOW,252,10.5,5/11/2021,2021
MAMMOTH CR,GARFIELD,BROWN TROUT,3620,4.17,5/11/2021,2021
MAMMOTH CR,IRON,TIGER TROUT,304,10.23,6/15/2021,2021
MAMMOTH CR,IRON,TIGER TROUT,1557,9.48,7/1/2021,2021
MAMMOTH CR,IRON,TIGER TROUT,1449,9.78,7/13/2021,2021
MAMMOTH CR,GARFIELD,RAINBOW,1650,10.24,7/19/2021,2021
MAMMOTH CR,IRON,CUTTHROAT,10960,1.73,8/18/2021,2021
MAMMOTH CR,IRON,CUTTHROAT,9250,2.25,9/16/2021,2021
MANILA CREEK PARK POND,UTAH,RAINBOW,469,9.44,3/2/2021,2021
MANILA CREEK PARK POND,UTAH,RAINBOW,300,17.1,3/16/2021,2021
MANILA CREEK PARK POND,UTAH,RAINBOW,470,9.62,4/2/2021,2021
MANILA CREEK PARK POND,UTAH,RAINBOW,470,9.63,4/12/2021,2021
MANILA CREEK PARK POND,UTAH,RAINBOW,469,9.46,4/19/2021,2021
MANILA CREEK PARK POND,UTAH,RAINBOW,468,9.43,4/27/2021,2021
MANILA CREEK PARK POND,UTAH,RAINBOW,469,9.42,5/3/2021,2021
MANILA CREEK PARK POND,UTAH,RAINBOW,470,9.52,5/10/2021,2021
MANILA CREEK PARK POND,UTAH,WIPER,816,7.29,5/13/2021,2021
MANILA CREEK PARK POND,UTAH,RAINBOW,468,9.55,5/17/2021,2021
MANILA CREEK PARK POND,UTAH,RAINBOW,470,9.71,5/24/2021,2021
MANILA CREEK PARK POND,UTAH,RAINBOW,208,14.44,6/1/2021,2021
MANILA CREEK PARK POND,UTAH,RAINBOW,468,9.66,6/1/2021,2021
MANILA CREEK PARK POND,UTAH,RAINBOW,918,9.43,9/13/2021,2021
MANILA CREEK PARK POND,UTAH,RAINBOW,458,9.54,9/27/2021,2021
MANILA CREEK PARK POND,UTAH,RAINBOW,459,9.75,10/12/2021,2021
MANILA CREEK PARK POND,UTAH,RAINBOW,458,10.28,10/26/2021,2021
MANNING MEADOW RES,PIUTE,CUTTHROAT,17820,2.13,9/2/2021,2021
MANTUA RES,BOX ELDER,RAINBOW,5000,8.67,3/29/2021,2021
MANTUA RES,BOX ELDER,CHANNEL CATFISH,831,18.42,6/24/2021,2021
MANTUA RES,BOX ELDER,CHANNEL CATFISH,1000,13.57,6/24/2021,2021
MANTUA RES,BOX ELDER,CHANNEL CATFISH,12205,3.97,9/15/2021,2021
MANTUA RES,BOX ELDER,CHANNEL CATFISH,11160,4.15,9/15/2021,2021
MANTUA RES,BOX ELDER,RAINBOW,9604,10.16,9/27/2021,2021
MANTUA RES,BOX ELDER,RAINBOW,810,11.16,11/9/2021,2021
MANTUA RES,BOX ELDER,RAINBOW,1080,11.16,11/9/2021,2021
MAPLE GROVE SPRINGS,MILLARD,RAINBOW,224,9.46,4/8/2021,2021
MAPLE GROVE SPRINGS,MILLARD,RAINBOW,260,12.2,5/10/2021,2021
MAPLE GROVE SPRINGS,MILLARD,RAINBOW,456,10.04,6/21/2021,2021
MAPLE GROVE SPRINGS,MILLARD,RAINBOW,384,9.94,7/7/2021,2021
MAPLE GROVE SPRINGS,MILLARD,RAINBOW,210,10.08,8/2/2021,2021
MAPLE L,UTAH,RAINBOW,1496,10.44,5/13/2021,2021
MAPLE L,UTAH,RAINBOW,300,10.77,6/1/2021,2021
MAPLE L,UTAH,MUSKIE TIGER,300,2.32,6/1/2021,2021
MAPLE L,UTAH,RAINBOW,1500,10.77,6/1/2021,2021
MAPLE L,UTAH,WIPER,550,6.72,6/14/2021,2021
MAPLE L,UTAH,RAINBOW,500,10.77,6/23/2021,2021
MAPLE L,UTAH,BROOK TROUT,2470,2.68,7/7/2021,2021
MARSH L G-19,SUMMIT,RAINBOW,3808,9.03,5/25/2021,2021
MARSHALL L Z-11,DUCHESNE,BROOK TROUT,1806,2.79,6/30/2021,2021
MARY ELLEN GULCH CREEK,UTAH,CUTTHROAT,1509,2.61,11/16/2021,2021
MARY L,SALT LAKE,BROOK TROUT,5003,2.79,6/29/2021,2021
MATT WARNER RES,UINTAH,RAINBOW,15500,2.92,4/29/2021,2021
MATT WARNER RES,UINTAH,BROWN TROUT,7800,2.82,5/22/2021,2021
MATT WARNER RES,UINTAH,RAINBOW,8190,2.82,5/22/2021,2021
MATT WARNER RES,UINTAH,RAINBOW,6853,2.24,6/1/2021,2021
MATT WARNER RES,UINTAH,RAINBOW,10150,2.96,6/1/2021,2021
MAY DAY POND,GARFIELD,TIGER TROUT,1503,2.95,7/6/2021,2021
MAYBEY POND,DAVIS,RAINBOW,199,9.44,3/10/2021,2021
MAYBEY POND,DAVIS,RAINBOW,201,9.55,4/6/2021,2021
MAYBEY POND,DAVIS,RAINBOW,100,10.01,6/7/2021,2021
MAYBEY POND,DAVIS,RAINBOW,149,9.43,9/13/2021,2021
MAYBEY POND,DAVIS,RAINBOW,150,9.54,9/28/2021,2021
MAYBEY POND,DAVIS,RAINBOW,99,9.41,10/12/2021,2021
MAYBEY POND,DAVIS,RAINBOW,99,10.28,10/26/2021,2021
MAYOR'S POND,BOX ELDER,RAINBOW,396,8.74,4/20/2021,2021
MAYOR'S POND,BOX ELDER,RAINBOW,400,11.63,9/29/2021,2021
MCCLELLAN RES,UTAH,RAINBOW,400,10.77,6/1/2021,2021
MCCLELLAN RES,UTAH,RAINBOW,840,10.77,6/23/2021,2021
MCCLELLAN RES,UTAH,BROOK TROUT,800,2.68,7/7/2021,2021
MCGATH LAKE GT,GARFIELD,BROOK TROUT,3005,2.76,7/6/2021,2021
MEADOW CREEK LAKE,IRON,CUTTHROAT,5000,2.25,9/16/2021,2021
MEADOW CRK P,WEBER,BROOK TROUT,197,15.51,2/18/2021,2021
MEADOW CRK P,WEBER,RAINBOW,110,17.58,2/18/2021,2021
MEADOW CRK P,WEBER,RAINBOW,110,17.58,2/18/2021,2021
MEADOW CRK P,WEBER,BROOK TROUT,197,15.51,2/18/2021,2021
MEADOW CRK P,WEBER,BROWN TROUT,284,10.47,2/18/2021,2021
MEADOW CRK P,WEBER,RAINBOW,110,17.58,2/18/2021,2021
MEADOW CRK P,WEBER,BROOK TROUT,197,15.51,2/18/2021,2021
MEADOW CRK P,WEBER,RAINBOW,295,11.92,2/22/2021,2021
MEADOW CRK P,WEBER,RAINBOW,300,10.96,3/22/2021,2021
MEADOW CRK P,WEBER,RAINBOW,301,10.98,4/2/2021,2021
MEADOW CRK P,WEBER,RAINBOW,404,15.83,4/7/2021,2021
MEADOW CRK P,WEBER,RAINBOW,300,11.94,5/18/2021,2021
MEADOW CRK P,WEBER,WIPER,554,8.02,5/26/2021,2021
MEADOW CRK P,WEBER,RAINBOW,349,14.44,5/28/2021,2021
MEADOW CRK P,WEBER,RAINBOW,465,15.92,6/9/2021,2021
MEADOW CRK P,WEBER,RAINBOW,399,11.86,6/15/2021,2021
MEADOW CRK P,WEBER,RAINBOW,453,11.83,9/14/2021,2021
MEADOW CRK P,WEBER,RAINBOW,501,11.88,9/29/2021,2021
MEADOW CRK P,WEBER,RAINBOW,500,12.13,10/12/2021,2021
MEADOW CRK P,WEBER,RAINBOW,502,13.15,10/26/2021,2021
MEADOW CRK P,WEBER,LAKE TROUT,233,25.2,10/28/2021,2021
MEADOW CRK P,WEBER,RAINBOW,300,11.86,11/3/2021,2021
MEADOW CRK P,WEBER,RAINBOW,498,13.15,11/8/2021,2021
MEADOW CRK P,WEBER,RAINBOW,500,13.57,11/22/2021,2021
MEDICINE L,SAN JUAN,RAINBOW,504,10.5,7/8/2021,2021
MEEKS L TLM,SEVIER,RAINBOW,900,2.54,6/28/2021,2021
MEEKS L TLM,SEVIER,BROOK TROUT,261,3.03,8/3/2021,2021
MEEKS L TLM,SEVIER,CUTTHROAT,4026,1.98,9/28/2021,2021
MERCHANT VALLEY RES,BEAVER,RAINBOW,260,12.2,5/12/2021,2021
MERCHANT VALLEY RES,BEAVER,BROWN TROUT,290,4.17,5/12/2021,2021
MERCHANT VALLEY RES,BEAVER,RAINBOW,288,10.09,7/13/2021,2021
MIDAS POND,SALT LAKE,WIPER,149,7.53,5/25/2021,2021
MIDAS POND,SALT LAKE,CHANNEL CATFISH,120,13.57,6/24/2021,2021
MIDAS POND,SALT LAKE,RAINBOW,301,9.43,9/20/2021,2021
MIDAS POND,SALT LAKE,RAINBOW,301,9.5,10/4/2021,2021
MIDAS POND,SALT LAKE,RAINBOW,300,9.63,10/12/2021,2021
MIDAS POND,SALT LAKE,RAINBOW,301,9.62,10/18/2021,2021
MILK L Y-25,DUCHESNE,BROOK TROUT,1752,3.32,7/1/2021,2021
MILL CR,GRAND,BROWN TROUT,4284,2.68,4/13/2021,2021
MILL CR,SALT LAKE,CUTTHROAT,3014,2.43,10/13/2021,2021
MILL CR,SALT LAKE,CUTTHROAT,1011,2.43,10/13/2021,2021
MILL CR,SALT LAKE,CUTTHROAT,3009,2.25,10/13/2021,2021
MILL CR,SALT LAKE,CUTTHROAT,5465,2.53,11/16/2021,2021
MILL HOLLOW RES,WASATCH,RAINBOW,500,12.13,5/24/2021,2021
MILL HOLLOW RES,WASATCH,RAINBOW,500,9.03,5/24/2021,2021
MILL HOLLOW RES,WASATCH,RAINBOW,501,9.32,6/15/2021,2021
MILL HOLLOW RES,WASATCH,RAINBOW,501,12.47,6/15/2021,2021
MILL HOLLOW RES,WASATCH,RAINBOW,720,9.63,7/1/2021,2021
MILL HOLLOW RES,WASATCH,RAINBOW,512,13.57,7/1/2021,2021
MILL HOLLOW RES,WASATCH,BROOK TROUT,1518,2.79,7/1/2021,2021
MILL HOLLOW RES,WASATCH,TIGER TROUT,4536,3.14,7/1/2021,2021
MILL HOLLOW RES,WASATCH,RAINBOW,1051,9.32,7/15/2021,2021
MILL HOLLOW RES,WASATCH,RAINBOW,1008,10.14,7/20/2021,2021
MILL HOLLOW RES,WASATCH,RAINBOW,998,10.14,8/2/2021,2021
MILL HOLLOW RES,WASATCH,RAINBOW,1000,12.13,8/17/2021,2021
MILL MEADOW RES,SEVIER,RAINBOW,2940,10.07,4/7/2021,2021
MILL MEADOW RES,SEVIER,RAINBOW,2071,10.07,4/7/2021,2021
MILL MEADOW RES,SEVIER,WIPER,1893,3.48,10/20/2021,2021
MILLER L BTN,WAYNE,RAINBOW,315,10.5,6/23/2021,2021
MILLER L BTN,WAYNE,TIGER TROUT,519,9.48,7/6/2021,2021
MILLERS FLAT RES,SANPETE,BROOK TROUT,520,2.68,6/30/2021,2021
MILLRACE PARK POND,SALT LAKE,RAINBOW,374,9.44,3/16/2021,2021
MILLRACE PARK POND,SALT LAKE,RAINBOW,376,9.55,4/6/2021,2021
MILLRACE PARK POND,SALT LAKE,RAINBOW,375,9.46,4/19/2021,2021
MILLRACE PARK POND,SALT LAKE,RAINBOW,374,9.42,5/3/2021,2021
MILLRACE PARK POND,SALT LAKE,WIPER,225,7.53,5/25/2021,2021
MILLRACE PARK POND,SALT LAKE,CHANNEL CATFISH,60,13.57,5/27/2021,2021
MILLRACE PARK POND,SALT LAKE,CHANNEL CATFISH,150,13.57,6/10/2021,2021
MILLSITE RES,EMERY,RAINBOW,2875,9.91,4/1/2021,2021
MILLSITE RES,EMERY,RAINBOW,3125,9.91,4/1/2021,2021
MILLSITE RES,EMERY,CUTTHROAT,4068,2.04,9/28/2021,2021
MILLSITE RES,EMERY,CUTTHROAT,7119,2.04,9/28/2021,2021
MINERSVILLE RES,BEAVER,WIPER,4446,2.16,8/12/2021,2021
MINERSVILLE RES,BEAVER,RAINBOW,14112,9.92,10/20/2021,2021
MINERSVILLE RES,BEAVER,RAINBOW,15959,10,10/20/2021,2021
MIRROR L Z-3,DUCHESNE,TIGER TROUT,1020,9.41,6/9/2021,2021
MIRROR L Z-3,DUCHESNE,RAINBOW,911,9.29,6/9/2021,2021
MIRROR L Z-3,DUCHESNE,RAINBOW,766,9.32,6/21/2021,2021
MIRROR L Z-3,DUCHESNE,BROOK TROUT,3510,2.68,6/28/2021,2021
MIRROR L Z-3,DUCHESNE,RAINBOW,751,9.32,6/28/2021,2021
MIRROR L Z-3,DUCHESNE,TIGER TROUT,1002,9.41,6/28/2021,2021
MIRROR L Z-3,DUCHESNE,RAINBOW,751,9.32,7/12/2021,2021
MIRROR L Z-3,DUCHESNE,RAINBOW,766,9.32,7/19/2021,2021
MIRROR L Z-3,DUCHESNE,RAINBOW,751,10.14,7/27/2021,2021
MIRROR L Z-3,DUCHESNE,TIGER TROUT,1008,9.26,8/2/2021,2021
MIRROR L Z-3,DUCHESNE,RAINBOW,751,10.14,8/2/2021,2021
MIRROR L Z-3,DUCHESNE,RAINBOW,749,10.14,8/9/2021,2021
MIRROR L Z-3,DUCHESNE,TIGER TROUT,752,9.21,8/16/2021,2021
MIRROR L Z-3,DUCHESNE,RAINBOW,518,12.13,8/17/2021,2021
MIRROR L Z-3,DUCHESNE,RAINBOW,697,12.13,8/23/2021,2021
MONROE POND,SEVIER,RAINBOW,521,9.51,3/10/2021,2021
MONROE POND,SEVIER,RAINBOW,503,11.8,4/22/2021,2021
MONROE POND,SEVIER,RAINBOW,750,9.81,5/27/2021,2021
MONROE POND,SEVIER,TIGER TROUT,405,2.73,6/22/2021,2021
MONROE POND,SEVIER,RAINBOW,805,10.09,6/23/2021,2021
MONROE POND,SEVIER,RAINBOW,1553,10.09,6/30/2021,2021
MONTICELLO L,SAN JUAN,RAINBOW,504,10.5,5/12/2021,2021
MONTICELLO L,SAN JUAN,RAINBOW,504,10.04,6/17/2021,2021
MOON L,DUCHESNE,RAINBOW,2040,12.25,5/17/2021,2021
MOON L,DUCHESNE,RAINBOW,996,12.77,5/18/2021,2021
MOON L,DUCHESNE,RAINBOW,250,12.44,5/26/2021,2021
MOON L,DUCHESNE,TIGER TROUT,825,9.41,6/9/2021,2021
MOON L,DUCHESNE,SPLAKE,6782,3.33,7/2/2021,2021
MOON L,DUCHESNE,TIGER TROUT,1006,6.93,11/29/2021,2021
MOOSE POND,DAGGETT,RAINBOW,345,12.95,5/8/2021,2021
MOOSE POND,DAGGETT,RAINBOW,250,12.44,5/26/2021,2021
MOOSE POND,DAGGETT,RAINBOW,497,13.23,6/15/2021,2021
MOOSE POND,DAGGETT,RAINBOW,338,17.1,8/25/2021,2021
MOOSE POND,DAGGETT,RAINBOW,224,12.95,10/5/2021,2021
MOOSEHORN L Z-4,DUCHESNE,TIGER TROUT,405,9.41,6/9/2021,2021
MOOSEHORN L Z-4,DUCHESNE,RAINBOW,300,9.29,6/9/2021,2021
MOOSEHORN L Z-4,DUCHESNE,RAINBOW,300,9.32,6/21/2021,2021
MOOSEHORN L Z-4,DUCHESNE,TIGER TROUT,402,9.41,6/23/2021,2021
MOOSEHORN L Z-4,DUCHESNE,RAINBOW,303,9.32,6/28/2021,2021
MOOSEHORN L Z-4,DUCHESNE,RAINBOW,306,9.32,7/12/2021,2021
MOOSEHORN L Z-4,DUCHESNE,RAINBOW,312,9.32,7/19/2021,2021
MOOSEHORN L Z-4,DUCHESNE,TIGER TROUT,392,9.63,7/20/2021,2021
MOOSEHORN L Z-4,DUCHESNE,RAINBOW,300,10.14,7/27/2021,2021
MOOSEHORN L Z-4,DUCHESNE,RAINBOW,300,10.14,8/2/2021,2021
MOOSEHORN L Z-4,DUCHESNE,TIGER TROUT,240,9.21,8/16/2021,2021
MOOSEHORN L Z-4,DUCHESNE,RAINBOW,301,12.13,8/17/2021,2021
MOOSMAN L EBS,GARFIELD,MUSKIE TIGER,50,3.51,7/1/2021,2021
MORRELL POND TLM,SEVIER,RAINBOW,900,2.54,6/28/2021,2021
MORRELL POND TLM,SEVIER,TIGER TROUT,259,4.47,7/20/2021,2021
MORRELL POND TLM,SEVIER,CUTTHROAT,2013,1.98,9/28/2021,2021
MT DELL CR,SALT LAKE,CUTTHROAT,2002,2.18,10/27/2021,2021
MT PLEASANT POND,SANPETE,RAINBOW,496,9.31,3/9/2021,2021
MT PLEASANT POND,SANPETE,RAINBOW,500,10,4/12/2021,2021
MT PLEASANT POND,SANPETE,RAINBOW,506,10.44,5/13/2021,2021
MT PLEASANT POND,SANPETE,RAINBOW,1000,10.77,6/10/2021,2021
MT PLEASANT POND,SANPETE,BROWN TROUT,1620,5.46,6/22/2021,2021
MT PLEASANT POND,SANPETE,RAINBOW,500,10.77,7/8/2021,2021
MT PLEASANT POND,SANPETE,RAINBOW,500,10.77,9/13/2021,2021
MUD L X-66,DUCHESNE,BROOK TROUT,374,3.32,7/1/2021,2021
MUMFORD RES,BEAVER,TIGER TROUT,49,2.95,7/6/2021,2021
MUMFORD RES,BEAVER,CUTTHROAT,169,2.48,9/23/2021,2021
NAVAJO L,KANE,RAINBOW,7701,9.94,6/1/2021,2021
NAVAJO L,KANE,RAINBOW,7330,10,6/2/2021,2021
NEBO CR,UTAH,CUTTHROAT,10014,2.79,10/4/2021,2021
NEW CANYON RES,SANPETE,RAINBOW,900,10.77,6/21/2021,2021
NEWCASTLE RES,IRON,WIPER,4446,2.16,8/12/2021,2021
NEWCASTLE RES,IRON,CHANNEL CATFISH,5001,3.97,9/16/2021,2021
NEWCASTLE RES,IRON,RAINBOW,8112,7.15,10/5/2021,2021
NEWCASTLE RES,IRON,RAINBOW,6760,7.15,10/6/2021,2021
NEWCASTLE RES,IRON,RAINBOW,1408,7.05,10/6/2021,2021
NEWCASTLE RES,IRON,RAINBOW,3872,7.05,10/6/2021,2021
NEWTON RES,CACHE,MUSKIE TIGER,1000,3.27,6/21/2021,2021
NINE MILE RES,SANPETE,RAINBOW,1008,10.14,4/5/2021,2021
"NORTH CR, S FK",BEAVER,CUTTHROAT,5080,1.47,8/17/2021,2021
NORTH POND,WASHINGTON,BROWN TROUT,101,2.74,5/28/2021,2021
NOTCH L W-36,SUMMIT,BROOK TROUT,1196,2.79,6/28/2021,2021
OAK CR,MILLARD,RAINBOW,128,10.5,5/19/2021,2021
OAK CR,MILLARD,TIGER TROUT,252,10.07,6/3/2021,2021
OAK CR,MILLARD,RAINBOW,141,10.5,7/12/2021,2021
OAKS PARK RES,UINTAH,RAINBOW,1300,9.16,5/27/2021,2021
OAKS PARK RES,UINTAH,BROOK TROUT,2491,3.06,5/27/2021,2021
OAKS PARK RES,UINTAH,RAINBOW,797,9.47,6/18/2021,2021
OGDEN L WR-5,DUCHESNE,CUTTHROAT,1412,1.9,9/22/2021,2021
OGDEN R,WEBER,RAINBOW,1050,8.66,3/26/2021,2021
OGDEN R,WEBER,RAINBOW,1050,8.76,4/21/2021,2021
OGDEN R,WEBER,RAINBOW,1050,8.36,5/21/2021,2021
OGDEN R,WEBER,RAINBOW,1050,8.25,6/9/2021,2021
OGDEN R,WEBER,RAINBOW,500,9.5,8/4/2021,2021
OGDEN R,WEBER,RAINBOW,0,9.32,9/10/2021,2021
OGDEN R,WEBER,RAINBOW,501,9.32,9/10/2021,2021
OGDEN R,WEBER,RAINBOW,500,10.7,10/15/2021,2021
OLD FORT POND NORTH,UINTAH,RAINBOW,1000,8.94,3/26/2021,2021
OLD FORT POND NORTH,UINTAH,TIGER TROUT,252,8.77,4/2/2021,2021
OLD FORT POND NORTH,UINTAH,RAINBOW,100,17.1,4/14/2021,2021
OLD FORT POND NORTH,UINTAH,BASS LARGEMOUTH,148,10.77,6/9/2021,2021
OLD FORT POND NORTH,UINTAH,SUCKER,500,2.21,10/7/2021,2021
OLD FORT POND NORTH,UINTAH,TIGER TROUT,620,5.59,11/2/2021,2021
OLD FORT POND NORTH,UINTAH,RAINBOW,171,14.3,11/2/2021,2021
OLD FORT POND SOUTH,UINTAH,SUNFISH BLUEGILL,23,8.67,6/9/2021,2021
OLD FORT POND SOUTH,UINTAH,SUCKER,500,2.21,10/7/2021,2021
OLD FORT POND SOUTH,UINTAH,BASS LARGEMOUTH,100,3.34,10/7/2021,2021
OLSON L W-32,SUMMIT,BROOK TROUT,702,2.79,6/29/2021,2021
ONE FISH L GR-32,DAGGETT,BROOK TROUT,397,3.32,7/1/2021,2021
OOWAH L,GRAND,RAINBOW,900,10.04,5/24/2021,2021
OOWAH L,GRAND,GRAYLING ARCTIC,1011,2.65,9/23/2021,2021
OSTLER L BR-27,SUMMIT,TIGER TROUT,1395,2.69,6/30/2021,2021
OTTER CR,PIUTE,BROWN TROUT,5041,3.19,3/31/2021,2021
OTTER CR,PIUTE,BROWN TROUT,3800,3.03,4/19/2021,2021
OTTER CR RES,PIUTE,BROWN TROUT,20325,3.19,3/31/2021,2021
OTTER CR RES,PIUTE,WIPER,8980,3.5,10/25/2021,2021
OTTER CR RES,PIUTE,WIPER,5250,3.58,10/25/2021,2021
OTTER CR RES,PIUTE,RAINBOW,9273,7.27,10/25/2021,2021
OTTER CR RES,PIUTE,RAINBOW,5280,7.27,10/25/2021,2021
OTTER CR RES,PIUTE,RAINBOW,9339,7.27,10/25/2021,2021
OTTER CR RES,PIUTE,RAINBOW,19530,7.38,11/1/2021,2021
OTTER CR RES,PIUTE,RAINBOW,11115,7.63,11/1/2021,2021
OTTER CR RES,PIUTE,RAINBOW,18240,7.35,11/1/2021,2021
OTTER CR RES,PIUTE,WIPER,11015,3.85,11/1/2021,2021
OTTER CR RES,PIUTE,RAINBOW,36836,7.56,11/8/2021,2021
OTTER CR RES,PIUTE,RAINBOW,38991,7.4,11/8/2021,2021
OTTER CR RES,PIUTE,RAINBOW,43473,7.4,11/9/2021,2021
OTTER L EMW,GARFIELD,BROOK TROUT,252,2.71,7/6/2021,2021
OTTER L EMW,GARFIELD,GRAYLING ARCTIC,301,2.65,9/23/2021,2021
PACER L EMW,GARFIELD,TIGER TROUT,98,2.95,7/6/2021,2021
PACER L EMW,GARFIELD,BROOK TROUT,996,2.71,7/6/2021,2021
PACKARD L Z-15,DUCHESNE,BROOK TROUT,897,2.79,6/28/2021,2021
PALISADE RES,SANPETE,RAINBOW,2000,9.31,3/9/2021,2021
PALISADE RES,SANPETE,RAINBOW,1992,10.14,4/6/2021,2021
PALISADE RES,SANPETE,RAINBOW,347,15.83,5/3/2021,2021
PALISADE RES,SANPETE,RAINBOW,999,10.44,5/4/2021,2021
PALISADE RES,SANPETE,CUTTHROAT,300,17.88,5/10/2021,2021
PALISADE RES,SANPETE,CUTTHROAT,1980,2.83,5/13/2021,2021
PALISADE RES,SANPETE,TIGER TROUT,4000,4.47,7/8/2021,2021
PANGUITCH CR,GARFIELD,RAINBOW,550,10.29,5/20/2021,2021
PANGUITCH L,GARFIELD,CUTTHROAT,6213,8.62,5/4/2021,2021
PANGUITCH L,GARFIELD,CUTTHROAT,6649,8.62,5/5/2021,2021
PANGUITCH L,GARFIELD,RAINBOW,20096,7.36,5/5/2021,2021
PANGUITCH L,GARFIELD,RAINBOW,44557,7.13,5/5/2021,2021
PANGUITCH L,GARFIELD,CUTTHROAT,6540,8.62,5/5/2021,2021
PANGUITCH L,GARFIELD,CUTTHROAT,6213,8.62,5/6/2021,2021
PANGUITCH L,GARFIELD,TIGER TROUT,15000,3.29,6/1/2021,2021
PANGUITCH L,GARFIELD,CUTTHROAT,625,10.38,6/16/2021,2021
PANGUITCH L,GARFIELD,TIGER TROUT,11010,2.64,6/18/2021,2021
PANGUITCH L,GARFIELD,RAINBOW,8705,3.2,6/18/2021,2021
PANGUITCH L,GARFIELD,BROOK TROUT,5100,3.22,7/26/2021,2021
PANGUITCH L,GARFIELD,RAINBOW,2944,8.79,10/13/2021,2021
PANGUITCH L,GARFIELD,RAINBOW,2944,8.79,10/13/2021,2021
PANGUITCH L,GARFIELD,RAINBOW,2944,8.79,10/13/2021,2021
PANGUITCH L,GARFIELD,RAINBOW,2944,8.79,10/13/2021,2021
PANGUITCH L,GARFIELD,RAINBOW,2944,8.79,10/13/2021,2021
PANGUITCH L,GARFIELD,RAINBOW,2944,8.79,10/13/2021,2021
PANGUITCH L,GARFIELD,RAINBOW,2944,8.79,10/13/2021,2021
PANGUITCH L,GARFIELD,RAINBOW,2944,8.79,10/13/2021,2021
PANGUITCH L,GARFIELD,RAINBOW,2760,8.79,10/14/2021,2021
PANGUITCH L,GARFIELD,RAINBOW,2944,8.79,10/14/2021,2021
PANGUITCH L,GARFIELD,RAINBOW,2944,8.79,10/14/2021,2021
PANGUITCH L,GARFIELD,RAINBOW,2944,8.79,10/14/2021,2021
PANGUITCH L,GARFIELD,RAINBOW,2944,8.79,10/14/2021,2021
PANGUITCH L,GARFIELD,RAINBOW,2944,8.79,10/14/2021,2021
PANGUITCH L,GARFIELD,RAINBOW,2944,8.79,10/14/2021,2021
PANGUITCH L,GARFIELD,RAINBOW,2944,8.79,10/14/2021,2021
PANGUITCH L,GARFIELD,RAINBOW,1280,11.6,10/18/2021,2021
PANGUITCH L,GARFIELD,RAINBOW,1280,11.6,10/18/2021,2021
PANGUITCH L,GARFIELD,RAINBOW,1280,11.6,10/18/2021,2021
PANGUITCH L,GARFIELD,RAINBOW,1360,11.6,10/18/2021,2021
PANGUITCH L,GARFIELD,RAINBOW,1280,11.6,10/18/2021,2021
PANGUITCH L,GARFIELD,RAINBOW,1280,11.6,10/18/2021,2021
PANGUITCH L,GARFIELD,RAINBOW,2724,8.79,10/18/2021,2021
PANGUITCH L,GARFIELD,RAINBOW,2981,8.79,10/18/2021,2021
PANGUITCH L,GARFIELD,RAINBOW,96,11.6,10/18/2021,2021
PARADISE RES,UINTAH,RAINBOW,799,9.18,6/8/2021,2021
PARAGONAH RES,IRON,CUTTHROAT,4158,2.13,9/7/2021,2021
PARLEYS CR,SALT LAKE,CUTTHROAT,1015,2.18,10/27/2021,2021
PASS L Z-5,DUCHESNE,RAINBOW,300,9.29,6/9/2021,2021
PASS L Z-5,DUCHESNE,TIGER TROUT,504,9.41,6/9/2021,2021
PASS L Z-5,DUCHESNE,RAINBOW,300,9.32,6/21/2021,2021
PASS L Z-5,DUCHESNE,TIGER TROUT,501,9.41,6/23/2021,2021
PASS L Z-5,DUCHESNE,BROOK TROUT,507,2.68,6/28/2021,2021
PASS L Z-5,DUCHESNE,RAINBOW,303,9.32,6/28/2021,2021
PASS L Z-5,DUCHESNE,TIGER TROUT,501,9.41,7/6/2021,2021
PASS L Z-5,DUCHESNE,BROOK TROUT,147,13.96,7/7/2021,2021
PASS L Z-5,DUCHESNE,RAINBOW,300,9.32,7/12/2021,2021
PASS L Z-5,DUCHESNE,RAINBOW,312,9.32,7/19/2021,2021
PASS L Z-5,DUCHESNE,RAINBOW,300,10.14,7/26/2021,2021
PASS L Z-5,DUCHESNE,RAINBOW,300,10.14,8/2/2021,2021
PASS L Z-5,DUCHESNE,RAINBOW,199,10.14,8/9/2021,2021
PASS L Z-5,DUCHESNE,TIGER TROUT,400,9.21,8/16/2021,2021
PASS L Z-5,DUCHESNE,RAINBOW,301,12.13,8/17/2021,2021
PASS L Z-5,DUCHESNE,RAINBOW,294,12.13,8/23/2021,2021
PASS L Z-5,DUCHESNE,RAINBOW,308,12.13,8/30/2021,2021
PAYSON CR,UTAH,CUTTHROAT,1015,2.18,10/27/2021,2021
"PAYSON CR, RT FK",UTAH,CUTTHROAT,2003,2.79,10/4/2021,2021
PAYSON RES(BIG EAST),UTAH,RAINBOW,800,10.77,6/1/2021,2021
PAYSON RES(BIG EAST),UTAH,RAINBOW,1500,10.77,6/23/2021,2021
PAYSON RES(BIG EAST),UTAH,BROOK TROUT,2470,2.68,7/7/2021,2021
PEAR L NBS,WAYNE,BROOK TROUT,504,2.71,7/6/2021,2021
PEAR L NBS,WAYNE,GRAYLING ARCTIC,258,2.65,9/23/2021,2021
PELICAN L,UINTAH,MUSKIE TIGER,46,18.42,3/15/2021,2021
PELICAN L,UINTAH,MUSKIE TIGER,24,18.42,3/16/2021,2021
PELICAN L,UINTAH,MUSKIE TIGER,16,18.42,3/17/2021,2021
PELICAN L,UINTAH,MUSKIE TIGER,22,18.42,3/18/2021,2021
PELICAN L,UINTAH,MUSKIE TIGER,16,18.42,3/22/2021,2021
PELICAN L,UINTAH,MUSKIE TIGER,14,18.42,3/25/2021,2021
PELICAN L,UINTAH,MUSKIE TIGER,2434,4.11,7/15/2021,2021
PELICAN L,UINTAH,BASS LARGEMOUTH,2030,3.34,10/7/2021,2021
PETES HOLE,SANPETE,RAINBOW,1000,10.77,6/8/2021,2021
PETES HOLE,SANPETE,TIGER TROUT,4000,4.47,7/7/2021,2021
PETES HOLE,SANPETE,RAINBOW,504,10.14,7/7/2021,2021
PETIT L A-26,SUMMIT,BROOK TROUT,69,2.79,6/28/2021,2021
PHINNEY L X-119,DUCHESNE,BROOK TROUT,1357,2.79,6/29/2021,2021
PICTURE L X-82,DUCHESNE,GRAYLING ARCTIC,2000,2.65,9/21/2021,2021
PINE CR,WAYNE,BROWN TROUT,3296,2.95,4/21/2021,2021
PINE CR RES BTN,WAYNE,CUTTHROAT,300,2.32,9/23/2021,2021
PINE GROVE POND,BEAVER,RAINBOW,125,9.81,4/14/2021,2021
PINE ISLAND L X-8,DUCHESNE,BROOK TROUT,8395,2.79,6/30/2021,2021
PINE L,GARFIELD,RAINBOW,2123,11.8,4/28/2021,2021
PINE L,GARFIELD,RAINBOW,1900,10.75,5/25/2021,2021
PINE L,GARFIELD,RAINBOW,1995,10.75,5/26/2021,2021
PINE L,GARFIELD,TIGER TROUT,1530,9.88,6/18/2021,2021
PINE L,GARFIELD,CUTTHROAT,2020,2.13,9/9/2021,2021
PINE VALLEY RES,WASHINGTON,RAINBOW,1512,10.13,5/7/2021,2021
PINE VALLEY RES,WASHINGTON,RAINBOW,825,10.29,5/18/2021,2021
PINE VALLEY RES,WASHINGTON,RAINBOW,1169,10.29,5/18/2021,2021
PINE VALLEY RES,WASHINGTON,RAINBOW,1110,10.47,6/3/2021,2021
PINE VALLEY RES,WASHINGTON,RAINBOW,914,10.47,6/3/2021,2021
PINE VALLEY RES,WASHINGTON,RAINBOW,805,10.92,6/16/2021,2021
PINE VALLEY RES,WASHINGTON,RAINBOW,1208,10.92,6/16/2021,2021
PINE VALLEY RES,WASHINGTON,TIGER TROUT,1011,2.76,6/30/2021,2021
PINE VALLEY RES,WASHINGTON,RAINBOW,702,11.15,6/30/2021,2021
PINE VALLEY RES,WASHINGTON,RAINBOW,972,11.15,6/30/2021,2021
PINEVIEW RES,WEBER,MUSKIE TIGER,19920,1.05,4/20/2021,2021
PINTO L X-22,DUCHESNE,BROOK TROUT,5095,2.79,6/30/2021,2021
PIONEER PARK P,BOX ELDER,RAINBOW,550,8.72,3/23/2021,2021
PIONEER PARK P,BOX ELDER,RAINBOW,1100,8.05,4/29/2021,2021
PIONEER PARK P,BOX ELDER,RAINBOW,550,8.1,5/20/2021,2021
PIONEER PARK P,BOX ELDER,RAINBOW,250,8.56,5/25/2021,2021
PIONEER PARK P,BOX ELDER,WIPER,554,8.02,5/26/2021,2021
PIONEER PARK P,BOX ELDER,CHANNEL CATFISH,420,13.57,5/27/2021,2021
PIONEER PARK P,BOX ELDER,CHANNEL CATFISH,214,17.1,6/10/2021,2021
PIONEER PARK P,BOX ELDER,RAINBOW,565,11.63,9/29/2021,2021
PIONEER PARK P,BOX ELDER,RAINBOW,499,11.63,10/19/2021,2021
PIONEER PARK P,BOX ELDER,CHANNEL CATFISH,995,3.75,10/25/2021,2021
PITTSBURGH L,UTAH,BROOK TROUT,1000,2.79,6/30/2021,2021
PIUTE RES,PIUTE,CRAPPIE WHITE,219,7.06,3/21/2021,2021
PLEASANT CR L-BTS,GARFIELD,BROOK TROUT,101,2.71,7/6/2021,2021
PLEASANT CR L-BTS,GARFIELD,GRAYLING ARCTIC,258,2.65,9/23/2021,2021
POLE CANYON PARK POND,UTAH,RAINBOW,500,10.77,2/27/2021,2021
POLE CANYON PARK POND,UTAH,RAINBOW,508,9.52,3/22/2021,2021
POLE CANYON PARK POND,UTAH,RAINBOW,500,10,4/13/2021,2021
POLE CANYON PARK POND,UTAH,RAINBOW,506,10.44,5/18/2021,2021
POLE CANYON PARK POND,UTAH,CHANNEL CATFISH,228,13.57,5/27/2021,2021
POLE CANYON PARK POND,UTAH,RAINBOW,183,14.44,6/1/2021,2021
POLE CANYON PARK POND,UTAH,WIPER,249,8.19,6/1/2021,2021
POLE CANYON PARK POND,UTAH,RAINBOW,504,10.6,6/2/2021,2021
POLE CANYON PARK POND,UTAH,RAINBOW,25,15.92,6/3/2021,2021
POLE CANYON PARK POND,UTAH,RAINBOW,1000,10.77,6/10/2021,2021
POLE CANYON PARK POND,UTAH,RAINBOW,152,15.92,6/17/2021,2021
POLE CANYON PARK POND,UTAH,CHANNEL CATFISH,150,13.57,6/24/2021,2021
POLE CANYON PARK POND,UTAH,RAINBOW,200,23.21,10/5/2021,2021
POLE CR L,DUCHESNE,CHANNEL CATFISH,250,13.57,6/10/2021,2021
POLE CR L,DUCHESNE,TIGER TROUT,502,3.28,7/1/2021,2021
PORCUPINE RES,CACHE,RAINBOW,2501,11.8,5/12/2021,2021
PORCUPINE RES,CACHE,SPLAKE,848,3.51,7/13/2021,2021
PORCUPINE RES,CACHE,TIGER TROUT,1500,6.59,11/23/2021,2021
PORCUPINE RES,CACHE,TIGER TROUT,1500,6.59,11/23/2021,2021
POSEY L,GARFIELD,RAINBOW,515,10,6/2/2021,2021
POSEY L,GARFIELD,RAINBOW,528,10.45,6/21/2021,2021
POSEY L,GARFIELD,TIGER TROUT,98,2.95,7/6/2021,2021
POSEY L,GARFIELD,BROOK TROUT,406,2.76,7/6/2021,2021
POSEY L,GARFIELD,SPLAKE,90,3.33,7/6/2021,2021
POSEY L,GARFIELD,RAINBOW,545,10.48,7/7/2021,2021
POSEY L,GARFIELD,RAINBOW,510,10.64,7/20/2021,2021
POSEY L,GARFIELD,RAINBOW,680,10.84,8/4/2021,2021
POTTERS NO 1,EMERY,RAINBOW,1000,10.77,6/2/2021,2021
POTTERS NO 1,EMERY,RAINBOW,1000,10.77,6/29/2021,2021
POTTERS NO 2,EMERY,RAINBOW,1000,10.77,6/2/2021,2021
POTTERS NO 2,EMERY,RAINBOW,1000,10.77,6/29/2021,2021
PRICE R,UTAH,BROWN TROUT,5015,2.62,5/18/2021,2021
PRICE R,CARBON,CUTTHROAT,4043,2.27,10/20/2021,2021
PRICE R(LWR FISH CR),CARBON,BROWN TROUT,15904,2.62,5/18/2021,2021
PRICE R(LWR FISH CR),UTAH,BROWN TROUT,8040,2.62,5/18/2021,2021
PRIORD L BR-48,SUMMIT,TIGER TROUT,1203,2.69,6/30/2021,2021
PROVO R,SUMMIT,RAINBOW,200,9.29,6/9/2021,2021
PROVO R,SUMMIT,RAINBOW,102,9.32,6/28/2021,2021
PROVO R,SUMMIT,RAINBOW,105,9.32,7/12/2021,2021
PROVO R,SUMMIT,RAINBOW,101,10.14,7/27/2021,2021
"PROVO R, LOWER, N FK",UTAH,CUTTHROAT,3004,2.79,10/4/2021,2021
"PROVO R, UPPER, S FK",WASATCH,CUTTHROAT,5007,2.79,10/4/2021,2021
PUFFER L,BEAVER,RAINBOW,504,9.95,6/3/2021,2021
PUFFER L,BEAVER,BROOK TROUT,1003,2.56,6/23/2021,2021
PUFFER L,BEAVER,GRAYLING ARCTIC,1011,2.65,9/23/2021,2021
PURPLE L GT,GARFIELD,BROOK TROUT,191,2.76,7/6/2021,2021
QUAIL CR RES,WASHINGTON,RAINBOW,15158,10.24,11/3/2021,2021
QUAIL CR RES,WASHINGTON,RAINBOW,14805,10.24,11/4/2021,2021
QUARTER CORNER LG103,SUMMIT,RAINBOW,901,9.03,5/25/2021,2021
QUARTER CORNER LG103,SUMMIT,GRAYLING ARCTIC,194,2.65,9/21/2021,2021
RAFT L BTN,WAYNE,BROOK TROUT,404,2.71,7/6/2021,2021
RAFT L BTN,WAYNE,SPLAKE,90,3.33,7/6/2021,2021
RAFT L BTN,WAYNE,GRAYLING ARCTIC,494,2.65,9/23/2021,2021
RAINBOW L Z-25,DUCHESNE,BROOK TROUT,1403,2.79,6/30/2021,2021
RAINBOW RES,TOOELE,RAINBOW,803,9.37,5/4/2021,2021
RAINBOW RES,TOOELE,RAINBOW,846,9.71,5/26/2021,2021
RAINBOW RES,TOOELE,RAINBOW,702,10.13,6/22/2021,2021
RAINBOW RES,TOOELE,RAINBOW,802,10.37,6/29/2021,2021
RAMONA L A-38,SUMMIT,BROOK TROUT,345,2.79,6/28/2021,2021
RANDOLPH CR,RICH,CUTTHROAT,189,16.55,5/21/2021,2021
RANGE CR,CARBON,CUTTHROAT,7320,1.98,9/30/2021,2021
RANGER L FL,SEVIER,BROOK TROUT,302,3.01,7/27/2021,2021
RAZOR RIDGE P,WASHINGTON,RAINBOW,398,11.36,1/13/2021,2021
RAZOR RIDGE P,WASHINGTON,RAINBOW,382,11.52,1/27/2021,2021
RAZOR RIDGE P,WASHINGTON,RAINBOW,346,11.9,2/10/2021,2021
RAZOR RIDGE P,WASHINGTON,RAINBOW,351,12.32,2/23/2021,2021
RAZOR RIDGE P,WASHINGTON,RAINBOW,361,12.12,3/9/2021,2021
RAZOR RIDGE P,WASHINGTON,RAINBOW,352,13.16,3/25/2021,2021
RAZOR RIDGE P,WASHINGTON,RAINBOW,369,12.12,3/25/2021,2021
RAZOR RIDGE P,WASHINGTON,RAINBOW,144,10.13,5/7/2021,2021
RAZOR RIDGE P,WASHINGTON,RAINBOW,192,13.16,5/7/2021,2021
RAZOR RIDGE P,WASHINGTON,RAINBOW,355,12.82,11/2/2021,2021
RAZOR RIDGE P,WASHINGTON,RAINBOW,152,9,11/23/2021,2021
RAZOR RIDGE P,WASHINGTON,RAINBOW,226,12.82,11/23/2021,2021
RAZOR RIDGE P,WASHINGTON,RAINBOW,350,9.26,12/8/2021,2021
RAZOR RIDGE P,WASHINGTON,RAINBOW,376,9.74,12/21/2021,2021
READER CR,DUCHESNE,CUTTHROAT,4004,4.28,6/2/2021,2021
RED BUTTE CR,SALT LAKE,CUTTHROAT,833,2.43,10/13/2021,2021
RED BUTTE RES,SALT LAKE,CUTTHROAT,1646,2.43,10/13/2021,2021
RED CR,DUCHESNE,CUTTHROAT,4011,2.21,10/22/2021,2021
RED CR RES,DUCHESNE,TIGER TROUT,5080,2.82,5/21/2021,2021
RED CR RES,DUCHESNE,RAINBOW,4992,3.93,5/21/2021,2021
RED FLEET RES,UINTAH,RAINBOW,39707,1.58,5/5/2021,2021
RED FLEET RES,UINTAH,CRAPPIE BLACK,30000,2.83,5/13/2021,2021
RED FLEET RES,UINTAH,RAINBOW,6000,3.97,5/21/2021,2021
RED FLEET RES,UINTAH,RAINBOW,10640,2.11,5/21/2021,2021
RED FLEET RES,UINTAH,RAINBOW,19900,2.36,6/3/2021,2021
RED FLEET RES,UINTAH,RAINBOW,3750,2.55,6/9/2021,2021
RED FLEET RES,UINTAH,RAINBOW,14400,2.4,6/9/2021,2021
RED FLEET RES,UINTAH,WALLEYE,6631,3.11,7/8/2021,2021
RED FLEET RES,UINTAH,WALLEYE,14583,2.22,7/8/2021,2021
RED FLEET RES,UINTAH,WALLEYE,7162,3.07,7/8/2021,2021
RED FLEET RES,UINTAH,WALLEYE,7095,3.15,7/19/2021,2021
RED FLEET RES,UINTAH,WALLEYE,6902,3.04,7/19/2021,2021
RED FLEET RES,UINTAH,WIPER,500,2.19,8/12/2021,2021
RED FLEET RES,UINTAH,WIPER,345,9.89,8/24/2021,2021
RED FLEET RES,UINTAH,RAINBOW,33674,2.56,9/8/2021,2021
RED FLEET RES,UINTAH,TIGER TROUT,1004,5.07,10/6/2021,2021
RED FLEET RES,UINTAH,RAINBOW,12540,2.85,10/6/2021,2021
RED FLEET RES,UINTAH,RAINBOW,14088,3.58,11/17/2021,2021
RED L GR-33,DAGGETT,MUSKIE TIGER,200,3.31,6/22/2021,2021
RED L GR-33,DAGGETT,GRAYLING ARCTIC,194,2.65,9/21/2021,2021
REDMOND L,SEVIER,CHANNEL CATFISH,5000,3.97,9/13/2021,2021
REDMOND L,SEVIER,CRAPPIE WHITE,407,4.97,10/21/2021,2021
REDMOND L,SEVIER,CRAPPIE WHITE,773,4.74,11/11/2021,2021
REED VALLEY CREEK,IRON,CUTTHROAT,2500,2.25,9/16/2021,2021
REX RES,SEVIER,RAINBOW,5585,2.81,6/30/2021,2021
RIDGE L BTN,GARFIELD,BROOK TROUT,51,2.71,7/6/2021,2021
RIM L BTS,GARFIELD,BROOK TROUT,299,2.76,7/6/2021,2021
RIM L BTS,GARFIELD,GRAYLING ARCTIC,494,2.65,9/23/2021,2021
RIVERFRONT POND,SALT LAKE,RAINBOW,116,10.96,3/22/2021,2021
RIVERFRONT POND,SALT LAKE,CHANNEL CATFISH,150,13.57,6/24/2021,2021
RIVERTON POND,SALT LAKE,RAINBOW,1490,9.43,4/27/2021,2021
RIVERTON POND,SALT LAKE,RAINBOW,655,9.42,5/3/2021,2021
RIVERTON POND,SALT LAKE,RAINBOW,429,9.52,5/10/2021,2021
RIVERTON POND,SALT LAKE,RAINBOW,429,9.71,5/24/2021,2021
RIVERTON POND,SALT LAKE,WIPER,599,7.53,5/25/2021,2021
RIVERTON POND,SALT LAKE,RAINBOW,565,10.36,9/7/2021,2021
RIVERTON POND,SALT LAKE,RAINBOW,566,9.43,9/20/2021,2021
RIVERTON POND,SALT LAKE,RAINBOW,566,9.5,10/4/2021,2021
ROB RES EMW,GARFIELD,CUTTHROAT,263,2.48,9/23/2021,2021
ROCK CR,DUCHESNE,RAINBOW,970,9.54,6/11/2021,2021
ROCK CR,DUCHESNE,RAINBOW,1020,10.31,7/19/2021,2021
ROCK L A-10,SUMMIT,TIGER TROUT,397,2.69,6/30/2021,2021
ROCKPORT RES,SUMMIT,KOKANEE,24087,3.11,4/13/2021,2021
ROCKPORT RES,SUMMIT,RAINBOW,2091,11.37,4/19/2021,2021
ROCKPORT RES,SUMMIT,RAINBOW,1160,11.99,4/19/2021,2021
ROCKPORT RES,SUMMIT,RAINBOW,3528,11.37,4/19/2021,2021
ROCKPORT RES,SUMMIT,RAINBOW,1360,11.37,4/19/2021,2021
ROCKPORT RES,SUMMIT,RAINBOW,867,11.37,4/20/2021,2021
ROCKPORT RES,SUMMIT,RAINBOW,12000,8.3,7/1/2021,2021
ROCKPORT RES,SUMMIT,RAINBOW,1800,11.86,9/9/2021,2021
ROCKPORT RES,SUMMIT,RAINBOW,3000,11.86,9/9/2021,2021
ROCKPORT RES,SUMMIT,RAINBOW,1620,12.28,9/9/2021,2021
ROCKPORT RES,SUMMIT,RAINBOW,1802,12.05,10/25/2021,2021
ROCKPORT RES,SUMMIT,RAINBOW,1802,12.05,10/25/2021,2021
ROUND L NBS,WAYNE,BROOK TROUT,996,2.71,7/6/2021,2021
ROUND L TLM,WAYNE,RAINBOW,900,2.54,6/28/2021,2021
ROUND L TLM,WAYNE,BROOK TROUT,261,3.03,8/3/2021,2021
ROUND WILLOW BOTTOM,GARFIELD,TIGER TROUT,289,3.09,7/13/2021,2021
ROUND WILLOW BOTTOM,GARFIELD,CUTTHROAT,1000,2.32,9/23/2021,2021
ROW L 3 GT,GARFIELD,TIGER TROUT,133,9.89,6/28/2021,2021
ROW L 3 GT,GARFIELD,TIGER TROUT,133,9.89,6/28/2021,2021
ROW L 3 GT,GARFIELD,RAINBOW,315,10.5,7/14/2021,2021
ROW L 7-BANANA-GT,GARFIELD,BROOK TROUT,504,2.71,7/6/2021,2021
ROW L 7-BANANA-GT,GARFIELD,RAINBOW,357,10.5,7/14/2021,2021
ROW L 7-BANANA-GT,GARFIELD,GRAYLING ARCTIC,494,2.65,9/23/2021,2021
ROW L 8 GT,GARFIELD,TIGER TROUT,267,9.89,6/28/2021,2021
RUTH L BR-40,SUMMIT,BROOK TROUT,495,2.79,6/29/2021,2021
SALEM POND,UTAH,BROOK TROUT,270,5.4,2/4/2021,2021
SALEM POND,UTAH,RAINBOW,706,19.08,2/4/2021,2021
SALEM POND,UTAH,RAINBOW,1000,10.77,2/27/2021,2021
SALEM POND,UTAH,RAINBOW,1597,9.31,3/9/2021,2021
SALEM POND,UTAH,RAINBOW,150,17.1,3/9/2021,2021
SALEM POND,UTAH,RAINBOW,1001,9.52,3/22/2021,2021
SALEM POND,UTAH,RAINBOW,1008,9.63,3/31/2021,2021
SALEM POND,UTAH,RAINBOW,996,10.14,4/6/2021,2021
SALEM POND,UTAH,RAINBOW,315,15.83,4/13/2021,2021
SALEM POND,UTAH,RAINBOW,1000,10,4/13/2021,2021
SALEM POND,UTAH,RAINBOW,1000,10.77,4/19/2021,2021
SALEM POND,UTAH,WIPER,1446,7.45,4/26/2021,2021
SALEM POND,UTAH,RAINBOW,1001,10.44,5/5/2021,2021
SALEM POND,UTAH,RAINBOW,998,10.6,6/2/2021,2021
SALEM POND,UTAH,RAINBOW,409,15.92,6/3/2021,2021
SALEM POND,UTAH,RAINBOW,1000,10.77,9/9/2021,2021
SALEM POND,UTAH,RAINBOW,1505,11.37,10/12/2021,2021
SALEM POND,UTAH,RAINBOW,1530,11.37,10/13/2021,2021
SALEM POND,UTAH,BROOK TROUT,533,13.76,11/8/2021,2021
SALEM POND,UTAH,BROOK TROUT,288,13.76,11/9/2021,2021
SALEM POND,UTAH,TIGER TROUT,1500,6.59,11/24/2021,2021
SALINA CITY POND,SEVIER,RAINBOW,312,10.04,3/10/2021,2021
SALINA CITY POND,SEVIER,RAINBOW,601,10.5,4/22/2021,2021
SALINA CITY POND,SEVIER,RAINBOW,660,10.04,5/27/2021,2021
SALINA CITY POND,SEVIER,RAINBOW,840,10.04,6/22/2021,2021
SALINA CITY POND,SEVIER,RAINBOW,641,10.5,6/29/2021,2021
SALINA CR,SEVIER,CUTTHROAT,5280,1.48,8/19/2021,2021
SALINA RES,SEVIER,RAINBOW,1476,10.04,5/20/2021,2021
SALINA RES,SEVIER,BROOK TROUT,505,3.1,7/27/2021,2021
SALT CR,JUAB,RAINBOW,504,9.63,3/23/2021,2021
SALT CR,JUAB,RAINBOW,504,9.63,3/23/2021,2021
SALT CR,JUAB,RAINBOW,506,10.44,5/4/2021,2021
SALT CR,JUAB,RAINBOW,506,10.44,5/4/2021,2021
SALT CR,JUAB,RAINBOW,500,10.77,6/2/2021,2021
SALT CR,JUAB,RAINBOW,500,10.77,6/2/2021,2021
SALT CR,JUAB,RAINBOW,500,10.77,6/10/2021,2021
SALT CR,JUAB,RAINBOW,500,10.77,6/10/2021,2021
SALT CR,JUAB,BROWN TROUT,810,5.46,6/22/2021,2021
SALT CR,JUAB,RAINBOW,560,9.63,7/21/2021,2021
SALT CR,JUAB,RAINBOW,560,9.63,7/21/2021,2021
SALT CR,JUAB,RAINBOW,840,9.63,7/26/2021,2021
SALT CR,JUAB,RAINBOW,840,9.63,7/26/2021,2021
SALT CR,JUAB,CUTTHROAT,3017,2.18,10/27/2021,2021
SALT CR,JUAB,RAINBOW,900,11.16,11/2/2021,2021
SALT CR,JUAB,RAINBOW,900,11.16,11/2/2021,2021
SAN RAFAEL R,EMERY,CHUB,1003,10.07,4/20/2021,2021
SAN RAFAEL R,EMERY,CHUB,1358,10.07,4/21/2021,2021
SAN RAFAEL R,EMERY,CHUB,1358,10.07,4/21/2021,2021
"SAND COVE RES, UPPER",WASHINGTON,RAINBOW,1222,9.83,9/28/2021,2021
"SAND COVE RES, UPPER",WASHINGTON,RAINBOW,1300,9.83,9/28/2021,2021
SANDY COMMUNITY FISHERY,SALT LAKE,RAINBOW,499,9.44,3/16/2021,2021
SANDY COMMUNITY FISHERY,SALT LAKE,RAINBOW,503,9.62,3/23/2021,2021
SANDY COMMUNITY FISHERY,SALT LAKE,RAINBOW,499,9.55,4/6/2021,2021
SANDY COMMUNITY FISHERY,SALT LAKE,RAINBOW,501,9.63,4/13/2021,2021
SANDY COMMUNITY FISHERY,SALT LAKE,RAINBOW,499,9.46,4/19/2021,2021
SANDY COMMUNITY FISHERY,SALT LAKE,RAINBOW,501,9.43,4/27/2021,2021
SANDY COMMUNITY FISHERY,SALT LAKE,RAINBOW,499,9.42,5/3/2021,2021
SANDY COMMUNITY FISHERY,SALT LAKE,RAINBOW,499,9.52,5/10/2021,2021
SANDY COMMUNITY FISHERY,SALT LAKE,RAINBOW,499,9.55,5/17/2021,2021
SANDY COMMUNITY FISHERY,SALT LAKE,RAINBOW,500,9.71,5/24/2021,2021
SANDY COMMUNITY FISHERY,SALT LAKE,WIPER,450,7.53,5/25/2021,2021
SANDY COMMUNITY FISHERY,SALT LAKE,CHANNEL CATFISH,315,13.57,5/27/2021,2021
SANDY COMMUNITY FISHERY,SALT LAKE,RAINBOW,183,14.44,5/27/2021,2021
SANDY COMMUNITY FISHERY,SALT LAKE,RAINBOW,233,15.92,6/10/2021,2021
SANDY COMMUNITY FISHERY,SALT LAKE,CHANNEL CATFISH,513,13.57,6/10/2021,2021
SANDY COMMUNITY FISHERY,SALT LAKE,CHANNEL CATFISH,500,13.57,6/24/2021,2021
SANDY COMMUNITY FISHERY,SALT LAKE,RAINBOW,700,10.36,9/7/2021,2021
SANDY COMMUNITY FISHERY,SALT LAKE,RAINBOW,700,9.43,9/13/2021,2021
SANDY COMMUNITY FISHERY,SALT LAKE,RAINBOW,700,9.43,9/20/2021,2021
SANDY COMMUNITY FISHERY,SALT LAKE,RAINBOW,700,9.54,9/28/2021,2021
SANDY COMMUNITY FISHERY,SALT LAKE,RAINBOW,700,9.63,10/12/2021,2021
SANDY COMMUNITY FISHERY,SALT LAKE,RAINBOW,699,10.28,10/26/2021,2021
SCOFIELD RES,CARBON,CUTTHROAT,36505,8.36,5/24/2021,2021
SCOFIELD RES,CARBON,TIGER TROUT,2000,10.46,5/24/2021,2021
SCOFIELD RES,CARBON,TIGER TROUT,2000,10.46,5/24/2021,2021
SCOFIELD RES,CARBON,TIGER TROUT,2000,10.46,5/25/2021,2021
SCOFIELD RES,CARBON,TIGER TROUT,2000,10.46,5/25/2021,2021
SCOFIELD RES,CARBON,TIGER TROUT,2000,10.46,5/26/2021,2021
SCOFIELD RES,CARBON,CUTTHROAT,16844,7.77,6/7/2021,2021
SCOFIELD RES,CARBON,CUTTHROAT,16329,7.72,6/8/2021,2021
SCOFIELD RES,CARBON,CUTTHROAT,17146,7.78,6/9/2021,2021
SCOFIELD RES,CARBON,TIGER TROUT,1760,10.91,6/14/2021,2021
SCOFIELD RES,CARBON,TIGER TROUT,1760,10.91,6/14/2021,2021
SCOFIELD RES,CARBON,TIGER TROUT,1760,10.91,6/14/2021,2021
SCOFIELD RES,CARBON,MUSKIE TIGER,4998,3.33,6/24/2021,2021
SCOFIELD RES,CARBON,RAINBOW,1600,10.77,6/29/2021,2021
SCOFIELD RES,CARBON,RAINBOW,1600,10.77,6/29/2021,2021
SCOFIELD RES,CARBON,RAINBOW,1600,10.77,6/29/2021,2021
SCOFIELD RES,CARBON,RAINBOW,1600,10.77,6/29/2021,2021
SCOFIELD RES,CARBON,RAINBOW,1600,9.21,6/30/2021,2021
SCOFIELD RES,CARBON,RAINBOW,420,10.77,6/30/2021,2021
SCOFIELD RES,CARBON,RAINBOW,1600,9.21,6/30/2021,2021
SCOFIELD RES,CARBON,RAINBOW,2000,9.21,6/30/2021,2021
SCOFIELD RES,CARBON,RAINBOW,1408,9.21,6/30/2021,2021
SCOFIELD RES,CARBON,RAINBOW,1600,9.21,6/30/2021,2021
SCOFIELD RES,CARBON,RAINBOW,1344,9.21,6/30/2021,2021
SCOFIELD RES,CARBON,RAINBOW,1344,9.21,6/30/2021,2021
SCOFIELD RES,CARBON,RAINBOW,1344,9.21,6/30/2021,2021
SCOFIELD RES,CARBON,WIPER,5499,8.94,7/6/2021,2021
SCOFIELD RES,CARBON,TIGER TROUT,1760,10.91,7/12/2021,2021
SCOFIELD RES,CARBON,TIGER TROUT,1188,10.91,7/13/2021,2021
SCOFIELD RES,CARBON,TIGER TROUT,1375,10.91,7/13/2021,2021
SCOFIELD RES,CARBON,TIGER TROUT,1760,10.91,7/13/2021,2021
SCOFIELD RES,CARBON,TIGER TROUT,1760,10.91,7/13/2021,2021
SCOFIELD RES,CARBON,TIGER TROUT,1760,10.91,7/13/2021,2021
SCOFIELD RES,CARBON,RAINBOW,1498,9.63,7/26/2021,2021
SCOFIELD RES,CARBON,RAINBOW,1498,9.63,7/26/2021,2021
SCOFIELD RES,CARBON,RAINBOW,1305,11.99,10/18/2021,2021
SCOFIELD RES,CARBON,RAINBOW,1305,11.99,10/18/2021,2021
SCOFIELD RES,CARBON,RAINBOW,1160,11.99,10/18/2021,2021
SCOFIELD RES,CARBON,RAINBOW,1160,11.99,10/18/2021,2021
SCOFIELD RES,CARBON,RAINBOW,1160,11.99,10/18/2021,2021
SCOFIELD RES,CARBON,RAINBOW,1160,11.99,10/18/2021,2021
SCOFIELD RES,CARBON,RAINBOW,1160,11.99,10/18/2021,2021
SCOFIELD RES,CARBON,RAINBOW,1160,11.99,10/18/2021,2021
SCOFIELD RES,CARBON,RAINBOW,1305,11.99,10/19/2021,2021
SCOFIELD RES,CARBON,RAINBOW,1305,11.99,10/19/2021,2021
SCOFIELD RES,CARBON,RAINBOW,1305,11.99,10/19/2021,2021
SCOFIELD RES,CARBON,RAINBOW,1305,11.99,10/19/2021,2021
SCOFIELD RES,CARBON,RAINBOW,1305,11.99,10/19/2021,2021
SCOFIELD RES,CARBON,RAINBOW,1305,11.99,10/19/2021,2021
SCOFIELD RES,CARBON,RAINBOW,1305,11.99,10/19/2021,2021
SCOFIELD RES,CARBON,RAINBOW,1305,11.99,10/19/2021,2021
SCOUT L,IRON,TIGER TROUT,804,9.38,5/26/2021,2021
SCOUT L,IRON,BROOK TROUT,1000,2.79,6/29/2021,2021
SCOW L BR-12,SUMMIT,BROOK TROUT,1702,2.79,6/30/2021,2021
SEARS CR,DAGGETT,CUTTHROAT,999,2.06,9/27/2021,2021
SENCEBALL,BEAVER,BROOK TROUT,101,2.71,7/6/2021,2021
SENCEBALL,BEAVER,GRAYLING ARCTIC,108,2.65,9/23/2021,2021
SETTLEMENT CYN RES,TOOELE,RAINBOW,1248,10.14,4/6/2021,2021
SETTLEMENT CYN RES,TOOELE,RAINBOW,1200,10.77,4/21/2021,2021
SETTLEMENT CYN RES,TOOELE,RAINBOW,1200,10.77,5/4/2021,2021
SETTLEMENT CYN RES,TOOELE,WIPER,3004,7.8,6/2/2021,2021
SETTLEMENT CYN RES,TOOELE,RAINBOW,1200,10.77,6/7/2021,2021
SETTLEMENT CYN RES,TOOELE,RAINBOW,1600,10.77,6/16/2021,2021
SETTLEMENT CYN RES,TOOELE,RAINBOW,800,10.77,6/16/2021,2021
SETTLEMENT CYN RES,TOOELE,RAINBOW,1206,11.16,7/12/2021,2021
SETTLEMENT CYN RES,TOOELE,RAINBOW,1206,11.16,7/12/2021,2021
SETTLEMENT CYN RES,TOOELE,RAINBOW,600,10.14,7/20/2021,2021
SETTLEMENT CYN RES,TOOELE,RAINBOW,600,10.14,7/20/2021,2021
SETTLEMENT CYN RES,TOOELE,TIGER TROUT,5999,6.05,10/4/2021,2021
SETTLEMENT CYN RES,TOOELE,RAINBOW,1050,12.13,11/2/2021,2021
SETTLEMENT CYN RES,TOOELE,RAINBOW,1050,12.13,11/2/2021,2021
SEVIER R,SEVIER,BROWN TROUT,15640,2.68,4/12/2021,2021
SEVIER R,SEVIER,RAINBOW,6660,4.81,4/12/2021,2021
SEVIER R,GARFIELD,BROWN TROUT,5090,4.3,5/6/2021,2021
SEVIER R,GARFIELD,BROWN TROUT,20534,4.3,5/6/2021,2021
SEVIER R,SEVIER,RAINBOW,1265,2.69,7/6/2021,2021
SEVIER R,SEVIER,CUTTHROAT,10960,1.73,8/16/2021,2021
"SEVIER R, E FK",PIUTE,RAINBOW,625,9.81,3/25/2021,2021
"SEVIER R, E FK",PIUTE,BROWN TROUT,14743,2.68,4/12/2021,2021
"SEVIER R, E FK",GARFIELD,BROWN TROUT,3620,4.17,5/11/2021,2021
"SEVIER R, E FK",GARFIELD,BROWN TROUT,5430,4.17,5/11/2021,2021
"SEVIER R, E FK",PIUTE,RAINBOW,665,10.75,5/25/2021,2021
"SEVIER R, E FK",PIUTE,RAINBOW,264,9.93,7/19/2021,2021
"SEVIER R, E FK",PIUTE,CUTTHROAT,5940,2.13,9/2/2021,2021
"SEVIER R, E FK",GARFIELD,CUTTHROAT,5049,2.13,9/3/2021,2021
"SEVIER R, E FK",GARFIELD,CUTTHROAT,5049,2.13,9/3/2021,2021
"SEVIER R, E FK",PIUTE,CUTTHROAT,3311,2.81,10/13/2021,2021
SHADOW L A-52,SUMMIT,BROOK TROUT,702,2.79,6/28/2021,2021
SHEEP CR,DAGGETT,RAINBOW,395,8.93,5/25/2021,2021
SHEEP CR,DAGGETT,RAINBOW,395,8.93,5/25/2021,2021
SHEEP CR L,DAGGETT,CUTTHROAT,4500,4.41,6/8/2021,2021
"SHINGLE CR,WEST P-60",SUMMIT,BROOK TROUT,253,2.79,6/29/2021,2021
SHINGLE MILL RES,SANPETE,RAINBOW,800,10.77,6/17/2021,2021
SHORT L,GARFIELD,CUTTHROAT,300,2.32,9/20/2021,2021
SILVER L,UTAH,CUTTHROAT,2000,2.46,9/21/2021,2021
SILVER L,UTAH,GRAYLING ARCTIC,3010,2.65,9/21/2021,2021
SILVER L FLAT RES,UTAH,RAINBOW,1400,12.13,5/24/2021,2021
SILVER L FLAT RES,UTAH,RAINBOW,1001,12.34,6/8/2021,2021
SILVER L FLAT RES,UTAH,RAINBOW,901,12.9,6/21/2021,2021
SILVER L FLAT RES,UTAH,BROOK TROUT,5003,2.79,6/29/2021,2021
SILVER L FLAT RES,UTAH,RAINBOW,902,12.53,7/7/2021,2021
SILVER L FLAT RES,UTAH,RAINBOW,901,12.88,7/19/2021,2021
SILVER L FLAT RES,UTAH,CUTTHROAT,4001,2.46,9/21/2021,2021
SILVER L FLAT RES,UTAH,GRAYLING ARCTIC,5999,2.65,9/21/2021,2021
SILVER L-BRIGHTON,SALT LAKE,RAINBOW,2001,9.7,6/2/2021,2021
SILVER L-BRIGHTON,SALT LAKE,RAINBOW,2000,10.13,6/21/2021,2021
SILVER L-BRIGHTON,SALT LAKE,BROOK TROUT,2001,2.79,6/29/2021,2021
SILVER L-BRIGHTON,SALT LAKE,RAINBOW,1002,10.37,6/30/2021,2021
SILVER L-BRIGHTON,SALT LAKE,CUTTHROAT,243,15.22,7/20/2021,2021
SILVER L-BRIGHTON,SALT LAKE,CUTTHROAT,243,15.22,7/20/2021,2021
SILVER L-BRIGHTON,SALT LAKE,CUTTHROAT,243,15.22,7/20/2021,2021
SILVER L-BRIGHTON,SALT LAKE,CUTTHROAT,243,15.22,7/20/2021,2021
SILVER L-BRIGHTON,SALT LAKE,RAINBOW,1001,11.48,7/20/2021,2021
SILVER L-BRIGHTON,SALT LAKE,RAINBOW,1001,11.16,8/3/2021,2021
SIX MILE POND,SANPETE,RAINBOW,1500,10.77,6/17/2021,2021
SIX MILE POND,SANPETE,BROOK TROUT,500,2.81,6/29/2021,2021
SIXTH WATER,UTAH,CUTTHROAT,804,2.79,10/4/2021,2021
SKUTUMPA RES,SEVIER,RAINBOW,275,9.91,4/14/2021,2021
SKUTUMPA RES,SEVIER,RAINBOW,813,9.91,6/2/2021,2021
SKUTUMPA RES,SEVIER,RAINBOW,559,2.81,6/29/2021,2021
SKUTUMPA RES,SEVIER,TIGER TROUT,252,9.78,7/12/2021,2021
SKYLERS POND,CACHE,RAINBOW,400,7.97,4/6/2021,2021
SKYLERS POND,CACHE,RAINBOW,497,8.74,4/20/2021,2021
SKYLERS POND,CACHE,RAINBOW,500,10.14,9/21/2021,2021
SKYLERS POND,CACHE,RAINBOW,499,11.63,10/19/2021,2021
SKYLINE P,WASHINGTON,RAINBOW,448,11.36,1/13/2021,2021
SKYLINE P,WASHINGTON,RAINBOW,430,11.52,1/28/2021,2021
SKYLINE P,WASHINGTON,RAINBOW,433,11.9,2/10/2021,2021
SKYLINE P,WASHINGTON,RAINBOW,429,12.32,2/23/2021,2021
SKYLINE P,WASHINGTON,RAINBOW,492,12.12,3/9/2021,2021
SKYLINE P,WASHINGTON,RAINBOW,95,8.21,11/2/2021,2021
SKYLINE P,WASHINGTON,RAINBOW,342,12.82,11/2/2021,2021
SKYLINE P,WASHINGTON,RAINBOW,115,12.82,11/23/2021,2021
SKYLINE P,WASHINGTON,RAINBOW,358,9,11/23/2021,2021
SKYLINE P,WASHINGTON,RAINBOW,438,9.26,12/8/2021,2021
SKYLINE P,WASHINGTON,RAINBOW,451,9.74,12/21/2021,2021
SMITH FAMILY PARK POND,WEBER,RAINBOW,799,9.43,2/22/2021,2021
SMITH FAMILY PARK POND,WEBER,RAINBOW,300,17.1,3/10/2021,2021
SMITH FAMILY PARK POND,WEBER,RAINBOW,701,9.44,3/16/2021,2021
SMITH FAMILY PARK POND,WEBER,RAINBOW,700,9.62,3/29/2021,2021
SMITH FAMILY PARK POND,WEBER,RAINBOW,100,17.1,4/6/2021,2021
SMITH FAMILY PARK POND,WEBER,RAINBOW,701,9.4,4/11/2021,2021
SMITH FAMILY PARK POND,WEBER,RAINBOW,700,9.63,4/12/2021,2021
SMITH FAMILY PARK POND,WEBER,RAINBOW,701,9.43,4/26/2021,2021
SMITH FAMILY PARK POND,WEBER,RAINBOW,801,9.55,5/18/2021,2021
SMITH FAMILY PARK POND,WEBER,CUTTHROAT,600,17.88,5/24/2021,2021
SMITH FAMILY PARK POND,WEBER,WIPER,554,8.02,5/26/2021,2021
SMITH FAMILY PARK POND,WEBER,CHANNEL CATFISH,713,13.57,5/27/2021,2021
SMITH FAMILY PARK POND,WEBER,RAINBOW,799,10.01,6/7/2021,2021
SMITH FAMILY PARK POND,WEBER,CHANNEL CATFISH,357,17.1,6/10/2021,2021
SMITH FAMILY PARK POND,WEBER,RAINBOW,801,9.4,9/2/2021,2021
SMITH FAMILY PARK POND,WEBER,RAINBOW,700,9.43,9/20/2021,2021
SMITH FAMILY PARK POND,WEBER,RAINBOW,701,9.5,10/4/2021,2021
SMITH FAMILY PARK POND,WEBER,CHANNEL CATFISH,4000,3.22,10/7/2021,2021
SMITH FAMILY PARK POND,WEBER,RAINBOW,801,9.62,10/18/2021,2021
SMITH FAMILY PARK POND,WEBER,RAINBOW,800,10.77,11/1/2021,2021
SMITH FAMILY PARK POND,WEBER,RAINBOW,801,10.6,11/15/2021,2021
SMITH FAMILY PARK POND,WEBER,RAINBOW,601,10.68,11/22/2021,2021
SMITH-MOREHOUSE RES,SUMMIT,RAINBOW,1740,11.99,5/20/2021,2021
SMITH-MOREHOUSE RES,SUMMIT,RAINBOW,2001,9.68,6/1/2021,2021
SMITH-MOREHOUSE RES,SUMMIT,RAINBOW,1502,9.32,6/14/2021,2021
SMITH-MOREHOUSE RES,SUMMIT,RAINBOW,1607,9.32,6/28/2021,2021
SMITH-MOREHOUSE RES,SUMMIT,RAINBOW,1499,9.32,7/6/2021,2021
SMITH-MOREHOUSE RES,SUMMIT,RAINBOW,1618,10.14,7/20/2021,2021
SMITH-MOREHOUSE RES,SUMMIT,RAINBOW,1572,10.14,8/9/2021,2021
SMITH-MOREHOUSE RES,SUMMIT,GRAYLING ARCTIC,16650,2.99,9/29/2021,2021
SMITH-MOREHOUSE RES,SUMMIT,GRAYLING ARCTIC,20805,3.48,10/12/2021,2021
SMITHFIELD CR,CACHE,RAINBOW,250,8.56,5/26/2021,2021
SNOW L,SANPETE,RAINBOW,504,10.14,7/7/2021,2021
SOLDIER CR,UTAH,CUTTHROAT,3018,2.5,10/4/2021,2021
"SOLDIER CR, S FK",UTAH,CUTTHROAT,1001,2.79,10/4/2021,2021
"SOLDIER CR, S FK",UTAH,CUTTHROAT,509,2.5,10/4/2021,2021
SOLITAIRE L NBS,WAYNE,TIGER TROUT,147,2.95,7/6/2021,2021
SOLITAIRE L NBS,WAYNE,CUTTHROAT,1000,1.71,9/20/2021,2021
SONNY L X-12,DUCHESNE,BROOK TROUT,403,2.79,6/28/2021,2021
SOUP BOWL RES,SANPETE,RAINBOW,500,10.77,6/8/2021,2021
SOUP BOWL RES,SANPETE,TIGER TROUT,499,4.47,7/7/2021,2021
SOUP BOWL RES,SANPETE,RAINBOW,252,10.14,7/7/2021,2021
SOWERS CR,DUCHESNE,CUTTHROAT,1994,2.19,10/19/2021,2021
SPANISH FK R,UTAH,BROWN TROUT,1296,5.46,6/22/2021,2021
SPANISH OAKS P,UTAH,RAINBOW,526,9.44,3/3/2021,2021
SPANISH OAKS P,UTAH,RAINBOW,1052,9.44,3/17/2021,2021
SPANISH OAKS P,UTAH,RAINBOW,529,9.62,4/2/2021,2021
SPANISH OAKS P,UTAH,RAINBOW,528,9.55,4/6/2021,2021
SPANISH OAKS P,UTAH,RAINBOW,526,9.63,4/12/2021,2021
SPANISH OAKS P,UTAH,RAINBOW,528,9.46,4/19/2021,2021
SPANISH OAKS P,UTAH,RAINBOW,527,9.43,4/26/2021,2021
SPANISH OAKS P,UTAH,RAINBOW,527,9.42,5/3/2021,2021
SPANISH OAKS P,UTAH,RAINBOW,528,9.52,5/10/2021,2021
SPANISH OAKS P,UTAH,RAINBOW,529,9.55,5/17/2021,2021
SPANISH OAKS P,UTAH,RAINBOW,527,9.71,5/24/2021,2021
SPANISH OAKS P,UTAH,RAINBOW,526,9.66,6/1/2021,2021
SPANISH OAKS P,UTAH,RAINBOW,546,12.44,6/7/2021,2021
SPANISH OAKS P,UTAH,RAINBOW,528,10.1,6/14/2021,2021
SPANISH OAKS P,UTAH,RAINBOW,527,10.28,6/21/2021,2021
SPANISH OAKS P,UTAH,WIPER,302,7.6,7/6/2021,2021
SPANISH OAKS P,UTAH,RAINBOW,100,18.42,9/1/2021,2021
SPANISH OAKS P,UTAH,RAINBOW,458,9.4,9/1/2021,2021
SPANISH OAKS P,UTAH,RAINBOW,324,10.36,9/7/2021,2021
SPANISH OAKS P,UTAH,RAINBOW,325,9.43,9/13/2021,2021
SPANISH OAKS P,UTAH,RAINBOW,200,23.21,9/14/2021,2021
SPANISH OAKS P,UTAH,RAINBOW,100,23.21,9/14/2021,2021
SPANISH OAKS P,UTAH,RAINBOW,100,23.21,9/14/2021,2021
SPANISH OAKS P,UTAH,RAINBOW,100,23.21,9/14/2021,2021
SPANISH OAKS P,UTAH,RAINBOW,325,9.54,9/27/2021,2021
SPECTACLE L A-44,SUMMIT,BROOK TROUT,334,2.79,6/28/2021,2021
SPECTACLE L BTS,GARFIELD,BROOK TROUT,346,2.76,7/6/2021,2021
SPINNERS RES,SANPETE,RAINBOW,500,10.77,6/9/2021,2021
SPINNERS RES,SANPETE,TIGER TROUT,499,4.47,7/7/2021,2021
SPIRIT L GR-3,DAGGETT,TIGER TROUT,3150,9.41,6/9/2021,2021
SPIRIT L GR-3,DAGGETT,CUTTHROAT,1507,6.28,7/2/2021,2021
SPRING HILL P #1,SANPETE,RAINBOW,700,10.77,6/9/2021,2021
SPRING HILL P #1,SANPETE,RAINBOW,600,10.77,6/22/2021,2021
SPRING HILL P #1,SANPETE,BROOK TROUT,202,2.81,6/29/2021,2021
SPRING L,WAYNE,BROOK TROUT,201,15.51,2/4/2021,2021
SPRING L,WAYNE,BROWN TROUT,201,10.47,2/4/2021,2021
SPRING L,UTAH,RAINBOW,750,10.77,2/27/2021,2021
SPRING L,UTAH,RAINBOW,992,9.31,3/9/2021,2021
SPRING L,UTAH,RAINBOW,754,9.52,3/22/2021,2021
SPRING L,UTAH,RAINBOW,750,10.77,4/19/2021,2021
SPRING L,UTAH,WIPER,1051,7.45,4/26/2021,2021
SPRING L,UTAH,RAINBOW,748,10.44,5/5/2021,2021
SPRING L,UTAH,RAINBOW,748,10.44,5/13/2021,2021
SPRING L,UTAH,RAINBOW,748,10.44,5/18/2021,2021
SPRING L,UTAH,RAINBOW,746,10.6,6/2/2021,2021
SPRING L,UTAH,RAINBOW,1000,10.77,9/9/2021,2021
SPRING L,UTAH,RAINBOW,1005,11.68,10/5/2021,2021
SPRING L,UTAH,RAINBOW,748,11.37,10/12/2021,2021
SPRING L,UTAH,RAINBOW,704,11.6,10/19/2021,2021
STAR L A-42,SUMMIT,TIGER TROUT,1306,2.69,6/30/2021,2021
STARVATION RES,DUCHESNE,RAINBOW,61600,2.53,3/23/2021,2021
STARVATION RES,DUCHESNE,RAINBOW,67760,2.53,3/23/2021,2021
STARVATION RES,DUCHESNE,RAINBOW,38500,2.53,3/23/2021,2021
STARVATION RES,DUCHESNE,CRAPPIE BLACK,12001,2.63,5/12/2021,2021
STARVATION RES,DUCHESNE,CRAPPIE BLACK,58000,2.83,5/13/2021,2021
STARVATION RES,DUCHESNE,RAINBOW,29700,2,5/19/2021,2021
STARVATION RES,DUCHESNE,RAINBOW,608,9.21,6/1/2021,2021
STARVATION RES,DUCHESNE,RAINBOW,39780,2.58,6/3/2021,2021
STARVATION RES,DUCHESNE,RAINBOW,700,13.8,10/26/2021,2021
STARVATION RES,DUCHESNE,RAINBOW,6885,9.83,11/1/2021,2021
STARVATION RES,DUCHESNE,RAINBOW,7140,9.71,11/1/2021,2021
STARVATION RES,DUCHESNE,RAINBOW,10080,9.71,11/1/2021,2021
STARVATION RES,DUCHESNE,RAINBOW,10080,9.71,11/1/2021,2021
STARVATION RES,DUCHESNE,RAINBOW,8640,10.22,11/1/2021,2021
STARVATION RES,DUCHESNE,RAINBOW,4080,10.25,11/3/2021,2021
STARVATION RES,DUCHESNE,RAINBOW,4260,10.25,11/3/2021,2021
STARVATION RES,DUCHESNE,RAINBOW,480,10.25,11/4/2021,2021
STARVATION RES,DUCHESNE,RAINBOW,1980,9.22,11/4/2021,2021
STARVATION RES,DUCHESNE,RAINBOW,4320,10.25,11/4/2021,2021
STATE MENTAL HOS PD,UTAH,RAINBOW,402,9.71,5/25/2021,2021
STATELINE RES,SUMMIT,RAINBOW,5644,9.03,5/25/2021,2021
STATELINE RES,SUMMIT,LAKE TROUT,6146,3.51,6/9/2021,2021
STEED POND,DAVIS,RAINBOW,498,9.43,2/22/2021,2021
STEED POND,DAVIS,RAINBOW,300,17.1,3/9/2021,2021
STEED POND,DAVIS,RAINBOW,425,9.44,3/10/2021,2021
STEED POND,DAVIS,RAINBOW,301,9.62,3/22/2021,2021
STEED POND,DAVIS,RAINBOW,305,9.55,4/6/2021,2021
STEED POND,DAVIS,RAINBOW,298,9.46,4/19/2021,2021
STEED POND,DAVIS,RAINBOW,374,9.42,5/3/2021,2021
STEED POND,DAVIS,RAINBOW,200,17.1,5/5/2021,2021
STEED POND,DAVIS,CUTTHROAT,63,17.88,5/24/2021,2021
STEED POND,DAVIS,RAINBOW,198,19.64,5/24/2021,2021
STEED POND,DAVIS,WIPER,554,8.02,5/26/2021,2021
STEED POND,DAVIS,RAINBOW,434,15.92,6/8/2021,2021
STEED POND,DAVIS,RAINBOW,500,9.4,9/2/2021,2021
STEED POND,DAVIS,RAINBOW,501,9.43,9/13/2021,2021
STEED POND,DAVIS,RAINBOW,498,9.54,9/28/2021,2021
STEED POND,DAVIS,RAINBOW,399,9.41,10/12/2021,2021
STEED POND,DAVIS,RAINBOW,200,11.86,11/3/2021,2021
STEINAKER RES,UINTAH,RAINBOW,2486,7.89,4/7/2021,2021
STEINAKER RES,UINTAH,RAINBOW,1000,8.88,5/5/2021,2021
STEINAKER RES,UINTAH,BROWN TROUT,5007,2.59,5/17/2021,2021
STEINAKER RES,UINTAH,RAINBOW,250,12.44,5/26/2021,2021
STEINAKER RES,UINTAH,RAINBOW,12410,7.1,10/14/2021,2021
STEINAKER RES,UINTAH,RAINBOW,923,14.3,11/1/2021,2021
STEINAKER RES,UINTAH,TIGER TROUT,413,5.34,11/12/2021,2021
STEWART L X-79,DUCHESNE,CUTTHROAT,942,1.9,9/22/2021,2021
STILLWATER FK,SUMMIT,RAINBOW,278,9.32,6/14/2021,2021
STILLWATER FK,SUMMIT,RAINBOW,210,9.32,7/19/2021,2021
STILLWATER FK,SUMMIT,RAINBOW,199,10.14,8/2/2021,2021
STILLWATER FK,SUMMIT,RAINBOW,199,12.13,8/17/2021,2021
STODDARD SLOUGH,MORGAN,RAINBOW,202,9.71,5/25/2021,2021
STODDARD SLOUGH,MORGAN,RAINBOW,300,10.46,6/8/2021,2021
STODDARD SLOUGH,MORGAN,RAINBOW,302,10.1,8/10/2021,2021
STODDARD SLOUGH,MORGAN,RAINBOW,201,9.69,9/22/2021,2021
STONE L FL,SEVIER,BROOK TROUT,101,2.71,7/6/2021,2021
STRATTON P,WASHINGTON,RAINBOW,448,11.36,1/13/2021,2021
STRATTON P,WASHINGTON,RAINBOW,478,11.52,1/27/2021,2021
STRATTON P,WASHINGTON,RAINBOW,433,11.9,2/10/2021,2021
STRATTON P,WASHINGTON,RAINBOW,468,12.32,2/23/2021,2021
STRATTON P,WASHINGTON,RAINBOW,451,12.12,3/9/2021,2021
STRATTON P,WASHINGTON,RAINBOW,434,9.52,3/25/2021,2021
STRATTON P,WASHINGTON,RAINBOW,490,9.14,3/25/2021,2021
STRATTON P,WASHINGTON,RAINBOW,360,10.13,5/7/2021,2021
STRATTON P,WASHINGTON,RAINBOW,462,12.82,11/2/2021,2021
STRATTON P,WASHINGTON,RAINBOW,477,9,11/23/2021,2021
STRATTON P,WASHINGTON,RAINBOW,438,9.26,12/8/2021,2021
STRATTON P,WASHINGTON,RAINBOW,452,9.74,12/21/2021,2021
STRAWBERRY R,WASATCH,CUTTHROAT,3000,5,5/11/2021,2021
STRAWBERRY R,DUCHESNE,RAINBOW,488,9.16,5/28/2021,2021
STRAWBERRY R,DUCHESNE,CUTTHROAT,2080,2.24,10/25/2021,2021
STRAWBERRY R,DUCHESNE,CUTTHROAT,5010,2.32,10/28/2021,2021
STRAWBERRY R,WASATCH,CUTTHROAT,4682,2.41,11/12/2021,2021
"STRAWBERRY R, UPPER",WASATCH,CUTTHROAT,34800,2.91,9/29/2021,2021
"STRAWBERRY R, UPPER",WASATCH,CUTTHROAT,34800,2.91,9/29/2021,2021
"STRAWBERRY R, UPPER",WASATCH,CUTTHROAT,13262,2.75,10/21/2021,2021
STRAWBERRY RES,WASATCH,KOKANEE,106338,3.11,4/25/2021,2021
STRAWBERRY RES,WASATCH,KOKANEE,211455,3.11,4/25/2021,2021
STRAWBERRY RES,WASATCH,KOKANEE,30520,3.13,4/29/2021,2021
STRAWBERRY RES,WASATCH,KOKANEE,27500,3.12,4/30/2021,2021
STRAWBERRY RES,WASATCH,RAINBOW,3726,9.68,6/1/2021,2021
STRAWBERRY RES,WASATCH,RAINBOW,8250,9.12,6/1/2021,2021
STRAWBERRY RES,WASATCH,RAINBOW,10488,9.68,6/1/2021,2021
STRAWBERRY RES,WASATCH,RAINBOW,12210,9.12,6/1/2021,2021
STRAWBERRY RES,WASATCH,RAINBOW,3960,9.12,6/1/2021,2021
STRAWBERRY RES,WASATCH,RAINBOW,5453,9.55,6/2/2021,2021
STRAWBERRY RES,WASATCH,RAINBOW,10906,9.55,6/2/2021,2021
STRAWBERRY RES,WASATCH,RAINBOW,32834,3.93,6/3/2021,2021
STRAWBERRY RES,WASATCH,RAINBOW,7140,9.79,6/20/2021,2021
STRAWBERRY RES,WASATCH,CUTTHROAT,14880,8.13,6/21/2021,2021
STRAWBERRY RES,WASATCH,CUTTHROAT,12661,8.58,6/21/2021,2021
STRAWBERRY RES,WASATCH,CUTTHROAT,12369,8.53,6/21/2021,2021
STRAWBERRY RES,WASATCH,RAINBOW,3640,10.04,6/22/2021,2021
STRAWBERRY RES,WASATCH,RAINBOW,6720,9.79,6/22/2021,2021
STRAWBERRY RES,WASATCH,CUTTHROAT,12614,8.47,6/22/2021,2021
STRAWBERRY RES,WASATCH,CUTTHROAT,13344,8.43,6/22/2021,2021
STRAWBERRY RES,WASATCH,CUTTHROAT,14189,8.34,6/22/2021,2021
STRAWBERRY RES,WASATCH,RAINBOW,560,9.79,6/22/2021,2021
STRAWBERRY RES,WASATCH,RAINBOW,5395,10.04,6/22/2021,2021
STRAWBERRY RES,WASATCH,RAINBOW,910,10.04,6/22/2021,2021
STRAWBERRY RES,WASATCH,RAINBOW,6720,9.79,6/23/2021,2021
STRAWBERRY RES,WASATCH,CUTTHROAT,13503,8.38,6/23/2021,2021
STRAWBERRY RES,WASATCH,CUTTHROAT,12992,8.51,6/23/2021,2021
STRAWBERRY RES,WASATCH,CUTTHROAT,12335,8.51,6/23/2021,2021
STRAWBERRY RES,WASATCH,CUTTHROAT,14563,8.13,6/24/2021,2021
STRAWBERRY RES,WASATCH,CUTTHROAT,14259,8.25,6/24/2021,2021
STRAWBERRY RES,WASATCH,CUTTHROAT,12553,8.49,6/24/2021,2021
STRAWBERRY RES,WASATCH,CUTTHROAT,14446,8.13,6/25/2021,2021
STRAWBERRY RES,WASATCH,CUTTHROAT,11173,8.91,6/25/2021,2021
STRAWBERRY RES,WASATCH,CUTTHROAT,12755,8.53,6/28/2021,2021
STRAWBERRY RES,WASATCH,CUTTHROAT,14465,8.18,6/29/2021,2021
STRAWBERRY RES,WASATCH,RAINBOW,1700,10.77,6/29/2021,2021
STRAWBERRY RES,WASATCH,RAINBOW,1600,10.77,6/29/2021,2021
STRAWBERRY RES,WASATCH,RAINBOW,1600,10.77,6/29/2021,2021
STRAWBERRY RES,WASATCH,RAINBOW,1040,10.77,6/29/2021,2021
STRAWBERRY RES,WASATCH,RAINBOW,1700,10.77,6/29/2021,2021
STRAWBERRY RES,WASATCH,CUTTHROAT,14899,8.13,6/30/2021,2021
STRAWBERRY RES,WASATCH,CUTTHROAT,15522,7.85,7/1/2021,2021
STRAWBERRY RES,WASATCH,RAINBOW,56197,2.63,9/1/2021,2021
STRAWBERRY RES,WASATCH,CUTTHROAT,52962,9.22,9/7/2021,2021
STRAWBERRY RES,WASATCH,CUTTHROAT,20384,9.22,9/7/2021,2021
STRAWBERRY RES,WASATCH,RAINBOW,3329,5.2,9/9/2021,2021
STRAWBERRY RES,WASATCH,RAINBOW,3329,5.2,9/9/2021,2021
STRAWBERRY RES,WASATCH,RAINBOW,6658,5.2,9/9/2021,2021
STRAWBERRY RES,WASATCH,RAINBOW,6658,5.2,9/9/2021,2021
STRAWBERRY RES,WASATCH,CUTTHROAT,30900,3.03,10/6/2021,2021
STRAWBERRY RES,WASATCH,CUTTHROAT,30900,3.03,10/6/2021,2021
STRAWBERRY RES,WASATCH,CUTTHROAT,30900,3.03,10/7/2021,2021
STRAWBERRY RES,WASATCH,RAINBOW,13104,9.98,10/12/2021,2021
STRAWBERRY RES,WASATCH,RAINBOW,8500,10.11,10/12/2021,2021
STRAWBERRY RES,WASATCH,CUTTHROAT,114988,3.54,10/12/2021,2021
STRAWBERRY RES,WASATCH,RAINBOW,8500,10.11,10/12/2021,2021
STRAWBERRY RES,WASATCH,CUTTHROAT,32825,3.05,10/13/2021,2021
STRAWBERRY RES,WASATCH,RAINBOW,18900,9.86,10/13/2021,2021
STRAWBERRY RES,WASATCH,RAINBOW,13973,9.86,10/13/2021,2021
STRAWBERRY RES,WASATCH,RAINBOW,9180,9.86,10/14/2021,2021
STRAWBERRY RES,WASATCH,RAINBOW,19440,9.86,10/25/2021,2021
STRAWBERRY RES,WASATCH,RAINBOW,19348,9.74,10/25/2021,2021
STRAWBERRY RES,WASATCH,RAINBOW,19845,9.86,10/26/2021,2021
STRAWBERRY RES,WASATCH,RAINBOW,20020,9.8,10/26/2021,2021
STRAWBERRY RES,WASATCH,CUTTHROAT,26250,3.01,10/27/2021,2021
STRAWBERRY RES,WASATCH,CUTTHROAT,8062,10.09,10/27/2021,2021
STRAWBERRY RES,WASATCH,CUTTHROAT,21684,10.09,10/27/2021,2021
STRAWBERRY RES,WASATCH,CUTTHROAT,50527,10.09,10/28/2021,2021
STRAWBERRY RES,WASATCH,CUTTHROAT,28704,10.09,10/28/2021,2021
STRAWBERRY RES,WASATCH,CUTTHROAT,50596,10.09,10/28/2021,2021
STRAWBERRY RES,WASATCH,CUTTHROAT,17792,10.09,10/28/2021,2021
STRAWBERRY RES,WASATCH,RAINBOW,4500,10.09,11/2/2021,2021
STRAWBERRY RES,WASATCH,RAINBOW,2000,10.17,11/3/2021,2021
STRAWBERRY RES,WASATCH,RAINBOW,6400,10.77,11/15/2021,2021
STRAWBERRY RES,WASATCH,RAINBOW,3200,10.77,11/15/2021,2021
SUNSET POND,SALT LAKE,RAINBOW,250,9.62,3/23/2021,2021
SUNSET POND,SALT LAKE,RAINBOW,250,9.62,3/30/2021,2021
SUNSET POND,SALT LAKE,RAINBOW,250,9.55,4/6/2021,2021
SUNSET POND,SALT LAKE,RAINBOW,249,9.63,4/13/2021,2021
SUNSET POND,SALT LAKE,RAINBOW,158,15.83,4/13/2021,2021
SUNSET POND,SALT LAKE,RAINBOW,251,9.46,4/19/2021,2021
SUNSET POND,SALT LAKE,RAINBOW,250,9.43,4/27/2021,2021
SUNSET POND,SALT LAKE,RAINBOW,251,9.42,5/3/2021,2021
SUNSET POND,SALT LAKE,WIPER,171,7.53,5/25/2021,2021
SUNSET POND,SALT LAKE,RAINBOW,249,9.66,6/1/2021,2021
SUNSET POND,SALT LAKE,RAINBOW,300,10.77,11/10/2021,2021
SURVEY L RC-20,DUCHESNE,BROOK TROUT,1000,2.79,6/30/2021,2021
SURVEYORS L BTN,GARFIELD,TIGER TROUT,49,2.95,7/6/2021,2021
TALL FOUR RES,GARFIELD,CUTTHROAT,100,2.32,9/20/2021,2021
TAMARACK L GR-2,SUMMIT,TIGER TROUT,1993,3.28,7/1/2021,2021
TEAL SP,BOX ELDER,RAINBOW,750,9.23,4/20/2021,2021
TEAPOT L A-60,SUMMIT,TIGER TROUT,504,9.41,6/9/2021,2021
TEAPOT L A-60,SUMMIT,RAINBOW,499,9.29,6/9/2021,2021
TEAPOT L A-60,SUMMIT,RAINBOW,501,9.32,6/21/2021,2021
TEAPOT L A-60,SUMMIT,TIGER TROUT,402,9.41,6/23/2021,2021
TEAPOT L A-60,SUMMIT,BROOK TROUT,495,2.79,7/1/2021,2021
TEAPOT L A-60,SUMMIT,TIGER TROUT,501,9.41,7/6/2021,2021
TEAPOT L A-60,SUMMIT,RAINBOW,253,9.32,7/7/2021,2021
TEAPOT L A-60,SUMMIT,RAINBOW,263,9.32,7/19/2021,2021
TEAPOT L A-60,SUMMIT,RAINBOW,250,10.14,7/27/2021,2021
TEAPOT L A-60,SUMMIT,CUTTHROAT,49,15.22,7/27/2021,2021
TEAPOT L A-60,SUMMIT,TIGER TROUT,299,9.26,8/2/2021,2021
TEAPOT L A-60,SUMMIT,RAINBOW,300,10.14,8/9/2021,2021
TEAPOT L A-60,SUMMIT,TIGER TROUT,509,9.21,8/16/2021,2021
TEAPOT L A-60,SUMMIT,RAINBOW,297,12.13,8/23/2021,2021
TEAPOT L A-60,SUMMIT,RAINBOW,259,12.13,8/30/2021,2021
THISTLE CR,UTAH,BROWN TROUT,1944,5.46,6/22/2021,2021
THISTLE CR,UTAH,CUTTHROAT,3508,2.5,10/4/2021,2021
THOMPSON L RC-8,DUCHESNE,BROOK TROUT,1403,2.79,6/30/2021,2021
THREE MILE CR,GARFIELD,CUTTHROAT,5079,1.47,8/18/2021,2021
TIBBLE FK RES,UTAH,RAINBOW,501,11.8,5/4/2021,2021
TIBBLE FK RES,UTAH,RAINBOW,1900,9.37,5/4/2021,2021
TIBBLE FK RES,UTAH,RAINBOW,1801,9.66,5/10/2021,2021
TIBBLE FK RES,UTAH,RAINBOW,1013,11.8,5/18/2021,2021
TIBBLE FK RES,UTAH,RAINBOW,1800,9.71,5/25/2021,2021
TIBBLE FK RES,UTAH,RAINBOW,501,12.34,6/8/2021,2021
TIBBLE FK RES,UTAH,RAINBOW,1802,10.15,6/8/2021,2021
TIBBLE FK RES,UTAH,RAINBOW,490,12.9,6/21/2021,2021
TIBBLE FK RES,UTAH,RAINBOW,2002,10.13,6/22/2021,2021
TIBBLE FK RES,UTAH,RAINBOW,1549,10.11,7/7/2021,2021
TIBBLE FK RES,UTAH,RAINBOW,1751,11.14,7/19/2021,2021
TIBBLE FK RES,UTAH,RAINBOW,1749,10.44,8/4/2021,2021
TIBBLE FK RES,UTAH,RAINBOW,1752,10.46,8/27/2021,2021
TIBBLE FK RES,UTAH,RAINBOW,1750,10.45,8/31/2021,2021
TIBBLE FK RES,UTAH,CUTTHROAT,3510,2.25,10/13/2021,2021
TIDWELL RES,SEVIER,RAINBOW,225,2.54,6/28/2021,2021
TIDWELL RES,SEVIER,BROOK TROUT,54,3.03,8/3/2021,2021
TIE FK CR,UTAH,CUTTHROAT,2022,2.43,10/13/2021,2021
"TIMOTHY L, EAST X-16",DUCHESNE,BROOK TROUT,993,3.32,7/1/2021,2021
"TIMOTHY L, WEST X-19",DUCHESNE,BROOK TROUT,1495,3.32,7/1/2021,2021
TONY GROVE L,CACHE,RAINBOW,3500,8.51,6/29/2021,2021
TONY GROVE L,CACHE,RAINBOW,1050,8.79,7/22/2021,2021
"TOWA P, UPPER",WASHINGTON,RAINBOW,647,11.36,1/13/2021,2021
"TOWA P, UPPER",WASHINGTON,RAINBOW,621,11.52,1/28/2021,2021
"TOWA P, UPPER",WASHINGTON,RAINBOW,606,11.9,2/10/2021,2021
"TOWA P, UPPER",WASHINGTON,RAINBOW,624,12.32,2/23/2021,2021
"TOWA P, UPPER",WASHINGTON,RAINBOW,574,12.12,3/9/2021,2021
"TOWA P, UPPER",WASHINGTON,RAINBOW,125,8.21,11/2/2021,2021
"TOWA P, UPPER",WASHINGTON,RAINBOW,497,12.82,11/2/2021,2021
"TOWA P, UPPER",WASHINGTON,RAINBOW,472,9,11/23/2021,2021
"TOWA P, UPPER",WASHINGTON,RAINBOW,143,12.82,11/23/2021,2021
"TOWA P, UPPER",WASHINGTON,RAINBOW,613,9.26,12/8/2021,2021
"TOWA P, UPPER",WASHINGTON,RAINBOW,602,9.74,12/21/2021,2021
TOWA P. LOWER,WASHINGTON,RAINBOW,398,11.36,1/13/2021,2021
TOWA P. LOWER,WASHINGTON,RAINBOW,382,11.52,1/28/2021,2021
TOWA P. LOWER,WASHINGTON,RAINBOW,389,11.9,2/10/2021,2021
TOWA P. LOWER,WASHINGTON,RAINBOW,390,12.32,2/23/2021,2021
TOWA P. LOWER,WASHINGTON,RAINBOW,328,12.12,3/9/2021,2021
TOWA P. LOWER,WASHINGTON,RAINBOW,297,12.82,11/2/2021,2021
TOWA P. LOWER,WASHINGTON,RAINBOW,80,8.21,11/2/2021,2021
TOWA P. LOWER,WASHINGTON,RAINBOW,312,9,11/23/2021,2021
TOWA P. LOWER,WASHINGTON,RAINBOW,97,12.82,11/23/2021,2021
TOWA P. LOWER,WASHINGTON,RAINBOW,350,9.26,12/8/2021,2021
TOWA P. LOWER,WASHINGTON,RAINBOW,376,9.74,12/21/2021,2021
TOWNE RES,SANPETE,RAINBOW,1760,10.44,5/5/2021,2021
TOWNE RES,SANPETE,RAINBOW,253,10.44,5/5/2021,2021
TRIAL L A-61,SUMMIT,RAINBOW,1201,9.29,6/10/2021,2021
TRIAL L A-61,SUMMIT,TIGER TROUT,1059,9.41,6/10/2021,2021
TRIAL L A-61,SUMMIT,RAINBOW,1530,9.32,6/21/2021,2021
TRIAL L A-61,SUMMIT,TIGER TROUT,1002,9.41,6/23/2021,2021
TRIAL L A-61,SUMMIT,BROOK TROUT,2001,2.79,7/1/2021,2021
TRIAL L A-61,SUMMIT,TIGER TROUT,999,9.41,7/6/2021,2021
TRIAL L A-61,SUMMIT,RAINBOW,1499,9.32,7/6/2021,2021
TRIAL L A-61,SUMMIT,RAINBOW,1020,9.32,7/19/2021,2021
TRIAL L A-61,SUMMIT,TIGER TROUT,510,9.03,7/20/2021,2021
TRIAL L A-61,SUMMIT,TIGER TROUT,507,9.63,7/20/2021,2021
TRIAL L A-61,SUMMIT,CUTTHROAT,182,15.22,7/27/2021,2021
TRIAL L A-61,SUMMIT,TIGER TROUT,851,9.26,8/2/2021,2021
TRIAL L A-61,SUMMIT,RAINBOW,1001,10.14,8/2/2021,2021
TRIAL L A-61,SUMMIT,RAINBOW,728,12.13,8/17/2021,2021
TRIAL L A-61,SUMMIT,GRAYLING ARCTIC,4950,2.99,9/28/2021,2021
TRIDENT L A-41,SUMMIT,BROOK TROUT,104,2.79,6/28/2021,2021
TROPIC RES,GARFIELD,RAINBOW,1840,10.09,4/15/2021,2021
TROPIC RES,GARFIELD,TIGER TROUT,1032,9.23,5/20/2021,2021
TULE L,GARFIELD,BROOK TROUT,155,2.76,7/6/2021,2021
TWIN L,SALT LAKE,CUTTHROAT,5000,2.46,9/21/2021,2021
"TWIN L, LOWER A-33",SUMMIT,TIGER TROUT,294,2.69,6/30/2021,2021
U M CR,SEVIER,TIGER TROUT,134,4.47,7/20/2021,2021
U M CR,SEVIER,CUTTHROAT,2000,2.61,9/28/2021,2021
U- 22,DUCHESNE,BROOK TROUT,602,3.32,7/1/2021,2021
UINTA R,DUCHESNE,RAINBOW,1001,9.16,5/26/2021,2021
UINTA R,DUCHESNE,RAINBOW,992,9.47,6/17/2021,2021
UINTA R,DUCHESNE,RAINBOW,500,10.31,7/22/2021,2021
UINTAH L X-131,DUCHESNE,BROOK TROUT,633,2.79,6/29/2021,2021
UPPER BELLS RES,SALT LAKE,CUTTHROAT,2000,2.46,9/21/2021,2021
UPPER WPA,SANPETE,BROOK TROUT,401,2.81,6/29/2021,2021
UTAH L,UTAH,SUCKER,5239,10.29,5/17/2021,2021
UTAH L,UTAH,SUCKER,5733,10.29,5/17/2021,2021
UTAH L,UTAH,SUCKER,4051,10.29,5/18/2021,2021
UTAH L,UTAH,SUCKER,12,6.93,8/10/2021,2021
VERNON CR RES,TOOELE,RAINBOW,1200,10,4/14/2021,2021
VERNON CR RES,TOOELE,RAINBOW,1000,10.77,5/4/2021,2021
VERNON CR RES,TOOELE,RAINBOW,800,10.77,6/16/2021,2021
VERNON CR RES,TOOELE,RAINBOW,999,11.16,7/12/2021,2021
VERNON CR RES,TOOELE,TIGER TROUT,2993,6.05,10/5/2021,2021
VERNON CR RES,TOOELE,RAINBOW,1512,12.28,11/1/2021,2021
VERNON CR RES,TOOELE,RAINBOW,2982,4.45,11/8/2021,2021
VERNON CR RES,TOOELE,RAINBOW,1512,12.28,11/8/2021,2021
VIC'S POND,SANPETE,BROOK TROUT,202,2.81,6/29/2021,2021
VIRGIN R,WASHINGTON,CHUB,2847,4.28,11/17/2021,2021
VIRGINR RIVER PARK POND,WASHINGTON,RAINBOW,348,11.36,1/13/2021,2021
VIRGINR RIVER PARK POND,WASHINGTON,RAINBOW,334,11.52,1/27/2021,2021
VIRGINR RIVER PARK POND,WASHINGTON,RAINBOW,303,11.9,2/10/2021,2021
VIRGINR RIVER PARK POND,WASHINGTON,RAINBOW,312,12.32,2/23/2021,2021
VIRGINR RIVER PARK POND,WASHINGTON,RAINBOW,213,12.12,3/9/2021,2021
VIRGINR RIVER PARK POND,WASHINGTON,RAINBOW,320,12.82,11/2/2021,2021
VIRGINR RIVER PARK POND,WASHINGTON,RAINBOW,133,9,11/23/2021,2021
VIRGINR RIVER PARK POND,WASHINGTON,RAINBOW,200,12.82,11/23/2021,2021
VIRGINR RIVER PARK POND,WASHINGTON,RAINBOW,350,9.26,12/8/2021,2021
VIRGINR RIVER PARK POND,WASHINGTON,RAINBOW,301,9.74,12/21/2021,2021
VIVIAN PARK P,UTAH,RAINBOW,503,9.01,4/5/2021,2021
VIVIAN PARK P,UTAH,RAINBOW,469,9.12,4/27/2021,2021
VIVIAN PARK P,UTAH,RAINBOW,401,9.71,5/26/2021,2021
VIVIAN PARK P,UTAH,RAINBOW,401,10.37,6/28/2021,2021
VIVIAN PARK P,UTAH,RAINBOW,399,9.69,9/21/2021,2021
VIVIAN PARK P,UTAH,RAINBOW,401,10.44,10/5/2021,2021
W-16,SUMMIT,BROOK TROUT,403,2.79,6/29/2021,2021
WALL L A-29,SUMMIT,TIGER TROUT,1856,2.69,6/30/2021,2021
WARDSWORTH CR,UTAH,CUTTHROAT,1011,2.43,10/13/2021,2021
WARNER L,GRAND,RAINBOW,480,10.04,5/24/2021,2021
WARNER L,GRAND,RAINBOW,420,10.5,7/7/2021,2021
WASATCH MTN STATE PARK P,WASATCH,RAINBOW,503,9.01,4/5/2021,2021
WASATCH MTN STATE PARK P,WASATCH,RAINBOW,500,9.13,4/20/2021,2021
WASATCH MTN STATE PARK P,WASATCH,RAINBOW,601,9.48,5/18/2021,2021
WASATCH MTN STATE PARK P,WASATCH,RAINBOW,601,9.71,5/25/2021,2021
WASATCH MTN STATE PARK P,WASATCH,RAINBOW,299,12.47,6/3/2021,2021
WASATCH MTN STATE PARK P,WASATCH,RAINBOW,1201,9.71,6/7/2021,2021
WASATCH MTN STATE PARK P,WASATCH,RAINBOW,1001,9.58,6/16/2021,2021
WASATCH MTN STATE PARK P,WASATCH,RAINBOW,650,10.13,6/22/2021,2021
WASATCH MTN STATE PARK P,WASATCH,RAINBOW,349,10.37,6/29/2021,2021
WASATCH MTN STATE PARK P,WASATCH,WIPER,302,7.6,7/6/2021,2021
WASATCH MTN STATE PARK P,WASATCH,RAINBOW,500,10.44,9/27/2021,2021
WASHINGTON L A-23,SUMMIT,TIGER TROUT,1095,9.41,6/10/2021,2021
WASHINGTON L A-23,SUMMIT,RAINBOW,1123,9.29,6/10/2021,2021
WASHINGTON L A-23,SUMMIT,RAINBOW,1499,9.32,6/21/2021,2021
WASHINGTON L A-23,SUMMIT,TIGER TROUT,501,9.41,6/23/2021,2021
WASHINGTON L A-23,SUMMIT,BROOK TROUT,2001,2.79,7/1/2021,2021
WASHINGTON L A-23,SUMMIT,TIGER TROUT,600,9.41,7/6/2021,2021
WASHINGTON L A-23,SUMMIT,RAINBOW,1499,9.32,7/6/2021,2021
WASHINGTON L A-23,SUMMIT,TIGER TROUT,504,9.63,7/20/2021,2021
WASHINGTON L A-23,SUMMIT,CUTTHROAT,275,15.22,7/27/2021,2021
WASHINGTON L A-23,SUMMIT,GRAYLING ARCTIC,4950,2.99,9/28/2021,2021
WATSON L A-27,SUMMIT,BROOK TROUT,299,2.79,6/28/2021,2021
WEBER R,WEBER,RAINBOW,500,8.75,4/21/2021,2021
WEBER R,WEBER,RAINBOW,500,8.05,4/27/2021,2021
WEBER R,WEBER,RAINBOW,500,8.36,5/21/2021,2021
WEBER R,WEBER,RAINBOW,500,8.25,6/9/2021,2021
WEBER R,SUMMIT,RAINBOW,99,9.32,6/14/2021,2021
WEBER R,SUMMIT,RAINBOW,99,9.32,6/14/2021,2021
WEBER R,SUMMIT,RAINBOW,99,9.32,6/14/2021,2021
WEBER R,SUMMIT,RAINBOW,84,10.14,7/20/2021,2021
WEBER R,SUMMIT,RAINBOW,84,10.14,7/20/2021,2021
WEBER R,SUMMIT,RAINBOW,84,10.14,7/20/2021,2021
WEBER R,WEBER,RAINBOW,500,9.5,8/4/2021,2021
WEBER R,SUMMIT,RAINBOW,74,10.14,8/9/2021,2021
WEBER R,SUMMIT,RAINBOW,74,10.14,8/9/2021,2021
WEBER R,SUMMIT,RAINBOW,74,10.14,8/9/2021,2021
WEBER R,WEBER,RAINBOW,500,10.18,9/24/2021,2021
WEBER R,SUMMIT,BROWN TROUT,159,14.65,10/25/2021,2021
WEBER R,SUMMIT,RAINBOW,300,10.17,11/3/2021,2021
WELLSVILLE RES,CACHE,RAINBOW,1000,7.88,3/23/2021,2021
WELLSVILLE RES,CACHE,RAINBOW,998,7.97,4/6/2021,2021
WELLSVILLE RES,CACHE,RAINBOW,999,8.74,4/20/2021,2021
WELLSVILLE RES,CACHE,RAINBOW,252,15.83,4/27/2021,2021
WELLSVILLE RES,CACHE,RAINBOW,1001,9.45,5/6/2021,2021
WELLSVILLE RES,CACHE,RAINBOW,1198,9.3,5/13/2021,2021
WELLSVILLE RES,CACHE,WIPER,851,7.79,6/8/2021,2021
WELLSVILLE RES,CACHE,RAINBOW,955,14.44,6/9/2021,2021
WELLSVILLE RES,CACHE,RAINBOW,146,14.44,6/9/2021,2021
WELLSVILLE RES,CACHE,RAINBOW,1000,8.25,6/9/2021,2021
WELLSVILLE RES,CACHE,RAINBOW,999,10.14,9/21/2021,2021
WELLSVILLE RES,CACHE,RAINBOW,999,10.36,10/4/2021,2021
WELLSVILLE RES,CACHE,RAINBOW,100,23.21,10/5/2021,2021
WELLSVILLE RES,CACHE,RAINBOW,1000,11.63,10/19/2021,2021
WELLSVILLE RES,CACHE,RAINBOW,803,11.86,11/3/2021,2021
WHISKEY ISLAND L BR3,SUMMIT,GRAYLING ARCTIC,1011,2.65,9/21/2021,2021
WHITE PINE L,SALT LAKE,CUTTHROAT,2000,2.46,9/21/2021,2021
WHITEROCKS R,DUCHESNE,CUTTHROAT,25,6.11,7/6/2021,2021
WHITNEY RES,SUMMIT,RAINBOW,2856,9.03,5/27/2021,2021
WHITNEY RES,SUMMIT,RAINBOW,1685,9.29,6/10/2021,2021
WHITNEY RES,SUMMIT,TIGER TROUT,10000,4.47,7/8/2021,2021
WHITNEY RES,SUMMIT,TIGER TROUT,10000,4.47,7/8/2021,2021
WHITNEY RES,SUMMIT,RAINBOW,2503,9.32,7/15/2021,2021
WIDE HOLLOW RES,GARFIELD,CRAPPIE BLACK,9900,2.83,5/13/2021,2021
WIDE HOLLOW RES,GARFIELD,RAINBOW,2151,10.82,10/14/2021,2021
WIDE HOLLOW RES,GARFIELD,RAINBOW,1879,10.82,10/18/2021,2021
WILDE L GR-36,UINTAH,GRAYLING ARCTIC,323,2.65,9/21/2021,2021
WILDER L Z-13,DUCHESNE,BROOK TROUT,403,2.79,6/28/2021,2021
WILLARD BAY RES,BOX ELDER,WALLEYE,34000,0.41,4/5/2021,2021
WILLARD BAY RES,BOX ELDER,WALLEYE,28500,0.41,4/5/2021,2021
WILLARD BAY RES,BOX ELDER,WALLEYE,2000,0.41,4/5/2021,2021
WILLARD BAY RES,BOX ELDER,WALLEYE,41700,0.41,4/5/2021,2021
WILLARD BAY RES,BOX ELDER,WALLEYE,30000,0.41,4/5/2021,2021
WILLARD BAY RES,BOX ELDER,WALLEYE,22350,0.41,4/5/2021,2021
WILLARD BAY RES,BOX ELDER,WALLEYE,2000,0.41,4/5/2021,2021
WILLARD BAY RES,BOX ELDER,WALLEYE,53000,0.41,4/8/2021,2021
WILLARD BAY RES,BOX ELDER,WALLEYE,87500,0.41,4/8/2021,2021
WILLARD BAY RES,BOX ELDER,WALLEYE,129600,0.41,4/12/2021,2021
WILLARD BAY RES,BOX ELDER,WALLEYE,107500,0.41,4/13/2021,2021
WILLARD BAY RES,BOX ELDER,WALLEYE,35750,0.41,4/13/2021,2021
WILLARD BAY RES,BOX ELDER,WALLEYE,42000,0.41,4/15/2021,2021
WILLARD BAY RES,BOX ELDER,WIPER,3607,9.83,4/15/2021,2021
WILLARD BAY RES,BOX ELDER,WALLEYE,41350,0.41,4/15/2021,2021
WILLARD BAY RES,BOX ELDER,WALLEYE,41350,0.41,4/15/2021,2021
WILLARD BAY RES,BOX ELDER,WALLEYE,41350,0.41,4/15/2021,2021
WILLARD BAY RES,BOX ELDER,WALLEYE,41350,0.41,4/15/2021,2021
WILLARD BAY RES,BOX ELDER,WALLEYE,47050,0.41,4/16/2021,2021
WILLARD BAY RES,BOX ELDER,WALLEYE,47050,0.41,4/16/2021,2021
WILLARD BAY RES,BOX ELDER,WALLEYE,47050,0.41,4/16/2021,2021
WILLARD BAY RES,BOX ELDER,WALLEYE,47050,0.41,4/16/2021,2021
WILLARD BAY RES,BOX ELDER,WALLEYE,47050,0.41,4/16/2021,2021
WILLARD BAY RES,BOX ELDER,WALLEYE,50000,0.41,4/21/2021,2021
WILLARD BAY RES,BOX ELDER,WALLEYE,50000,0.41,4/21/2021,2021
WILLARD BAY RES,BOX ELDER,WALLEYE,50000,0.41,4/21/2021,2021
WILLARD BAY RES,BOX ELDER,WALLEYE,50000,0.41,4/21/2021,2021
WILLARD BAY RES,BOX ELDER,WALLEYE,50500,0.41,4/21/2021,2021
WILLARD BAY RES,BOX ELDER,WIPER,11421,8.94,7/6/2021,2021
WILLARD BAY RES,BOX ELDER,WIPER,9918,4,11/10/2021,2021
WILLARD BAY RES,BOX ELDER,WIPER,9734,4.16,11/23/2021,2021
WILLARD BAY RES,BOX ELDER,WIPER,5350,4.99,11/29/2021,2021
WILLARD CR POND,BOX ELDER,RAINBOW,101,8.41,3/9/2021,2021
WILLARD CR POND,BOX ELDER,RAINBOW,101,9.07,4/6/2021,2021
WILLARD CR POND,BOX ELDER,RAINBOW,99,9.13,4/20/2021,2021
WILLARD CR POND,BOX ELDER,RAINBOW,100,9.66,5/11/2021,2021
WILLARD CR POND,BOX ELDER,RAINBOW,297,9.69,9/22/2021,2021
WILLARD CR POND,BOX ELDER,RAINBOW,101,10.52,10/19/2021,2021
WILLARD CR POND,BOX ELDER,RAINBOW,200,10.77,11/9/2021,2021
WILLOW CREEK POND,UTAH,RAINBOW,400,9.52,5/10/2021,2021
WILLOW CREEK POND,UTAH,RAINBOW,399,9.55,5/17/2021,2021
WILLOW CREEK POND,UTAH,RAINBOW,401,9.71,5/24/2021,2021
WILLOW CREEK POND,UTAH,RAINBOW,221,12.44,6/8/2021,2021
WILLOW CREEK POND,UTAH,CHANNEL CATFISH,500,13.57,6/24/2021,2021
WILLOW L,SANPETE,RAINBOW,1000,10.77,6/9/2021,2021
WILLOW L,SANPETE,TIGER TROUT,3000,4.47,7/7/2021,2021
WILLOW L,SANPETE,RAINBOW,997,9.63,7/21/2021,2021
WILLOW PARK PND,SALT LAKE,RAINBOW,279,17.58,2/18/2021,2021
WILLOW PARK PND,SALT LAKE,BROOK TROUT,240,5.64,2/24/2021,2021
WILLOW PARK PND,SALT LAKE,BROWN TROUT,240,10.47,2/24/2021,2021
WILLOW PARK PND,SALT LAKE,RAINBOW,49,17.58,2/24/2021,2021
WILLOW PARK PND,SALT LAKE,RAINBOW,300,17.1,3/8/2021,2021
WILLOW PARK PND,SALT LAKE,RAINBOW,340,10.96,3/16/2021,2021
WILLOW PARK PND,SALT LAKE,RAINBOW,341,10.96,3/22/2021,2021
WILLOW PARK PND,SALT LAKE,TIGER TROUT,1248,9.01,3/23/2021,2021
WILLOW PARK PND,SALT LAKE,RAINBOW,340,10.96,4/6/2021,2021
WILLOW PARK PND,SALT LAKE,TIGER TROUT,1254,9.53,4/12/2021,2021
WILLOW PARK PND,SALT LAKE,RAINBOW,338,10.96,4/12/2021,2021
WILLOW PARK PND,SALT LAKE,TIGER TROUT,1140,9.84,4/21/2021,2021
WILLOW PARK PND,SALT LAKE,WIPER,599,7.43,4/21/2021,2021
WILLOW PARK PND,SALT LAKE,RAINBOW,339,11.06,4/26/2021,2021
WILLOW PARK PND,SALT LAKE,RAINBOW,1008,9.63,5/6/2021,2021
WILLOW PARK PND,SALT LAKE,RAINBOW,338,11.86,5/10/2021,2021
WILLOW PARK PND,SALT LAKE,RAINBOW,338,11.94,5/17/2021,2021
WILLOW PARK PND,SALT LAKE,TIGER TROUT,1000,10.46,5/24/2021,2021
WILLOW PARK PND,SALT LAKE,RAINBOW,338,12.22,5/25/2021,2021
WILLOW PARK PND,SALT LAKE,RAINBOW,398,14.44,5/26/2021,2021
WILLOW PARK PND,SALT LAKE,CHANNEL CATFISH,270,13.57,5/27/2021,2021
WILLOW PARK PND,SALT LAKE,RAINBOW,338,12.13,6/1/2021,2021
WILLOW PARK PND,SALT LAKE,RAINBOW,338,12.16,6/8/2021,2021
WILLOW PARK PND,SALT LAKE,CHANNEL CATFISH,604,13.57,6/10/2021,2021
WILLOW PARK PND,SALT LAKE,RAINBOW,386,9.5,10/6/2021,2021
WILLOW PARK PND,SALT LAKE,RAINBOW,548,14.94,10/27/2021,2021
WILLOW PARK PND,SALT LAKE,RAINBOW,600,10.77,11/10/2021,2021
WILLOW PARK PND,SALT LAKE,RAINBOW,368,14.94,11/11/2021,2021
WILLOW PARK PND,SALT LAKE,TIGER TROUT,1500,6.59,11/24/2021,2021
WOODS POND,IRON,RAINBOW,288,10.13,5/7/2021,2021
WOODS POND,IRON,RAINBOW,344,10.29,5/18/2021,2021
WOODS POND,IRON,RAINBOW,392,10.47,6/3/2021,2021
WOODS POND,IRON,RAINBOW,345,10.92,6/16/2021,2021
WOODS POND,IRON,RAINBOW,324,11.15,6/30/2021,2021
"WPA POND, UPPER",SANPETE,RAINBOW,1300,10.77,6/15/2021,2021
"WPA POND, UPPER",SANPETE,RAINBOW,500,10.77,6/17/2021,2021
WRIGLEY SPRING RES,EMERY,RAINBOW,1000,10.77,6/9/2021,2021
WRIGLEY SPRING RES,EMERY,TIGER TROUT,2000,4.47,7/7/2021,2021
WRIGLEY SPRING RES,EMERY,RAINBOW,252,9.63,7/21/2021,2021
WYMAN L Z-14,DUCHESNE,GRAYLING ARCTIC,301,2.65,9/21/2021,2021
X- 22,DUCHESNE,CUTTHROAT,899,1.9,9/22/2021,2021
X- 26,DUCHESNE,BROOK TROUT,397,3.32,7/1/2021,2021
X- 50,DUCHESNE,GRAYLING ARCTIC,194,2.65,9/21/2021,2021
X- 60,DUCHESNE,CUTTHROAT,813,1.9,9/22/2021,2021
X- 78,DUCHESNE,CUTTHROAT,1712,1.9,9/22/2021,2021
X-105,DUCHESNE,CUTTHROAT,984,1.9,9/22/2021,2021
YANKEE MEADOW RES,IRON,RAINBOW,333,10.75,5/24/2021,2021
YANKEE MEADOW RES,IRON,RAINBOW,5080,4.15,6/24/2021,2021
YANKEE MEADOW RES,IRON,BROOK TROUT,2030,2.58,6/24/2021,2021
YANKEE MEADOW RES,IRON,CUTTHROAT,4158,2.13,9/7/2021,2021
YEARNS RES,SANPETE,RAINBOW,1495,10.28,4/29/2021,2021
YEARNS RES,SANPETE,RAINBOW,1221,10.44,5/5/2021,2021
YEARNS RES,SANPETE,RAINBOW,750,10.77,6/2/2021,2021
YEARNS RES,SANPETE,RAINBOW,750,10.77,6/30/2021,2021
YELLOW LAKE NCL,GARFIELD,BROOK TROUT,155,2.76,7/6/2021,2021
"YELLOWPINE,LOWER W66",SUMMIT,BROOK TROUT,196,2.79,6/29/2021,2021
YELLOWSTONE R,DUCHESNE,RAINBOW,1001,10.04,6/29/2021,2021
YELLOWSTONE R,DUCHESNE,RAINBOW,828,10.31,7/19/2021,2021
YUBA RES (SEVIER BRG,JUAB,MUSKIE TIGER,7000,1.05,4/20/2021,2021
YUBA RES (SEVIER BRG,JUAB,BROOK TROUT,17853,2.6,5/10/2021,2021
YUBA RES (SEVIER BRG,JUAB,TIGER TROUT,5000,3.29,6/1/2021,2021
YUBA RES (SEVIER BRG,JUAB,CHANNEL CATFISH,25001,4.15,9/15/2021,2021
ABERDUNK L FL,SEVIER,TIGER TROUT,101,2.82,7/7/2022,2022
ABES RES,SEVIER,CUTTHROAT,108,2.18,9/14/2022,2022
ACADEMY MILL RES,SANPETE,TIGER TROUT,3011,2.82,7/7/2022,2022
ADAMS RESERVOIR,DAVIS,RAINBOW,1120,9.4,3/21/2022,2022
ADAMS RESERVOIR,DAVIS,RAINBOW,2475,9.4,3/25/2022,2022
ADAMS RESERVOIR,DAVIS,RAINBOW,1200,9.6,4/25/2022,2022
ADAMS RESERVOIR,DAVIS,RAINBOW,1100,9.47,5/9/2022,2022
ADAMS RESERVOIR,DAVIS,RAINBOW,307,15.21,5/18/2022,2022
ADAMS RESERVOIR,DAVIS,WIPER,1999,7.45,5/25/2022,2022
ADAMS RESERVOIR,DAVIS,RAINBOW,1254,9.69,5/30/2022,2022
ADAMS RESERVOIR,DAVIS,RAINBOW,3002,9.21,9/19/2022,2022
ADAMS RESERVOIR,DAVIS,RAINBOW,1001,9.51,10/4/2022,2022
ADAMS RESERVOIR,DAVIS,RAINBOW,999,9.42,10/17/2022,2022
AMBER'S MUDDY HOLE,SANPETE,BROOK TROUT,201,2.97,7/14/2022,2022
AMERICAN FK CR,UTAH,RAINBOW,500,10,5/24/2022,2022
AMERICAN FK CR,UTAH,RAINBOW,999,10.43,6/22/2022,2022
AMERICAN FK CR,UTAH,RAINBOW,498,9.45,6/27/2022,2022
AMERICAN FK CR,UTAH,RAINBOW,500,9.36,7/6/2022,2022
AMERICAN FK CR,UTAH,RAINBOW,500,11.78,7/13/2022,2022
AMERICAN FK CR,UTAH,RAINBOW,504,9.92,7/26/2022,2022
AMERICAN FK CR,UTAH,RAINBOW,498,9.87,8/8/2022,2022
"AMERICAN FK CR, N FK",UTAH,RAINBOW,375,10,5/24/2022,2022
"AMERICAN FK CR, N FK",UTAH,RAINBOW,751,10.43,6/22/2022,2022
"AMERICAN FK CR, N FK",UTAH,RAINBOW,374,9.45,6/27/2022,2022
"AMERICAN FK CR, N FK",UTAH,RAINBOW,375,9.36,7/6/2022,2022
"AMERICAN FK CR, N FK",UTAH,RAINBOW,375,11.78,7/13/2022,2022
"AMERICAN FK CR, N FK",UTAH,RAINBOW,374,9.92,7/26/2022,2022
"AMERICAN FK CR, N FK",UTAH,RAINBOW,375,9.87,8/8/2022,2022
"AMERICAN FK CR, N FK",UTAH,CUTTHROAT,3004,2.3,9/22/2022,2022
"AMERICAN FK CR, N FK",UTAH,CUTTHROAT,2499,2.56,10/20/2022,2022
"AMERICAN FK CR, N FK",UTAH,CUTTHROAT,3004,2.7,10/20/2022,2022
AMLEN L X-99,DUCHESNE,BROOK TROUT,612,2.75,6/29/2022,2022
AMOEBA L X-90,DUCHESNE,CUTTHROAT,594,1.57,9/23/2022,2022
ANDERSON MEADOW,BEAVER,RAINBOW,999,10.97,5/25/2022,2022
ANDERSON MEADOW,BEAVER,TIGER TROUT,759,10.32,6/7/2022,2022
ANDERSON MEADOW,BEAVER,RAINBOW,1002,10.29,7/5/2022,2022
ANGEL L WR-19,DUCHESNE,MUSKIE TIGER,100,3.39,7/6/2022,2022
ANN L WR-74,DUCHESNE,CUTTHROAT,223,1.57,9/23/2022,2022
ANNABELLA RES,SEVIER,RAINBOW,406,10.13,5/31/2022,2022
"ANSON L ,EAST GR-13",DAGGETT,BROOK TROUT,765,3.62,7/6/2022,2022
ANTIMONY L EMW,GARFIELD,RAINBOW,103,2.3,6/29/2022,2022
ANTIMONY L EMW,GARFIELD,BROOK TROUT,51,2.95,6/29/2022,2022
ASAY CR,GARFIELD,BROWN TROUT,6180,2.95,4/19/2022,2022
ASAY CR,GARFIELD,RAINBOW,264,10.98,6/9/2022,2022
ASAY CR,GARFIELD,RAINBOW,573,12.05,6/9/2022,2022
"ASHLEY CR, S FK",UINTAH,RAINBOW,301,9.53,6/15/2022,2022
"ASHLEY CR, S FK",UINTAH,RAINBOW,300,10,7/13/2022,2022
ASHLEY TWIN L GR-35,UINTAH,BROOK TROUT,2092,3.62,7/6/2022,2022
ASPEN MIRROR L,KANE,RAINBOW,522,11.69,5/4/2022,2022
ASPEN MIRROR L,KANE,TIGER TROUT,523,8.38,5/4/2022,2022
ASPEN MIRROR L,KANE,RAINBOW,507,11.8,5/25/2022,2022
ASPEN MIRROR L,KANE,RAINBOW,517,12.05,6/8/2022,2022
ASPEN MIRROR L,KANE,RAINBOW,332,11.35,6/24/2022,2022
ASPEN MIRROR L,KANE,RAINBOW,167,11.61,6/24/2022,2022
ASPEN MIRROR L,KANE,RAINBOW,499,11.56,7/5/2022,2022
ASPEN MIRROR L,KANE,RAINBOW,444,11.89,7/19/2022,2022
AUDRY L RC-45,DUCHESNE,BROOK TROUT,1000,2.92,7/11/2022,2022
AVERETT CYN P,WASATCH,CUTTHROAT,111,6.94,6/29/2022,2022
BAKER L BR-45,SUMMIT,TIGER TROUT,365,2.65,6/28/2022,2022
BAKER RES,WASHINGTON,RAINBOW,945,9.73,3/2/2022,2022
BAKER RES,WASHINGTON,RAINBOW,1080,9.73,3/2/2022,2022
BAKER RES,WASHINGTON,RAINBOW,1967,9.6,3/2/2022,2022
BAKER RES,WASHINGTON,BROWN TROUT,2055,2.74,4/12/2022,2022
BAKER RES,WASHINGTON,WIPER,501,8.28,7/5/2022,2022
BAKER RES,WASHINGTON,RAINBOW,2772,10.55,11/14/2022,2022
BAKER RES,WASHINGTON,RAINBOW,2625,10.55,11/17/2022,2022
BAKER RES,WASHINGTON,RAINBOW,2090,10.55,11/21/2022,2022
BAKER SP,BOX ELDER,RAINBOW,500,9.16,4/6/2022,2022
BAR M SP,BOX ELDER,RAINBOW,500,9.16,4/6/2022,2022
BARKER RES NCL,GARFIELD,RAINBOW,1005,10.15,6/22/2022,2022
BARKER RES NCL,GARFIELD,BROOK TROUT,501,2.96,7/7/2022,2022
"BARKER RES,LOWER NCL",GARFIELD,CUTTHROAT,198,14.92,6/29/2022,2022
"BARKER RES,LOWER NCL",GARFIELD,TIGER TROUT,101,2.82,7/7/2022,2022
"BARKER RES,LOWER NCL",GARFIELD,CUTTHROAT,807,3.36,9/28/2022,2022
BARNEY L,SEVIER,TIGER TROUT,1004,2.79,7/5/2022,2022
BARNEY L,SEVIER,CUTTHROAT,5288,1.96,9/7/2022,2022
BARTHOLOMEW PARK POND,UTAH,RAINBOW,999,10.1,3/15/2022,2022
BARTHOLOMEW PARK POND,UTAH,RAINBOW,999,10.33,3/23/2022,2022
BARTHOLOMEW PARK POND,UTAH,RAINBOW,998,10.47,4/6/2022,2022
BARTHOLOMEW PARK POND,UTAH,RAINBOW,901,10.05,4/19/2022,2022
BARTHOLOMEW PARK POND,UTAH,RAINBOW,901,10.22,5/4/2022,2022
BARTHOLOMEW PARK POND,UTAH,RAINBOW,900,10.17,5/9/2022,2022
BARTHOLOMEW PARK POND,UTAH,RAINBOW,706,10.56,6/14/2022,2022
BARTHOLOMEW PARK POND,UTAH,CUTTHROAT,686,15.12,7/8/2022,2022
BARTHOLOMEW PARK POND,UTAH,RAINBOW,2001,9.9,9/14/2022,2022
BARTHOLOMEW PARK POND,UTAH,RAINBOW,1200,9.79,10/17/2022,2022
BASTIAN RES,GARFIELD,TIGER TROUT,1494,2.82,7/7/2022,2022
BATTLE CR,UTAH,CUTTHROAT,1000,2.43,9/19/2022,2022
BEAR L,RICH,CUTTHROAT,55660,6.77,5/9/2022,2022
BEAR L,RICH,CUTTHROAT,28014,6.77,5/10/2022,2022
BEAR L,RICH,CUTTHROAT,23490,7.07,5/10/2022,2022
BEAR L,RICH,LAKE TROUT,19263,6.03,11/14/2022,2022
BEAR L G-7,SUMMIT,BROOK TROUT,1994,3.7,6/30/2022,2022
BEAR R,SUMMIT,RAINBOW,98,10.07,7/5/2022,2022
BEAR R,SUMMIT,RAINBOW,100,10.07,7/19/2022,2022
BEAR R,SUMMIT,RAINBOW,50,10,8/1/2022,2022
BEARD L U-74,DUCHESNE,BROOK TROUT,481,3.62,7/6/2022,2022
BEAVER CR,SUMMIT,RAINBOW,112,9.21,6/2/2022,2022
BEAVER CR,SUMMIT,RAINBOW,99,9.41,6/6/2022,2022
BEAVER CR,SUMMIT,RAINBOW,98,10.07,7/4/2022,2022
BEAVER CR,SUMMIT,RAINBOW,103,10,7/21/2022,2022
BEAVER CR,SUMMIT,RAINBOW,101,10.28,8/22/2022,2022
BEAVER DAMS NBS,WAYNE,BROOK TROUT,203,2.96,7/7/2022,2022
BEAVER L A-17,SUMMIT,BROOK TROUT,276,2.75,6/27/2022,2022
BEAVER L BR-10,SUMMIT,RAINBOW,1504,9.21,6/2/2022,2022
BEAVER R,BEAVER,RAINBOW,4074,3.99,3/23/2022,2022
BEAVER R,BEAVER,RAINBOW,600,9.95,3/23/2022,2022
BEAVER R,BEAVER,BROWN TROUT,8034,2.95,4/18/2022,2022
BEAVER R,BEAVER,RAINBOW,153,10.02,4/18/2022,2022
BEAVER R,BEAVER,BROWN TROUT,2000,3.99,5/18/2022,2022
BEAVER R,BEAVER,RAINBOW,200,10.97,5/18/2022,2022
BEAVER R,BEAVER,RAINBOW,402,10.84,5/18/2022,2022
BEAVER R,BEAVER,RAINBOW,502,10.07,6/15/2022,2022
BEAVER R,BEAVER,RAINBOW,222,10.14,6/15/2022,2022
BEAVER R,BEAVER,RAINBOW,506,10.52,7/14/2022,2022
BEAVER R,BEAVER,RAINBOW,200,10.29,7/14/2022,2022
BECKY L WR-77,DUCHESNE,BROOK TROUT,327,3.62,7/6/2022,2022
BEE TREE,SANPETE,BROOK TROUT,201,2.97,7/14/2022,2022
BENCHS POND,SANPETE,RAINBOW,1007,10.96,6/2/2022,2022
BENCHS POND,SANPETE,RAINBOW,999,11.16,6/21/2022,2022
BESS L BTN,GARFIELD,BROOK TROUT,249,2.97,7/7/2022,2022
BETH L A-6,SUMMIT,BROOK TROUT,312,2.75,6/29/2022,2022
BIG BEAR CR,SANPETE,CUTTHROAT,12000,1.68,9/26/2022,2022
BIG COTTONWOOD CR,SALT LAKE,CUTTHROAT,2704,2.3,9/21/2022,2022
BIG CR,RICH,CUTTHROAT,5024,7.58,6/7/2022,2022
BIG CR,RICH,CUTTHROAT,1992,3.21,9/26/2022,2022
BIG ELK RES A-18,SUMMIT,TIGER TROUT,662,2.65,6/28/2022,2022
"BIG HOLLOW, UPPER",GARFIELD,TIGER TROUT,512,8.74,6/14/2022,2022
BIG L,SEVIER,RAINBOW,1206,10.84,5/23/2022,2022
BIG L,SEVIER,RAINBOW,1517,11.74,5/23/2022,2022
BIG L BTS,GARFIELD,BROOK TROUT,201,2.97,7/7/2022,2022
BIG SANDWASH RES,DUCHESNE,RAINBOW,10148,8.59,4/20/2022,2022
BIG SANDWASH RES,DUCHESNE,RAINBOW,306,11.71,5/25/2022,2022
BIG SANDWASH RES,DUCHESNE,RAINBOW,1499,11.76,11/1/2022,2022
BIRCH CR RES,RICH,RAINBOW,10070,3.61,6/6/2022,2022
BIRCH CR RES,RICH,TIGER TROUT,512,9.21,6/6/2022,2022
BIRCH CR RES,RICH,RAINBOW,510,9.41,6/6/2022,2022
BITTER CR,UINTAH,CUTTHROAT,491,2.37,11/1/2022,2022
BLACK L X-132,DUCHESNE,BROOK TROUT,1188,2.75,6/29/2022,2022
BLACKSMITH FK,CACHE,RAINBOW,500,10.36,5/25/2022,2022
BLANCHE L,SALT LAKE,BROOK TROUT,912,2.75,6/27/2022,2022
BLANCHE L,SALT LAKE,CUTTHROAT,4000,2.43,9/19/2022,2022
BLANDING RES NO 3,SAN JUAN,RAINBOW,1507,10.37,5/2/2022,2022
BLANDING RES NO 4,SAN JUAN,RAINBOW,3528,9.93,3/14/2022,2022
BLANDING RES NO 4,SAN JUAN,TIGER TROUT,4501,2.83,7/12/2022,2022
BLANDING RES NO 4,SAN JUAN,RAINBOW,2004,9.38,8/30/2022,2022
BLIND L NBS,WAYNE,KOKANEE,4012,2.32,5/25/2022,2022
BLIND L NBS,WAYNE,RAINBOW,2014,2.85,7/7/2022,2022
BLIND L NBS,WAYNE,CUTTHROAT,2016,2.07,9/26/2022,2022
BLUE L,SAN JUAN,RAINBOW,809,10.15,6/28/2022,2022
BLUE L,SANPETE,TIGER TROUT,502,2.82,7/7/2022,2022
BLUE L A-5,SUMMIT,BROOK TROUT,396,2.75,6/29/2022,2022
BLUE L GT,GARFIELD,CUTTHROAT,64,2.07,9/26/2022,2022
BLUE L NCL,GARFIELD,TIGER TROUT,52,3.39,8/16/2022,2022
BLUE L Z-32,DUCHESNE,TIGER TROUT,1418,2.65,6/28/2022,2022
BLUE RIBBON #1,SANPETE,BROOK TROUT,153,2.97,7/14/2022,2022
BLUE RIBBON #2,SANPETE,BROOK TROUT,105,2.97,7/14/2022,2022
BLUE RIBBON #4,SANPETE,BROOK TROUT,57,2.97,7/14/2022,2022
BLYTHE L Z-20,DUCHESNE,BROOK TROUT,396,2.75,6/27/2022,2022
BOBS HOLE NBS,WAYNE,BROOK TROUT,203,2.96,7/7/2022,2022
BOBS HOLE NBS,WAYNE,TIGER TROUT,45,2.82,7/7/2022,2022
BONNIE L Z-6,DUCHESNE,BROOK TROUT,600,2.75,6/27/2022,2022
BOUNTIFUL POND,DAVIS,RAINBOW,1298,9.42,3/15/2022,2022
BOUNTIFUL POND,DAVIS,RAINBOW,801,9.4,3/21/2022,2022
BOUNTIFUL POND,DAVIS,RAINBOW,2023,9.4,3/25/2022,2022
BOUNTIFUL POND,DAVIS,RAINBOW,300,10,4/4/2022,2022
BOUNTIFUL POND,DAVIS,RAINBOW,301,9.55,4/18/2022,2022
BOUNTIFUL POND,DAVIS,RAINBOW,1299,9.6,4/25/2022,2022
BOUNTIFUL POND,DAVIS,RAINBOW,375,9.46,5/2/2022,2022
BOUNTIFUL POND,DAVIS,WIPER,2753,7.06,5/2/2022,2022
BOUNTIFUL POND,DAVIS,WIPER,502,7.06,5/2/2022,2022
BOUNTIFUL POND,DAVIS,RAINBOW,1000,9.47,5/9/2022,2022
BOUNTIFUL POND,DAVIS,WIPER,1348,6.5,5/12/2022,2022
BOUNTIFUL POND,DAVIS,RAINBOW,1301,9.69,5/30/2022,2022
BOUNTIFUL POND,DAVIS,CHANNEL CATFISH,1500,10.77,6/2/2022,2022
BOUNTIFUL POND,DAVIS,CHANNEL CATFISH,1300,10.77,6/16/2022,2022
BOUNTIFUL POND,DAVIS,CHANNEL CATFISH,525,13.57,9/15/2022,2022
BOUNTIFUL POND,DAVIS,CHANNEL CATFISH,525,13.57,9/15/2022,2022
BOUNTIFUL POND,DAVIS,RAINBOW,1198,9.48,9/23/2022,2022
BOUNTIFUL POND,DAVIS,RAINBOW,1472,9.51,10/4/2022,2022
BOUNTIFUL POND,DAVIS,RAINBOW,2500,9.51,10/4/2022,2022
BOUNTIFUL POND,DAVIS,RAINBOW,200,17.1,10/6/2022,2022
BOUNTIFUL POND,DAVIS,RAINBOW,801,9.42,10/17/2022,2022
BOUNTIFUL POND,DAVIS,RAINBOW,799,9.46,10/31/2022,2022
BOUNTIFUL POND,DAVIS,RAINBOW,381,15.43,11/9/2022,2022
BOURBON L BR-1,SUMMIT,BROOK TROUT,48,2.75,6/27/2022,2022
BOWDEN L U-32,DUCHESNE,BROOK TROUT,450,3.62,7/6/2022,2022
"BOWNS RES, LOWER",GARFIELD,RAINBOW,9310,3.33,5/24/2022,2022
"BOWNS RES, LOWER",GARFIELD,TIGER TROUT,2048,8.74,6/16/2022,2022
"BOX CR RES, LOWER",PIUTE,RAINBOW,514,11.74,5/23/2022,2022
"BOX CR RES, LOWER",PIUTE,RAINBOW,502,10.07,6/15/2022,2022
"BOX CR RES, LOWER",PIUTE,TIGER TROUT,750,2.79,7/5/2022,2022
"BOX CR RES, UPPER",PIUTE,RAINBOW,1264,11.74,5/23/2022,2022
"BOX CR RES, UPPER",PIUTE,RAINBOW,1255,10.07,6/15/2022,2022
"BOX CR RES, UPPER",PIUTE,TIGER TROUT,1260,4.57,7/1/2022,2022
"BOX CR RES, UPPER",PIUTE,SPLAKE,104,3.61,7/1/2022,2022
BOX RES,UTAH,RAINBOW,499,11.16,6/6/2022,2022
BOX RES,UTAH,RAINBOW,495,11.16,6/21/2022,2022
BR- 2,SUMMIT,BROOK TROUT,96,2.75,6/27/2022,2022
BR-24,SUMMIT,TIGER TROUT,257,2.65,6/28/2022,2022
BR-34,SUMMIT,TIGER TROUT,243,2.65,6/28/2022,2022
BR-43,SUMMIT,TIGER TROUT,203,2.65,6/28/2022,2022
BR-50,SUMMIT,BROOK TROUT,348,2.75,6/27/2022,2022
BRAD'S SECRET,SANPETE,BROOK TROUT,105,2.97,7/14/2022,2022
BRIAN HEAD POND,IRON,TIGER TROUT,779,8.7,5/17/2022,2022
BRIAN HEAD POND,IRON,RAINBOW,505,10.97,5/26/2022,2022
BRIAN HEAD POND,IRON,RAINBOW,504,10.97,6/8/2022,2022
BRIAN HEAD POND,IRON,RAINBOW,517,10.29,7/12/2022,2022
BRIAN HEAD POND,IRON,RAINBOW,509,9.38,8/22/2022,2022
BRIDGER L G-20,SUMMIT,BROOK TROUT,2108,2.33,5/23/2022,2022
BRIDGER L G-20,SUMMIT,RAINBOW,1218,9.52,5/23/2022,2022
BRIDGER L G-20,SUMMIT,RAINBOW,1500,9.41,6/30/2022,2022
BRIDGER L G-20,SUMMIT,RAINBOW,1502,10.07,7/12/2022,2022
BRIDGER L G-20,SUMMIT,RAINBOW,1000,10,7/28/2022,2022
BROOK L A-20,SUMMIT,BROOK TROUT,72,2.75,6/27/2022,2022
BROUGH RES,UINTAH,RAINBOW,3991,8.42,4/20/2022,2022
BROUGH RES,UINTAH,RAINBOW,700,12.31,10/4/2022,2022
BROUGH RES,UINTAH,BROWN TROUT,1053,4.96,10/4/2022,2022
BROUGH RES,UINTAH,RAINBOW,1000,11.73,11/8/2022,2022
BROWN DUCK L X-31,DUCHESNE,MUSKIE TIGER,150,3.39,7/6/2022,2022
BROWN DUCK L X-31,DUCHESNE,CUTTHROAT,2719,1.91,9/23/2022,2022
BROWNE L,DAGGETT,BROOK TROUT,1491,2.81,5/17/2022,2022
BROWNE L,DAGGETT,RAINBOW,1493,2.96,5/17/2022,2022
BROWNE L,DAGGETT,RAINBOW,100,11.99,5/25/2022,2022
BROWNE L,DAGGETT,RAINBOW,1301,9.14,6/6/2022,2022
BROWNE L,DAGGETT,RAINBOW,925,3.39,6/6/2022,2022
BROWNE L,DAGGETT,TIGER TROUT,101,9.36,6/22/2022,2022
BROWNS DRAW RES,DUCHESNE,RAINBOW,14976,2.39,4/15/2022,2022
BROWNS DRAW RES,DUCHESNE,BROWN TROUT,1991,2.14,5/9/2022,2022
BROWNS DRAW RES,DUCHESNE,TIGER TROUT,2293,2.61,5/9/2022,2022
BROWNS DRAW RES,DUCHESNE,RAINBOW,1507,9.89,11/9/2022,2022
BRUSH CR,UINTAH,CUTTHROAT,2005,5.8,6/7/2022,2022
BUCKEYE L A-3,SUMMIT,BROOK TROUT,168,2.75,6/29/2022,2022
BUCKLEY SPRING,DUCHESNE,CUTTHROAT,999,1.95,10/20/2022,2022
BUD L Z-2,DUCHESNE,BROOK TROUT,564,2.75,6/27/2022,2022
"BULBERRY L, SOUTH",WAYNE,BROOK TROUT,101,2.79,6/15/2022,2022
"BULBERRY L, SOUTH",WAYNE,TIGER TROUT,51,2.69,6/15/2022,2022
BULLBERRY L#4(NORTH),WAYNE,TIGER TROUT,51,2.69,6/15/2022,2022
BULLOCK RES,UINTAH,MUSKIE TIGER,500,1.36,5/24/2022,2022
BULLOCK RES,UINTAH,SUNFISH BLUEGILL,10010,2.6,9/22/2022,2022
BULLOCK RES,UINTAH,BASS LARGEMOUTH,2495,3.19,9/22/2022,2022
BULLOCK RES,UINTAH,RAINBOW,1000,11.73,11/8/2022,2022
BURRASTON PONDS,JUAB,RAINBOW,619,17.71,1/31/2022,2022
BURRASTON PONDS,JUAB,RAINBOW,1750,9.63,3/28/2022,2022
BURRASTON PONDS,JUAB,RAINBOW,1750,9.75,4/18/2022,2022
BURRASTON PONDS,JUAB,RAINBOW,1001,10.28,5/3/2022,2022
BURRASTON PONDS,JUAB,RAINBOW,1001,10.44,5/18/2022,2022
BURRASTON PONDS,JUAB,RAINBOW,1012,10.44,5/31/2022,2022
BURRASTON PONDS,JUAB,RAINBOW,999,11.16,6/6/2022,2022
BURRASTON PONDS,JUAB,RAINBOW,999,11.16,6/22/2022,2022
BURRASTON PONDS,JUAB,RAINBOW,1500,10.77,6/28/2022,2022
BURRASTON PONDS,JUAB,RAINBOW,1500,11.16,7/12/2022,2022
BURRASTON PONDS,JUAB,RAINBOW,749,12.13,9/13/2022,2022
BURRASTON PONDS,JUAB,RAINBOW,500,11.86,11/1/2022,2022
BURRASTON PONDS,JUAB,RAINBOW,999,11.86,11/1/2022,2022
BUTTERFLY L Z-1,DUCHESNE,RAINBOW,300,9.41,6/14/2022,2022
BUTTERFLY L Z-1,DUCHESNE,TIGER TROUT,500,9.36,6/22/2022,2022
BUTTERFLY L Z-1,DUCHESNE,BROOK TROUT,500,2.92,7/4/2022,2022
BUTTERFLY L Z-1,DUCHESNE,RAINBOW,306,10.07,7/5/2022,2022
BUTTERFLY L Z-1,DUCHESNE,TIGER TROUT,99,9.52,7/6/2022,2022
BUTTERFLY L Z-1,DUCHESNE,RAINBOW,301,10.07,7/11/2022,2022
BUTTERFLY L Z-1,DUCHESNE,TIGER TROUT,302,9.52,7/11/2022,2022
BUTTERFLY L Z-1,DUCHESNE,TIGER TROUT,300,9.41,7/18/2022,2022
BUTTERFLY L Z-1,DUCHESNE,RAINBOW,301,10.07,7/19/2022,2022
BUTTERFLY L Z-1,DUCHESNE,RAINBOW,300,10,7/26/2022,2022
BUTTERFLY L Z-1,DUCHESNE,RAINBOW,300,10,8/1/2022,2022
BUTTERFLY L Z-1,DUCHESNE,TIGER TROUT,300,9.41,8/2/2022,2022
BUTTERFLY L Z-1,DUCHESNE,RAINBOW,300,10,8/8/2022,2022
BUTTERFLY L Z-1,DUCHESNE,RAINBOW,300,10,8/15/2022,2022
BUTTERFLY L Z-1,DUCHESNE,TIGER TROUT,302,9.63,8/16/2022,2022
BUTTERFLY L Z-1,DUCHESNE,RAINBOW,200,10.28,8/23/2022,2022
BUTTERFLY L Z-1,DUCHESNE,RAINBOW,200,10.28,8/29/2022,2022
CABIN L RC-42,DUCHESNE,CUTTHROAT,520,1.57,9/23/2022,2022
CALDER RES,UINTAH,RAINBOW,3990,2.76,4/28/2022,2022
CALDER RES,UINTAH,GRASS CARP STERILE,85,7.09,5/5/2022,2022
CALDER RES,UINTAH,CUTTHROAT,500,5.49,5/13/2022,2022
CALDER RES,UINTAH,BROWN TROUT,517,2.3,5/13/2022,2022
CALDER RES,UINTAH,RAINBOW,910,8.63,5/13/2022,2022
CALDER RES,UINTAH,TIGER TROUT,651,8.79,5/16/2022,2022
CAMP KOSTOPAULUS,SALT LAKE,RAINBOW,400,9.47,5/9/2022,2022
CANYON VIEW PARK PD,UTAH,RAINBOW,861,9.4,3/22/2022,2022
CANYON VIEW PARK PD,UTAH,RAINBOW,429,9.87,4/1/2022,2022
CANYON VIEW PARK PD,UTAH,RAINBOW,430,9.4,4/11/2022,2022
CANYON VIEW PARK PD,UTAH,RAINBOW,430,9.62,4/18/2022,2022
CANYON VIEW PARK PD,UTAH,WIPER,302,7.08,4/25/2022,2022
CANYON VIEW PARK PD,UTAH,RAINBOW,430,9.6,4/25/2022,2022
CANYON VIEW PARK PD,UTAH,RAINBOW,101,15.21,5/17/2022,2022
CANYON VIEW PARK PD,UTAH,RAINBOW,430,10,6/1/2022,2022
CANYON VIEW PARK PD,UTAH,RAINBOW,500,10.07,6/10/2022,2022
CANYON VIEW PARK PD,UTAH,CHANNEL CATFISH,174,10.77,6/16/2022,2022
CARBON CNTY P,CARBON,RAINBOW,899,9.75,4/20/2022,2022
CARBON CNTY P,CARBON,RAINBOW,897,10.28,5/5/2022,2022
CARBON CNTY P,CARBON,CHANNEL CATFISH,692,10.77,6/16/2022,2022
CARBON CNTY P,CARBON,RAINBOW,900,12.13,9/21/2022,2022
CARBON CNTY P,CARBON,RAINBOW,900,12.13,9/21/2022,2022
CARBON CNTY P,CARBON,CHANNEL CATFISH,1074,3.12,9/21/2022,2022
CAROL L W-51,SUMMIT,BROOK TROUT,276,2.75,6/27/2022,2022
"CARROL L, EAST X-21",DUCHESNE,CUTTHROAT,783,1.91,9/23/2022,2022
"CARROL L, UPPER X-18",DUCHESNE,BROOK TROUT,3503,3.7,6/30/2022,2022
CARROT L U-17,DUCHESNE,BROOK TROUT,1610,3.62,7/6/2022,2022
CART CR,DAGGETT,RAINBOW,505,9.51,6/15/2022,2022
CASPERS POND,CACHE,RAINBOW,500,10.23,5/27/2022,2022
CASTLE L D-14,DUCHESNE,CUTTHROAT,223,1.57,9/23/2022,2022
CASTLE L W-67,SUMMIT,CUTTHROAT,653,2.51,9/19/2022,2022
CASTLE L W-67,SUMMIT,CUTTHROAT,159,2.43,9/19/2022,2022
CASTLE VALLEY CR,IRON,CUTTHROAT,4002,2.01,9/12/2022,2022
CATHERINE L,SALT LAKE,BROOK TROUT,1200,2.75,6/27/2022,2022
CAUSEY RES,WEBER,RAINBOW,3000,11.39,5/23/2022,2022
CAUSEY RES,WEBER,LAKE TROUT,2218,4.63,7/19/2022,2022
CEDAR CR,SANPETE,CUTTHROAT,3188,2.01,9/12/2022,2022
CHALK CR,MILLARD,RAINBOW,155,10.97,5/25/2022,2022
CHALK CR,MILLARD,TIGER TROUT,130,10.32,6/7/2022,2022
CHARITY L P-16,SUMMIT,BROOK TROUT,204,2.75,6/27/2022,2022
CHEPETA L WR-64,DUCHESNE,BROOK TROUT,1838,3.7,6/30/2022,2022
CHEPETA L WR-64,DUCHESNE,CUTTHROAT,9213,1.57,9/23/2022,2022
CHINA L G-21,SUMMIT,BROOK TROUT,4000,3.7,6/30/2022,2022
CHUCK L BTN,GARFIELD,BROOK TROUT,96,2.97,7/7/2022,2022
CLEAR CR,SEVIER,CUTTHROAT,20396,1.96,9/8/2022,2022
CLEAR CR,UTAH,CUTTHROAT,1009,2.3,9/21/2022,2022
CLEAR L NBS,WAYNE,TIGER TROUT,51,2.69,6/15/2022,2022
CLEGG L A-47,SUMMIT,BROOK TROUT,252,2.75,6/27/2022,2022
CLEMENTS RES X-74,DUCHESNE,CUTTHROAT,5424,1.57,9/23/2022,2022
CLEVELAND RES,EMERY,RAINBOW,1200,11.86,10/20/2022,2022
CLEVELAND RES,EMERY,RAINBOW,1200,11.86,10/20/2022,2022
CLIFF L A-34,SUMMIT,TIGER TROUT,621,2.65,6/28/2022,2022
CLIFF L G-5,SUMMIT,TIGER TROUT,1107,2.65,6/28/2022,2022
CLINTON POND,DAVIS,RAINBOW,299,9.42,3/15/2022,2022
CLINTON POND,DAVIS,RAINBOW,300,10,4/4/2022,2022
CLINTON POND,DAVIS,RAINBOW,301,9.55,4/18/2022,2022
CLINTON POND,DAVIS,WIPER,502,7.06,5/2/2022,2022
CLINTON POND,DAVIS,RAINBOW,301,9.46,5/2/2022,2022
CLINTON POND,DAVIS,RAINBOW,300,9.69,5/24/2022,2022
CLINTON POND,DAVIS,CHANNEL CATFISH,240,10.77,6/2/2022,2022
CLINTON POND,DAVIS,RAINBOW,300,10,6/6/2022,2022
CLINTON POND,DAVIS,CHANNEL CATFISH,434,10.77,6/16/2022,2022
CLINTON POND,DAVIS,RAINBOW,1302,11.37,11/9/2022,2022
CLINTON POND,DAVIS,RAINBOW,1000,11.8,11/14/2022,2022
CLYDE L A-28,SUMMIT,BROOK TROUT,1596,2.75,6/27/2022,2022
COLD SPRING L,SEVIER,RAINBOW,757,10.97,5/23/2022,2022
COLD SPRING L,SEVIER,RAINBOW,752,10.29,7/13/2022,2022
COLD SPRING LAKES,BOX ELDER,RAINBOW,301,10.24,3/29/2022,2022
COLD SPRING LAKES,BOX ELDER,RAINBOW,500,9.41,4/1/2022,2022
COLD SPRING LAKES,BOX ELDER,RAINBOW,500,9.72,4/29/2022,2022
COLD SPRING LAKES,BOX ELDER,RAINBOW,300,10.45,5/2/2022,2022
COLD SPRING LAKES,BOX ELDER,RAINBOW,500,10.84,6/1/2022,2022
COLD SPRING LAKES,BOX ELDER,RAINBOW,401,11.17,6/10/2022,2022
COLD SPRING LAKES,BOX ELDER,RAINBOW,750,10.72,8/1/2022,2022
COLD SPRING LAKES,BOX ELDER,RAINBOW,500,11.37,10/26/2022,2022
COLEMAN RES NBS,WAYNE,RAINBOW,150,9.54,6/15/2022,2022
COLEMAN RES NBS,WAYNE,BROOK TROUT,251,2.75,6/15/2022,2022
COLORADO R,SAN JUAN,CHUB,1989,9.42,4/18/2022,2022
COLORADO R,SAN JUAN,CHUB,1989,9.42,4/18/2022,2022
COLOROW (ASPEN) X-63,DUCHESNE,BROOK TROUT,851,3.62,7/6/2022,2022
COLUMBINE L GR-116,SUMMIT,TIGER TROUT,427,3.69,7/6/2022,2022
COMMUNITY L,SANPETE,RAINBOW,703,10.96,6/1/2022,2022
COMMUNITY L,SANPETE,RAINBOW,499,11.16,6/15/2022,2022
COMMUNITY L,SANPETE,RAINBOW,495,11.16,6/26/2022,2022
COMMUNITY L,SANPETE,RAINBOW,499,9.12,7/14/2022,2022
COMMUNITY L,SANPETE,TIGER TROUT,990,5.06,7/26/2022,2022
COMMUNITY L,SANPETE,RAINBOW,500,10.77,10/4/2022,2022
COOK L BT,WAYNE,RAINBOW,500,10.15,6/21/2022,2022
COOK L BT,WAYNE,TIGER TROUT,498,9.11,6/28/2022,2022
COOK L BT,WAYNE,BROOK TROUT,501,2.96,7/7/2022,2022
CORN CR,MILLARD,RAINBOW,155,10.97,5/25/2022,2022
CORN CR,MILLARD,TIGER TROUT,130,10.32,6/7/2022,2022
CORNER BEAVER #1,SANPETE,BROOK TROUT,153,2.97,7/14/2022,2022
CORNER BEAVER #2,SANPETE,BROOK TROUT,153,2.97,7/14/2022,2022
COTTONWOOD RES,UINTAH,RAINBOW,690,10.28,3/16/2022,2022
COTTONWOOD RES,UINTAH,MUSKIE TIGER,1250,1.36,5/24/2022,2022
COTTONWOOD RES,UINTAH,WIPER,3018,1.85,8/1/2022,2022
COTTONWOOD RES,UINTAH,CHANNEL CATFISH,700,13.57,9/15/2022,2022
COTTONWOOD RES,UINTAH,SUNFISH BLUEGILL,30030,2.6,9/22/2022,2022
COTTONWOOD RES,UINTAH,RAINBOW,2997,10.48,11/9/2022,2022
COVE CR,SANPETE,CUTTHROAT,3900,1.68,9/26/2022,2022
COVE L,SANPETE,TIGER TROUT,990,5.06,7/26/2022,2022
COVE L,SANPETE,CUTTHROAT,2100,1.68,9/26/2022,2022
COVE POND,SALT LAKE,RAINBOW,999,9.75,4/12/2022,2022
COVE POND,SALT LAKE,RAINBOW,500,9.75,4/18/2022,2022
COVE POND,SALT LAKE,RAINBOW,500,9.75,4/25/2022,2022
COVE POND,SALT LAKE,RAINBOW,253,10.28,5/3/2022,2022
COVE POND,SALT LAKE,RAINBOW,253,10.28,5/3/2022,2022
COVE POND,SALT LAKE,WIPER,124,7.1,5/4/2022,2022
COVE POND,SALT LAKE,RAINBOW,500,10.44,5/9/2022,2022
COVE POND,SALT LAKE,RAINBOW,249,10.44,5/16/2022,2022
COVE POND,SALT LAKE,RAINBOW,249,10.44,5/16/2022,2022
COVE POND,SALT LAKE,RAINBOW,101,15.21,5/17/2022,2022
COVE POND,SALT LAKE,CHANNEL CATFISH,234,11.7,6/2/2022,2022
COVE POND,SALT LAKE,RAINBOW,504,11.16,6/6/2022,2022
COVE POND,SALT LAKE,RAINBOW,500,10.77,6/14/2022,2022
COVE POND,SALT LAKE,CHANNEL CATFISH,172,10.77,6/16/2022,2022
COVE POND,SALT LAKE,CHANNEL CATFISH,150,13.57,8/25/2022,2022
COVE POND,SALT LAKE,RAINBOW,700,12.44,9/22/2022,2022
COVE POND,SALT LAKE,RAINBOW,163,17.1,9/28/2022,2022
CRATER L BTS,GARFIELD,BROOK TROUT,201,2.97,7/7/2022,2022
CRATER L X-94,DUCHESNE,SPLAKE,701,3.54,7/11/2022,2022
CRESCENT L BTS,GARFIELD,TIGER TROUT,45,2.82,7/7/2022,2022
CRESCENT L BTS,GARFIELD,CUTTHROAT,256,2.07,9/26/2022,2022
CRYSTAL L A-51,SUMMIT,BROOK TROUT,996,2.75,6/27/2022,2022
CUB L BT,WAYNE,BROOK TROUT,48,2.97,7/7/2022,2022
CUBERANT NO 3 W-44,SUMMIT,BROOK TROUT,396,2.75,6/27/2022,2022
CUBERANT NO 4 W-45,SUMMIT,TIGER TROUT,2214,2.65,6/28/2022,2022
CURRANT CR,WASATCH,RAINBOW,1035,9.14,6/9/2022,2022
CURRANT CR RES,WASATCH,RAINBOW,6560,8.48,5/2/2022,2022
CURRANT CR RES,WASATCH,RAINBOW,2660,8.58,5/3/2022,2022
CURRANT CR RES,WASATCH,CUTTHROAT,11015,4.78,5/18/2022,2022
CURRANT CR RES,WASATCH,RAINBOW,1845,8.41,5/18/2022,2022
CURRANT CR RES,WASATCH,TIGER TROUT,973,5.9,10/17/2022,2022
CURRANT CR RES,WASATCH,TIGER TROUT,1668,5.9,10/21/2022,2022
CUTTHROAT L BR-37,SUMMIT,TIGER TROUT,419,2.65,6/28/2022,2022
D-19,DUCHESNE,BROOK TROUT,36,2.75,6/27/2022,2022
DARK CYN L,SAN JUAN,RAINBOW,1507,10.15,6/28/2022,2022
DARK CYN L,SAN JUAN,RAINBOW,1500,9.64,7/6/2022,2022
DARK CYN L,SAN JUAN,TIGER TROUT,502,2.82,7/7/2022,2022
DEAD L BTS,GARFIELD,BROOK TROUT,249,2.97,7/7/2022,2022
DEADMAN CR,SUMMIT,CUTTHROAT,1002,7.58,6/7/2022,2022
DEADMAN CR,SUMMIT,BROOK TROUT,500,4.64,8/25/2022,2022
DEADMAN CR,SUMMIT,BROOK TROUT,114,16.99,9/19/2022,2022
DEEP CR L TLM,WAYNE,BROOK TROUT,201,2.97,7/7/2022,2022
DEEP L,SEVIER,RAINBOW,1476,10.13,5/31/2022,2022
DEEP L,SANPETE,RAINBOW,1502,9.12,6/30/2022,2022
DEEP L,SANPETE,RAINBOW,1502,9.12,6/30/2022,2022
DEEP L,SANPETE,BROOK TROUT,306,2.97,7/14/2022,2022
DEER CR L EBS,GARFIELD,TIGER TROUT,101,2.82,7/7/2022,2022
DEER CR L EBS,GARFIELD,BROOK TROUT,1005,2.97,7/7/2022,2022
DEER CR L EBS,GARFIELD,CUTTHROAT,960,2.07,9/26/2022,2022
DEER CR RES,WASATCH,RAINBOW,1120,9.63,5/17/2022,2022
DEER CR RES,WASATCH,RAINBOW,1120,9.63,5/17/2022,2022
DEER CR RES,WASATCH,RAINBOW,1250,10,6/1/2022,2022
DEER CR RES,WASATCH,RAINBOW,825,9.69,6/13/2022,2022
DEER CR RES,WASATCH,RAINBOW,1265,9.69,6/13/2022,2022
DEER CR RES,WASATCH,RAINBOW,1820,9.63,6/17/2022,2022
DEER CR RES,WASATCH,RAINBOW,2100,9.63,6/17/2022,2022
DEER CR RES,WASATCH,RAINBOW,1650,9.69,6/22/2022,2022
DEER CR RES,WASATCH,RAINBOW,1650,9.69,6/27/2022,2022
DEER CR RES,WASATCH,RAINBOW,1650,9.69,6/27/2022,2022
DEER CR RES,WASATCH,RAINBOW,1100,9.69,6/28/2022,2022
DEER CR RES,WASATCH,RAINBOW,1375,9.69,7/5/2022,2022
DEER CR RES,WASATCH,RAINBOW,1375,9.69,7/5/2022,2022
DEER CR RES,WASATCH,RAINBOW,825,9.69,7/6/2022,2022
DEER CR RES,WASATCH,RAINBOW,1870,9.69,7/6/2022,2022
DEER CR RES,WASATCH,RAINBOW,3000,10.86,7/28/2022,2022
DEER CR RES,WASATCH,RAINBOW,5150,10.47,10/5/2022,2022
DEER CR RES,WASATCH,RAINBOW,10446,10.47,10/5/2022,2022
DEER CR RES,WASATCH,RAINBOW,19920,10.47,10/5/2022,2022
DEER CR RES,WASATCH,RAINBOW,6650,5.73,10/17/2022,2022
DEER CR RES,WASATCH,RAINBOW,8940,5.52,10/17/2022,2022
DEER CR RES,WASATCH,RAINBOW,7980,5.73,10/17/2022,2022
DEER CR RES,WASATCH,RAINBOW,7980,5.73,10/17/2022,2022
DEER CR RES,WASATCH,RAINBOW,1015,9.52,10/25/2022,2022
DEER CR RES,WASATCH,RAINBOW,37785,4.78,10/25/2022,2022
DEER CR RES,WASATCH,RAINBOW,18320,4.78,10/25/2022,2022
DEER CR RES,WASATCH,RAINBOW,870,9.52,10/31/2022,2022
DEER CR RES,WASATCH,RAINBOW,1015,9.52,10/31/2022,2022
DEER CR RES,WASATCH,RAINBOW,1352,11.76,11/1/2022,2022
DEER CR RES,WASATCH,RAINBOW,1450,9.52,11/8/2022,2022
DEER CR RES,WASATCH,RAINBOW,1450,9.52,11/8/2022,2022
DEER CR RES,WASATCH,RAINBOW,1575,9.52,11/14/2022,2022
DEER CR RES,WASATCH,RAINBOW,1575,9.52,11/14/2022,2022
DEER CR RES,WASATCH,RAINBOW,2625,9.52,11/18/2022,2022
DEER CR RES,WASATCH,RAINBOW,2625,9.52,11/18/2022,2022
DEER CR RES,WASATCH,RAINBOW,2451,9.52,11/22/2022,2022
DEER CR RES,WASATCH,RAINBOW,2274,9.52,11/22/2022,2022
DEER CR RES,WASATCH,RAINBOW,2448,9.52,11/24/2022,2022
DEER CR RES,WASATCH,RAINBOW,2451,9.52,11/28/2022,2022
DEER CR RES,WASATCH,RAINBOW,2451,9.52,11/28/2022,2022
DEER CR RES,WASATCH,RAINBOW,2100,9.52,11/28/2022,2022
DEER CR RES,WASATCH,RAINBOW,2465,9.52,12/2/2022,2022
DEER CR RES,WASATCH,RAINBOW,2465,9.52,12/2/2022,2022
DEER CR RES,WASATCH,RAINBOW,1160,9.52,12/2/2022,2022
DEER CR RES,WASATCH,RAINBOW,535,10,12/6/2022,2022
DEER L X-55,DUCHESNE,CUTTHROAT,1483,1.91,9/23/2022,2022
DEER VALLEY LAKES,SUMMIT,RAINBOW,534,10.22,5/4/2022,2022
DEER VALLEY LAKES,SUMMIT,RAINBOW,203,10.17,5/9/2022,2022
DEER VALLEY LAKES,SUMMIT,RAINBOW,468,10.31,5/16/2022,2022
DEER VALLEY LAKES,SUMMIT,RAINBOW,600,10.19,6/10/2022,2022
DEER VALLEY LAKES,SUMMIT,RAINBOW,841,10.15,6/14/2022,2022
DEER VALLEY LAKES,SUMMIT,RAINBOW,360,11.6,7/3/2022,2022
DEER VALLEY LAKES,SUMMIT,WIPER,1500,7.52,7/6/2022,2022
DEER VALLEY LAKES,SUMMIT,WIPER,310,7.21,7/19/2022,2022
DEER VALLEY LAKES,SUMMIT,TIGER TROUT,2989,5.9,10/17/2022,2022
DF- 4,UINTAH,CUTTHROAT,743,1.57,9/23/2022,2022
DIAMOND FK CR,UTAH,CUTTHROAT,4102,2.7,10/20/2022,2022
DIAMOND FK CR,UTAH,CUTTHROAT,918,2.56,10/20/2022,2022
DIAMOND FK R,UTAH,BROWN TROUT,3640,5.02,6/23/2022,2022
DIAMOND FK R,UTAH,BROWN TROUT,2296,3.86,9/28/2022,2022
DMAD RES,MILLARD,CHANNEL CATFISH,4724,5.33,5/11/2022,2022
DMAD RES,MILLARD,WALLEYE,10937,2.57,6/22/2022,2022
DMAD RES,MILLARD,CHANNEL CATFISH,5830,3.12,9/13/2022,2022
DMAD RES,MILLARD,CHANNEL CATFISH,746,3.12,9/20/2022,2022
DOLORES R,GRAND,CHUB,1860,9.48,4/19/2022,2022
DOLORES R,GRAND,CHUB,1857,9.48,4/19/2022,2022
DONS L,GRAND,RAINBOW,1035,10.37,5/9/2022,2022
DONS L,GRAND,RAINBOW,980,10.15,6/27/2022,2022
DOUGHERTY BASIN NCL,GARFIELD,CUTTHROAT,1024,2.07,9/26/2022,2022
DRIFT RES Y-41,DUCHESNE,BROOK TROUT,740,3.7,6/30/2022,2022
DUCHESNE R,DUCHESNE,RAINBOW,401,9.53,6/15/2022,2022
DUCHESNE R,DUCHESNE,RAINBOW,399,10,7/13/2022,2022
"DUCHESNE R, N FK",DUCHESNE,RAINBOW,997,9.53,6/15/2022,2022
"DUCHESNE R, N FK",DUCHESNE,RAINBOW,994,10,7/13/2022,2022
"DUCHESNE R, N FK",DUCHESNE,RAINBOW,800,11.16,8/25/2022,2022
DUCK CR,KANE,RAINBOW,261,11.69,5/4/2022,2022
DUCK CR,KANE,RAINBOW,254,11.8,5/25/2022,2022
DUCK CR,KANE,RAINBOW,239,12.05,6/8/2022,2022
DUCK CR SPRINGS,KANE,RAINBOW,696,11.69,5/4/2022,2022
DUCK CR SPRINGS,KANE,TIGER TROUT,1012,8.4,5/19/2022,2022
DUCK CR SPRINGS,KANE,RAINBOW,676,11.8,5/25/2022,2022
DUCK CR SPRINGS,KANE,RAINBOW,676,12.05,6/8/2022,2022
DUCK CR SPRINGS,KANE,RAINBOW,476,11.35,6/24/2022,2022
DUCK CR SPRINGS,KANE,RAINBOW,231,11.61,6/24/2022,2022
DUCK CR SPRINGS,KANE,RAINBOW,668,11.56,7/5/2022,2022
DUCK CR SPRINGS,KANE,RAINBOW,592,11.89,7/19/2022,2022
DUCK FK RES,SANPETE,CUTTHROAT,1281,6.94,6/29/2022,2022
DUCK FK RES,SANPETE,TIGER TROUT,1530,6.82,10/17/2022,2022
DWAIN'S POND NBS,WAYNE,BROOK TROUT,51,2.75,6/15/2022,2022
EAST CYN RES,MORGAN,RAINBOW,4020,11.86,3/30/2022,2022
EAST CYN RES,MORGAN,RAINBOW,983,11.86,3/30/2022,2022
EAST CYN RES,MORGAN,KOKANEE,19024,2.62,4/4/2022,2022
EAST CYN RES,MORGAN,WIPER,15200,1.86,7/28/2022,2022
EAST CYN RES,MORGAN,RAINBOW,4480,12.13,9/27/2022,2022
EAST CYN RES,MORGAN,RAINBOW,4060,12.13,9/27/2022,2022
EAST FORK FARM CK DC,DUCHESNE,CUTTHROAT,4002,2.01,10/25/2022,2022
EAST L BTS,GARFIELD,BROOK TROUT,251,2.96,7/7/2022,2022
EAST PARK RES,UINTAH,RAINBOW,1780,11.99,5/18/2022,2022
EAST PARK RES,UINTAH,RAINBOW,150,11.99,5/25/2022,2022
EAST PARK RES,UINTAH,RAINBOW,997,9.14,6/7/2022,2022
EAST PARK RES,UINTAH,BROOK TROUT,1988,3.22,6/7/2022,2022
EAST PARLEY'S,SANPETE,BROOK TROUT,306,2.97,7/14/2022,2022
EAST SLIDE L LF-44,DUCHESNE,BROOK TROUT,321,3.62,7/6/2022,2022
ECHO RES,SUMMIT,RAINBOW,2907,11.39,4/18/2022,2022
ECHO RES,SUMMIT,RAINBOW,3042,11.39,4/18/2022,2022
ECHO RES,SUMMIT,RAINBOW,3380,11.39,4/18/2022,2022
ECHO RES,SUMMIT,RAINBOW,5525,11.37,9/27/2022,2022
ECHO RES,SUMMIT,RAINBOW,1125,11.86,9/27/2022,2022
ELECTRIC L,EMERY,TIGER TROUT,9990,4.26,6/23/2022,2022
ELECTRIC L,EMERY,LAKE TROUT,262,3.63,6/29/2022,2022
EMERALD L,SANPETE,RAINBOW,1003,11.37,7/7/2022,2022
EMERALD L D-20,DUCHESNE,BROOK TROUT,36,2.75,6/27/2022,2022
EMERY (LARSON) RES,SANPETE,TIGER TROUT,2498,2.82,7/7/2022,2022
"ENTERPRISE RES,LOWER",WASHINGTON,RAINBOW,2889,9.7,3/9/2022,2022
"ENTERPRISE RES,LOWER",WASHINGTON,RAINBOW,1620,9.7,3/9/2022,2022
"ENTERPRISE RES,UPPER",WASHINGTON,RAINBOW,12416,5.78,3/1/2022,2022
"ENTERPRISE RES,UPPER",WASHINGTON,RAINBOW,7680,5.78,3/2/2022,2022
"ENTERPRISE RES,UPPER",WASHINGTON,KOKANEE,10029,2.32,5/16/2022,2022
EPHRAIM CR,SANPETE,CUTTHROAT,3000,2.12,9/19/2022,2022
FAIRMONT PARK SLC,SALT LAKE,RAINBOW,251,10.1,3/16/2022,2022
FAIRMONT PARK SLC,SALT LAKE,RAINBOW,249,10.4,3/28/2022,2022
FAIRMONT PARK SLC,SALT LAKE,RAINBOW,350,10.05,4/14/2022,2022
FAIRMONT PARK SLC,SALT LAKE,RAINBOW,250,10.22,5/4/2022,2022
FAIRMONT PARK SLC,SALT LAKE,RAINBOW,350,10.14,5/17/2022,2022
FAIRMONT PARK SLC,SALT LAKE,CHANNEL CATFISH,250,10.77,6/2/2022,2022
FAIRMONT PARK SLC,SALT LAKE,RAINBOW,251,10.19,6/10/2022,2022
FAIRMONT PARK SLC,SALT LAKE,CHANNEL CATFISH,174,10.77,6/16/2022,2022
FAIRMONT PARK SLC,SALT LAKE,WIPER,104,7.4,6/29/2022,2022
FAIRMONT PARK SLC,SALT LAKE,RAINBOW,501,10.11,8/23/2022,2022
FAIRMONT PARK SLC,SALT LAKE,CHANNEL CATFISH,125,13.57,8/25/2022,2022
FAIRVIEW L,SANPETE,RAINBOW,1330,10.96,6/2/2022,2022
FAIRVIEW L,SANPETE,RAINBOW,1332,11.16,6/6/2022,2022
FAIRVIEW L,SANPETE,RAINBOW,1332,11.16,6/6/2022,2022
FAITH L A-16,SUMMIT,BROOK TROUT,48,2.75,6/27/2022,2022
FARMINGTON CITY RES,DAVIS,RAINBOW,600,10.3,3/22/2022,2022
FARMINGTON CITY RES,DAVIS,RAINBOW,345,10.31,4/20/2022,2022
FARMINGTON CITY RES,DAVIS,WIPER,1000,7.19,4/26/2022,2022
FARMINGTON CITY RES,DAVIS,RAINBOW,401,11.68,5/9/2022,2022
FARMINGTON CITY RES,DAVIS,CHANNEL CATFISH,400,10.77,6/2/2022,2022
FARMINGTON CITY RES,DAVIS,RAINBOW,401,11.17,6/10/2022,2022
FARMINGTON CITY RES,DAVIS,CHANNEL CATFISH,750,13.57,8/25/2022,2022
FARMINGTON CITY RES,DAVIS,RAINBOW,1201,11.37,10/26/2022,2022
FARMINGTON CITY RES,DAVIS,RAINBOW,756,11.76,11/2/2022,2022
FARMINGTON CITY RES,DAVIS,CHANNEL CATFISH,987,5.22,11/14/2022,2022
FARNSWORTH L,SEVIER,RAINBOW,1011,10.29,7/13/2022,2022
FARRALS POND TLM,SEVIER,TIGER TROUT,50,3.16,7/26/2022,2022
FERRON CR,EMERY,CUTTHROAT,15900,1.68,9/26/2022,2022
FERRON RES,SANPETE,RAINBOW,999,11.16,6/15/2022,2022
FERRON RES,SANPETE,RAINBOW,999,11.16,6/15/2022,2022
FERRON RES,SANPETE,BROOK TROUT,1507,2.88,6/28/2022,2022
FERRON RES,SANPETE,CUTTHROAT,999,6.94,6/29/2022,2022
FIRE L A-14,SUMMIT,CUTTHROAT,1524,2.51,9/19/2022,2022
FISH CR L NBS,WAYNE,TIGER TROUT,904,2.82,7/7/2022,2022
FISH HATCHERY L X-6,DUCHESNE,CUTTHROAT,3566,1.57,9/23/2022,2022
FISH L,SEVIER,RAINBOW,11569,11.46,4/25/2022,2022
FISH L,SEVIER,RAINBOW,11560,11.46,4/25/2022,2022
FISH L,SEVIER,RAINBOW,4590,11.46,4/26/2022,2022
FISH L,SEVIER,RAINBOW,5100,11.95,4/26/2022,2022
FISH L,SEVIER,RAINBOW,5712,11.46,4/26/2022,2022
FISH L,SEVIER,RAINBOW,6255,11.95,4/26/2022,2022
FISH L,SEVIER,KOKANEE,56978,2.32,5/18/2022,2022
FISH L,SEVIER,KOKANEE,56978,2.32,5/18/2022,2022
FISH L,SEVIER,KOKANEE,68373,2.32,5/18/2022,2022
FISH L,SEVIER,KOKANEE,100080,3.25,5/25/2022,2022
FISH L,SEVIER,KOKANEE,29880,3.06,5/25/2022,2022
FISH L,SEVIER,KOKANEE,16680,3.25,5/25/2022,2022
FISH L,SEVIER,KOKANEE,25020,3.25,5/25/2022,2022
FISH L,SEVIER,SPLAKE,45900,2.97,5/27/2022,2022
FISH L,SEVIER,RAINBOW,14454,2.66,6/14/2022,2022
FISH L,SEVIER,LAKE TROUT,11515,3.99,6/29/2022,2022
FISH L,SEVIER,RAINBOW,1656,10.65,7/11/2022,2022
FISH L,SEVIER,RAINBOW,14105,3.1,7/12/2022,2022
FISH L,SEVIER,RAINBOW,351,10.45,7/18/2022,2022
FISH L,SEVIER,LAKE TROUT,2804,4.59,7/18/2022,2022
FISH L,SEVIER,CUTTHROAT,15240,2.88,8/1/2022,2022
FISH L,SEVIER,RAINBOW,4032,4.33,8/2/2022,2022
FISH L,SEVIER,BROOK TROUT,1940,3.26,8/2/2022,2022
FISH L,SEVIER,BROOK TROUT,3801,3.29,8/2/2022,2022
FISH L,SEVIER,RAINBOW,6433,3.12,8/2/2022,2022
FISH L,SEVIER,RAINBOW,3864,10.09,9/21/2022,2022
FISH L,SEVIER,RAINBOW,3840,10.09,9/21/2022,2022
FISH L,SEVIER,RAINBOW,8354,10.19,9/26/2022,2022
FISH L,SEVIER,RAINBOW,6175,10.19,9/26/2022,2022
FISH L,SEVIER,RAINBOW,7248,10.09,9/26/2022,2022
FISH L,SEVIER,RAINBOW,7990,6.99,10/17/2022,2022
FISH L,SEVIER,RAINBOW,1977,7.17,10/17/2022,2022
FISH L,SEVIER,RAINBOW,12880,7.83,11/8/2022,2022
FISH L,SEVIER,RAINBOW,32457,3.28,12/20/2022,2022
FISH L,SEVIER,BROOK TROUT,536,14.33,12/21/2022,2022
FISH L,SEVIER,BROOK TROUT,515,14.33,12/21/2022,2022
FISH L,SEVIER,BROOK TROUT,549,14.33,12/21/2022,2022
FISH L GR-125,SUMMIT,BROOK TROUT,4589,3.7,6/30/2022,2022
FLAMING GORGE RES,DAGGETT,KOKANEE,83700,1.66,2/9/2022,2022
FLAMING GORGE RES,DAGGETT,KOKANEE,83700,1.66,2/10/2022,2022
FLAMING GORGE RES,DAGGETT,KOKANEE,40511,1.66,2/10/2022,2022
FLAMING GORGE RES,DAGGETT,KOKANEE,80250,1.67,2/15/2022,2022
FLAMING GORGE RES,DAGGETT,RAINBOW,3900,7.27,3/14/2022,2022
FLAMING GORGE RES,DAGGETT,RAINBOW,4550,7.27,3/14/2022,2022
FLAMING GORGE RES,DAGGETT,RAINBOW,4583,7.27,3/14/2022,2022
FLAMING GORGE RES,DAGGETT,RAINBOW,4550,7.27,3/14/2022,2022
FLAMING GORGE RES,DAGGETT,RAINBOW,4615,7.27,3/14/2022,2022
FLAMING GORGE RES,DAGGETT,RAINBOW,4550,7.27,3/14/2022,2022
FLAMING GORGE RES,DAGGETT,RAINBOW,4550,7.27,3/14/2022,2022
FLAMING GORGE RES,DAGGETT,RAINBOW,4550,7.27,3/14/2022,2022
FLAMING GORGE RES,DAGGETT,KOKANEE,79868,2.63,4/4/2022,2022
FLAMING GORGE RES,DAGGETT,BROWN TROUT,9880,1.76,4/5/2022,2022
FLAMING GORGE RES,DAGGETT,KOKANEE,75600,2.86,4/19/2022,2022
FLAMING GORGE RES,DAGGETT,KOKANEE,75000,2.87,4/21/2022,2022
FLAMING GORGE RES,DAGGETT,KOKANEE,37500,2.87,4/21/2022,2022
FLAMING GORGE RES,DAGGETT,KOKANEE,75000,2.87,4/22/2022,2022
FLAMING GORGE RES,DAGGETT,KOKANEE,37500,2.87,4/22/2022,2022
FLAMING GORGE RES,DAGGETT,KOKANEE,75000,2.87,4/22/2022,2022
FLAMING GORGE RES,DAGGETT,KOKANEE,37500,2.87,4/22/2022,2022
FLAMING GORGE RES,DAGGETT,KOKANEE,75000,2.87,4/25/2022,2022
FLAMING GORGE RES,DAGGETT,KOKANEE,12500,2.88,4/26/2022,2022
FLAMING GORGE RES,DAGGETT,RAINBOW,6157,8.07,5/12/2022,2022
FLAMING GORGE RES,DAGGETT,RAINBOW,4348,8.07,5/17/2022,2022
FLAMING GORGE RES,DAGGETT,RAINBOW,2560,9.21,5/19/2022,2022
FLAMING GORGE RES,DAGGETT,RAINBOW,2608,9.21,5/19/2022,2022
FLAMING GORGE RES,DAGGETT,RAINBOW,2560,9.21,5/19/2022,2022
FLAMING GORGE RES,DAGGETT,RAINBOW,2560,9.21,5/19/2022,2022
FLAMING GORGE RES,DAGGETT,RAINBOW,2560,9.21,5/19/2022,2022
FLAMING GORGE RES,DAGGETT,RAINBOW,2560,9.21,5/19/2022,2022
FLAMING GORGE RES,DAGGETT,RAINBOW,2560,9.21,5/19/2022,2022
FLAMING GORGE RES,DAGGETT,RAINBOW,2560,9.21,5/19/2022,2022
FLAMING GORGE RES,DAGGETT,RAINBOW,6080,8.63,5/20/2022,2022
FLAMING GORGE RES,DAGGETT,RAINBOW,6194,8.63,5/20/2022,2022
FLAMING GORGE RES,DAGGETT,RAINBOW,4480,7.64,5/23/2022,2022
FLAMING GORGE RES,DAGGETT,RAINBOW,3640,7.64,5/23/2022,2022
FLAMING GORGE RES,DAGGETT,RAINBOW,405,9.75,5/23/2022,2022
FLAMING GORGE RES,DAGGETT,RAINBOW,4480,7.64,5/23/2022,2022
FLAMING GORGE RES,DAGGETT,RAINBOW,2160,9.75,5/23/2022,2022
FLAMING GORGE RES,DAGGETT,RAINBOW,5760,8.86,5/23/2022,2022
FLAMING GORGE RES,DAGGETT,RAINBOW,8600,8.99,5/23/2022,2022
FLAMING GORGE RES,DAGGETT,RAINBOW,4200,7.64,5/23/2022,2022
FLAMING GORGE RES,DAGGETT,RAINBOW,2160,9.75,5/23/2022,2022
FLAMING GORGE RES,DAGGETT,RAINBOW,4480,7.64,5/23/2022,2022
FLAMING GORGE RES,DAGGETT,RAINBOW,4480,7.64,5/23/2022,2022
FLAMING GORGE RES,DAGGETT,RAINBOW,4480,7.64,5/23/2022,2022
FLAMING GORGE RES,DAGGETT,RAINBOW,2184,7.64,5/23/2022,2022
FLAMING GORGE RES,DAGGETT,RAINBOW,8400,8.94,5/24/2022,2022
FLAMING GORGE RES,DAGGETT,RAINBOW,8880,8.77,5/24/2022,2022
FLAMING GORGE RES,DAGGETT,RAINBOW,10241,8.43,5/25/2022,2022
FLAMING GORGE RES,DAGGETT,RAINBOW,8510,8.77,5/25/2022,2022
FLAMING GORGE RES,DAGGETT,RAINBOW,10187,8.44,5/27/2022,2022
FLAMING GORGE RES,DAGGETT,RAINBOW,10032,8.43,5/27/2022,2022
FLAMING GORGE RES,DAGGETT,RAINBOW,7020,8.22,5/30/2022,2022
FLAMING GORGE RES,DAGGETT,RAINBOW,8500,9.03,5/30/2022,2022
FLAMING GORGE RES,DAGGETT,RAINBOW,7313,8.22,5/31/2022,2022
FLAMING GORGE RES,DAGGETT,RAINBOW,842,8.02,6/2/2022,2022
FLAMING GORGE RES,DAGGETT,RAINBOW,1200,8.06,6/2/2022,2022
FLAMING GORGE RES,DAGGETT,CUTTHROAT,18680,7.51,6/9/2022,2022
FLAMING GORGE RES,DAGGETT,CUTTHROAT,150029,8.11,6/9/2022,2022
FLAMING GORGE RES,DAGGETT,RAINBOW,1288,11.42,9/27/2022,2022
FLAMING GORGE RES,DAGGETT,BROWN TROUT,4818,4.39,9/27/2022,2022
FLAMING GORGE RES,DAGGETT,RAINBOW,8050,6.01,11/7/2022,2022
FLAMING GORGE RES,DAGGETT,RAINBOW,8050,6.01,11/7/2022,2022
FLAMING GORGE RES,DAGGETT,RAINBOW,8050,6.01,11/8/2022,2022
FLAMING GORGE RES,DAGGETT,RAINBOW,8338,6.01,11/8/2022,2022
FLAMING GORGE RES,DAGGETT,RAINBOW,4323,10.35,11/14/2022,2022
FLAMING GORGE RES,DAGGETT,RAINBOW,8050,6.01,11/14/2022,2022
FLAMING GORGE RES,DAGGETT,RAINBOW,8050,6.01,11/14/2022,2022
FLAMING GORGE RES,DAGGETT,RAINBOW,7475,6.01,11/15/2022,2022
FLAT L NCL,GARFIELD,BROOK TROUT,97,2.96,7/7/2022,2022
FLOATING ISLAND TLM,SEVIER,TIGER TROUT,150,3.16,7/26/2022,2022
FLOATING ISLAND TLM,SEVIER,CUTTHROAT,301,3.36,9/27/2022,2022
FLORENCE L,SALT LAKE,BROOK TROUT,504,2.75,6/27/2022,2022
FOREBAY POND,IRON,RAINBOW,507,11.38,6/2/2022,2022
FOREBAY POND,IRON,RAINBOW,1027,11.64,6/28/2022,2022
FORSYTH RES,SEVIER,SPLAKE,1016,3.61,7/1/2022,2022
FORSYTH RES,SEVIER,TIGER TROUT,6135,3.16,8/1/2022,2022
FORSYTH RES,SEVIER,TIGER TROUT,1980,6.38,10/6/2022,2022
FOX RES U-47,DUCHESNE,BROOK TROUT,8104,3.7,6/30/2022,2022
FOY L,SAN JUAN,RAINBOW,1500,10.86,5/16/2022,2022
FOY L,SAN JUAN,RAINBOW,1605,10.15,6/27/2022,2022
FREMONT R,WAYNE,BROWN TROUT,4017,2.95,4/18/2022,2022
FREMONT R,WAYNE,BROWN TROUT,2009,2.95,4/18/2022,2022
FT BUENAVENTURA P,WEBER,RAINBOW,1249,10.33,3/22/2022,2022
FT BUENAVENTURA P,WEBER,RAINBOW,750,9.95,4/20/2022,2022
FT BUENAVENTURA P,WEBER,RAINBOW,500,10.17,5/9/2022,2022
FT BUENAVENTURA P,WEBER,RAINBOW,500,10,5/24/2022,2022
FT BUENAVENTURA P,WEBER,CHANNEL CATFISH,234,11.7,6/2/2022,2022
FT BUENAVENTURA P,WEBER,WIPER,501,7.8,6/13/2022,2022
FT BUENAVENTURA P,WEBER,CHANNEL CATFISH,434,10.77,6/16/2022,2022
FT BUENAVENTURA P,WEBER,CHANNEL CATFISH,250,13.57,9/15/2022,2022
FT BUENAVENTURA P,WEBER,RAINBOW,1503,9.53,9/19/2022,2022
FT BUENAVENTURA P,WEBER,RAINBOW,525,9.79,10/17/2022,2022
G- 13,SUMMIT,BROOK TROUT,798,3.7,6/30/2022,2022
G- 40,SUMMIT,BROOK TROUT,301,3.7,6/30/2022,2022
G- 52,SUMMIT,BROOK TROUT,370,3.7,6/30/2022,2022
G- 61,SUMMIT,BROOK TROUT,426,3.62,7/6/2022,2022
G- 64,SUMMIT,TIGER TROUT,351,2.65,6/28/2022,2022
G- 67,SUMMIT,BROOK TROUT,774,3.03,9/26/2022,2022
G- 68,SUMMIT,BROOK TROUT,414,3.03,9/26/2022,2022
G- 82,SUMMIT,BROOK TROUT,189,3.03,9/26/2022,2022
GARDEN CITY HERITAGE COM,RICH,RAINBOW,500,9.73,4/28/2022,2022
GARDEN CITY HERITAGE COM,RICH,RAINBOW,1000,10.36,5/23/2022,2022
GARDEN CITY HERITAGE COM,RICH,RAINBOW,1250,10.28,6/27/2022,2022
GARDEN CITY HERITAGE COM,RICH,WIPER,302,7.37,7/11/2022,2022
GARDEN CITY HERITAGE COM,RICH,RAINBOW,2561,10.27,10/18/2022,2022
GARKANE EAST FK,GARFIELD,TIGER TROUT,128,8.74,6/16/2022,2022
"GARKANE IMP, MAIN FK",GARFIELD,RAINBOW,510,10.02,4/18/2022,2022
"GARKANE IMP, MAIN FK",GARFIELD,TIGER TROUT,384,8.74,6/16/2022,2022
"GARKANE IMP, MAIN FK",GARFIELD,RAINBOW,508,8.35,7/26/2022,2022
GATES L,SEVIER,RAINBOW,825,10.97,6/1/2022,2022
GATES L,SEVIER,TIGER TROUT,254,3.16,7/28/2022,2022
GATES L LF-34,DUCHESNE,BROOK TROUT,265,3.62,7/6/2022,2022
GEM L Z-18,DUCHESNE,BROOK TROUT,204,2.75,6/27/2022,2022
GHOST POND,UINTAH,TIGER TROUT,129,2.81,5/23/2022,2022
GIBBY L RC-30,DUCHESNE,CUTTHROAT,288,1.91,9/23/2022,2022
GIGLIOTTI POND,CARBON,RAINBOW,500,9.75,4/20/2022,2022
GIGLIOTTI POND,CARBON,RAINBOW,506,10.28,5/5/2022,2022
GLASSMANS POND,WEBER,RAINBOW,200,9.42,3/15/2022,2022
GLASSMANS POND,WEBER,RAINBOW,301,9.4,3/21/2022,2022
GLASSMANS POND,WEBER,RAINBOW,201,9.46,3/28/2022,2022
GLASSMANS POND,WEBER,RAINBOW,201,9.55,4/18/2022,2022
GLASSMANS POND,WEBER,RAINBOW,201,9.46,5/2/2022,2022
GLASSMANS POND,WEBER,WIPER,304,7.06,5/2/2022,2022
GLASSMANS POND,WEBER,RAINBOW,201,9.69,5/24/2022,2022
GLASSMANS POND,WEBER,RAINBOW,200,10,6/6/2022,2022
GLASSMANS POND,WEBER,RAINBOW,299,9.48,9/12/2022,2022
GLENWOOD POND,SEVIER,RAINBOW,101,10.06,3/22/2022,2022
GLENWOOD POND,SEVIER,RAINBOW,152,10.22,4/7/2022,2022
GLENWOOD POND,SEVIER,RAINBOW,200,10.97,5/18/2022,2022
GLENWOOD POND,SEVIER,RAINBOW,101,9.69,9/8/2022,2022
GLENWOOD POND,SEVIER,RAINBOW,151,9.93,10/5/2022,2022
GLENWOOD POND,SEVIER,RAINBOW,151,9.93,10/5/2022,2022
GOOD SKI LAKE (21ST PO),WEBER,RAINBOW,500,9.41,4/4/2022,2022
GOOD SKI LAKE (21ST PO),WEBER,RAINBOW,900,9.04,4/20/2022,2022
GOOD SKI LAKE (21ST PO),WEBER,RAINBOW,700,9.93,5/4/2022,2022
GOOD SKI LAKE (21ST PO),WEBER,RAINBOW,900,10.24,5/18/2022,2022
GOOD SKI LAKE (21ST PO),WEBER,CHANNEL CATFISH,164,11.7,6/2/2022,2022
GOOD SKI LAKE (21ST PO),WEBER,WIPER,248,7.8,6/13/2022,2022
GOOD SKI LAKE (21ST PO),WEBER,RAINBOW,2100,9.79,10/17/2022,2022
GOOD SKI LAKE (21ST PO),WEBER,RAINBOW,2400,9.79,10/17/2022,2022
GOOSEBERRY RES,SANPETE,RAINBOW,1007,10.96,6/2/2022,2022
GOOSEBERRY RES,SANPETE,RAINBOW,999,11.16,6/21/2022,2022
GOOSEBERRY RES,SANPETE,RAINBOW,2000,9.12,7/13/2022,2022
GOOSEBERRY RES,SANPETE,RAINBOW,1001,10.28,9/14/2022,2022
GOOSEBERRY RES,SANPETE,RAINBOW,1001,10.28,9/15/2022,2022
GOVERNORS L Z-24,DUCHESNE,BROOK TROUT,3660,2.75,6/29/2022,2022
GR-152,SUMMIT,BROOK TROUT,516,2.75,6/29/2022,2022
GR-154,SUMMIT,BROOK TROUT,216,2.75,6/29/2022,2022
GR-155,SUMMIT,BROOK TROUT,216,2.75,6/29/2022,2022
GR-160,SUMMIT,BROOK TROUT,264,2.75,6/29/2022,2022
GR-173,SUMMIT,BROOK TROUT,408,2.75,6/29/2022,2022
GRANDADDY L X-9,DUCHESNE,CUTTHROAT,17304,1.91,9/23/2022,2022
GRANTSVILLE RES,TOOELE,RAINBOW,1856,9.21,3/14/2022,2022
GRANTSVILLE RES,TOOELE,RAINBOW,1856,9.21,3/14/2022,2022
GRANTSVILLE RES,TOOELE,RAINBOW,1755,9.75,4/11/2022,2022
GRANTSVILLE RES,TOOELE,RAINBOW,1755,9.75,4/11/2022,2022
GRANTSVILLE RES,TOOELE,RAINBOW,1748,10.28,5/3/2022,2022
GRANTSVILLE RES,TOOELE,RAINBOW,1748,10.28,5/3/2022,2022
GRANTSVILLE RES,TOOELE,RAINBOW,1500,10.44,5/16/2022,2022
GRANTSVILLE RES,TOOELE,RAINBOW,1500,10.44,5/16/2022,2022
GRANTSVILLE RES,TOOELE,RAINBOW,1500,10.77,6/9/2022,2022
GRANTSVILLE RES,TOOELE,RAINBOW,1500,10.77,6/9/2022,2022
GRANTSVILLE RES,TOOELE,RAINBOW,1494,11.16,6/22/2022,2022
GRANTSVILLE RES,TOOELE,RAINBOW,1494,11.16,6/22/2022,2022
GRANTSVILLE RES,TOOELE,RAINBOW,715,12.44,9/19/2022,2022
GRANTSVILLE RES,TOOELE,RAINBOW,1040,12.44,9/19/2022,2022
GRANTSVILLE RES,TOOELE,RAINBOW,1040,12.44,9/19/2022,2022
GRANTSVILLE RES,TOOELE,RAINBOW,1120,12.13,9/20/2022,2022
GRANTSVILLE RES,TOOELE,RAINBOW,1120,12.13,9/20/2022,2022
GRANTSVILLE RES,TOOELE,RAINBOW,1272,11.76,11/1/2022,2022
GRANTSVILLE RES,TOOELE,RAINBOW,2703,11.76,11/1/2022,2022
GRANTSVILLE RES,TOOELE,RAINBOW,2560,11.73,11/7/2022,2022
GRANTSVILLE RES,TOOELE,RAINBOW,1383,11.37,11/9/2022,2022
GRASS L SB,GARFIELD,BROOK TROUT,155,2.96,7/7/2022,2022
GRASS L TLM,WAYNE,BROOK TROUT,101,3.18,7/26/2022,2022
GRASSY LAKE RES,SANPETE,RAINBOW,499,11.16,6/13/2022,2022
GRASSY LAKE RES,SANPETE,RAINBOW,801,11.16,6/26/2022,2022
GRASSY LAKE RES,SANPETE,RAINBOW,700,9.12,7/12/2022,2022
GRASSY LAKE RES,SANPETE,TIGER TROUT,2530,5.06,7/26/2022,2022
GRASSY LAKE RES,SANPETE,RAINBOW,500,10.77,10/5/2022,2022
GREEN L EBS,GARFIELD,BROOK TROUT,155,2.96,7/7/2022,2022
GREEN L NBS,WAYNE,BROOK TROUT,498,2.97,7/7/2022,2022
GREEN R,DAGGETT,CUTTHROAT,3002,8.48,6/30/2022,2022
GREEN R,DAGGETT,RAINBOW,4320,9.76,7/11/2022,2022
GREEN R,DAGGETT,RAINBOW,4725,9.76,7/11/2022,2022
GREEN R,DAGGETT,RAINBOW,451,11.42,9/27/2022,2022
GUNNISON BEND RES,MILLARD,WALLEYE,10937,2.57,6/22/2022,2022
GUNNISON BEND RES,MILLARD,CHANNEL CATFISH,11669,3.12,9/13/2022,2022
GUNNISON BEND RES,MILLARD,CHANNEL CATFISH,1492,3.12,9/20/2022,2022
HACKING L GR-40,UINTAH,CUTTHROAT,989,1.91,9/23/2022,2022
HALF MOON L BTS,GARFIELD,BROOK TROUT,501,2.96,7/7/2022,2022
HAMILTON RES,SEVIER,TIGER TROUT,103,3.16,7/28/2022,2022
HAMILTON RES,SEVIER,BROOK TROUT,257,3.18,7/28/2022,2022
HAYDEN FK,SUMMIT,RAINBOW,196,10.07,7/5/2022,2022
HAYDEN FK,SUMMIT,RAINBOW,201,10.07,7/19/2022,2022
HAYDEN FK,SUMMIT,RAINBOW,200,10,8/1/2022,2022
HAYDEN L BR-36,SUMMIT,TIGER TROUT,473,2.65,6/28/2022,2022
"HEART L, NORTH NB",WAYNE,TIGER TROUT,51,2.69,6/15/2022,2022
"HEART L, SOUTH NBS",WAYNE,TIGER TROUT,51,2.69,6/15/2022,2022
HELL HOLE L WR-65,DUCHESNE,CUTTHROAT,372,1.57,9/23/2022,2022
HELLER L DG-28,DUCHESNE,CUTTHROAT,989,1.91,9/23/2022,2022
HENDRICKSON L,IRON,BROOK TROUT,1005,2.97,7/7/2022,2022
HIDDEN L,GRAND,RAINBOW,1035,10.37,5/9/2022,2022
HIDDEN L,GRAND,RAINBOW,980,10.15,6/27/2022,2022
HIDDEN L A-15,SUMMIT,BROOK TROUT,804,2.75,6/27/2022,2022
HIDDEN L DG-27,DUCHESNE,BROOK TROUT,1283,3.62,7/6/2022,2022
HIDDEN L GR-149,SUMMIT,BROOK TROUT,708,2.75,6/29/2022,2022
HIDDEN L WR-63,DUCHESNE,CUTTHROAT,966,1.57,9/23/2022,2022
HIGHLAND GLEN PARK P,UTAH,RAINBOW,154,9.75,3/15/2022,2022
HIGHLAND GLEN PARK P,UTAH,RAINBOW,131,10.28,3/29/2022,2022
HIGHLAND GLEN PARK P,UTAH,RAINBOW,154,10.72,4/6/2022,2022
HIGHLAND GLEN PARK P,UTAH,RAINBOW,154,10.28,4/12/2022,2022
HIGHLAND GLEN PARK P,UTAH,RAINBOW,153,10.6,4/18/2022,2022
HIGHLAND GLEN PARK P,UTAH,RAINBOW,153,10.6,4/26/2022,2022
HIGHLAND GLEN PARK P,UTAH,WIPER,348,7.16,4/28/2022,2022
HIGHLAND GLEN PARK P,UTAH,RAINBOW,153,10.6,5/3/2022,2022
HIGHLAND GLEN PARK P,UTAH,RAINBOW,155,10.75,5/10/2022,2022
HIGHLAND GLEN PARK P,UTAH,RAINBOW,153,10.6,5/16/2022,2022
HIGHLAND GLEN PARK P,UTAH,RAINBOW,200,15.21,5/17/2022,2022
HIGHLAND GLEN PARK P,UTAH,RAINBOW,154,10.77,5/24/2022,2022
HIGHLAND GLEN PARK P,UTAH,CHANNEL CATFISH,546,11.7,6/2/2022,2022
HIGHLAND GLEN PARK P,UTAH,CHANNEL CATFISH,520,10.77,6/16/2022,2022
HIGHLAND GLEN PARK P,UTAH,TIGER TROUT,1000,10.46,6/23/2022,2022
HIGHLAND GLEN PARK P,UTAH,RAINBOW,249,9.48,9/12/2022,2022
HIGHLAND GLEN PARK P,UTAH,CHANNEL CATFISH,200,13.57,9/15/2022,2022
HIGHLAND GLEN PARK P,UTAH,CHANNEL CATFISH,200,13.57,9/15/2022,2022
HIGHLAND GLEN PARK P,UTAH,SUNFISH BLUEGILL,944,3.36,9/22/2022,2022
HIGHLAND GLEN PARK P,UTAH,BASS LARGEMOUTH,429,2.6,9/22/2022,2022
HIGHLAND GLEN PARK P,UTAH,RAINBOW,249,9.63,10/11/2022,2022
HIGHLAND GLEN PARK P,UTAH,BROOK TROUT,353,13.66,11/9/2022,2022
HINKINS POND,EMERY,RAINBOW,501,10.36,5/5/2022,2022
HINKINS POND,EMERY,BROWN TROUT,615,2.14,5/9/2022,2022
HOBBS RESERVOIR,DAVIS,RAINBOW,599,9.46,3/28/2022,2022
HOBBS RESERVOIR,DAVIS,BROWN TROUT,4990,2.26,5/16/2022,2022
HOBBS RESERVOIR,DAVIS,SUNFISH BLUEGILL,461,3.36,9/22/2022,2022
HOBBS RESERVOIR,DAVIS,BASS LARGEMOUTH,1083,2.6,9/22/2022,2022
HOBBS RESERVOIR,DAVIS,RAINBOW,902,11.64,10/17/2022,2022
HOLMAN CR,UTAH,CUTTHROAT,506,2.7,10/20/2022,2022
HOLMES CR RES,DAVIS,RAINBOW,1499,9.46,3/28/2022,2022
HOLMES CR RES,DAVIS,RAINBOW,1500,10,4/4/2022,2022
HOLMES CR RES,DAVIS,RAINBOW,1499,9.46,5/10/2022,2022
HOLMES CR RES,DAVIS,RAINBOW,2500,9.21,9/19/2022,2022
HONEYMOON L NB,WAYNE,TIGER TROUT,302,2.82,7/7/2022,2022
HONEYMOON L NB,WAYNE,BROOK TROUT,97,2.96,7/7/2022,2022
HOOP L,SUMMIT,RAINBOW,11026,2.96,5/17/2022,2022
HOOP L,SUMMIT,TIGER TROUT,504,8.86,5/24/2022,2022
HOOP L,SUMMIT,RAINBOW,2610,9.52,5/24/2022,2022
HORSESHOE L BTS,GARFIELD,TIGER TROUT,45,2.82,7/7/2022,2022
HORSESHOE L BTS,GARFIELD,BROOK TROUT,299,2.96,7/7/2022,2022
HORSESHOE L WR-67,DUCHESNE,CUTTHROAT,892,1.57,9/23/2022,2022
HUNTINGTON CR,EMERY,CUTTHROAT,9600,1.68,9/27/2022,2022
HUNTINGTON G F PONDS,EMERY,RAINBOW,297,9.75,4/14/2022,2022
HUNTINGTON NORTH RES,EMERY,RAINBOW,905,9.75,4/14/2022,2022
HUNTINGTON NORTH RES,EMERY,RAINBOW,500,9.75,4/14/2022,2022
HUNTINGTON NORTH RES,EMERY,RAINBOW,797,9.75,4/20/2022,2022
HUNTINGTON NORTH RES,EMERY,RAINBOW,802,9.75,4/20/2022,2022
HUNTINGTON NORTH RES,EMERY,WIPER,2205,7.06,5/3/2022,2022
HUNTINGTON NORTH RES,EMERY,BROWN TROUT,1284,3.45,5/11/2022,2022
HUNTINGTON NORTH RES,EMERY,CHANNEL CATFISH,5182,10.77,6/16/2022,2022
HUNTINGTON NORTH RES,EMERY,WIPER,10030,1.85,8/1/2022,2022
HUNTINGTON NORTH RES,EMERY,CHANNEL CATFISH,3000,13.57,8/25/2022,2022
HUNTINGTON NORTH RES,EMERY,RAINBOW,999,12.28,10/6/2022,2022
HUNTINGTON NORTH RES,EMERY,RAINBOW,999,12.28,10/6/2022,2022
HUNTINGTON NORTH RES,EMERY,RAINBOW,999,12.28,10/6/2022,2022
HUNTINGTON RES,SANPETE,TIGER TROUT,9660,4.99,7/19/2022,2022
HUNTINGTON RES,SANPETE,SPLAKE,4008,3.56,7/22/2022,2022
HYRUM RES,CACHE,RAINBOW,4000,9.25,4/18/2022,2022
HYRUM RES,CACHE,RAINBOW,5202,11.37,9/26/2022,2022
Harrisville City Pond,WEBER,RAINBOW,802,9.44,3/16/2022,2022
Harrisville City Pond,WEBER,RAINBOW,400,11.49,8/23/2022,2022
Harrisville City Pond,WEBER,RAINBOW,100,11.37,10/26/2022,2022
INDIAN CR RES,BEAVER,RAINBOW,292,11.74,5/26/2022,2022
INDIAN CR RES,BEAVER,RAINBOW,715,10.52,5/26/2022,2022
INDIAN CR RES,BEAVER,TIGER TROUT,523,8.97,7/14/2022,2022
IRON MINE L D-33,WASATCH,RAINBOW,512,9.21,6/2/2022,2022
IRON MINE L D-33,WASATCH,TIGER TROUT,549,9.36,6/2/2022,2022
ISLAND RES X-34,DUCHESNE,CUTTHROAT,1648,1.91,9/23/2022,2022
JACK L X-133,DUCHESNE,BROOK TROUT,216,2.75,6/29/2022,2022
JACKS L A-13,SUMMIT,BROOK TROUT,120,2.75,6/27/2022,2022
JACKSON FLAT RES.,KANE,BROWN TROUT,301,15.36,2/1/2022,2022
JACKSON FLAT RES.,KANE,BROWN TROUT,1794,15.36,2/1/2022,2022
JACKSON FLAT RES.,KANE,RAINBOW,75,17.71,10/13/2022,2022
JACKSON FLAT RES.,KANE,RAINBOW,75,15.43,10/13/2022,2022
JACKSON FLAT RES.,KANE,BROWN TROUT,1122,14.11,10/13/2022,2022
JAMES L A-31,SUMMIT,BROOK TROUT,204,2.75,6/27/2022,2022
JENSEN NATURE PARK POND,DAVIS,RAINBOW,600,9.41,2/22/2022,2022
JENSEN NATURE PARK POND,DAVIS,RAINBOW,601,9.42,3/15/2022,2022
JENSEN NATURE PARK POND,DAVIS,RAINBOW,686,9.4,3/21/2022,2022
JENSEN NATURE PARK POND,DAVIS,RAINBOW,182,19.64,3/21/2022,2022
JENSEN NATURE PARK POND,DAVIS,RAINBOW,231,19.64,3/28/2022,2022
JENSEN NATURE PARK POND,DAVIS,RAINBOW,600,10,4/4/2022,2022
JENSEN NATURE PARK POND,DAVIS,RAINBOW,514,9.55,4/18/2022,2022
JENSEN NATURE PARK POND,DAVIS,RAINBOW,499,9.46,5/2/2022,2022
JENSEN NATURE PARK POND,DAVIS,WIPER,1003,7.06,5/2/2022,2022
JENSEN NATURE PARK POND,DAVIS,RAINBOW,501,9.69,5/24/2022,2022
JENSEN NATURE PARK POND,DAVIS,CHANNEL CATFISH,700,10.77,6/2/2022,2022
JENSEN NATURE PARK POND,DAVIS,RAINBOW,500,10,6/6/2022,2022
JENSEN NATURE PARK POND,DAVIS,CHANNEL CATFISH,434,10.77,6/16/2022,2022
JENSEN NATURE PARK POND,DAVIS,RAINBOW,800,9.48,9/12/2022,2022
JENSEN NATURE PARK POND,DAVIS,CHANNEL CATFISH,500,13.57,9/15/2022,2022
JENSEN NATURE PARK POND,DAVIS,RAINBOW,751,9.51,9/26/2022,2022
JENSEN NATURE PARK POND,DAVIS,RAINBOW,215,19.64,10/3/2022,2022
JENSEN NATURE PARK POND,DAVIS,RAINBOW,700,9.63,10/11/2022,2022
JENSEN NATURE PARK POND,DAVIS,RAINBOW,699,9.46,10/24/2022,2022
JENSEN NATURE PARK POND,DAVIS,RAINBOW,800,9.46,10/25/2022,2022
JENSEN NATURE PARK POND,DAVIS,RAINBOW,699,9.52,11/7/2022,2022
JENSEN NATURE PARK POND,DAVIS,RAINBOW,800,9.52,11/22/2022,2022
JERRY L W-28,SUMMIT,BROOK TROUT,396,2.75,6/27/2022,2022
JEWKES-VAN BUREN L,SANPETE,TIGER TROUT,990,5.06,7/26/2022,2022
JILL L X-111,DUCHESNE,BROOK TROUT,288,2.75,6/29/2022,2022
JOAN L Z-19,DUCHESNE,BROOK TROUT,504,2.75,6/27/2022,2022
JOE LAY L NCL,GARFIELD,BROOK TROUT,210,3.5,8/16/2022,2022
JOES VALLEY RES,EMERY,MUSKIE TIGER,10000,1.36,5/24/2022,2022
JOES VALLEY RES,EMERY,SPLAKE,20675,3.58,7/18/2022,2022
JOES VALLEY RES,EMERY,SPLAKE,22292,3.56,7/22/2022,2022
JOES VALLEY RES,EMERY,RAINBOW,12690,3.9,9/20/2022,2022
JOES VALLEY RES,EMERY,RAINBOW,12690,3.9,9/21/2022,2022
JOHN L FLAT CREEK,IRON,CUTTHROAT,992,2.01,9/12/2022,2022
JORDAN L Z-35,DUCHESNE,BROOK TROUT,1824,2.75,6/29/2022,2022
JORDAN R,UTAH,CHANNEL CATFISH,312,11.7,6/2/2022,2022
JORDAN R,SALT LAKE,CHANNEL CATFISH,312,11.7,6/2/2022,2022
JORDAN R,SALT LAKE,CHANNEL CATFISH,936,11.7,6/2/2022,2022
JORDAN R,SALT LAKE,CHANNEL CATFISH,692,10.77,6/16/2022,2022
JORDAN R,SALT LAKE,CHANNEL CATFISH,600,13.57,8/25/2022,2022
JORDAN R,SALT LAKE,CHANNEL CATFISH,333,13.57,9/15/2022,2022
JORDAN R,SALT LAKE,CHANNEL CATFISH,666,13.57,9/15/2022,2022
JORDANELLE RES,WASATCH,RAINBOW,6760,11.39,4/18/2022,2022
JORDANELLE RES,WASATCH,KOKANEE,132540,2.81,4/18/2022,2022
JORDANELLE RES,WASATCH,RAINBOW,6084,11.39,4/18/2022,2022
JORDANELLE RES,WASATCH,RAINBOW,6760,11.39,4/18/2022,2022
JORDANELLE RES,WASATCH,KOKANEE,27988,3.15,5/16/2022,2022
JORDANELLE RES,WASATCH,WIPER,2400,9.21,5/26/2022,2022
JORDANELLE RES,WASATCH,SPLAKE,25270,3.41,6/22/2022,2022
JORDANELLE RES,WASATCH,SPLAKE,21025,3.41,6/22/2022,2022
JORDANELLE RES,WASATCH,WIPER,1311,7.84,7/11/2022,2022
JORDANELLE RES,WASATCH,WIPER,24800,1.86,7/28/2022,2022
JORDANELLE RES,WASATCH,MUSKIE TIGER,2000,5.58,8/8/2022,2022
JORDANELLE RES,WASATCH,WIPER,980,7.8,8/8/2022,2022
JORDANELLE RES,WASATCH,CHANNEL CATFISH,142,13.57,9/15/2022,2022
JORDANELLE RES,WASATCH,RAINBOW,1400,12.13,10/24/2022,2022
JORDANELLE RES,WASATCH,RAINBOW,1190,12.13,10/25/2022,2022
JORDANELLE RES,WASATCH,WIPER,5022,4.22,10/26/2022,2022
JORDANELLE RES,WASATCH,RAINBOW,1110,11.86,11/2/2022,2022
JORDANELLE RES,WASATCH,RAINBOW,1350,11.86,11/2/2022,2022
JORDANELLE RES,WASATCH,RAINBOW,975,11.86,11/2/2022,2022
JORDANELLE RES,WASATCH,RAINBOW,4000,10.4,11/8/2022,2022
JORDANELLE RES,WASATCH,RAINBOW,4685,10.4,11/14/2022,2022
JORDANELLE RES,WASATCH,RAINBOW,10527,4.35,11/15/2022,2022
KAYSVILLE STAKE POND,DAVIS,RAINBOW,700,9.42,3/15/2022,2022
KAYSVILLE STAKE POND,DAVIS,RAINBOW,701,9.4,3/21/2022,2022
KAYSVILLE STAKE POND,DAVIS,RAINBOW,699,9.46,3/28/2022,2022
KAYSVILLE STAKE POND,DAVIS,RAINBOW,501,9.6,4/25/2022,2022
KAYSVILLE STAKE POND,DAVIS,WIPER,1400,7.19,4/26/2022,2022
KAYSVILLE STAKE POND,DAVIS,RAINBOW,499,9.46,5/2/2022,2022
KAYSVILLE STAKE POND,DAVIS,RAINBOW,702,9.69,5/24/2022,2022
KAYSVILLE STAKE POND,DAVIS,CHANNEL CATFISH,390,11.7,6/2/2022,2022
KAYSVILLE STAKE POND,DAVIS,CHANNEL CATFISH,434,10.77,6/16/2022,2022
KAYSVILLE STAKE POND,DAVIS,RAINBOW,800,9.48,9/12/2022,2022
KAYSVILLE STAKE POND,DAVIS,CHANNEL CATFISH,500,13.57,9/15/2022,2022
KAYSVILLE STAKE POND,DAVIS,RAINBOW,800,9.51,9/26/2022,2022
KAYSVILLE STAKE POND,DAVIS,RAINBOW,1050,9.63,10/11/2022,2022
KAYSVILLE STAKE POND,DAVIS,RAINBOW,1351,9.46,10/24/2022,2022
KAYSVILLE STAKE POND,DAVIS,RAINBOW,451,9.46,10/31/2022,2022
KAYSVILLE STAKE POND,DAVIS,RAINBOW,789,9.52,11/7/2022,2022
KAYSVILLE STAKE POND,DAVIS,CHANNEL CATFISH,1998,5.22,11/14/2022,2022
KENS L,SAN JUAN,RAINBOW,4032,10.06,3/21/2022,2022
KENS L,SAN JUAN,CHANNEL CATFISH,1228,11.7,6/9/2022,2022
"KENTS L, LOWER",BEAVER,RAINBOW,310,10.03,6/9/2022,2022
"KENTS L, LOWER",BEAVER,BROOK TROUT,301,3.05,7/13/2022,2022
"KENTS L, LOWER",BEAVER,TIGER TROUT,100,2.81,7/13/2022,2022
"KENTS L, MIDDLE",BEAVER,RAINBOW,1104,20.85,5/26/2022,2022
"KENTS L, MIDDLE",BEAVER,RAINBOW,992,10.03,6/9/2022,2022
"KENTS L, MIDDLE",BEAVER,RAINBOW,1014,10.24,6/23/2022,2022
"KENTS L, MIDDLE",BEAVER,RAINBOW,1013,10.36,7/6/2022,2022
"KENTS L, MIDDLE",BEAVER,TIGER TROUT,356,8.97,7/14/2022,2022
"KENTS L, MIDDLE",BEAVER,SPLAKE,398,3.62,7/14/2022,2022
"KENTS L, MIDDLE",BEAVER,TIGER TROUT,812,4.62,7/14/2022,2022
"KENTS L, UPPER",BEAVER,TIGER TROUT,500,2.81,7/13/2022,2022
"KENTS L, UPPER",BEAVER,CUTTHROAT,3510,2.2,9/13/2022,2022
"KIBAH L, EAST DF-11",UINTAH,BROOK TROUT,253,3.62,7/6/2022,2022
"KIDNEY L, WEST U-26",DUCHESNE,BROOK TROUT,2992,3.62,7/6/2022,2022
KIDNEY POND,SALT LAKE,RAINBOW,150,9.6,3/23/2022,2022
KIDNEY POND,SALT LAKE,RAINBOW,150,10,4/4/2022,2022
KIDNEY POND,SALT LAKE,RAINBOW,151,9.4,4/11/2022,2022
KIDNEY POND,SALT LAKE,RAINBOW,150,9.6,4/26/2022,2022
KIDNEY POND,SALT LAKE,RAINBOW,150,9.46,5/3/2022,2022
KIDNEY POND,SALT LAKE,WIPER,150,7.1,5/4/2022,2022
KIDNEY POND,SALT LAKE,RAINBOW,150,9.47,5/9/2022,2022
KIDNEY POND,SALT LAKE,RAINBOW,151,9.63,5/16/2022,2022
KIDNEY POND,SALT LAKE,RAINBOW,151,9.69,5/31/2022,2022
KIDNEY POND,SALT LAKE,CHANNEL CATFISH,195,11.7,6/2/2022,2022
KIDNEY POND,SALT LAKE,CHANNEL CATFISH,174,10.77,6/16/2022,2022
KIDNEY POND,SALT LAKE,CHANNEL CATFISH,100,13.57,8/25/2022,2022
KIDNEY POND,SALT LAKE,RAINBOW,299,9.48,9/23/2022,2022
KIDNEY POND,SALT LAKE,RAINBOW,300,9.51,9/27/2022,2022
KNIGHT IDEAL POND,CARBON,RAINBOW,501,10.36,5/5/2022,2022
KNIGHT IDEAL POND,CARBON,RAINBOW,1400,10.77,6/16/2022,2022
KNIGHT IDEAL POND,CARBON,CHANNEL CATFISH,692,10.77,6/16/2022,2022
KNIGHT IDEAL POND,CARBON,BASS LARGEMOUTH,600,3.36,9/27/2022,2022
KOOSHAREM RES,SEVIER,CUTTHROAT,5100,8.24,3/28/2022,2022
KOOSHAREM RES,SEVIER,RAINBOW,1950,9.87,4/1/2022,2022
KOOSHAREM RES,SEVIER,RAINBOW,1950,9.87,4/1/2022,2022
KOOSHAREM RES,SEVIER,RAINBOW,1050,10,4/5/2022,2022
KOOSHAREM RES,SEVIER,RAINBOW,1050,10,4/5/2022,2022
LABARON RES,BEAVER,TIGER TROUT,250,2.81,7/13/2022,2022
LABARON RES,BEAVER,BROOK TROUT,1000,3.07,7/13/2022,2022
LAKE CANYON L,DUCHESNE,CUTTHROAT,1505,4.59,5/18/2022,2022
LAKE CANYON L,DUCHESNE,TIGER TROUT,606,2.73,5/18/2022,2022
LAKE CYN,DUCHESNE,CUTTHROAT,578,4.79,6/1/2022,2022
LAKE CYN,DUCHESNE,CUTTHROAT,1993,2.26,10/21/2022,2022
LAKE EMILY,WAYNE,BROOK TROUT,51,3.26,8/3/2022,2022
LAKE FK R,DUCHESNE,RAINBOW,401,9.53,6/14/2022,2022
LAKE FK R,DUCHESNE,RAINBOW,403,10.18,7/27/2022,2022
LAKE FK R,DUCHESNE,CUTTHROAT,10004,1.77,10/6/2022,2022
LAKE FK R,DUCHESNE,CUTTHROAT,4775,2.16,11/15/2022,2022
LAKE POWELL,KANE,CHUB,15950,3.16,4/5/2022,2022
LAKE POWELL,KANE,CHUB,34800,2.68,10/27/2022,2022
LAKESHORE L GR-34,UINTAH,MUSKIE TIGER,150,3.39,7/6/2022,2022
LAKETOWN RES,RICH,RAINBOW,1000,9.73,4/28/2022,2022
LAKETOWN RES,RICH,RAINBOW,1001,9.8,9/26/2022,2022
LAMBERT MEADOW L A-2,SUMMIT,BROOK TROUT,168,2.75,6/29/2022,2022
LARVAE L WR-12,DUCHESNE,BROOK TROUT,580,3.62,7/6/2022,2022
LECONTE L Z-33,DUCHESNE,CUTTHROAT,1412,1.57,9/23/2022,2022
LEDGE L BTS,GARFIELD,BROOK TROUT,203,2.96,7/7/2022,2022
LEIGH HILL RES,IRON,RAINBOW,1615,11.64,3/1/2022,2022
LEIGH HILL RES,IRON,RAINBOW,579,11.6,3/22/2022,2022
LEIGH HILL RES,IRON,RAINBOW,801,11.6,3/22/2022,2022
LEIGH HILL RES,IRON,CHANNEL CATFISH,2999,5.33,5/11/2022,2022
LEIGH HILL RES,IRON,CHANNEL CATFISH,0,5.33,5/11/2022,2022
LEIGH HILL RES,IRON,CHANNEL CATFISH,4674,3.12,9/13/2022,2022
LEIGH HILL RES,IRON,CHANNEL CATFISH,656,3.12,9/20/2022,2022
LEIGH HILL RES,IRON,RAINBOW,2058,9.43,10/18/2022,2022
LF- 8,DUCHESNE,CUTTHROAT,700,1.91,9/23/2022,2022
LIGHTNING L X-127,DUCHESNE,BROOK TROUT,708,2.75,6/29/2022,2022
LILLIAN L A-43,SUMMIT,BROOK TROUT,300,2.75,6/27/2022,2022
LILLY L A-58,SUMMIT,RAINBOW,300,9.41,6/14/2022,2022
LILLY L A-58,SUMMIT,RAINBOW,304,9.21,6/21/2022,2022
LILLY L A-58,SUMMIT,TIGER TROUT,250,9.36,6/22/2022,2022
LILLY L A-58,SUMMIT,RAINBOW,306,10.07,7/5/2022,2022
LILLY L A-58,SUMMIT,TIGER TROUT,249,9.52,7/6/2022,2022
LILLY L A-58,SUMMIT,TIGER TROUT,252,9.52,7/11/2022,2022
LILLY L A-58,SUMMIT,TIGER TROUT,252,9.41,7/18/2022,2022
LILLY L A-58,SUMMIT,RAINBOW,301,10.07,7/19/2022,2022
LILLY L A-58,SUMMIT,RAINBOW,200,10,8/1/2022,2022
LILLY L A-58,SUMMIT,TIGER TROUT,150,9.41,8/2/2022,2022
LILLY L A-58,SUMMIT,RAINBOW,150,10,8/15/2022,2022
LILLY L A-58,SUMMIT,TIGER TROUT,252,9.63,8/16/2022,2022
LILLY L U-23,DUCHESNE,BROOK TROUT,802,3.62,7/6/2022,2022
LILY L BR-11,SUMMIT,RAINBOW,864,9.21,6/2/2022,2022
LILY L BR-11,SUMMIT,RAINBOW,1020,9.41,6/2/2022,2022
LILY L BR-11,SUMMIT,RAINBOW,1021,10.96,6/22/2022,2022
LILY L BR-11,SUMMIT,RAINBOW,750,10,7/28/2022,2022
LILY L LOWER A-25,SUMMIT,BROOK TROUT,156,2.75,6/29/2022,2022
LILY L S-15,DUCHESNE,BROOK TROUT,1994,3.7,6/30/2022,2022
LITTLE ANTIMONY EMW,GARFIELD,TIGER TROUT,53,2.76,6/29/2022,2022
LITTLE BLUE,SANPETE,BROOK TROUT,105,2.97,7/14/2022,2022
LITTLE BLUE L GR-48,UINTAH,BROOK TROUT,598,3.62,7/6/2022,2022
LITTLE BRUSH CR,UINTAH,RAINBOW,365,9.53,6/15/2022,2022
LITTLE BRUSH CR,UINTAH,RAINBOW,300,9.61,7/1/2022,2022
LITTLE CR RES,RICH,RAINBOW,3801,10.05,4/18/2022,2022
LITTLE CR RES,RICH,RAINBOW,4200,10,11/7/2022,2022
LITTLE DEER CR,WASATCH,CUTTHROAT,617,2.3,9/21/2022,2022
LITTLE DEER CR,WASATCH,CUTTHROAT,554,3,9/21/2022,2022
LITTLE DEER CR L D47,WASATCH,BROOK TROUT,216,2.75,6/29/2022,2022
LITTLE DELL RES,SALT LAKE,CUTTHROAT,2871,6.49,6/8/2022,2022
LITTLE DELL RES,SALT LAKE,CUTTHROAT,2310,6.76,6/8/2022,2022
LITTLE DELL RES,SALT LAKE,CUTTHROAT,2819,6.53,6/8/2022,2022
LITTLE DELL RES,SALT LAKE,CUTTHROAT,2819,6.53,6/8/2022,2022
LITTLE DELL RES,SALT LAKE,CUTTHROAT,2858,6.5,6/8/2022,2022
LITTLE DELL RES,SALT LAKE,CUTTHROAT,356,6.22,6/8/2022,2022
LITTLE DELL RES,SALT LAKE,CUTTHROAT,2871,6.49,6/8/2022,2022
LITTLE DELL RES,SALT LAKE,CUTTHROAT,2772,6.76,6/8/2022,2022
LITTLE DELL RES,SALT LAKE,BROOK TROUT,6080,2.54,6/13/2022,2022
LITTLE MONTES RES,UINTAH,RAINBOW,350,10.28,3/30/2022,2022
LITTLE MONTES RES,UINTAH,RAINBOW,160,12.39,5/31/2022,2022
LITTLE MONTES RES,UINTAH,CHANNEL CATFISH,696,10.77,6/16/2022,2022
LITTLE MONTES RES,UINTAH,RAINBOW,884,12.25,10/4/2022,2022
LITTLE MONTES RES,UINTAH,RAINBOW,1000,11.73,11/8/2022,2022
LITTLE MONTES RES,UINTAH,CHANNEL CATFISH,177,5.22,11/15/2022,2022
LITTLE RES,BEAVER,BROWN TROUT,258,2.95,4/18/2022,2022
LITTLE RES,BEAVER,RAINBOW,552,20.85,5/26/2022,2022
LITTLE RES,BEAVER,RAINBOW,508,10.03,6/9/2022,2022
LITTLE RES,BEAVER,RAINBOW,501,10.24,6/23/2022,2022
LITTLE RES,BEAVER,RAINBOW,506,10.36,7/6/2022,2022
LITTLE RES,BEAVER,TIGER TROUT,2209,8.97,7/14/2022,2022
LITTLE RES,BEAVER,RAINBOW,997,10.45,7/21/2022,2022
LITTLE SCOUT L EB,GARFIELD,BROOK TROUT,201,2.97,7/7/2022,2022
LLOYDS L,SAN JUAN,RAINBOW,3911,10.26,4/4/2022,2022
LLOYDS L,SAN JUAN,RAINBOW,2002,9.69,9/6/2022,2022
LODGEPOLE L X-3,DUCHESNE,BROOK TROUT,1716,2.75,6/29/2022,2022
LOG POND #1,SANPETE,BROOK TROUT,153,2.97,7/14/2022,2022
LOGAN R,CACHE,RAINBOW,412,9.73,4/29/2022,2022
LOGAN R,CACHE,RAINBOW,525,9.72,4/29/2022,2022
LOGAN R,CACHE,RAINBOW,585,9.72,4/29/2022,2022
LOGAN R,CACHE,RAINBOW,412,10.19,5/13/2022,2022
LOGAN R,CACHE,RAINBOW,585,10.19,5/13/2022,2022
LOGAN R,CACHE,RAINBOW,525,10.19,5/13/2022,2022
LOGAN R,CACHE,RAINBOW,412,10.23,5/27/2022,2022
LOGAN R,CACHE,RAINBOW,525,10.22,5/27/2022,2022
LOGAN R,CACHE,RAINBOW,585,10.22,5/27/2022,2022
LOGAN R,CACHE,RAINBOW,412,10.52,6/9/2022,2022
LOGAN R,CACHE,RAINBOW,525,10.52,6/9/2022,2022
LOGAN R,CACHE,RAINBOW,585,10.52,6/9/2022,2022
LOGAN R,CACHE,RAINBOW,585,11.05,6/24/2022,2022
LOGAN R,CACHE,RAINBOW,525,11.05,6/24/2022,2022
LOGAN R,CACHE,RAINBOW,412,11.05,6/24/2022,2022
LOGAN R,CACHE,RAINBOW,412,10.11,7/8/2022,2022
LOGAN R,CACHE,RAINBOW,585,10.11,7/8/2022,2022
LOGAN R,CACHE,RAINBOW,525,10.11,7/8/2022,2022
LOGAN R,CACHE,RAINBOW,525,10.53,7/21/2022,2022
LOGAN R,CACHE,RAINBOW,585,10.53,7/21/2022,2022
LOGAN R,CACHE,RAINBOW,412,10.53,7/21/2022,2022
LOGAN R,CACHE,RAINBOW,412,10.72,8/5/2022,2022
LOGAN R,CACHE,RAINBOW,585,10.72,8/5/2022,2022
LOGAN R,CACHE,RAINBOW,525,10.72,8/5/2022,2022
LOGAN R,CACHE,RAINBOW,585,10.93,8/19/2022,2022
LOGAN R,CACHE,RAINBOW,525,10.92,8/19/2022,2022
LOGAN R,CACHE,RAINBOW,831,10.03,8/31/2022,2022
LOGAN R,CACHE,RAINBOW,834,10.03,8/31/2022,2022
LOGAN R,CACHE,RAINBOW,834,10.03,8/31/2022,2022
LOGAN R,CACHE,RAINBOW,2505,9.79,10/19/2022,2022
LONG PARK RES,DAGGETT,BROOK TROUT,2570,2.81,5/17/2022,2022
LONG PARK RES,DAGGETT,RAINBOW,2985,2.96,5/17/2022,2022
LONG PARK RES,DAGGETT,TIGER TROUT,494,2.73,5/17/2022,2022
LONG PARK RES,DAGGETT,RAINBOW,2019,3.39,6/6/2022,2022
LONG WILLOW BOTTOMS,GARFIELD,CUTTHROAT,512,2.07,9/26/2022,2022
LORENA L BR-46,SUMMIT,BROOK TROUT,1197,3.03,9/26/2022,2022
LOST CR RES,MORGAN,TIGER TROUT,3001,8.91,4/25/2022,2022
LOST CR RES,MORGAN,RAINBOW,5831,11.39,4/25/2022,2022
LOST CR RES,MORGAN,KOKANEE,12461,2.99,4/25/2022,2022
LOST CR RES,MORGAN,CUTTHROAT,3354,10.35,6/6/2022,2022
LOST CR RES,MORGAN,CUTTHROAT,3419,10.35,6/7/2022,2022
LOST CR RES,MORGAN,CUTTHROAT,2838,10.35,6/7/2022,2022
LOST CR RES,MORGAN,SPLAKE,3437,3.41,6/22/2022,2022
LOST CREEK RESERVOIR,SEVIER,TIGER TROUT,256,8.74,6/17/2022,2022
LOST L A-59,SUMMIT,RAINBOW,2010,9.41,6/17/2022,2022
LOST L A-59,SUMMIT,TIGER TROUT,998,8.94,6/17/2022,2022
LOST L A-59,SUMMIT,TIGER TROUT,1403,9.36,6/27/2022,2022
LOST L A-59,SUMMIT,BROOK TROUT,2000,2.92,7/4/2022,2022
LOST L A-59,SUMMIT,RAINBOW,1397,10.07,7/5/2022,2022
LOST L A-59,SUMMIT,TIGER TROUT,1002,9.41,7/18/2022,2022
LOST L(GOVERNMNT)NBS,WAYNE,BROOK TROUT,299,2.96,7/7/2022,2022
LOUDER CR,IRON,CUTTHROAT,1009,2.01,9/12/2022,2022
LOUDER RANGER STA,IRON,TIGER TROUT,102,9.01,6/3/2022,2022
LOWER COW POND,SANPETE,BROOK TROUT,57,2.97,7/14/2022,2022
LOWER WPA,SANPETE,BROOK TROUT,306,2.97,7/14/2022,2022
"LYMAN L, LOWER G-25",SUMMIT,BROOK TROUT,3496,2.54,6/6/2022,2022
"LYMAN L, LOWER G-25",SUMMIT,RAINBOW,810,9.41,6/6/2022,2022
"LYMAN L, LOWER G-25",SUMMIT,RAINBOW,810,9.41,6/30/2022,2022
"LYMAN L, LOWER G-25",SUMMIT,RAINBOW,650,10,7/28/2022,2022
"LYMAN L, UPPER G-27",SUMMIT,BROOK TROUT,2006,2.54,6/6/2022,2022
"LYMAN L, UPPER G-27",SUMMIT,RAINBOW,750,9.41,6/6/2022,2022
"LYMAN L, UPPER G-27",SUMMIT,RAINBOW,750,9.41,6/30/2022,2022
MABA L Z-8,DUCHESNE,BROOK TROUT,300,2.75,6/27/2022,2022
MAMMOTH CR,GARFIELD,BROWN TROUT,3090,2.95,4/19/2022,2022
MAMMOTH CR,GARFIELD,RAINBOW,252,10.97,6/8/2022,2022
MAMMOTH CR,IRON,TIGER TROUT,512,8.74,6/15/2022,2022
MAMMOTH CR,GARFIELD,TIGER TROUT,512,8.74,6/15/2022,2022
MAMMOTH CR,GARFIELD,RAINBOW,306,10.29,7/12/2022,2022
MAMMOTH CR,IRON,CUTTHROAT,12359,2.01,9/12/2022,2022
MANILA CREEK PARK POND,UTAH,RAINBOW,470,9.6,3/23/2022,2022
MANILA CREEK PARK POND,UTAH,RAINBOW,470,9.69,5/31/2022,2022
MANILA CREEK PARK POND,UTAH,RAINBOW,470,9.69,6/22/2022,2022
MANILA CREEK PARK POND,UTAH,WIPER,828,7.4,6/29/2022,2022
MANILA CREEK PARK POND,UTAH,RAINBOW,470,9.69,7/6/2022,2022
MANILA CREEK PARK POND,UTAH,RAINBOW,470,9.69,7/11/2022,2022
MANILA CREEK PARK POND,UTAH,RAINBOW,457,9.48,9/12/2022,2022
MANILA CREEK PARK POND,UTAH,RAINBOW,1371,9.51,9/26/2022,2022
MANILA CREEK PARK POND,UTAH,RAINBOW,459,9.63,10/11/2022,2022
MANILA CREEK PARK POND,UTAH,RAINBOW,457,9.42,10/18/2022,2022
MANNING MEADOW RES,PIUTE,CUTTHROAT,15108,1.96,9/7/2022,2022
MANTI CR,SANPETE,CUTTHROAT,6000,2.12,9/19/2022,2022
"MANTI CR, S FK",SANPETE,CUTTHROAT,8100,2.12,9/19/2022,2022
MANTUA RES,BOX ELDER,RAINBOW,5000,9.25,4/19/2022,2022
MANTUA RES,BOX ELDER,CHANNEL CATFISH,702,11.7,6/2/2022,2022
MANTUA RES,BOX ELDER,CHANNEL CATFISH,20008,3.12,9/14/2022,2022
MANTUA RES,BOX ELDER,CHANNEL CATFISH,3280,3.12,9/15/2022,2022
MANTUA RES,BOX ELDER,RAINBOW,1224,11.59,9/27/2022,2022
MANTUA RES,BOX ELDER,RAINBOW,2449,11.59,9/27/2022,2022
MANTUA RES,BOX ELDER,RAINBOW,4585,12.13,9/28/2022,2022
MANTUA RES,BOX ELDER,RAINBOW,5600,12.13,9/28/2022,2022
MANTUA RES,BOX ELDER,RAINBOW,1225,10.36,10/4/2022,2022
MAPLE GROVE SPRINGS,MILLARD,RAINBOW,192,10.09,4/7/2022,2022
MAPLE GROVE SPRINGS,MILLARD,RAINBOW,300,11.74,5/26/2022,2022
MAPLE GROVE SPRINGS,MILLARD,RAINBOW,291,10.07,6/28/2022,2022
MAPLE GROVE SPRINGS,MILLARD,RAINBOW,340,10.86,7/28/2022,2022
MAPLE L,UTAH,RAINBOW,1000,10.77,5/23/2022,2022
MAPLE L,UTAH,RAINBOW,1000,10.77,5/23/2022,2022
MAPLE L,UTAH,RAINBOW,999,11.16,6/13/2022,2022
MAPLE L,UTAH,RAINBOW,999,11.16,6/21/2022,2022
MAPLE L,UTAH,WIPER,600,7.58,7/13/2022,2022
MARGIE L X-129,DUCHESNE,BROOK TROUT,768,2.75,6/29/2022,2022
MARGO L Z-23,DUCHESNE,CUTTHROAT,1112,1.91,9/23/2022,2022
MARSELL L X-11,DUCHESNE,CUTTHROAT,1635,1.57,9/23/2022,2022
MARSH L G-19,SUMMIT,RAINBOW,3840,9.21,6/1/2022,2022
MARY L,SALT LAKE,BROOK TROUT,5040,2.75,6/27/2022,2022
MARYS L,SANPETE,RAINBOW,795,9.41,7/19/2022,2022
MATT WARNER RES,UINTAH,RAINBOW,29991,2.76,4/28/2022,2022
MATT WARNER RES,UINTAH,GRASS CARP STERILE,305,7.09,5/5/2022,2022
MATT WARNER RES,UINTAH,BROWN TROUT,7050,2.3,5/13/2022,2022
MATT WARNER RES,UINTAH,RAINBOW,12984,3.12,5/13/2022,2022
MATT WARNER RES,UINTAH,RAINBOW,504,11.75,5/13/2022,2022
MATT WARNER RES,UINTAH,RAINBOW,758,8.63,5/13/2022,2022
MAY DAY POND,GARFIELD,TIGER TROUT,1494,2.82,7/7/2022,2022
MAYBEY POND,DAVIS,RAINBOW,200,9.42,3/15/2022,2022
MAYBEY POND,DAVIS,RAINBOW,200,10,4/4/2022,2022
MAYBEY POND,DAVIS,CHANNEL CATFISH,76,10.77,6/2/2022,2022
MAYBEY POND,DAVIS,RAINBOW,100,10,6/6/2022,2022
MAYBEY POND,DAVIS,RAINBOW,151,9.51,9/26/2022,2022
MAYBEY POND,DAVIS,RAINBOW,101,9.63,10/11/2022,2022
MAYBEY POND,DAVIS,RAINBOW,100,9.46,10/24/2022,2022
MAYOR'S POND,BOX ELDER,RAINBOW,399,10.45,5/2/2022,2022
MAYOR'S POND,BOX ELDER,RAINBOW,405,11.37,10/27/2022,2022
MCCLELLAN RES,UTAH,RAINBOW,1001,11.16,6/6/2022,2022
MCCLELLAN RES,UTAH,BROOK TROUT,608,2.54,6/13/2022,2022
MCCLELLAN RES,UTAH,RAINBOW,799,11.37,7/6/2022,2022
MCGATH LAKE GT,GARFIELD,BROOK TROUT,2003,2.96,7/7/2022,2022
MCPHETERS L BR-14,SUMMIT,TIGER TROUT,959,2.65,6/28/2022,2022
MEADOW CREEK LAKE,IRON,CUTTHROAT,992,2.01,9/12/2022,2022
MEADOW CRK P,WEBER,RAINBOW,295,10.96,2/22/2022,2022
MEADOW CRK P,WEBER,RAINBOW,165,19.64,3/16/2022,2022
MEADOW CRK P,WEBER,RAINBOW,215,19.64,3/16/2022,2022
MEADOW CRK P,WEBER,RAINBOW,300,10,3/21/2022,2022
MEADOW CRK P,WEBER,RAINBOW,300,10.6,4/18/2022,2022
MEADOW CRK P,WEBER,RAINBOW,399,10.6,5/3/2022,2022
MEADOW CRK P,WEBER,RAINBOW,300,10.77,5/24/2022,2022
MEADOW CRK P,WEBER,CHANNEL CATFISH,400,10.77,6/2/2022,2022
MEADOW CRK P,WEBER,RAINBOW,400,10.77,6/6/2022,2022
MEADOW CRK P,WEBER,WIPER,501,7.8,6/13/2022,2022
MEADOW CRK P,WEBER,CHANNEL CATFISH,434,10.77,6/16/2022,2022
MEADOW CRK P,WEBER,RAINBOW,250,10.45,7/26/2022,2022
MEADOW CRK P,WEBER,RAINBOW,455,11.26,9/12/2022,2022
MEADOW CRK P,WEBER,CHANNEL CATFISH,250,13.57,9/15/2022,2022
MEADOW CRK P,WEBER,RAINBOW,501,11.26,9/26/2022,2022
MEADOW CRK P,WEBER,RAINBOW,501,11.26,10/11/2022,2022
MEADOW CRK P,WEBER,RAINBOW,200,17.1,10/11/2022,2022
MEADOW CRK P,WEBER,RAINBOW,501,11.26,10/24/2022,2022
MEADOW CRK P,WEBER,RAINBOW,501,12.77,11/7/2022,2022
MEADOW CRK P,WEBER,BROOK TROUT,138,13.66,11/9/2022,2022
MEADOW CRK P,WEBER,RAINBOW,500,13.57,11/22/2022,2022
MEADOW L W-27,SUMMIT,TIGER TROUT,2214,2.65,6/28/2022,2022
MEDICINE L,SAN JUAN,RAINBOW,1005,10.15,6/28/2022,2022
MEDICINE L,SAN JUAN,RAINBOW,1001,9.64,7/6/2022,2022
MEEKS L TLM,SEVIER,RAINBOW,752,3.68,6/6/2022,2022
MEEKS L TLM,SEVIER,RAINBOW,785,4.22,6/14/2022,2022
MEEKS L TLM,SEVIER,BROOK TROUT,250,3.18,7/26/2022,2022
MERCHANT VALLEY RES,BEAVER,BROWN TROUT,207,3.99,5/19/2022,2022
MERCHANT VALLEY RES,BEAVER,RAINBOW,262,10.84,5/19/2022,2022
MERCHANT VALLEY RES,BEAVER,RAINBOW,275,10.52,7/5/2022,2022
MID L X-42,DUCHESNE,BROOK TROUT,660,2.75,6/29/2022,2022
MIDAS POND,SALT LAKE,RAINBOW,275,9.6,3/23/2022,2022
MIDAS POND,SALT LAKE,RAINBOW,275,10,4/4/2022,2022
MIDAS POND,SALT LAKE,RAINBOW,274,9.4,4/11/2022,2022
MIDAS POND,SALT LAKE,RAINBOW,275,9.6,4/26/2022,2022
MIDAS POND,SALT LAKE,RAINBOW,274,9.46,5/3/2022,2022
MIDAS POND,SALT LAKE,WIPER,150,7.1,5/4/2022,2022
MIDAS POND,SALT LAKE,RAINBOW,276,9.47,5/9/2022,2022
MIDAS POND,SALT LAKE,RAINBOW,274,9.63,5/16/2022,2022
MIDAS POND,SALT LAKE,RAINBOW,275,9.69,5/31/2022,2022
MIDAS POND,SALT LAKE,CHANNEL CATFISH,195,11.7,6/2/2022,2022
MIDAS POND,SALT LAKE,CHANNEL CATFISH,174,10.77,6/16/2022,2022
MIDAS POND,SALT LAKE,CHANNEL CATFISH,100,13.57,8/25/2022,2022
MIDAS POND,SALT LAKE,RAINBOW,299,9.48,9/23/2022,2022
MIDAS POND,SALT LAKE,RAINBOW,300,9.51,9/27/2022,2022
MILL CR,GRAND,BROWN TROUT,2064,3.13,5/2/2022,2022
MILL CR,GRAND,BROWN TROUT,2000,4.04,6/1/2022,2022
MILL CR,SALT LAKE,CUTTHROAT,1139,6.22,6/8/2022,2022
MILL CR,SALT LAKE,CUTTHROAT,1009,2.3,9/21/2022,2022
MILL CR,SALT LAKE,CUTTHROAT,505,2.3,9/21/2022,2022
MILL CR,SALT LAKE,CUTTHROAT,2000,2.3,9/21/2022,2022
MILL CR,SALT LAKE,CUTTHROAT,2000,2.09,9/21/2022,2022
MILL HOLLOW RES,WASATCH,RAINBOW,1169,9.45,6/8/2022,2022
MILL HOLLOW RES,WASATCH,RAINBOW,665,11.35,6/8/2022,2022
MILL HOLLOW RES,WASATCH,BROOK TROUT,1520,2.54,6/13/2022,2022
MILL HOLLOW RES,WASATCH,TIGER TROUT,4608,2.69,6/13/2022,2022
MILL HOLLOW RES,WASATCH,RAINBOW,631,11.83,6/14/2022,2022
MILL HOLLOW RES,WASATCH,RAINBOW,802,11.88,6/27/2022,2022
MILL HOLLOW RES,WASATCH,RAINBOW,499,11.78,7/13/2022,2022
MILL HOLLOW RES,WASATCH,RAINBOW,504,9.92,7/27/2022,2022
MILL HOLLOW RES,WASATCH,RAINBOW,502,9.87,8/10/2022,2022
MILL HOLLOW RES,WASATCH,RAINBOW,503,11.68,8/24/2022,2022
MILL HOLLOW RES,WASATCH,RAINBOW,1000,12.67,9/19/2022,2022
MILL MEADOW RES,SEVIER,RAINBOW,3315,10.02,4/13/2022,2022
MILL MEADOW RES,SEVIER,RAINBOW,1696,10.02,4/13/2022,2022
MILLER L BTN,WAYNE,RAINBOW,309,10.15,6/21/2022,2022
MILLER L BTN,WAYNE,TIGER TROUT,317,9.11,6/28/2022,2022
MILLERS FLAT RES,SANPETE,BROOK TROUT,508,2.95,6/29/2022,2022
MILLERS FLAT RES,SANPETE,RAINBOW,40000,3.1,7/11/2022,2022
MILLRACE PARK POND,SALT LAKE,RAINBOW,374,9.42,3/15/2022,2022
MILLRACE PARK POND,SALT LAKE,RAINBOW,375,10,4/4/2022,2022
MILLRACE PARK POND,SALT LAKE,RAINBOW,374,9.62,4/19/2022,2022
MILLRACE PARK POND,SALT LAKE,RAINBOW,375,9.46,5/3/2022,2022
MILLRACE PARK POND,SALT LAKE,WIPER,221,7.1,5/4/2022,2022
MILLRACE PARK POND,SALT LAKE,CHANNEL CATFISH,234,11.7,6/2/2022,2022
MILLRACE PARK POND,SALT LAKE,CHANNEL CATFISH,216,10.77,6/16/2022,2022
MILLRACE PARK POND,SALT LAKE,CHANNEL CATFISH,150,13.57,8/25/2022,2022
MILLSITE RES,EMERY,RAINBOW,2218,10.15,4/5/2022,2022
MILLSITE RES,EMERY,RAINBOW,3792,10.26,4/5/2022,2022
MILLSITE RES,EMERY,SPLAKE,3506,3.58,7/18/2022,2022
MILLSITE RES,EMERY,CUTTHROAT,3900,1.68,9/26/2022,2022
MINERSVILLE RES,BEAVER,WIPER,3500,1.86,7/27/2022,2022
MINERSVILLE RES,BEAVER,RAINBOW,7953,6.99,10/17/2022,2022
MINERSVILLE RES,BEAVER,RAINBOW,3335,10.34,11/2/2022,2022
MINERSVILLE RES,BEAVER,RAINBOW,3715,10.34,11/2/2022,2022
MIRROR L Z-3,DUCHESNE,RAINBOW,750,9.41,6/14/2022,2022
MIRROR L Z-3,DUCHESNE,TIGER TROUT,1024,9.21,6/17/2022,2022
MIRROR L Z-3,DUCHESNE,TIGER TROUT,1000,9.36,6/27/2022,2022
MIRROR L Z-3,DUCHESNE,RAINBOW,752,9.21,6/27/2022,2022
MIRROR L Z-3,DUCHESNE,BROOK TROUT,3500,2.92,7/4/2022,2022
MIRROR L Z-3,DUCHESNE,RAINBOW,760,10.07,7/5/2022,2022
MIRROR L Z-3,DUCHESNE,RAINBOW,752,10.07,7/11/2022,2022
MIRROR L Z-3,DUCHESNE,RAINBOW,750,10.07,7/19/2022,2022
MIRROR L Z-3,DUCHESNE,RAINBOW,1800,10,7/21/2022,2022
MIRROR L Z-3,DUCHESNE,RAINBOW,750,10,7/26/2022,2022
MIRROR L Z-3,DUCHESNE,RAINBOW,800,10,8/1/2022,2022
MIRROR L Z-3,DUCHESNE,TIGER TROUT,1062,9.41,8/2/2022,2022
MIRROR L Z-3,DUCHESNE,RAINBOW,750,10,8/8/2022,2022
MIRROR L Z-3,DUCHESNE,RAINBOW,750,10,8/15/2022,2022
MIRROR L Z-3,DUCHESNE,TIGER TROUT,1002,9.63,8/16/2022,2022
MIRROR L Z-3,DUCHESNE,RAINBOW,451,10.28,8/23/2022,2022
MIRROR L Z-3,DUCHESNE,RAINBOW,1000,10.28,8/29/2022,2022
MONROE POND,SEVIER,RAINBOW,500,9.95,3/22/2022,2022
MONROE POND,SEVIER,RAINBOW,1008,10.09,4/14/2022,2022
MONROE POND,SEVIER,RAINBOW,1027,11.74,5/24/2022,2022
MONROE POND,SEVIER,RAINBOW,1466,10.07,6/28/2022,2022
MONROE POND,SEVIER,TIGER TROUT,404,2.79,7/6/2022,2022
MONTICELLO L,SAN JUAN,RAINBOW,1030,10.86,5/16/2022,2022
MONTICELLO L,SAN JUAN,TIGER TROUT,999,2.83,7/12/2022,2022
MOON L,DUCHESNE,TIGER TROUT,754,8.79,5/16/2022,2022
MOON L,DUCHESNE,RAINBOW,2240,11.99,5/19/2022,2022
MOON L,DUCHESNE,RAINBOW,2144,11.99,5/19/2022,2022
MOON L,DUCHESNE,RAINBOW,100,12.72,6/14/2022,2022
MOON L,DUCHESNE,SPLAKE,7160,3.62,7/15/2022,2022
MOON L,DUCHESNE,TIGER TROUT,3650,4.28,7/27/2022,2022
MOOSE POND,DAGGETT,RAINBOW,700,11.16,5/6/2022,2022
MOOSE POND,DAGGETT,RAINBOW,599,12.39,5/27/2022,2022
MOOSE POND,DAGGETT,RAINBOW,500,10.31,7/28/2022,2022
MOOSE POND,DAGGETT,RAINBOW,300,17.1,10/5/2022,2022
MOOSEHORN L Z-4,DUCHESNE,RAINBOW,300,9.41,6/14/2022,2022
MOOSEHORN L Z-4,DUCHESNE,RAINBOW,301,9.21,6/27/2022,2022
MOOSEHORN L Z-4,DUCHESNE,TIGER TROUT,403,9.36,6/27/2022,2022
MOOSEHORN L Z-4,DUCHESNE,RAINBOW,306,10.07,7/5/2022,2022
MOOSEHORN L Z-4,DUCHESNE,TIGER TROUT,397,9.52,7/6/2022,2022
MOOSEHORN L Z-4,DUCHESNE,RAINBOW,301,10.07,7/11/2022,2022
MOOSEHORN L Z-4,DUCHESNE,TIGER TROUT,402,9.41,7/18/2022,2022
MOOSEHORN L Z-4,DUCHESNE,RAINBOW,301,10.07,7/19/2022,2022
MOOSEHORN L Z-4,DUCHESNE,RAINBOW,300,10,7/26/2022,2022
MOOSEHORN L Z-4,DUCHESNE,RAINBOW,300,10,8/1/2022,2022
MOOSEHORN L Z-4,DUCHESNE,TIGER TROUT,240,9.41,8/2/2022,2022
MOOSEHORN L Z-4,DUCHESNE,RAINBOW,300,10,8/8/2022,2022
MOOSEHORN L Z-4,DUCHESNE,RAINBOW,300,10,8/15/2022,2022
MORAT 1 L Z-31,DUCHESNE,CUTTHROAT,1337,1.57,9/23/2022,2022
MORRELL POND TLM,SEVIER,RAINBOW,752,3.68,6/6/2022,2022
MORRELL POND TLM,SEVIER,TIGER TROUT,251,3.16,7/26/2022,2022
MOSS L NBS,WAYNE,TIGER TROUT,51,2.69,6/15/2022,2022
MT DELL CR,SALT LAKE,CUTTHROAT,911,2.51,9/19/2022,2022
MT PLEASANT POND,SANPETE,RAINBOW,500,9.75,4/4/2022,2022
MT PLEASANT POND,SANPETE,RAINBOW,500,9.75,4/20/2022,2022
MT PLEASANT POND,SANPETE,RAINBOW,999,11.16,6/6/2022,2022
MT PLEASANT POND,SANPETE,BROWN TROUT,1206,5.02,6/22/2022,2022
MT PLEASANT POND,SANPETE,RAINBOW,500,10.77,6/28/2022,2022
MT PLEASANT POND,SANPETE,RAINBOW,499,11.16,7/11/2022,2022
MT PLEASANT POND,SANPETE,RAINBOW,249,12.13,9/21/2022,2022
MT PLEASANT POND,SANPETE,RAINBOW,249,12.13,9/21/2022,2022
MUMFORD RES,BEAVER,TIGER TROUT,45,2.82,7/7/2022,2022
MUMFORD RES,BEAVER,CUTTHROAT,163,2.41,9/26/2022,2022
NAVAJO L,KANE,RAINBOW,553,11.74,5/16/2022,2022
NAVAJO L,KANE,CUTTHROAT,580,9.95,5/16/2022,2022
NAVAJO L,KANE,RAINBOW,690,9.68,5/24/2022,2022
NAVAJO L,KANE,RAINBOW,284,15.21,5/24/2022,2022
NAVAJO L,KANE,MUSKIE TIGER,1000,1.36,5/25/2022,2022
NAVAJO L,KANE,TIGER TROUT,1521,9.01,6/1/2022,2022
NAVAJO L,KANE,SPLAKE,6017,3.06,6/1/2022,2022
NAVAJO L,KANE,RAINBOW,7480,10.44,6/8/2022,2022
NAVAJO L,KANE,RAINBOW,7502,10.03,6/9/2022,2022
NAVAJO L,KANE,RAINBOW,2260,8.21,6/9/2022,2022
NAVAJO L,KANE,RAINBOW,4152,7.84,6/14/2022,2022
NAVAJO L,KANE,RAINBOW,495,11.47,6/22/2022,2022
NAVAJO L,KANE,RAINBOW,2376,8.58,6/22/2022,2022
NAVAJO L,KANE,TIGER TROUT,1998,4.26,6/23/2022,2022
NAVAJO L,KANE,RAINBOW,2262,8.31,6/28/2022,2022
NAVAJO L,KANE,MUSKIE TIGER,15,18.91,7/7/2022,2022
NAVAJO L,KANE,MUSKIE TIGER,7,29.24,7/7/2022,2022
NAVAJO L,KANE,MUSKIE TIGER,14,29.24,7/13/2022,2022
NAVAJO L,KANE,MUSKIE TIGER,9,19.08,8/8/2022,2022
NAVAJO L,KANE,MUSKIE TIGER,1,29.24,8/8/2022,2022
NAVAJO L,KANE,MUSKIE TIGER,20,19.08,8/16/2022,2022
NAVAJO L,KANE,MUSKIE TIGER,4,29.24,8/16/2022,2022
NAVAJO L,KANE,TIGER TROUT,2499,9.43,8/19/2022,2022
NAVAJO L,KANE,TIGER TROUT,1071,9.43,8/19/2022,2022
NAVAJO L,KANE,MUSKIE TIGER,90,5.41,9/21/2022,2022
NEBO CR,UTAH,CUTTHROAT,6000,2.56,10/20/2022,2022
NEBO CR,UTAH,CUTTHROAT,563,2.7,10/20/2022,2022
NEIL L W-31,SUMMIT,BROOK TROUT,60,2.75,6/27/2022,2022
NEW CANYON CR,SANPETE,CUTTHROAT,9000,2.12,9/19/2022,2022
NEW CANYON RES,SANPETE,RAINBOW,905,11.16,6/15/2022,2022
NEWCASTLE RES,IRON,RAINBOW,2051,9.47,2/18/2022,2022
NEWCASTLE RES,IRON,RAINBOW,949,9.72,2/18/2022,2022
NEWCASTLE RES,IRON,RAINBOW,949,9.72,2/18/2022,2022
NEWCASTLE RES,IRON,CHANNEL CATFISH,2000,5.33,5/11/2022,2022
NEWCASTLE RES,IRON,WIPER,2000,1.86,7/27/2022,2022
NEWCASTLE RES,IRON,CHANNEL CATFISH,2337,3.12,9/13/2022,2022
NEWCASTLE RES,IRON,RAINBOW,7480,7.13,10/3/2022,2022
NEWCASTLE RES,IRON,RAINBOW,7446,7.13,10/4/2022,2022
NEWCASTLE RES,IRON,RAINBOW,5100,7.13,10/5/2022,2022
NEWTON RES,CACHE,MUSKIE TIGER,2000,1.36,5/25/2022,2022
NORTH CR,GARFIELD,CUTTHROAT,39,5.04,10/6/2022,2022
NORTH POND,WASHINGTON,BROWN TROUT,101,2.25,5/23/2022,2022
NORTHWEST SUNSET POND,SALT LAKE,CHANNEL CATFISH,234,11.7,6/2/2022,2022
NOTCH L W-36,SUMMIT,BROOK TROUT,1500,2.75,6/27/2022,2022
OAK CR,MILLARD,RAINBOW,155,10.97,5/25/2022,2022
OAK CR,MILLARD,TIGER TROUT,130,10.32,6/7/2022,2022
OAK CR,SANPETE,CUTTHROAT,9000,2.12,9/19/2022,2022
OAKS PARK RES,UINTAH,BROOK TROUT,4002,3.22,6/7/2022,2022
OAKS PARK RES,UINTAH,RAINBOW,1301,9.14,6/7/2022,2022
OAKS PARK RES,UINTAH,RAINBOW,999,9.61,7/1/2022,2022
OAKS PARK RES,UINTAH,RAINBOW,1001,10,7/13/2022,2022
OAKS PARK RES,UINTAH,BROOK TROUT,4260,4.1,7/28/2022,2022
OGDEN R,WEBER,RAINBOW,499,10.28,3/29/2022,2022
OGDEN R,WEBER,RAINBOW,1050,9.41,4/4/2022,2022
OGDEN R,WEBER,RAINBOW,930,10.01,5/11/2022,2022
OGDEN R,WEBER,RAINBOW,930,10.52,6/8/2022,2022
OGDEN R,WEBER,RAINBOW,930,10.28,7/1/2022,2022
OGDEN R,WEBER,RAINBOW,930,10.53,7/19/2022,2022
OGDEN R,WEBER,RAINBOW,931,10.27,10/31/2022,2022
OLD FORT POND NORTH,UINTAH,RAINBOW,401,10.28,3/30/2022,2022
OLD FORT POND NORTH,UINTAH,CHANNEL CATFISH,100,10.77,6/16/2022,2022
OLD FORT POND NORTH,UINTAH,RAINBOW,150,9.57,6/22/2022,2022
OLD FORT POND NORTH,UINTAH,MUSKIE TIGER,5,3.39,7/6/2022,2022
OLD FORT POND NORTH,UINTAH,RAINBOW,880,11.44,9/14/2022,2022
OLD FORT POND NORTH,UINTAH,BASS LARGEMOUTH,46,3.19,9/22/2022,2022
OLD FORT POND NORTH,UINTAH,RAINBOW,408,12.25,10/4/2022,2022
OLD FORT POND NORTH,UINTAH,TIGER TROUT,598,5.9,10/18/2022,2022
OLD FORT POND SOUTH,UINTAH,GRASS CARP STERILE,0,7.09,5/5/2022,2022
OLD FORT POND SOUTH,UINTAH,CHANNEL CATFISH,300,13.57,9/15/2022,2022
OLD FORT POND SOUTH,UINTAH,SUNFISH BLUEGILL,286,2.6,9/22/2022,2022
OOWAH L,GRAND,RAINBOW,1552,10.97,6/1/2022,2022
OOWAH L,GRAND,RAINBOW,1551,10.29,7/19/2022,2022
OTTER CR,PIUTE,BROWN TROUT,5150,2.95,4/20/2022,2022
OTTER CR RES,PIUTE,RAINBOW,5089,6.79,3/29/2022,2022
OTTER CR RES,PIUTE,RAINBOW,9061,6.79,3/29/2022,2022
OTTER CR RES,PIUTE,RAINBOW,9061,6.79,3/29/2022,2022
OTTER CR RES,PIUTE,BROWN TROUT,20085,2.95,4/20/2022,2022
OTTER CR RES,PIUTE,WIPER,24900,1.86,7/27/2022,2022
OTTER CR RES,PIUTE,RAINBOW,32130,7.13,10/17/2022,2022
OTTER CR RES,PIUTE,RAINBOW,6600,7.44,10/17/2022,2022
OTTER CR RES,PIUTE,RAINBOW,31825,7.17,10/17/2022,2022
OTTER CR RES,PIUTE,RAINBOW,3435,6.99,10/17/2022,2022
OTTER CR RES,PIUTE,RAINBOW,37539,7.71,11/7/2022,2022
OTTER CR RES,PIUTE,RAINBOW,42989,7.39,11/7/2022,2022
OTTER CR RES,PIUTE,RAINBOW,36792,7.83,11/8/2022,2022
OTTER L EMW,GARFIELD,BROOK TROUT,154,2.97,7/7/2022,2022
"OTTOSON L,UPPER X-87",DUCHESNE,CUTTHROAT,669,1.57,9/23/2022,2022
P-11,SUMMIT,BROOK TROUT,48,2.75,6/27/2022,2022
PACER L EMW,GARFIELD,TIGER TROUT,101,2.82,7/7/2022,2022
PACER L EMW,GARFIELD,BROOK TROUT,1005,2.97,7/7/2022,2022
PALISADE L Z-28,DUCHESNE,BROOK TROUT,1416,2.75,6/29/2022,2022
PALISADE RES,SANPETE,RAINBOW,1000,9.21,3/15/2022,2022
PALISADE RES,SANPETE,RAINBOW,1000,9.21,3/15/2022,2022
PALISADE RES,SANPETE,RAINBOW,1998,9.75,4/11/2022,2022
PALISADE RES,SANPETE,CRAPPIE BLACK,2002,2.63,5/4/2022,2022
PALISADE RES,SANPETE,RAINBOW,602,12.13,5/10/2022,2022
PALISADE RES,SANPETE,RAINBOW,1001,10.44,5/11/2022,2022
PALISADE RES,SANPETE,RAINBOW,1001,10.44,5/11/2022,2022
PALISADE RES,SANPETE,RAINBOW,306,16.67,5/12/2022,2022
PALISADE RES,SANPETE,WIPER,1152,9.21,5/26/2022,2022
PALISADE RES,SANPETE,RAINBOW,789,11.16,6/20/2022,2022
PALISADE RES,SANPETE,WIPER,502,7.42,6/29/2022,2022
PALISADE RES,SANPETE,SUNFISH BLUEGILL,10010,2.6,9/22/2022,2022
PALISADE RES,SANPETE,RAINBOW,1001,12.44,10/27/2022,2022
PALISADE RES,SANPETE,RAINBOW,2000,11.73,11/8/2022,2022
PALISADE RES,SANPETE,RAINBOW,2000,11.73,11/8/2022,2022
PANGUITCH CR,GARFIELD,RAINBOW,507,11.38,6/2/2022,2022
PANGUITCH L,GARFIELD,CUTTHROAT,6945,8.51,5/3/2022,2022
PANGUITCH L,GARFIELD,CUTTHROAT,7177,8.51,5/3/2022,2022
PANGUITCH L,GARFIELD,CUTTHROAT,6945,8.51,5/3/2022,2022
PANGUITCH L,GARFIELD,CUTTHROAT,6019,8.51,5/4/2022,2022
PANGUITCH L,GARFIELD,CUTTHROAT,10864,6.65,5/12/2022,2022
PANGUITCH L,GARFIELD,RAINBOW,5029,2.78,6/2/2022,2022
PANGUITCH L,GARFIELD,TIGER TROUT,1004,2.95,6/2/2022,2022
PANGUITCH L,GARFIELD,RAINBOW,28224,8.28,6/6/2022,2022
PANGUITCH L,GARFIELD,RAINBOW,32817,7.9,6/7/2022,2022
PANGUITCH L,GARFIELD,BROOK TROUT,3243,2.54,6/7/2022,2022
PANGUITCH L,GARFIELD,BROOK TROUT,8271,2.67,6/7/2022,2022
PANGUITCH L,GARFIELD,BROOK TROUT,977,2.65,6/7/2022,2022
PANGUITCH L,GARFIELD,TIGER TROUT,10027,4.26,6/23/2022,2022
PANGUITCH L,GARFIELD,TIGER TROUT,10027,4.26,6/23/2022,2022
PANGUITCH L,GARFIELD,RAINBOW,4000,7.94,10/11/2022,2022
PANGUITCH L,GARFIELD,RAINBOW,4050,7.94,10/11/2022,2022
PANGUITCH L,GARFIELD,RAINBOW,3750,7.94,10/11/2022,2022
PANGUITCH L,GARFIELD,RAINBOW,2000,7.94,10/11/2022,2022
PANGUITCH L,GARFIELD,RAINBOW,3750,7.94,10/11/2022,2022
PANGUITCH L,GARFIELD,RAINBOW,3750,7.94,10/11/2022,2022
PANGUITCH L,GARFIELD,RAINBOW,3750,7.94,10/11/2022,2022
PANGUITCH L,GARFIELD,RAINBOW,3750,7.94,10/11/2022,2022
PANGUITCH L,GARFIELD,RAINBOW,4000,7.94,10/12/2022,2022
PANGUITCH L,GARFIELD,RAINBOW,3750,7.94,10/12/2022,2022
PANGUITCH L,GARFIELD,RAINBOW,3875,7.94,10/12/2022,2022
PANGUITCH L,GARFIELD,RAINBOW,3875,7.94,10/12/2022,2022
PANGUITCH L,GARFIELD,RAINBOW,4000,7.94,10/12/2022,2022
PANGUITCH L,GARFIELD,RAINBOW,4000,7.94,10/12/2022,2022
PANGUITCH L,GARFIELD,RAINBOW,4000,7.94,10/12/2022,2022
PANGUITCH L,GARFIELD,RAINBOW,4150,7.94,10/12/2022,2022
PARADISE RES,UINTAH,RAINBOW,1201,9.15,6/10/2022,2022
PARAGONAH RES,IRON,CUTTHROAT,4050,2.2,9/13/2022,2022
PARLEYS CR,SALT LAKE,CUTTHROAT,1000,2.86,9/19/2022,2022
PASS L Z-5,DUCHESNE,RAINBOW,300,9.41,6/14/2022,2022
PASS L Z-5,DUCHESNE,TIGER TROUT,702,9.36,6/22/2022,2022
PASS L Z-5,DUCHESNE,RAINBOW,301,9.21,6/27/2022,2022
PASS L Z-5,DUCHESNE,BROOK TROUT,500,2.92,7/4/2022,2022
PASS L Z-5,DUCHESNE,RAINBOW,306,10.07,7/5/2022,2022
PASS L Z-5,DUCHESNE,TIGER TROUT,299,9.52,7/6/2022,2022
PASS L Z-5,DUCHESNE,RAINBOW,301,10.07,7/11/2022,2022
PASS L Z-5,DUCHESNE,TIGER TROUT,501,9.41,7/18/2022,2022
PASS L Z-5,DUCHESNE,RAINBOW,301,10.07,7/19/2022,2022
PASS L Z-5,DUCHESNE,RAINBOW,300,10,7/26/2022,2022
PASS L Z-5,DUCHESNE,RAINBOW,300,10,8/1/2022,2022
PASS L Z-5,DUCHESNE,RAINBOW,300,10,8/8/2022,2022
PASS L Z-5,DUCHESNE,RAINBOW,300,10,8/15/2022,2022
PASS L Z-5,DUCHESNE,TIGER TROUT,400,9.63,8/16/2022,2022
PASS L Z-5,DUCHESNE,RAINBOW,301,10.28,8/23/2022,2022
PASS L Z-5,DUCHESNE,RAINBOW,400,10.28,8/29/2022,2022
PAUL L DF-18,UINTAH,BROOK TROUT,1098,3.62,7/6/2022,2022
"PAYSON CR, RT FK",UTAH,CUTTHROAT,2006,2.56,10/20/2022,2022
PAYSON RES(BIG EAST),UTAH,RAINBOW,999,11.16,6/7/2022,2022
PAYSON RES(BIG EAST),UTAH,RAINBOW,999,11.16,6/7/2022,2022
PAYSON RES(BIG EAST),UTAH,BROOK TROUT,3040,2.54,6/13/2022,2022
PAYSON RES(BIG EAST),UTAH,RAINBOW,999,11.16,6/27/2022,2022
PAYSON RES(BIG EAST),UTAH,RAINBOW,1003,11.37,7/6/2022,2022
PAYSON RES(BIG EAST),UTAH,RAINBOW,502,11.37,7/6/2022,2022
PAYSON RES(BIG EAST),UTAH,RAINBOW,750,9.41,7/18/2022,2022
PAYSON RES(BIG EAST),UTAH,RAINBOW,750,9.41,7/18/2022,2022
PEAR L NBS,WAYNE,BROOK TROUT,498,2.97,7/7/2022,2022
PELICAN L,UINTAH,MUSKIE TIGER,12000,1.36,5/24/2022,2022
PELICAN L,UINTAH,MUSKIE TIGER,2,29.24,7/8/2022,2022
PELICAN L,UINTAH,SUNFISH BLUEGILL,770,3.57,9/22/2022,2022
PELICAN L,UINTAH,SUNFISH BLUEGILL,50,8.67,9/27/2022,2022
PETES HOLE,SANPETE,RAINBOW,999,11.16,6/13/2022,2022
PETES HOLE,SANPETE,RAINBOW,1000,9.12,7/12/2022,2022
PETES HOLE,SANPETE,TIGER TROUT,4070,5.06,7/26/2022,2022
PETES HOLE,SANPETE,RAINBOW,1000,10.77,10/4/2022,2022
PETIT L A-26,SUMMIT,BROOK TROUT,60,2.75,6/27/2022,2022
PIDGEON WATERS,DUCHESNE,RAINBOW,201,9.18,6/3/2022,2022
PINE CR,WAYNE,BROWN TROUT,2987,2.95,4/18/2022,2022
PINE CR RES BTN,WAYNE,CUTTHROAT,320,2.07,9/26/2022,2022
PINE L,GARFIELD,RAINBOW,3002,10.01,4/19/2022,2022
PINE L,GARFIELD,RAINBOW,2023,11.74,5/24/2022,2022
PINE L,GARFIELD,TIGER TROUT,954,8.56,6/6/2022,2022
PINE L,GARFIELD,RAINBOW,1004,10.07,6/22/2022,2022
PINE L,GARFIELD,CUTTHROAT,2034,2.04,9/13/2022,2022
PINE VALLEY RES,WASHINGTON,RAINBOW,1508,10.62,5/6/2022,2022
PINE VALLEY RES,WASHINGTON,RAINBOW,564,10.98,5/26/2022,2022
PINE VALLEY RES,WASHINGTON,RAINBOW,940,10.98,5/26/2022,2022
PINE VALLEY RES,WASHINGTON,RAINBOW,940,10.98,6/10/2022,2022
PINE VALLEY RES,WASHINGTON,RAINBOW,564,10.98,6/10/2022,2022
PINE VALLEY RES,WASHINGTON,RAINBOW,1445,11.35,6/23/2022,2022
PINE VALLEY RES,WASHINGTON,TIGER TROUT,1998,4.26,6/23/2022,2022
PINE VALLEY RES,WASHINGTON,RAINBOW,1449,11.56,7/7/2022,2022
PINE VALLEY RES,WASHINGTON,RAINBOW,1036,11.89,7/21/2022,2022
PINEVIEW RES,WEBER,MUSKIE TIGER,4551,1.78,5/4/2022,2022
PINEVIEW RES,WEBER,MUSKIE TIGER,5000,1.36,5/25/2022,2022
PIONEER PARK P,BOX ELDER,RAINBOW,550,9.72,4/29/2022,2022
PIONEER PARK P,BOX ELDER,RAINBOW,550,10.19,5/12/2022,2022
PIONEER PARK P,BOX ELDER,RAINBOW,550,10.24,5/18/2022,2022
PIONEER PARK P,BOX ELDER,RAINBOW,250,10.36,5/25/2022,2022
PIONEER PARK P,BOX ELDER,CHANNEL CATFISH,312,11.7,6/2/2022,2022
PIONEER PARK P,BOX ELDER,RAINBOW,550,10.84,6/3/2022,2022
PIONEER PARK P,BOX ELDER,CHANNEL CATFISH,434,10.77,6/16/2022,2022
PIONEER PARK P,BOX ELDER,WIPER,500,7.37,7/11/2022,2022
PIONEER PARK P,BOX ELDER,CHANNEL CATFISH,500,13.57,8/25/2022,2022
PIONEER PARK P,BOX ELDER,CHANNEL CATFISH,250,13.57,9/15/2022,2022
PIONEER PARK P,BOX ELDER,RAINBOW,1065,11.64,10/25/2022,2022
PIONEER PARK P,BOX ELDER,CHANNEL CATFISH,1011,5.22,11/14/2022,2022
PITTSBURGH L,UTAH,BROOK TROUT,996,2.75,6/27/2022,2022
PIUTE RES,PIUTE,CRAPPIE WHITE,1040,5.46,3/27/2022,2022
PLEASANT CR L-BTS,GARFIELD,BROOK TROUT,97,2.96,7/7/2022,2022
POLE CANYON PARK POND,UTAH,RAINBOW,504,9.63,3/29/2022,2022
POLE CANYON PARK POND,UTAH,RAINBOW,500,9.75,4/18/2022,2022
POLE CANYON PARK POND,UTAH,WIPER,256,7.08,4/25/2022,2022
POLE CANYON PARK POND,UTAH,RAINBOW,500,10.44,5/9/2022,2022
POLE CANYON PARK POND,UTAH,RAINBOW,506,10.44,5/31/2022,2022
POLE CANYON PARK POND,UTAH,CHANNEL CATFISH,390,11.7,6/2/2022,2022
POLE CANYON PARK POND,UTAH,CHANNEL CATFISH,434,10.77,6/16/2022,2022
POLE CANYON PARK POND,UTAH,RAINBOW,999,11.16,6/22/2022,2022
POLE CANYON PARK POND,UTAH,RAINBOW,999,11.16,7/5/2022,2022
POLE CANYON PARK POND,UTAH,CHANNEL CATFISH,250,13.57,8/25/2022,2022
POLE CANYON PARK POND,UTAH,CHANNEL CATFISH,150,13.57,9/15/2022,2022
POLE CANYON PARK POND,UTAH,CHANNEL CATFISH,150,13.57,9/15/2022,2022
POLE CR L,DUCHESNE,TIGER TROUT,501,3.69,7/6/2022,2022
PORCUPINE L,IRON,BROOK TROUT,105,2.88,6/28/2022,2022
PORCUPINE RES,CACHE,RAINBOW,2586,11.39,4/19/2022,2022
POSEY L,GARFIELD,RAINBOW,571,10.03,6/15/2022,2022
POSEY L,GARFIELD,TIGER TROUT,101,2.82,7/7/2022,2022
POSEY L,GARFIELD,BROOK TROUT,299,2.96,7/7/2022,2022
POSEY L,GARFIELD,RAINBOW,808,10.65,7/11/2022,2022
POSEY L,GARFIELD,RAINBOW,787,10.59,7/27/2022,2022
POT L A-8,SUMMIT,BROOK TROUT,396,2.75,6/27/2022,2022
POTTERS NO 1,EMERY,RAINBOW,999,11.16,6/8/2022,2022
POTTERS NO 1,EMERY,RAINBOW,999,11.16,6/21/2022,2022
POTTERS NO 1,EMERY,RAINBOW,999,11.16,6/29/2022,2022
POTTERS NO 1,EMERY,RAINBOW,1020,9.41,7/18/2022,2022
POTTERS NO 1,EMERY,RAINBOW,998,9.15,7/28/2022,2022
POTTERS NO 2,EMERY,RAINBOW,999,11.16,6/8/2022,2022
POTTERS NO 2,EMERY,RAINBOW,999,11.16,6/21/2022,2022
POTTERS NO 2,EMERY,RAINBOW,999,11.16,6/29/2022,2022
POTTERS NO 2,EMERY,RAINBOW,1020,9.41,7/18/2022,2022
POTTERS NO 2,EMERY,RAINBOW,998,9.15,7/28/2022,2022
POWELL L Z-30,DUCHESNE,CUTTHROAT,2675,1.57,9/23/2022,2022
PRICE R,EMERY,CHUB,1820,9.4,4/20/2022,2022
PRICE R,EMERY,CHUB,1821,9.4,4/20/2022,2022
PRICE R,UTAH,BROWN TROUT,5720,2.15,5/10/2022,2022
PRICE R(LWR FISH CR),CARBON,BROWN TROUT,24939,2.15,5/10/2022,2022
PROVO R,SUMMIT,RAINBOW,256,9.21,6/21/2022,2022
PROVO R,SUMMIT,RAINBOW,253,9.21,6/27/2022,2022
PROVO R,SUMMIT,RAINBOW,257,10.07,7/5/2022,2022
PROVO R,SUMMIT,RAINBOW,252,10.07,7/11/2022,2022
PROVO R,SUMMIT,RAINBOW,250,10,7/26/2022,2022
PROVO R,SUMMIT,RAINBOW,250,10,8/8/2022,2022
"PROVO R, LOWER, N FK",UTAH,CUTTHROAT,2087,2.51,9/19/2022,2022
"PROVO R, UPPER, S FK",WASATCH,CUTTHROAT,4200,2.51,9/19/2022,2022
PUFFER L,BEAVER,RAINBOW,4000,10.13,6/2/2022,2022
PUFFER L,BEAVER,BROOK TROUT,1000,3.07,7/13/2022,2022
PUFFER L,BEAVER,SPLAKE,302,3.62,7/14/2022,2022
PURPLE L GT,GARFIELD,BROOK TROUT,201,2.97,7/7/2022,2022
PYRAMID L Z-17,DUCHESNE,BROOK TROUT,756,2.75,6/27/2022,2022
PYRAMID L Z-17,DUCHESNE,BROOK TROUT,768,2.75,6/29/2022,2022
QUAIL CR RES,WASHINGTON,RAINBOW,14496,10.2,10/31/2022,2022
QUAIL CR RES,WASHINGTON,RAINBOW,3565,10.34,10/31/2022,2022
QUAIL CR RES,WASHINGTON,RAINBOW,1955,10.34,10/31/2022,2022
QUARTER CORNER LG103,SUMMIT,RAINBOW,928,9.52,5/23/2022,2022
RAFT L BTN,WAYNE,BROOK TROUT,402,2.97,7/7/2022,2022
RAINBOW L U-33,DUCHESNE,TIGER TROUT,398,3.69,7/6/2022,2022
RAINBOW RES,TOOELE,RAINBOW,801,10.22,5/5/2022,2022
RAINBOW RES,TOOELE,RAINBOW,701,10.14,5/17/2022,2022
RAINBOW RES,TOOELE,RAINBOW,700,10.43,6/22/2022,2022
RAINBOW RES,TOOELE,RAINBOW,800,9.36,7/6/2022,2022
RANGER L FL,SEVIER,BROOK TROUT,304,3.18,7/28/2022,2022
RASMUSSEN L NO1 WR35,DUCHESNE,BROOK TROUT,1536,3.62,7/6/2022,2022
RASMUSSEN L NO2 WR36,DUCHESNE,BROOK TROUT,1394,3.62,7/6/2022,2022
RAZOR RIDGE P,WASHINGTON,RAINBOW,392,10.21,1/5/2022,2022
RAZOR RIDGE P,WASHINGTON,RAINBOW,472,10.56,1/26/2022,2022
RAZOR RIDGE P,WASHINGTON,RAINBOW,404,11.12,2/9/2022,2022
RAZOR RIDGE P,WASHINGTON,RAINBOW,348,11.46,2/24/2022,2022
RAZOR RIDGE P,WASHINGTON,RAINBOW,330,10.42,4/1/2022,2022
RAZOR RIDGE P,WASHINGTON,RAINBOW,221,10.4,4/21/2022,2022
RAZOR RIDGE P,WASHINGTON,RAINBOW,400,9.63,11/1/2022,2022
RAZOR RIDGE P,WASHINGTON,RAINBOW,379,9.83,11/22/2022,2022
RAZOR RIDGE P,WASHINGTON,RAINBOW,372,6.95,12/8/2022,2022
RAZOR RIDGE P,WASHINGTON,RAINBOW,133,7.77,12/20/2022,2022
RAZOR RIDGE P,WASHINGTON,RAINBOW,263,6.58,12/20/2022,2022
RC-36,DUCHESNE,BROOK TROUT,300,2.92,7/11/2022,2022
READER L WR-66,DUCHESNE,CUTTHROAT,743,1.57,9/23/2022,2022
RED BELLY L GR-51,UINTAH,CUTTHROAT,618,1.91,9/23/2022,2022
RED BUTTE CR,SALT LAKE,CUTTHROAT,50,6.22,6/8/2022,2022
RED BUTTE RES,SALT LAKE,CUTTHROAT,1669,2.3,9/21/2022,2022
RED BUTTE RES,SALT LAKE,CUTTHROAT,2331,2.09,9/21/2022,2022
RED CASTLE L G-15,SUMMIT,TIGER TROUT,5670,2.65,6/28/2022,2022
RED CASTLE L G-15,SUMMIT,BROOK TROUT,2200,2.92,7/11/2022,2022
"RED CASTLE,EAST G-17",SUMMIT,TIGER TROUT,716,2.65,6/28/2022,2022
"RED CASTLE,LOWER G12",SUMMIT,BROOK TROUT,2196,3.03,9/26/2022,2022
"RED CASTLE,UPPER G16",SUMMIT,TIGER TROUT,850,2.92,7/11/2022,2022
RED CR RES,DUCHESNE,RAINBOW,5003,2.58,4/27/2022,2022
RED CR RES,DUCHESNE,TIGER TROUT,3525,2.73,5/18/2022,2022
RED CR RES,DUCHESNE,CUTTHROAT,4005,2.05,10/6/2022,2022
RED FLEET RES,UINTAH,CRAPPIE BLACK,15004,2.63,5/5/2022,2022
RED FLEET RES,UINTAH,TIGER TROUT,1495,2.73,5/16/2022,2022
RED FLEET RES,UINTAH,WALLEYE,13664,2.28,6/23/2022,2022
RED FLEET RES,UINTAH,WIPER,702,7.27,8/1/2022,2022
RED FLEET RES,UINTAH,BROOK TROUT,38720,3.15,10/4/2022,2022
RED FLEET RES,UINTAH,RAINBOW,25200,3.26,10/5/2022,2022
RED FLEET RES,UINTAH,TIGER TROUT,1599,5.9,10/18/2022,2022
RED FLEET RES,UINTAH,FLANNELMOUTH SUCKER,67,20.05,10/26/2022,2022
RED FLEET RES,UINTAH,RAINBOW,5795,5.9,11/7/2022,2022
RED PINE L,SALT LAKE,CUTTHROAT,1219,2.51,9/19/2022,2022
RED PINE L,SALT LAKE,CUTTHROAT,1781,2.86,9/19/2022,2022
"RED PINE L, UPPER",SALT LAKE,CUTTHROAT,3012,2.51,9/19/2022,2022
REDMOND L,SEVIER,CRAPPIE WHITE,370,5.87,9/13/2022,2022
REDMOND L,SEVIER,CHANNEL CATFISH,5748,3.12,9/21/2022,2022
REDMOND L,SEVIER,SUNFISH BLUEGILL,10010,2.6,9/22/2022,2022
REDMOND L,SEVIER,BASS LARGEMOUTH,1995,3.19,9/22/2022,2022
REDMOND L,SEVIER,CRAPPIE WHITE,2164,5.18,11/1/2022,2022
REED VALLEY CREEK,IRON,CUTTHROAT,1009,2.01,9/12/2022,2022
REIDS L W-38,SUMMIT,BROOK TROUT,504,2.75,6/27/2022,2022
REX RES,SEVIER,RAINBOW,4030,4.3,4/6/2022,2022
RICHES POND,SANPETE,BROOK TROUT,201,2.97,7/14/2022,2022
RIDGE L BTN,GARFIELD,BROOK TROUT,48,2.97,7/7/2022,2022
RIM L BTS,GARFIELD,BROOK TROUT,299,2.96,7/7/2022,2022
RIVERFRONT POND,SALT LAKE,RAINBOW,115,10,3/21/2022,2022
RIVERFRONT POND,SALT LAKE,RAINBOW,116,10.6,4/26/2022,2022
RIVERFRONT POND,SALT LAKE,RAINBOW,116,10.6,5/3/2022,2022
RIVERFRONT POND,SALT LAKE,WIPER,150,7.1,5/4/2022,2022
RIVERFRONT POND,SALT LAKE,CHANNEL CATFISH,156,11.7,6/2/2022,2022
RIVERFRONT POND,SALT LAKE,CHANNEL CATFISH,174,10.77,6/16/2022,2022
RIVERFRONT POND,SALT LAKE,CHANNEL CATFISH,50,13.57,8/25/2022,2022
RIVERTON POND,SALT LAKE,RAINBOW,501,9.6,3/23/2022,2022
RIVERTON POND,SALT LAKE,RAINBOW,501,9.6,4/26/2022,2022
RIVERTON POND,SALT LAKE,RAINBOW,499,9.46,5/3/2022,2022
RIVERTON POND,SALT LAKE,WIPER,592,7.1,5/4/2022,2022
RIVERTON POND,SALT LAKE,RAINBOW,500,9.47,5/9/2022,2022
RIVERTON POND,SALT LAKE,CHANNEL CATFISH,390,11.7,6/2/2022,2022
RIVERTON POND,SALT LAKE,CHANNEL CATFISH,434,10.77,6/16/2022,2022
RIVERTON POND,SALT LAKE,CHANNEL CATFISH,250,13.57,8/25/2022,2022
RIVERTON POND,SALT LAKE,CHANNEL CATFISH,100,13.57,9/15/2022,2022
RIVERTON POND,SALT LAKE,SUNFISH BLUEGILL,1544,3.36,9/22/2022,2022
RIVERTON POND,SALT LAKE,RAINBOW,565,9.48,9/23/2022,2022
RIVERTON POND,SALT LAKE,RAINBOW,786,9.51,9/27/2022,2022
RIVERTON POND,SALT LAKE,RAINBOW,565,9.42,10/18/2022,2022
ROAD POND,SANPETE,BROOK TROUT,105,2.97,7/14/2022,2022
ROB RES EMW,GARFIELD,CUTTHROAT,286,2.41,9/26/2022,2022
ROBB L WR-1,DUCHESNE,BROOK TROUT,420,3.62,7/6/2022,2022
ROCK CR,DUCHESNE,RAINBOW,1000,9.18,6/3/2022,2022
ROCK CR,DUCHESNE,RAINBOW,997,9.53,6/14/2022,2022
ROCK CR,DUCHESNE,RAINBOW,676,10.18,7/19/2022,2022
"ROCK CR, S FK",DUCHESNE,BROOK TROUT,1181,3.64,6/30/2022,2022
ROCK I L X-96,DUCHESNE,BROOK TROUT,492,2.75,6/29/2022,2022
ROCKPORT RES,SUMMIT,RAINBOW,6084,11.39,4/19/2022,2022
ROCKPORT RES,SUMMIT,RAINBOW,1690,11.39,4/21/2022,2022
ROCKPORT RES,SUMMIT,KOKANEE,30179,3.15,5/11/2022,2022
ROCKPORT RES,SUMMIT,RAINBOW,6885,11.37,9/26/2022,2022
ROCKPORT RES,SUMMIT,RAINBOW,7140,11.37,9/26/2022,2022
ROCKPORT RES,SUMMIT,RAINBOW,1400,12.13,10/24/2022,2022
ROCKPORT RES,SUMMIT,RAINBOW,1000,12.92,11/8/2022,2022
ROSALIE L X-130,DUCHESNE,BROOK TROUT,828,2.75,6/29/2022,2022
ROUND L NBS,WAYNE,BROOK TROUT,1005,2.97,7/7/2022,2022
ROUND L TLM,WAYNE,RAINBOW,752,3.68,6/6/2022,2022
ROUND L TLM,WAYNE,BROOK TROUT,250,3.18,7/26/2022,2022
ROUND WILLOW BOTTOM,GARFIELD,CUTTHROAT,512,2.07,9/26/2022,2022
ROW L 3 GT,GARFIELD,TIGER TROUT,256,8.74,6/17/2022,2022
ROW L 3 GT,GARFIELD,RAINBOW,306,10.29,7/18/2022,2022
ROW L 7-BANANA-GT,GARFIELD,RAINBOW,353,10.29,7/18/2022,2022
ROW L 8 GT,GARFIELD,TIGER TROUT,256,8.74,6/17/2022,2022
RUDOLPH L NO 2 X-40,DUCHESNE,BROOK TROUT,300,2.75,6/29/2022,2022
RUTH L BR-40,SUMMIT,BROOK TROUT,504,2.75,6/27/2022,2022
SALEM POND,UTAH,RAINBOW,630,17.71,1/31/2022,2022
SALEM POND,UTAH,RAINBOW,1302,9.63,3/28/2022,2022
SALEM POND,UTAH,RAINBOW,1302,9.63,3/28/2022,2022
SALEM POND,UTAH,RAINBOW,999,9.75,4/12/2022,2022
SALEM POND,UTAH,RAINBOW,999,9.75,4/18/2022,2022
SALEM POND,UTAH,WIPER,1450,7.08,4/25/2022,2022
SALEM POND,UTAH,RAINBOW,999,9.75,4/25/2022,2022
SALEM POND,UTAH,RAINBOW,1001,10.28,5/2/2022,2022
SALEM POND,UTAH,RAINBOW,999,10.44,5/10/2022,2022
SALEM POND,UTAH,RAINBOW,999,10.44,5/10/2022,2022
SALEM POND,UTAH,CHANNEL CATFISH,858,11.7,6/9/2022,2022
SALEM POND,UTAH,RAINBOW,1500,10.77,6/13/2022,2022
SALEM POND,UTAH,CHANNEL CATFISH,520,10.77,6/16/2022,2022
SALEM POND,UTAH,RAINBOW,999,11.16,7/5/2022,2022
SALEM POND,UTAH,WIPER,310,7.21,7/19/2022,2022
SALEM POND,UTAH,CHANNEL CATFISH,500,13.57,8/25/2022,2022
SALEM POND,UTAH,CHANNEL CATFISH,800,13.57,9/7/2022,2022
SALEM POND,UTAH,RAINBOW,1001,12.44,9/22/2022,2022
SALEM POND,UTAH,SUNFISH BLUEGILL,5951,2.6,9/27/2022,2022
SALEM POND,UTAH,BASS LARGEMOUTH,600,3.36,9/27/2022,2022
SALEM POND,UTAH,RAINBOW,1170,12.44,10/31/2022,2022
SALEM POND,UTAH,RAINBOW,863,11.86,10/31/2022,2022
SALEM POND,UTAH,RAINBOW,423,12.44,10/31/2022,2022
SALEM POND,UTAH,RAINBOW,500,11.86,11/1/2022,2022
SALEM POND,UTAH,RAINBOW,228,15.43,11/22/2022,2022
SALINA CITY POND,SEVIER,RAINBOW,303,10.06,3/22/2022,2022
SALINA CITY POND,SEVIER,RAINBOW,1275,10.02,4/13/2022,2022
SALINA CITY POND,SEVIER,RAINBOW,1009,10.97,5/19/2022,2022
SALINA CITY POND,SEVIER,RAINBOW,1019,10.97,6/1/2022,2022
SALINA RES,SEVIER,RAINBOW,1552,10.97,5/23/2022,2022
SALINA RES,SEVIER,BROOK TROUT,502,3.29,7/28/2022,2022
"SALINA TWIN, EAST",SEVIER,TIGER TROUT,103,3.16,7/28/2022,2022
"SALINA TWIN, WEST",SEVIER,BROOK TROUT,102,3.29,7/28/2022,2022
SALT CR,JUAB,RAINBOW,999,9.41,3/17/2022,2022
SALT CR,JUAB,RAINBOW,999,9.41,3/17/2022,2022
SALT CR,JUAB,RAINBOW,504,10.14,4/11/2022,2022
SALT CR,JUAB,RAINBOW,591,10.36,5/5/2022,2022
SALT CR,JUAB,RAINBOW,591,10.36,5/5/2022,2022
SALT CR,JUAB,RAINBOW,500,10.77,5/23/2022,2022
SALT CR,JUAB,RAINBOW,500,10.77,5/23/2022,2022
SALT CR,JUAB,RAINBOW,499,11.16,6/7/2022,2022
SALT CR,JUAB,RAINBOW,500,11.16,6/7/2022,2022
SALT CR,JUAB,BROWN TROUT,520,5.02,6/22/2022,2022
SALT CR,JUAB,RAINBOW,500,11.16,6/27/2022,2022
SALT CR,JUAB,RAINBOW,500,11.16,6/27/2022,2022
SALT CR,JUAB,RAINBOW,248,9.12,7/12/2022,2022
SALT CR,JUAB,RAINBOW,502,9.12,7/12/2022,2022
SALT CR,JUAB,RAINBOW,253,10.28,9/14/2022,2022
SALT CR,JUAB,RAINBOW,506,10.28,9/14/2022,2022
SALT CR,JUAB,RAINBOW,1050,11.86,10/25/2022,2022
SALT CR,JUAB,RAINBOW,1050,11.86,10/25/2022,2022
"SAND COVE RES, UPPER",WASHINGTON,RAINBOW,2507,10.24,10/19/2022,2022
SANDY COMMUNITY FISHERY,SALT LAKE,RAINBOW,499,9.42,3/15/2022,2022
SANDY COMMUNITY FISHERY,SALT LAKE,RAINBOW,500,9.4,3/22/2022,2022
SANDY COMMUNITY FISHERY,SALT LAKE,RAINBOW,501,9.6,3/23/2022,2022
SANDY COMMUNITY FISHERY,SALT LAKE,RAINBOW,520,10,4/4/2022,2022
SANDY COMMUNITY FISHERY,SALT LAKE,RAINBOW,500,9.4,4/11/2022,2022
SANDY COMMUNITY FISHERY,SALT LAKE,RAINBOW,500,9.62,4/19/2022,2022
SANDY COMMUNITY FISHERY,SALT LAKE,RAINBOW,501,9.6,4/26/2022,2022
SANDY COMMUNITY FISHERY,SALT LAKE,RAINBOW,499,9.46,5/3/2022,2022
SANDY COMMUNITY FISHERY,SALT LAKE,WIPER,449,7.1,5/4/2022,2022
SANDY COMMUNITY FISHERY,SALT LAKE,RAINBOW,500,9.47,5/9/2022,2022
SANDY COMMUNITY FISHERY,SALT LAKE,RAINBOW,501,9.63,5/16/2022,2022
SANDY COMMUNITY FISHERY,SALT LAKE,CHANNEL CATFISH,312,11.7,6/2/2022,2022
SANDY COMMUNITY FISHERY,SALT LAKE,CHANNEL CATFISH,520,10.77,6/16/2022,2022
SANDY COMMUNITY FISHERY,SALT LAKE,CHANNEL CATFISH,200,13.57,8/25/2022,2022
SANDY COMMUNITY FISHERY,SALT LAKE,RAINBOW,700,9.48,9/12/2022,2022
SANDY COMMUNITY FISHERY,SALT LAKE,CHANNEL CATFISH,451,3.12,9/14/2022,2022
SANDY COMMUNITY FISHERY,SALT LAKE,RAINBOW,700,9.48,9/23/2022,2022
SANDY COMMUNITY FISHERY,SALT LAKE,RAINBOW,701,9.51,9/27/2022,2022
SANDY COMMUNITY FISHERY,SALT LAKE,RAINBOW,700,9.42,10/18/2022,2022
SANDY COMMUNITY FISHERY,SALT LAKE,CHANNEL CATFISH,449,5.22,11/16/2022,2022
SANTAQUIN CR,UTAH,CUTTHROAT,2008,2.7,10/20/2022,2022
SAUCER L WR-41,UINTAH,BROOK TROUT,302,3.62,7/6/2022,2022
SCOFIELD RES,CARBON,TIGER TROUT,2160,10.19,5/18/2022,2022
SCOFIELD RES,CARBON,TIGER TROUT,2160,10.19,5/18/2022,2022
SCOFIELD RES,CARBON,TIGER TROUT,2160,10.19,5/18/2022,2022
SCOFIELD RES,CARBON,TIGER TROUT,2160,10.19,5/18/2022,2022
SCOFIELD RES,CARBON,TIGER TROUT,2160,10.19,5/18/2022,2022
SCOFIELD RES,CARBON,TIGER TROUT,2160,10.19,5/18/2022,2022
SCOFIELD RES,CARBON,TIGER TROUT,2160,10.19,5/18/2022,2022
SCOFIELD RES,CARBON,TIGER TROUT,2160,10.19,5/18/2022,2022
SCOFIELD RES,CARBON,MUSKIE TIGER,9000,1.36,5/24/2022,2022
SCOFIELD RES,CARBON,WIPER,3232,8.56,5/26/2022,2022
SCOFIELD RES,CARBON,WIPER,3216,8.57,5/26/2022,2022
SCOFIELD RES,CARBON,WIPER,2424,9.38,5/26/2022,2022
SCOFIELD RES,CARBON,WIPER,2640,9.12,5/26/2022,2022
SCOFIELD RES,CARBON,CUTTHROAT,21190,7.27,5/31/2022,2022
SCOFIELD RES,CARBON,CUTTHROAT,10450,8.28,6/1/2022,2022
SCOFIELD RES,CARBON,CUTTHROAT,13538,7.6,6/2/2022,2022
SCOFIELD RES,CARBON,CUTTHROAT,13063,7.69,6/3/2022,2022
SCOFIELD RES,CARBON,TIGER TROUT,1694,10.91,7/19/2022,2022
SCOFIELD RES,CARBON,TIGER TROUT,1694,10.91,7/19/2022,2022
SCOFIELD RES,CARBON,TIGER TROUT,1012,10.91,7/21/2022,2022
SCOFIELD RES,CARBON,WIPER,40000,1.89,7/29/2022,2022
SCOFIELD RES,CARBON,TIGER TROUT,2400,9.41,8/18/2022,2022
SCOFIELD RES,CARBON,WIPER,369,5.68,10/19/2022,2022
SCOFIELD RES,CARBON,WIPER,7140,4.05,10/19/2022,2022
SCOFIELD RES,CARBON,RAINBOW,1500,11.86,10/24/2022,2022
SCOFIELD RES,CARBON,RAINBOW,1500,11.86,10/24/2022,2022
SCOFIELD RES,CARBON,RAINBOW,1500,11.86,10/24/2022,2022
SCOFIELD RES,CARBON,RAINBOW,1500,11.86,10/24/2022,2022
SCOFIELD RES,CARBON,RAINBOW,1500,11.86,10/24/2022,2022
SCOFIELD RES,CARBON,RAINBOW,1500,11.86,10/24/2022,2022
SCOFIELD RES,CARBON,RAINBOW,1500,11.86,10/24/2022,2022
SCOFIELD RES,CARBON,RAINBOW,1500,11.86,10/24/2022,2022
SCOFIELD RES,CARBON,RAINBOW,1500,11.86,10/24/2022,2022
SCOFIELD RES,CARBON,RAINBOW,1500,11.86,10/25/2022,2022
SCOFIELD RES,CARBON,RAINBOW,1500,11.86,10/25/2022,2022
SCOFIELD RES,CARBON,RAINBOW,1500,11.86,10/25/2022,2022
SCOUT L,IRON,TIGER TROUT,768,8.74,6/13/2022,2022
SCOUT L Z-12,DUCHESNE,BROOK TROUT,1008,2.75,6/29/2022,2022
SEA LION L RC-11,DUCHESNE,CUTTHROAT,783,1.91,9/23/2022,2022
SENCEBALL,BEAVER,BROOK TROUT,96,2.97,7/7/2022,2022
SETTLEMENT CYN RES,TOOELE,RAINBOW,1202,9.75,4/4/2022,2022
SETTLEMENT CYN RES,TOOELE,RAINBOW,1202,9.75,4/14/2022,2022
SETTLEMENT CYN RES,TOOELE,RAINBOW,1199,10.44,5/17/2022,2022
SETTLEMENT CYN RES,TOOELE,RAINBOW,1197,11.16,6/8/2022,2022
SETTLEMENT CYN RES,TOOELE,RAINBOW,1200,10.77,6/14/2022,2022
SETTLEMENT CYN RES,TOOELE,WIPER,2200,7.79,6/15/2022,2022
SETTLEMENT CYN RES,TOOELE,RAINBOW,600,10.77,6/28/2022,2022
SETTLEMENT CYN RES,TOOELE,RAINBOW,600,10.77,6/28/2022,2022
SETTLEMENT CYN RES,TOOELE,RAINBOW,1206,11.16,7/11/2022,2022
SETTLEMENT CYN RES,TOOELE,RAINBOW,1206,11.16,7/11/2022,2022
SETTLEMENT CYN RES,TOOELE,RAINBOW,600,11.6,8/2/2022,2022
SETTLEMENT CYN RES,TOOELE,RAINBOW,600,11.6,8/2/2022,2022
SETTLEMENT CYN RES,TOOELE,RAINBOW,1040,12.44,10/11/2022,2022
SETTLEMENT CYN RES,TOOELE,RAINBOW,1040,12.44,10/11/2022,2022
SETTLEMENT CYN RES,TOOELE,TIGER TROUT,4545,6.82,10/18/2022,2022
SETTLEMENT CYN RES,TOOELE,TIGER TROUT,1485,6.82,10/18/2022,2022
SEVIER R,SEVIER,BROWN TROUT,25850,1.38,2/8/2022,2022
SEVIER R,SEVIER,RAINBOW,7500,3.4,3/10/2022,2022
SEVIER R,GARFIELD,BROWN TROUT,20544,3.45,5/9/2022,2022
SEVIER R,GARFIELD,BROWN TROUT,5136,3.45,5/9/2022,2022
SEVIER R,SEVIER,BROWN TROUT,15408,3.45,5/11/2022,2022
SEVIER R,GARFIELD,RAINBOW,24092,2.78,5/31/2022,2022
SEVIER R,SEVIER,CUTTHROAT,6705,2.2,9/20/2022,2022
SEVIER R,GARFIELD,CUTTHROAT,4023,2.2,9/20/2022,2022
"SEVIER R, E FK",PIUTE,RAINBOW,600,9.95,3/23/2022,2022
"SEVIER R, E FK",PIUTE,BROWN TROUT,14510,3.45,5/10/2022,2022
"SEVIER R, E FK",PIUTE,RAINBOW,598,10.36,5/10/2022,2022
"SEVIER R, E FK",GARFIELD,BROWN TROUT,3271,3.99,5/19/2022,2022
"SEVIER R, E FK",GARFIELD,BROWN TROUT,5009,3.99,5/19/2022,2022
"SEVIER R, E FK",PIUTE,RAINBOW,880,10.52,7/6/2022,2022
"SEVIER R, E FK",GARFIELD,CUTTHROAT,5085,2.04,9/13/2022,2022
"SEVIER R, E FK",GARFIELD,CUTTHROAT,5085,2.04,9/13/2022,2022
"SEVIER R, E FK",PIUTE,CUTTHROAT,5130,2.2,9/13/2022,2022
SHADOW L A-52,SUMMIT,BROOK TROUT,696,2.75,6/27/2022,2022
SHALER L Z-34,DUCHESNE,CUTTHROAT,1263,1.57,9/23/2022,2022
SHAMROCK L X-98,DUCHESNE,BROOK TROUT,1848,2.75,6/29/2022,2022
SHEEP CR,DAGGETT,RAINBOW,358,9.51,6/15/2022,2022
SHEEP CR,DAGGETT,RAINBOW,361,9.51,6/15/2022,2022
SHEEP CR L,DAGGETT,CUTTHROAT,3430,5.96,9/13/2022,2022
"SHINGLE CR,EAST A-39",SUMMIT,TIGER TROUT,257,2.65,6/28/2022,2022
"SHINGLE CR,WEST P-60",SUMMIT,BROOK TROUT,252,2.75,6/27/2022,2022
SHINGLE MILL RES,SANPETE,RAINBOW,1815,9.12,6/30/2022,2022
SHORT L,GARFIELD,CUTTHROAT,320,2.07,9/26/2022,2022
SILENT VIGIL,SANPETE,BROOK TROUT,105,2.97,7/14/2022,2022
SILVER L,UTAH,BROOK TROUT,1320,2.75,6/27/2022,2022
SILVER L,UTAH,CUTTHROAT,4000,2.43,9/19/2022,2022
SILVER L FLAT RES,UTAH,RAINBOW,1001,11.26,5/18/2022,2022
SILVER L FLAT RES,UTAH,RAINBOW,1360,11.83,6/14/2022,2022
SILVER L FLAT RES,UTAH,BROOK TROUT,5040,2.75,6/27/2022,2022
SILVER L FLAT RES,UTAH,RAINBOW,2349,11.83,6/30/2022,2022
SILVER L FLAT RES,UTAH,CUTTHROAT,5000,2.43,9/19/2022,2022
SILVER L-BRIGHTON,SALT LAKE,RAINBOW,2672,9.45,6/8/2022,2022
SILVER L-BRIGHTON,SALT LAKE,RAINBOW,1984,10.43,6/21/2022,2022
SILVER L-BRIGHTON,SALT LAKE,BROOK TROUT,2040,2.75,6/27/2022,2022
SILVER L-BRIGHTON,SALT LAKE,RAINBOW,1342,9.36,7/6/2022,2022
SILVER L-BRIGHTON,SALT LAKE,RAINBOW,1002,9.81,7/19/2022,2022
SIX MILE CR,SANPETE,CUTTHROAT,9000,2.12,9/19/2022,2022
SIX MILE POND,SANPETE,RAINBOW,264,9.12,7/7/2022,2022
SIX MILE POND,SANPETE,RAINBOW,1241,11.37,7/7/2022,2022
SKUTUMPA RES,SEVIER,RAINBOW,253,10.37,4/27/2022,2022
SKUTUMPA RES,SEVIER,RAINBOW,500,4.98,4/27/2022,2022
SKUTUMPA RES,SEVIER,RAINBOW,258,10.14,6/14/2022,2022
SKUTUMPA RES,SEVIER,TIGER TROUT,512,8.74,6/17/2022,2022
SKYLERS POND,CACHE,RAINBOW,300,9.05,4/20/2022,2022
SKYLERS POND,CACHE,RAINBOW,300,9.72,4/28/2022,2022
SKYLERS POND,CACHE,RAINBOW,300,10.19,5/12/2022,2022
SKYLERS POND,CACHE,RAINBOW,1000,11.37,10/25/2022,2022
SKYLINE P,WASHINGTON,RAINBOW,455,11.12,2/9/2022,2022
SKYLINE P,WASHINGTON,RAINBOW,448,11.46,2/24/2022,2022
SKYLINE P,WASHINGTON,RAINBOW,350,14.44,3/23/2022,2022
SKYLINE P,WASHINGTON,RAINBOW,441,9.93,11/8/2022,2022
SKYLINE P,WASHINGTON,RAINBOW,454,9.83,11/22/2022,2022
SKYLINE P,WASHINGTON,RAINBOW,372,6.95,12/8/2022,2022
SKYLINE P,WASHINGTON,RAINBOW,532,7.77,12/20/2022,2022
SMITH FAMILY PARK POND,WEBER,RAINBOW,700,9.42,3/15/2022,2022
SMITH FAMILY PARK POND,WEBER,RAINBOW,149,19.64,3/15/2022,2022
SMITH FAMILY PARK POND,WEBER,RAINBOW,149,19.64,3/21/2022,2022
SMITH FAMILY PARK POND,WEBER,RAINBOW,699,9.46,3/28/2022,2022
SMITH FAMILY PARK POND,WEBER,RAINBOW,132,19.64,3/28/2022,2022
SMITH FAMILY PARK POND,WEBER,RAINBOW,699,9.6,4/25/2022,2022
SMITH FAMILY PARK POND,WEBER,RAINBOW,307,15.21,5/18/2022,2022
SMITH FAMILY PARK POND,WEBER,RAINBOW,801,9.69,5/24/2022,2022
SMITH FAMILY PARK POND,WEBER,CHANNEL CATFISH,390,11.7,6/2/2022,2022
SMITH FAMILY PARK POND,WEBER,RAINBOW,800,10,6/6/2022,2022
SMITH FAMILY PARK POND,WEBER,WIPER,496,7.8,6/13/2022,2022
SMITH FAMILY PARK POND,WEBER,CHANNEL CATFISH,468,10.77,6/16/2022,2022
SMITH FAMILY PARK POND,WEBER,CHANNEL CATFISH,250,13.57,9/15/2022,2022
SMITH FAMILY PARK POND,WEBER,RAINBOW,691,9.48,9/23/2022,2022
SMITH FAMILY PARK POND,WEBER,RAINBOW,702,9.51,9/27/2022,2022
SMITH FAMILY PARK POND,WEBER,RAINBOW,248,19.64,9/27/2022,2022
SMITH FAMILY PARK POND,WEBER,RAINBOW,801,9.42,10/17/2022,2022
SMITH FAMILY PARK POND,WEBER,RAINBOW,198,19.64,10/18/2022,2022
SMITH FAMILY PARK POND,WEBER,RAINBOW,800,9.46,10/25/2022,2022
SMITH FAMILY PARK POND,WEBER,RAINBOW,799,9.46,10/31/2022,2022
SMITH FAMILY PARK POND,WEBER,RAINBOW,801,9.52,11/14/2022,2022
SMITH FAMILY PARK POND,WEBER,RAINBOW,600,9.52,11/22/2022,2022
SMITH-MOREHOUSE RES,SUMMIT,RAINBOW,1508,9.52,5/23/2022,2022
SMITH-MOREHOUSE RES,SUMMIT,RAINBOW,1504,9.21,6/2/2022,2022
SMITH-MOREHOUSE RES,SUMMIT,RAINBOW,2001,9.41,6/6/2022,2022
SMITH-MOREHOUSE RES,SUMMIT,SPLAKE,506,3.41,6/22/2022,2022
SMITH-MOREHOUSE RES,SUMMIT,RAINBOW,2009,10.07,7/4/2022,2022
SMITH-MOREHOUSE RES,SUMMIT,RAINBOW,2000,10,7/21/2022,2022
SMITH-MOREHOUSE RES,SUMMIT,RAINBOW,2001,10.28,8/22/2022,2022
SMITHFIELD CR,CACHE,RAINBOW,250,10.23,5/27/2022,2022
SMITHS FK PASS L G14,SUMMIT,TIGER TROUT,878,2.65,6/28/2022,2022
"SMITHS FK, W FK",SUMMIT,CUTTHROAT,99,15.35,8/9/2022,2022
SNOW L,SANPETE,RAINBOW,999,9.41,7/21/2022,2022
"SOLDIER CR, S FK",UTAH,CUTTHROAT,1506,2.3,9/21/2022,2022
SOLITAIRE L NBS,WAYNE,CUTTHROAT,512,2.07,9/26/2022,2022
SONNY L X-12,DUCHESNE,BROOK TROUT,408,2.75,6/29/2022,2022
SOUP BOWL RES,SANPETE,RAINBOW,500,11.16,6/13/2022,2022
SOUP BOWL RES,SANPETE,RAINBOW,498,9.12,7/12/2022,2022
SOUP BOWL RES,SANPETE,TIGER TROUT,990,5.06,7/26/2022,2022
SOUP BOWL RES,SANPETE,RAINBOW,500,10.77,10/4/2022,2022
SOWERS CR,DUCHESNE,CUTTHROAT,1986,2.05,10/6/2022,2022
SPANISH FK R,UTAH,BROWN TROUT,1560,5.02,6/23/2022,2022
SPANISH OAKS P,UTAH,RAINBOW,527,9.4,3/22/2022,2022
SPANISH OAKS P,UTAH,RAINBOW,396,19.64,3/22/2022,2022
SPANISH OAKS P,UTAH,RAINBOW,526,9.6,3/23/2022,2022
SPANISH OAKS P,UTAH,RAINBOW,1581,9.4,3/25/2022,2022
SPANISH OAKS P,UTAH,RAINBOW,528,9.87,4/1/2022,2022
SPANISH OAKS P,UTAH,RAINBOW,527,9.4,4/11/2022,2022
SPANISH OAKS P,UTAH,RAINBOW,528,9.62,4/18/2022,2022
SPANISH OAKS P,UTAH,RAINBOW,526,9.6,4/25/2022,2022
SPANISH OAKS P,UTAH,RAINBOW,529,9.46,5/2/2022,2022
SPANISH OAKS P,UTAH,RAINBOW,528,9.46,5/10/2022,2022
SPANISH OAKS P,UTAH,RAINBOW,526,9.63,5/16/2022,2022
SPANISH OAKS P,UTAH,RAINBOW,200,15.21,5/17/2022,2022
SPANISH OAKS P,UTAH,RAINBOW,528,9.69,5/30/2022,2022
SPANISH OAKS P,UTAH,RAINBOW,528,9.69,6/13/2022,2022
SPANISH OAKS P,UTAH,RAINBOW,528,9.69,6/22/2022,2022
SPANISH OAKS P,UTAH,RAINBOW,545,9.69,7/6/2022,2022
SPANISH OAKS P,UTAH,RAINBOW,528,9.69,7/11/2022,2022
SPANISH OAKS P,UTAH,RAINBOW,868,9.46,9/12/2022,2022
SPANISH OAKS P,UTAH,RAINBOW,529,9.46,9/12/2022,2022
SPANISH OAKS P,UTAH,RAINBOW,434,9.51,9/26/2022,2022
SPECTACLE L A-44,SUMMIT,BROOK TROUT,348,2.75,6/29/2022,2022
SPECTACLE L BTS,GARFIELD,TIGER TROUT,45,2.82,7/7/2022,2022
SPECTACLE L BTS,GARFIELD,BROOK TROUT,347,2.96,7/7/2022,2022
SPIDER L X-109,DUCHESNE,BROOK TROUT,2129,3.62,7/6/2022,2022
SPINNERS RES,SANPETE,RAINBOW,499,11.16,6/9/2022,2022
SPINNERS RES,SANPETE,TIGER TROUT,506,5.06,7/27/2022,2022
SPIRIT L GR-3,DAGGETT,TIGER TROUT,2501,9.36,6/22/2022,2022
SPRING HILL P #1,SANPETE,RAINBOW,599,11.16,6/9/2022,2022
SPRING HILL P #1,SANPETE,RAINBOW,601,9.12,7/13/2022,2022
SPRING HILL P #1,SANPETE,BROOK TROUT,201,2.97,7/14/2022,2022
SQUAW L X-95,DUCHESNE,BROOK TROUT,1056,2.75,6/29/2022,2022
STAR L A-42,SUMMIT,TIGER TROUT,662,2.65,6/28/2022,2022
STARVATION RES,DUCHESNE,RAINBOW,3988,2.58,4/27/2022,2022
STARVATION RES,DUCHESNE,CRAPPIE BLACK,74998,2.63,5/4/2022,2022
STARVATION RES,DUCHESNE,RAINBOW,2206,3.34,9/21/2022,2022
STARVATION RES,DUCHESNE,RAINBOW,19722,3.7,10/19/2022,2022
STARVATION RES,DUCHESNE,RAINBOW,33434,4.78,10/25/2022,2022
STARVATION RES,DUCHESNE,RAINBOW,16717,4.78,10/25/2022,2022
STARVATION RES,DUCHESNE,RAINBOW,18765,10.18,10/27/2022,2022
STARVATION RES,DUCHESNE,RAINBOW,6528,10.22,10/27/2022,2022
STARVATION RES,DUCHESNE,RAINBOW,1076,10.18,10/27/2022,2022
STARVATION RES,DUCHESNE,RAINBOW,3125,10.27,10/27/2022,2022
STARVATION RES,DUCHESNE,RAINBOW,1818,10.19,10/27/2022,2022
STARVATION RES,DUCHESNE,RAINBOW,2176,10.19,10/28/2022,2022
STARVATION RES,DUCHESNE,RAINBOW,1688,10.01,10/28/2022,2022
STARVATION RES,DUCHESNE,RAINBOW,4903,10.07,10/28/2022,2022
STARVATION RES,DUCHESNE,RAINBOW,3380,10.14,10/28/2022,2022
STARVATION RES,DUCHESNE,RAINBOW,332,10.07,10/28/2022,2022
STARVATION RES,DUCHESNE,RAINBOW,175,13.57,10/28/2022,2022
STARVATION RES,DUCHESNE,RAINBOW,4307,10.07,10/31/2022,2022
STARVATION RES,DUCHESNE,RAINBOW,4439,10.07,10/31/2022,2022
STARVATION RES,DUCHESNE,RAINBOW,719,11.76,11/1/2022,2022
STARVATION RES,DUCHESNE,RAINBOW,1280,11.73,11/1/2022,2022
STARVATION RES,DUCHESNE,RAINBOW,3445,10.07,11/1/2022,2022
STARVATION RES,DUCHESNE,RAINBOW,4240,10.07,11/1/2022,2022
STARVATION RES,SAN JUAN,RAINBOW,5185,5.9,11/8/2022,2022
STARVATION RES,DUCHESNE,RAINBOW,1739,10.48,11/9/2022,2022
STATELINE RES,SUMMIT,RAINBOW,7540,9.52,5/26/2022,2022
STATELINE RES,SUMMIT,LAKE TROUT,3024,4.63,7/19/2022,2022
STEED POND,DAVIS,RAINBOW,498,9.41,2/22/2022,2022
STEED POND,DAVIS,WIPER,501,7.8,6/13/2022,2022
STEED POND,DAVIS,CHANNEL CATFISH,434,10.77,6/16/2022,2022
STEED POND,DAVIS,RAINBOW,501,9.48,9/12/2022,2022
STEED POND,DAVIS,CHANNEL CATFISH,250,13.57,9/15/2022,2022
STEED POND,DAVIS,RAINBOW,349,9.51,9/26/2022,2022
STEED POND,DAVIS,RAINBOW,400,9.63,10/11/2022,2022
STEED POND,DAVIS,RAINBOW,499,9.46,10/24/2022,2022
STEINAKER RES,UINTAH,RAINBOW,6832,7.64,3/28/2022,2022
STEINAKER RES,UINTAH,RAINBOW,5746,7.6,3/28/2022,2022
STEINAKER RES,UINTAH,BROWN TROUT,6175,2.26,5/16/2022,2022
STEINAKER RES,UINTAH,RAINBOW,2034,8.21,6/8/2022,2022
STEINAKER RES,UINTAH,RAINBOW,12638,7.28,10/5/2022,2022
STEINAKER RES,UINTAH,RAINBOW,2000,11.73,11/9/2022,2022
STEWART L,UINTAH,CHUB,105,10.05,6/30/2022,2022
STILLWATER FK,SUMMIT,RAINBOW,196,10.07,7/5/2022,2022
STILLWATER FK,SUMMIT,RAINBOW,201,10.07,7/19/2022,2022
STILLWATER FK,SUMMIT,RAINBOW,200,10,8/1/2022,2022
STILLWATER FK,SUMMIT,RAINBOW,200,10,8/15/2022,2022
STODDARD SLOUGH,MORGAN,RAINBOW,199,10.14,5/16/2022,2022
STONE L FL,SEVIER,BROOK TROUT,96,2.97,7/7/2022,2022
STRATTON P,WASHINGTON,RAINBOW,457,10.21,1/5/2022,2022
STRATTON P,WASHINGTON,RAINBOW,531,10.56,1/26/2022,2022
STRATTON P,WASHINGTON,RAINBOW,455,11.12,2/9/2022,2022
STRATTON P,WASHINGTON,RAINBOW,448,11.46,2/24/2022,2022
STRATTON P,WASHINGTON,RAINBOW,444,11.22,3/10/2022,2022
STRATTON P,WASHINGTON,RAINBOW,602,14.44,3/17/2022,2022
STRATTON P,WASHINGTON,RAINBOW,440,10.42,4/1/2022,2022
STRATTON P,WASHINGTON,RAINBOW,442,10.4,4/21/2022,2022
STRATTON P,WASHINGTON,RAINBOW,480,9.63,11/1/2022,2022
STRATTON P,WASHINGTON,RAINBOW,455,9.83,11/22/2022,2022
STRATTON P,WASHINGTON,RAINBOW,372,6.95,12/8/2022,2022
STRATTON P,WASHINGTON,RAINBOW,399,7.77,12/20/2022,2022
STRATTON P,WASHINGTON,RAINBOW,175,6.58,12/20/2022,2022
STRAWBERRY R,WASATCH,CUTTHROAT,6520,5.8,6/8/2022,2022
STRAWBERRY R,DUCHESNE,RAINBOW,500,9.14,6/9/2022,2022
STRAWBERRY R,DUCHESNE,RAINBOW,500,9.61,7/1/2022,2022
STRAWBERRY R,WASATCH,CUTTHROAT,30012,2.26,10/21/2022,2022
"STRAWBERRY R, UPPER",WASATCH,CUTTHROAT,30680,3.34,9/27/2022,2022
"STRAWBERRY R, UPPER",WASATCH,CUTTHROAT,30680,3.34,9/27/2022,2022
"STRAWBERRY R, UPPER",WASATCH,CUTTHROAT,30680,3.34,9/27/2022,2022
"STRAWBERRY R, UPPER",WASATCH,CUTTHROAT,30680,3.34,9/28/2022,2022
"STRAWBERRY R, UPPER",WASATCH,CUTTHROAT,30680,3.34,9/28/2022,2022
"STRAWBERRY R, UPPER",WASATCH,CUTTHROAT,21093,3.34,9/28/2022,2022
"STRAWBERRY R, UPPER",WASATCH,CUTTHROAT,15340,3.34,9/29/2022,2022
STRAWBERRY RES,WASATCH,KOKANEE,69720,3.15,5/2/2022,2022
STRAWBERRY RES,WASATCH,KOKANEE,139440,3.15,5/2/2022,2022
STRAWBERRY RES,WASATCH,RAINBOW,5040,9.26,5/3/2022,2022
STRAWBERRY RES,WASATCH,RAINBOW,4350,9.52,5/3/2022,2022
STRAWBERRY RES,WASATCH,RAINBOW,19816,9.33,5/10/2022,2022
STRAWBERRY RES,WASATCH,KOKANEE,190635,3.15,5/10/2022,2022
STRAWBERRY RES,WASATCH,CUTTHROAT,13800,6.77,5/11/2022,2022
STRAWBERRY RES,WASATCH,CUTTHROAT,13774,6.65,5/11/2022,2022
STRAWBERRY RES,WASATCH,RAINBOW,5184,9.33,5/11/2022,2022
STRAWBERRY RES,WASATCH,CUTTHROAT,15181,6.65,5/11/2022,2022
STRAWBERRY RES,WASATCH,CUTTHROAT,5093,6.65,5/12/2022,2022
STRAWBERRY RES,WASATCH,KOKANEE,49800,3.06,5/26/2022,2022
STRAWBERRY RES,WASATCH,RAINBOW,12600,9.26,5/31/2022,2022
STRAWBERRY RES,WASATCH,RAINBOW,5920,9.21,6/1/2022,2022
STRAWBERRY RES,WASATCH,RAINBOW,6773,9.26,6/1/2022,2022
STRAWBERRY RES,WASATCH,RAINBOW,9440,9.21,6/1/2022,2022
STRAWBERRY RES,WASATCH,RAINBOW,60698,9.45,6/6/2022,2022
STRAWBERRY RES,WASATCH,RAINBOW,14312,9.45,6/6/2022,2022
STRAWBERRY RES,WASATCH,CUTTHROAT,13568,8.39,6/21/2022,2022
STRAWBERRY RES,WASATCH,CUTTHROAT,11865,8.74,6/21/2022,2022
STRAWBERRY RES,WASATCH,CUTTHROAT,13334,8.49,6/22/2022,2022
STRAWBERRY RES,WASATCH,CUTTHROAT,12416,8.64,6/22/2022,2022
STRAWBERRY RES,WASATCH,CUTTHROAT,11335,8.87,6/22/2022,2022
STRAWBERRY RES,WASATCH,CUTTHROAT,15147,8.17,6/23/2022,2022
STRAWBERRY RES,WASATCH,CUTTHROAT,12411,8.61,6/23/2022,2022
STRAWBERRY RES,WASATCH,CUTTHROAT,16179,7.88,6/25/2022,2022
STRAWBERRY RES,WASATCH,CUTTHROAT,13678,8.33,6/27/2022,2022
STRAWBERRY RES,WASATCH,CUTTHROAT,29750,3.23,9/26/2022,2022
STRAWBERRY RES,WASATCH,CUTTHROAT,110500,3.23,9/29/2022,2022
STRAWBERRY RES,WASATCH,CUTTHROAT,38220,10.32,10/4/2022,2022
STRAWBERRY RES,WASATCH,CUTTHROAT,84890,10.32,10/4/2022,2022
STRAWBERRY RES,WASATCH,CUTTHROAT,10556,10.32,10/5/2022,2022
STRAWBERRY RES,WASATCH,RAINBOW,1632,12.25,10/7/2022,2022
STRAWBERRY RES,WASATCH,RAINBOW,6120,10.41,10/24/2022,2022
STRAWBERRY RES,WASATCH,RAINBOW,6171,10.38,10/24/2022,2022
STRAWBERRY RES,WASATCH,RAINBOW,16300,10.27,10/24/2022,2022
STRAWBERRY RES,WASATCH,RAINBOW,6000,10.27,10/24/2022,2022
STRAWBERRY RES,WASATCH,RAINBOW,17280,10.41,10/24/2022,2022
STRAWBERRY RES,WASATCH,RAINBOW,3536,10.14,10/25/2022,2022
STRAWBERRY RES,WASATCH,RAINBOW,17340,10.41,10/25/2022,2022
STRAWBERRY RES,WASATCH,RAINBOW,18954,10.14,10/25/2022,2022
STRAWBERRY RES,WASATCH,RAINBOW,4165,10.34,10/26/2022,2022
STRAWBERRY RES,WASATCH,RAINBOW,2295,10.01,10/26/2022,2022
STRAWBERRY RES,WASATCH,RAINBOW,17640,10.34,10/26/2022,2022
STRAWBERRY RES,WASATCH,RAINBOW,19521,10.01,10/26/2022,2022
STRAWBERRY RES,WASATCH,RAINBOW,3969,10.34,10/26/2022,2022
STRAWBERRY RES,WASATCH,RAINBOW,2695,10.34,10/27/2022,2022
STRAWBERRY RES,WASATCH,RAINBOW,4199,10.35,11/14/2022,2022
STRAWBERRY RES,WASATCH,RAINBOW,210,10.35,11/15/2022,2022
SUNSET POND,SALT LAKE,RAINBOW,250,9.4,3/22/2022,2022
SUNSET POND,SALT LAKE,RAINBOW,251,9.46,3/28/2022,2022
SUNSET POND,SALT LAKE,RAINBOW,250,10,4/4/2022,2022
SUNSET POND,SALT LAKE,RAINBOW,250,9.4,4/11/2022,2022
SUNSET POND,SALT LAKE,RAINBOW,250,9.62,4/19/2022,2022
SUNSET POND,SALT LAKE,RAINBOW,249,9.6,4/26/2022,2022
SUNSET POND,SALT LAKE,RAINBOW,251,9.46,5/3/2022,2022
SUNSET POND,SALT LAKE,WIPER,169,7.1,5/4/2022,2022
SUNSET POND,SALT LAKE,RAINBOW,250,9.69,5/31/2022,2022
SUNSET POND,SALT LAKE,CHANNEL CATFISH,234,11.7,6/2/2022,2022
SUNSET POND,SALT LAKE,CHANNEL CATFISH,426,10.77,6/16/2022,2022
SUNSET POND,SALT LAKE,CHANNEL CATFISH,150,13.57,8/25/2022,2022
SUNSET POND,SALT LAKE,CHANNEL CATFISH,300,13.57,9/15/2022,2022
SUNSET POND,SALT LAKE,SUNFISH BLUEGILL,161,3.36,9/22/2022,2022
SUNSET POND,SALT LAKE,BASS LARGEMOUTH,107,2.6,9/22/2022,2022
SUNSET POND,SALT LAKE,CHANNEL CATFISH,200,5.22,11/16/2022,2022
SURVEYORS L BTN,GARFIELD,TIGER TROUT,45,2.82,7/7/2022,2022
SURVEYORS L BTN,GARFIELD,BROOK TROUT,249,2.97,7/7/2022,2022
TALL FOUR RES,GARFIELD,CUTTHROAT,50,3.36,9/28/2022,2022
TAYLOR L WR-8,DUCHESNE,BROOK TROUT,2497,3.7,6/30/2022,2022
TEAL L BR-32,SUMMIT,TIGER TROUT,716,2.65,6/28/2022,2022
TEAL SP,BOX ELDER,RAINBOW,750,9.16,4/6/2022,2022
TEAPOT L A-60,SUMMIT,RAINBOW,510,9.41,6/14/2022,2022
TEAPOT L A-60,SUMMIT,RAINBOW,512,9.21,6/21/2022,2022
TEAPOT L A-60,SUMMIT,TIGER TROUT,500,9.36,6/22/2022,2022
TEAPOT L A-60,SUMMIT,BROOK TROUT,500,2.92,7/4/2022,2022
TEAPOT L A-60,SUMMIT,RAINBOW,502,10.07,7/5/2022,2022
TEAPOT L A-60,SUMMIT,TIGER TROUT,499,9.52,7/6/2022,2022
TEAPOT L A-60,SUMMIT,TIGER TROUT,402,9.41,7/18/2022,2022
TEAPOT L A-60,SUMMIT,RAINBOW,250,10.07,7/19/2022,2022
TEAPOT L A-60,SUMMIT,RAINBOW,300,10,8/8/2022,2022
TEAPOT L A-60,SUMMIT,RAINBOW,300,10,8/15/2022,2022
TEAPOT L A-60,SUMMIT,TIGER TROUT,501,9.63,8/16/2022,2022
TEAPOT L A-60,SUMMIT,RAINBOW,501,10.28,8/29/2022,2022
THISTLE CR,UTAH,BROWN TROUT,2080,5.02,6/23/2022,2022
THISTLE CR,UTAH,CUTTHROAT,2502,2.09,9/21/2022,2022
THISTLE CR,UTAH,CUTTHROAT,1011,2.7,10/20/2022,2022
THREE CREEKS RES,BEAVER,RAINBOW,504,10.97,5/25/2022,2022
TIBBLE FK RES,UTAH,RAINBOW,1900,9.95,4/21/2022,2022
TIBBLE FK RES,UTAH,RAINBOW,499,11.08,4/27/2022,2022
TIBBLE FK RES,UTAH,RAINBOW,500,10.44,4/27/2022,2022
TIBBLE FK RES,UTAH,RAINBOW,1802,10.17,5/12/2022,2022
TIBBLE FK RES,UTAH,RAINBOW,499,11.26,5/12/2022,2022
TIBBLE FK RES,UTAH,RAINBOW,1452,10.14,5/18/2022,2022
TIBBLE FK RES,UTAH,RAINBOW,501,11.26,5/23/2022,2022
TIBBLE FK RES,UTAH,RAINBOW,1601,10.14,5/23/2022,2022
TIBBLE FK RES,UTAH,RAINBOW,3551,9.45,6/9/2022,2022
TIBBLE FK RES,UTAH,RAINBOW,499,11.35,6/9/2022,2022
TIBBLE FK RES,UTAH,RAINBOW,1750,10.56,6/14/2022,2022
TIBBLE FK RES,UTAH,RAINBOW,1801,10.43,6/22/2022,2022
TIBBLE FK RES,UTAH,RAINBOW,491,12.02,6/22/2022,2022
TIBBLE FK RES,UTAH,RAINBOW,1740,11.86,7/5/2022,2022
TIBBLE FK RES,UTAH,RAINBOW,1750,9.81,7/18/2022,2022
TIDWELL RES,SEVIER,RAINBOW,302,3.68,6/6/2022,2022
TIDWELL RES,SEVIER,BROOK TROUT,101,3.18,7/26/2022,2022
TIE FK CR,UTAH,CUTTHROAT,1009,2.3,9/21/2022,2022
TONY GROVE L,CACHE,RAINBOW,2000,10.39,6/15/2022,2022
TONY GROVE L,CACHE,RAINBOW,2400,10.28,6/29/2022,2022
TONY GROVE L,CACHE,RAINBOW,2400,10.53,7/18/2022,2022
"TOWA P, UPPER",WASHINGTON,RAINBOW,653,10.21,1/5/2022,2022
"TOWA P, UPPER",WASHINGTON,RAINBOW,944,10.56,1/26/2022,2022
"TOWA P, UPPER",WASHINGTON,RAINBOW,606,11.12,2/9/2022,2022
"TOWA P, UPPER",WASHINGTON,RAINBOW,597,11.46,2/24/2022,2022
"TOWA P, UPPER",WASHINGTON,RAINBOW,128,17.84,3/24/2022,2022
"TOWA P, UPPER",WASHINGTON,RAINBOW,33,14.44,3/24/2022,2022
"TOWA P, UPPER",WASHINGTON,RAINBOW,490,11.6,3/25/2022,2022
"TOWA P, UPPER",WASHINGTON,RAINBOW,662,9.93,11/8/2022,2022
"TOWA P, UPPER",WASHINGTON,RAINBOW,682,9.83,11/22/2022,2022
"TOWA P, UPPER",WASHINGTON,RAINBOW,744,6.95,12/8/2022,2022
"TOWA P, UPPER",WASHINGTON,RAINBOW,665,7.77,12/20/2022,2022
TOWA P. LOWER,WASHINGTON,RAINBOW,392,10.21,1/5/2022,2022
TOWA P. LOWER,WASHINGTON,RAINBOW,590,10.56,1/26/2022,2022
TOWA P. LOWER,WASHINGTON,RAINBOW,404,11.12,2/9/2022,2022
TOWA P. LOWER,WASHINGTON,RAINBOW,299,11.46,2/24/2022,2022
TOWA P. LOWER,WASHINGTON,RAINBOW,200,14.44,3/23/2022,2022
TOWA P. LOWER,WASHINGTON,RAINBOW,368,9.93,11/8/2022,2022
TOWA P. LOWER,WASHINGTON,RAINBOW,454,9.83,11/22/2022,2022
TOWA P. LOWER,WASHINGTON,RAINBOW,372,6.95,12/8/2022,2022
TOWA P. LOWER,WASHINGTON,RAINBOW,399,7.77,12/20/2022,2022
TOWNE RES,SANPETE,RAINBOW,999,11.16,6/8/2022,2022
TOWNE RES,SANPETE,RAINBOW,999,11.16,6/8/2022,2022
TRIAL L A-61,SUMMIT,RAINBOW,1200,9.41,6/14/2022,2022
TRIAL L A-61,SUMMIT,TIGER TROUT,1344,9.21,6/17/2022,2022
TRIAL L A-61,SUMMIT,RAINBOW,1504,9.21,6/21/2022,2022
TRIAL L A-61,SUMMIT,TIGER TROUT,1000,9.36,6/22/2022,2022
TRIAL L A-61,SUMMIT,BROOK TROUT,2000,2.92,7/4/2022,2022
TRIAL L A-61,SUMMIT,RAINBOW,1507,10.07,7/5/2022,2022
TRIAL L A-61,SUMMIT,TIGER TROUT,998,9.52,7/6/2022,2022
TRIAL L A-61,SUMMIT,TIGER TROUT,1002,9.41,7/18/2022,2022
TRIAL L A-61,SUMMIT,RAINBOW,1000,10.07,7/19/2022,2022
TRIAL L A-61,SUMMIT,RAINBOW,1800,10,7/21/2022,2022
TRIAL L A-61,SUMMIT,RAINBOW,1000,10,8/1/2022,2022
TRIAL L A-61,SUMMIT,RAINBOW,1000,10,8/15/2022,2022
TRIAL L A-61,SUMMIT,TIGER TROUT,1002,9.63,8/16/2022,2022
TRIAL L A-61,SUMMIT,RAINBOW,301,10.28,8/23/2022,2022
TRIAL L A-61,SUMMIT,RAINBOW,1000,10.28,8/29/2022,2022
TRIDENT L A-41,SUMMIT,BROOK TROUT,108,2.75,6/29/2022,2022
TROPIC RES,GARFIELD,RAINBOW,3506,10.01,4/20/2022,2022
TROPIC RES,GARFIELD,TIGER TROUT,754,9.01,6/3/2022,2022
TROPIC RES,GARFIELD,TIGER TROUT,1363,8.56,6/6/2022,2022
TROPIC RES,GARFIELD,TIGER TROUT,512,8.74,6/17/2022,2022
TULE L,GARFIELD,BROOK TROUT,155,2.96,7/7/2022,2022
"TWELVE MILE CR, N FK",SANPETE,CUTTHROAT,8100,2.12,9/19/2022,2022
TWIN L,SALT LAKE,BROOK TROUT,5004,2.75,6/27/2022,2022
TWIN L,SALT LAKE,CUTTHROAT,4000,2.43,9/19/2022,2022
"TWIN L, UPPER A-32",SUMMIT,BROOK TROUT,456,2.75,6/27/2022,2022
U M CR,SEVIER,TIGER TROUT,103,3.16,7/28/2022,2022
U- 19,DUCHESNE,BROOK TROUT,1610,3.62,7/6/2022,2022
U- 50,DUCHESNE,BROOK TROUT,902,3.7,6/30/2022,2022
U- 79,DUCHESNE,BROOK TROUT,798,3.7,6/30/2022,2022
U- 89,DUCHESNE,BROOK TROUT,642,3.62,7/6/2022,2022
UINTA R,DUCHESNE,RAINBOW,525,8.87,5/21/2022,2022
UINTA R,DUCHESNE,RAINBOW,138,12.39,5/28/2022,2022
UINTA R,DUCHESNE,RAINBOW,864,9.03,5/28/2022,2022
UINTA R,DUCHESNE,RAINBOW,1305,9.39,6/28/2022,2022
UPPER WPA,SANPETE,BROOK TROUT,105,2.97,7/14/2022,2022
UTAH L,UTAH,SUCKER,1078,11.44,5/4/2022,2022
UTAH L,UTAH,SUCKER,1078,11.44,5/4/2022,2022
UTAH L,UTAH,SUCKER,5429,11.84,6/13/2022,2022
UTAH L,UTAH,SUCKER,1138,11.35,6/14/2022,2022
UTAH L,UTAH,SUCKER,6346,10.98,10/17/2022,2022
UTAH L,UTAH,SUCKER,4692,11.04,10/18/2022,2022
VERNON CR RES,TOOELE,RAINBOW,1998,9.75,4/4/2022,2022
VERNON CR RES,TOOELE,RAINBOW,999,9.75,4/18/2022,2022
VERNON CR RES,TOOELE,RAINBOW,1001,10.44,5/17/2022,2022
VERNON CR RES,TOOELE,TIGER TROUT,3060,6.82,10/18/2022,2022
VIRGIN R,WASHINGTON,CHUB,972,4.06,11/7/2022,2022
"VIRGIN R, E FK",KANE,BROWN TROUT,5150,2.95,4/19/2022,2022
VIRGINR RIVER PARK POND,WASHINGTON,RAINBOW,326,10.21,1/5/2022,2022
VIRGINR RIVER PARK POND,WASHINGTON,RAINBOW,472,10.56,1/26/2022,2022
VIRGINR RIVER PARK POND,WASHINGTON,RAINBOW,303,11.12,2/9/2022,2022
VIRGINR RIVER PARK POND,WASHINGTON,RAINBOW,249,11.46,2/24/2022,2022
VIRGINR RIVER PARK POND,WASHINGTON,RAINBOW,33,14.44,3/24/2022,2022
VIRGINR RIVER PARK POND,WASHINGTON,RAINBOW,128,17.84,3/24/2022,2022
VIRGINR RIVER PARK POND,WASHINGTON,RAINBOW,223,11.6,3/25/2022,2022
VIRGINR RIVER PARK POND,WASHINGTON,RAINBOW,320,9.63,11/1/2022,2022
VIRGINR RIVER PARK POND,WASHINGTON,RAINBOW,303,9.83,11/22/2022,2022
VIRGINR RIVER PARK POND,WASHINGTON,RAINBOW,372,6.95,12/8/2022,2022
VIRGINR RIVER PARK POND,WASHINGTON,RAINBOW,88,6.58,12/20/2022,2022
VIRGINR RIVER PARK POND,WASHINGTON,RAINBOW,133,7.77,12/20/2022,2022
VIVIAN PARK P,UTAH,RAINBOW,702,10.05,4/11/2022,2022
VIVIAN PARK P,UTAH,RAINBOW,700,9.83,4/18/2022,2022
VIVIAN PARK P,UTAH,RAINBOW,401,10.14,5/23/2022,2022
VIVIAN PARK P,UTAH,RAINBOW,400,9.36,7/6/2022,2022
VIVIAN PARK P,UTAH,RAINBOW,400,9.81,7/18/2022,2022
VIVIAN PARK P,UTAH,RAINBOW,401,10.02,8/1/2022,2022
W-59,SUMMIT,BROOK TROUT,153,3.03,9/26/2022,2022
W-62,SUMMIT,BROOK TROUT,204,2.75,6/27/2022,2022
WALK-UP L WR-55,DUCHESNE,BROOK TROUT,1832,3.62,7/6/2022,2022
WALL L A-29,SUMMIT,TIGER TROUT,1863,2.65,6/28/2022,2022
WARNER L,GRAND,RAINBOW,873,10.97,6/1/2022,2022
WARNER L,GRAND,RAINBOW,729,10.29,7/19/2022,2022
WASATCH MTN STATE PARK P,WASATCH,RAINBOW,501,10.47,4/6/2022,2022
WASATCH MTN STATE PARK P,WASATCH,RAINBOW,500,10.05,4/19/2022,2022
WASATCH MTN STATE PARK P,WASATCH,RAINBOW,600,10,5/18/2022,2022
WASATCH MTN STATE PARK P,WASATCH,RAINBOW,600,10,5/24/2022,2022
WASATCH MTN STATE PARK P,WASATCH,RAINBOW,1099,10.15,6/14/2022,2022
WASATCH MTN STATE PARK P,WASATCH,RAINBOW,501,10.43,6/21/2022,2022
WASATCH MTN STATE PARK P,WASATCH,RAINBOW,500,9.44,6/28/2022,2022
WASATCH MTN STATE PARK P,WASATCH,RAINBOW,653,9.36,7/6/2022,2022
WASATCH MTN STATE PARK P,WASATCH,RAINBOW,347,9.32,7/12/2022,2022
WASATCH MTN STATE PARK P,WASATCH,RAINBOW,612,9.72,8/24/2022,2022
WASHINGTON L A-23,SUMMIT,BROOK TROUT,2000,2.92,7/4/2022,2022
WASHINGTON L A-23,SUMMIT,RAINBOW,1507,10.07,7/5/2022,2022
WASHINGTON L A-23,SUMMIT,TIGER TROUT,1572,9.52,7/6/2022,2022
WASHINGTON L A-23,SUMMIT,TIGER TROUT,498,9.41,7/18/2022,2022
WASHINGTON L A-23,SUMMIT,RAINBOW,1502,10.07,7/18/2022,2022
WASHINGTON L A-23,SUMMIT,TIGER TROUT,501,9.41,8/2/2022,2022
WATKINS L WR-48,UINTAH,BROOK TROUT,1795,3.62,7/6/2022,2022
WATSON L A-27,SUMMIT,BROOK TROUT,300,2.75,6/27/2022,2022
WEAVER RES,GRAND,CUTTHROAT,2758,5.44,6/29/2022,2022
WEBER R,WEBER,RAINBOW,935,10.01,5/11/2022,2022
WEBER R,SUMMIT,RAINBOW,802,10.14,5/16/2022,2022
WEBER R,SUMMIT,RAINBOW,112,9.21,6/2/2022,2022
WEBER R,SUMMIT,RAINBOW,112,9.21,6/2/2022,2022
WEBER R,SUMMIT,RAINBOW,224,9.21,6/2/2022,2022
WEBER R,WEBER,RAINBOW,935,10.52,6/8/2022,2022
WEBER R,WEBER,RAINBOW,565,10.28,7/1/2022,2022
WEBER R,WEBER,RAINBOW,565,10.53,7/19/2022,2022
WEBER R,SUMMIT,RAINBOW,200,10,7/21/2022,2022
WEBER R,SUMMIT,RAINBOW,75,10,7/21/2022,2022
WEBER R,SUMMIT,RAINBOW,75,10,7/21/2022,2022
WEBER R,SUMMIT,RAINBOW,101,10.28,8/22/2022,2022
WEBER R,SUMMIT,RAINBOW,76,10.28,8/22/2022,2022
WEBER R,SUMMIT,RAINBOW,76,10.28,8/22/2022,2022
"WEEP L, OLD LF-30",DUCHESNE,CUTTHROAT,669,1.57,9/23/2022,2022
WELLSVILLE RES,CACHE,RAINBOW,1000,9.05,4/20/2022,2022
WELLSVILLE RES,CACHE,RAINBOW,1000,9.93,5/3/2022,2022
WELLSVILLE RES,CACHE,RAINBOW,1000,10.24,5/17/2022,2022
WELLSVILLE RES,CACHE,RAINBOW,308,15.21,5/18/2022,2022
WELLSVILLE RES,CACHE,RAINBOW,1200,10.84,5/31/2022,2022
WELLSVILLE RES,CACHE,RAINBOW,1000,10.52,6/9/2022,2022
WELLSVILLE RES,CACHE,WIPER,999,7.37,7/11/2022,2022
WELLSVILLE RES,CACHE,RAINBOW,1001,11.2,9/19/2022,2022
WELLSVILLE RES,CACHE,RAINBOW,1007,11.71,10/13/2022,2022
WELLSVILLE RES,CACHE,RAINBOW,1000,11.37,10/24/2022,2022
WELLSVILLE RES,CACHE,RAINBOW,803,11.76,11/2/2022,2022
WEST JORDAN BIG BEND,SALT LAKE,SUNFISH BLUEGILL,1384,3.36,9/22/2022,2022
WHITE MILLER L X-54,DUCHESNE,BROOK TROUT,1098,3.7,6/30/2022,2022
WHITNEY RES,SUMMIT,RAINBOW,3540,9.41,6/2/2022,2022
WHITNEY RES,SUMMIT,RAINBOW,1600,9.21,6/2/2022,2022
WHITNEY RES,SUMMIT,RAINBOW,506,10.96,6/22/2022,2022
WHITNEY RES,SUMMIT,RAINBOW,1700,10.07,7/12/2022,2022
WHITNEY RES,SUMMIT,TIGER TROUT,9660,4.99,7/21/2022,2022
WHITNEY RES,SUMMIT,TIGER TROUT,9660,4.99,7/21/2022,2022
WIDE HOLLOW RES,GARFIELD,TIGER TROUT,512,8.74,6/16/2022,2022
WIDE HOLLOW RES,GARFIELD,RAINBOW,2472,10.09,10/12/2022,2022
WIDE HOLLOW RES,GARFIELD,RAINBOW,1536,10.09,10/13/2022,2022
WILLARD BAY RES,BOX ELDER,WALLEYE,53667,0.41,4/14/2022,2022
WILLARD BAY RES,BOX ELDER,WIPER,174375,0.22,6/14/2022,2022
WILLARD BAY RES,BOX ELDER,WALLEYE,17238,2.14,6/14/2022,2022
WILLARD BAY RES,BOX ELDER,WIPER,12558,4.27,10/31/2022,2022
WILLARD BAY RES,BOX ELDER,WIPER,10880,4.41,11/1/2022,2022
WILLARD BAY RES,BOX ELDER,WIPER,10171,4.51,11/1/2022,2022
WILLARD BAY RES,BOX ELDER,WIPER,461,4.01,11/1/2022,2022
WILLARD BAY RES,BOX ELDER,WIPER,10914,4.17,11/2/2022,2022
WILLARD BAY RES,BOX ELDER,WIPER,7383,4.17,11/2/2022,2022
WILLARD CR POND,BOX ELDER,RAINBOW,250,9.05,4/20/2022,2022
WILLARD CR POND,BOX ELDER,RAINBOW,250,10.24,5/18/2022,2022
WILLARD CR POND,BOX ELDER,RAINBOW,525,9.79,10/17/2022,2022
WILLOW CR,WASATCH,CUTTHROAT,3103,2.18,10/17/2022,2022
WILLOW CREEK POND,UTAH,RAINBOW,753,9.4,3/22/2022,2022
WILLOW CREEK POND,UTAH,RAINBOW,335,17.1,3/23/2022,2022
WILLOW CREEK POND,UTAH,RAINBOW,376,9.6,3/23/2022,2022
WILLOW CREEK POND,UTAH,RAINBOW,375,10,4/4/2022,2022
WILLOW CREEK POND,UTAH,RAINBOW,376,9.4,4/11/2022,2022
WILLOW CREEK POND,UTAH,RAINBOW,750,9.62,4/19/2022,2022
WILLOW CREEK POND,UTAH,RAINBOW,376,9.47,5/9/2022,2022
WILLOW CREEK POND,UTAH,CHANNEL CATFISH,195,11.7,6/2/2022,2022
WILLOW CREEK POND,UTAH,CHANNEL CATFISH,63,13.57,8/25/2022,2022
WILLOW CREEK POND,UTAH,CHANNEL CATFISH,63,13.57,8/25/2022,2022
WILLOW CREEK POND,UTAH,BASS LARGEMOUTH,651,2.6,9/22/2022,2022
WILLOW CREEK POND,UTAH,SUNFISH BLUEGILL,1386,3.36,9/22/2022,2022
WILLOW L,SANPETE,RAINBOW,999,11.16,6/14/2022,2022
WILLOW L,SANPETE,RAINBOW,1000,9.12,7/13/2022,2022
WILLOW L,SANPETE,TIGER TROUT,3014,5.06,7/27/2022,2022
WILLOW L,SANPETE,RAINBOW,1005,11.86,10/19/2022,2022
WILLOW PARK PND,SALT LAKE,BROOK TROUT,212,15.83,2/2/2022,2022
WILLOW PARK PND,SALT LAKE,BROOK TROUT,1260,15.83,2/2/2022,2022
WILLOW PARK PND,SALT LAKE,RAINBOW,246,9.75,3/15/2022,2022
WILLOW PARK PND,SALT LAKE,RAINBOW,149,19.64,3/21/2022,2022
WILLOW PARK PND,SALT LAKE,RAINBOW,248,10,3/21/2022,2022
WILLOW PARK PND,SALT LAKE,RAINBOW,200,17.1,3/22/2022,2022
WILLOW PARK PND,SALT LAKE,RAINBOW,248,10.72,4/6/2022,2022
WILLOW PARK PND,SALT LAKE,RAINBOW,246,10.28,4/12/2022,2022
WILLOW PARK PND,SALT LAKE,RAINBOW,248,10.6,4/18/2022,2022
WILLOW PARK PND,SALT LAKE,RAINBOW,248,10.6,4/26/2022,2022
WILLOW PARK PND,SALT LAKE,WIPER,601,7.16,4/28/2022,2022
WILLOW PARK PND,SALT LAKE,RAINBOW,247,10.75,5/10/2022,2022
WILLOW PARK PND,SALT LAKE,RAINBOW,248,10.6,5/16/2022,2022
WILLOW PARK PND,SALT LAKE,RAINBOW,248,10.77,5/24/2022,2022
WILLOW PARK PND,SALT LAKE,RAINBOW,248,10.77,5/31/2022,2022
WILLOW PARK PND,SALT LAKE,CHANNEL CATFISH,390,11.7,6/2/2022,2022
WILLOW PARK PND,SALT LAKE,RAINBOW,248,10.77,6/6/2022,2022
WILLOW PARK PND,SALT LAKE,CHANNEL CATFISH,346,10.77,6/16/2022,2022
WILLOW PARK PND,SALT LAKE,TIGER TROUT,1000,10.46,6/23/2022,2022
WILLOW PARK PND,SALT LAKE,CHANNEL CATFISH,400,13.57,8/25/2022,2022
WILLOW PARK PND,SALT LAKE,SUNFISH BLUEGILL,1386,3.36,9/22/2022,2022
WILLOW PARK PND,SALT LAKE,BASS LARGEMOUTH,433,2.6,9/22/2022,2022
WILLOW PARK PND,SALT LAKE,RAINBOW,501,11.26,9/23/2022,2022
WILLOW PARK PND,SALT LAKE,RAINBOW,251,11.26,10/3/2022,2022
WILLOW PARK PND,SALT LAKE,RAINBOW,250,13.57,10/17/2022,2022
WILLOW PARK PND,SALT LAKE,CHANNEL CATFISH,1054,5.22,11/16/2022,2022
WILLOW PARK PND,SALT LAKE,RAINBOW,228,15.43,11/22/2022,2022
WOLF CR,DUCHESNE,BROOK TROUT,365,3.64,6/30/2022,2022
WOODS POND,IRON,RAINBOW,312,10.62,5/6/2022,2022
WOODS POND,IRON,RAINBOW,282,10.98,5/26/2022,2022
WOODS POND,IRON,RAINBOW,282,10.98,6/10/2022,2022
WOODS POND,IRON,RAINBOW,289,11.47,6/22/2022,2022
WOODS POND,IRON,RAINBOW,282,11.56,7/5/2022,2022
WOODS POND,IRON,RAINBOW,296,11.89,7/19/2022,2022
WOOLEY L WR-40,UINTAH,BROOK TROUT,1000,3.62,7/6/2022,2022
"WPA POND, UPPER",SANPETE,RAINBOW,792,9.12,6/30/2022,2022
WRIGLEY SPRING RES,EMERY,RAINBOW,999,11.16,6/14/2022,2022
WRIGLEY SPRING RES,EMERY,RAINBOW,749,9.12,7/13/2022,2022
WRIGLEY SPRING RES,EMERY,TIGER TROUT,1980,5.06,7/27/2022,2022
WRIGLEY SPRING RES,EMERY,RAINBOW,750,11.86,10/19/2022,2022
X- 24,DUCHESNE,CUTTHROAT,1566,1.91,9/23/2022,2022
X- 25,DUCHESNE,CUTTHROAT,1689,1.91,9/23/2022,2022
X- 51,DUCHESNE,CUTTHROAT,412,1.91,9/23/2022,2022
X- 57,DUCHESNE,BROOK TROUT,938,3.62,7/6/2022,2022
X- 61,DUCHESNE,CUTTHROAT,371,1.91,9/23/2022,2022
X- 62,DUCHESNE,CUTTHROAT,453,1.91,9/23/2022,2022
X- 84,DUCHESNE,BROOK TROUT,506,3.62,7/6/2022,2022
Y-19,DUCHESNE,BROOK TROUT,555,3.62,7/6/2022,2022
Y-36,DUCHESNE,BROOK TROUT,753,3.62,7/6/2022,2022
Y-37,DUCHESNE,BROOK TROUT,1037,3.62,7/6/2022,2022
YANKEE MEADOW RES,IRON,RAINBOW,1012,11.74,5/26/2022,2022
YANKEE MEADOW RES,IRON,RAINBOW,5028,4.71,6/30/2022,2022
YANKEE MEADOW RES,IRON,BROOK TROUT,2002,2.94,6/30/2022,2022
YANKEE MEADOW RES,IRON,CUTTHROAT,4050,2.2,9/13/2022,2022
YEARNS RES,SANPETE,RAINBOW,1502,10.6,5/11/2022,2022
YEARNS RES,SANPETE,RAINBOW,1007,10.96,6/1/2022,2022
YEARNS RES,SANPETE,RAINBOW,999,11.16,6/10/2022,2022
YEARNS RES,SANPETE,TIGER TROUT,270,6.82,10/17/2022,2022
YELLOW LAKE NCL,GARFIELD,BROOK TROUT,90,2.82,7/7/2022,2022
"YELLOWPINE,LOWER W66",SUMMIT,BROOK TROUT,204,2.75,6/27/2022,2022
"YELLOWPINE,UPPER W65",SUMMIT,BROOK TROUT,300,2.75,6/27/2022,2022
YELLOWSTONE R,DUCHESNE,RAINBOW,997,9.53,6/14/2022,2022
YELLOWSTONE R,DUCHESNE,RAINBOW,1001,10.18,7/19/2022,2022
YOUNG L X-100,DUCHESNE,CUTTHROAT,372,1.57,9/23/2022,2022
YUBA RES (SEVIER BRG,JUAB,MUSKIE TIGER,5000,1.36,5/25/2022,2022
YUBA RES (SEVIER BRG,JUAB,CHANNEL CATFISH,60840,3.18,8/31/2022,2022
YUBA RES (SEVIER BRG,JUAB,CHANNEL CATFISH,9594,3.12,9/15/2022,2022
YUBA RES (SEVIER BRG,JUAB,WIPER,5024,4.17,10/24/2022,2022
ABERDUNK L FL,SEVIER,TIGER TROUT,96,2.87,7/11/2023,2023
ABES L W-30,SUMMIT,CUTTHROAT,1999,2.28,9/19/2023,2023
ABES RES,SEVIER,BROOK TROUT,103,3.24,8/8/2023,2023
ACADEMY MILL RES,SANPETE,TIGER TROUT,2998,2.87,7/11/2023,2023
ADAMS RESERVOIR,DAVIS,RAINBOW,601,10.27,4/10/2023,2023
ADAMS RESERVOIR,DAVIS,RAINBOW,1395,9.31,4/11/2023,2023
ADAMS RESERVOIR,DAVIS,RAINBOW,1699,9.31,4/11/2023,2023
ADAMS RESERVOIR,DAVIS,RAINBOW,480,13.85,4/12/2023,2023
ADAMS RESERVOIR,DAVIS,RAINBOW,1200,9.44,4/24/2023,2023
ADAMS RESERVOIR,DAVIS,WIPER,1004,7.37,5/1/2023,2023
ADAMS RESERVOIR,DAVIS,RAINBOW,1699,9.53,5/8/2023,2023
ADAMS RESERVOIR,DAVIS,RAINBOW,1756,9.45,5/23/2023,2023
ADAMS RESERVOIR,DAVIS,RAINBOW,2002,10.64,10/27/2023,2023
ALEXANDER L A-1,SUMMIT,BROOK TROUT,2301,2.68,7/13/2023,2023
AMERICAN FK CR,UTAH,RAINBOW,1001,10.38,7/3/2023,2023
AMERICAN FK CR,UTAH,RAINBOW,1002,10.38,7/18/2023,2023
AMERICAN FK CR,UTAH,RAINBOW,499,10.16,8/2/2023,2023
AMERICAN FK CR,UTAH,RAINBOW,501,10.14,8/9/2023,2023
"AMERICAN FK CR, N FK",UTAH,RAINBOW,676,10.38,7/3/2023,2023
"AMERICAN FK CR, N FK",UTAH,RAINBOW,652,10.38,7/18/2023,2023
"AMERICAN FK CR, N FK",UTAH,RAINBOW,325,10.16,8/2/2023,2023
"AMERICAN FK CR, N FK",UTAH,RAINBOW,349,10.14,8/9/2023,2023
ANNABELLA RES,SEVIER,RAINBOW,448,9.94,6/9/2023,2023
ARTA L RC-23,DUCHESNE,CUTTHROAT,561,1.45,9/19/2023,2023
ASAY CR,GARFIELD,BROWN TROUT,6278,2.62,4/19/2023,2023
ASAY CR,GARFIELD,RAINBOW,823,10.72,6/21/2023,2023
ASAY CR,GARFIELD,RAINBOW,3947,3.16,6/21/2023,2023
"ASHLEY CR, S FK",UINTAH,RAINBOW,516,11.26,7/5/2023,2023
ASPEN MIRROR L,KANE,TIGER TROUT,519,8.7,5/24/2023,2023
ASPEN MIRROR L,KANE,RAINBOW,959,10.19,5/24/2023,2023
ASPEN MIRROR L,KANE,RAINBOW,484,10.62,6/16/2023,2023
ASPEN MIRROR L,KANE,RAINBOW,478,10.66,6/30/2023,2023
ASPEN MIRROR L,KANE,RAINBOW,884,10.95,7/11/2023,2023
ASPEN MIRROR L,KANE,RAINBOW,175,11.83,7/25/2023,2023
AVERETT CYN P,WASATCH,CUTTHROAT,100,6.7,7/11/2023,2023
AVINTAQUIN CR,DUCHESNE,CUTTHROAT,1420,5.51,7/10/2023,2023
AVINTAQUIN CR,DUCHESNE,CUTTHROAT,999,2.2,10/31/2023,2023
BAKER RES,WASHINGTON,BROWN TROUT,2044,2.62,4/18/2023,2023
BAKER RES,WASHINGTON,RAINBOW,3500,9.95,9/18/2023,2023
BAKER RES,WASHINGTON,RAINBOW,3000,9.95,9/19/2023,2023
BAKER RES,WASHINGTON,BASS LARGEMOUTH,1000,2.75,9/21/2023,2023
BAKER SP,BOX ELDER,RAINBOW,499,11.42,6/7/2023,2023
BAR M SP,BOX ELDER,RAINBOW,499,11.42,6/7/2023,2023
BARKER RES NCL,GARFIELD,RAINBOW,1001,10.19,6/12/2023,2023
BARKER RES NCL,GARFIELD,BROOK TROUT,503,2.57,7/11/2023,2023
"BARKER RES,LOWER NCL",GARFIELD,TIGER TROUT,96,2.87,7/11/2023,2023
"BARKER RES,LOWER NCL",GARFIELD,CUTTHROAT,200,1.79,9/18/2023,2023
BARNEY L,SEVIER,TIGER TROUT,1000,2.54,7/6/2023,2023
BARNEY L,SEVIER,CUTTHROAT,5028,1.9,9/12/2023,2023
BARTHOLOMEW PARK POND,UTAH,RAINBOW,806,8.6,3/13/2023,2023
BARTHOLOMEW PARK POND,UTAH,RAINBOW,702,8.62,3/27/2023,2023
BARTHOLOMEW PARK POND,UTAH,RAINBOW,702,9.37,4/5/2023,2023
BARTHOLOMEW PARK POND,UTAH,RAINBOW,701,9.58,4/18/2023,2023
BARTHOLOMEW PARK POND,UTAH,RAINBOW,702,9.9,5/8/2023,2023
BARTHOLOMEW PARK POND,UTAH,RAINBOW,320,11.6,6/1/2023,2023
BARTHOLOMEW PARK POND,UTAH,RAINBOW,704,9.92,6/13/2023,2023
BARTHOLOMEW PARK POND,UTAH,RAINBOW,702,10.19,6/28/2023,2023
BARTHOLOMEW PARK POND,UTAH,CUTTHROAT,416,15.48,7/10/2023,2023
BARTHOLOMEW PARK POND,UTAH,CUTTHROAT,385,15.48,7/10/2023,2023
BARTHOLOMEW PARK POND,UTAH,RAINBOW,1001,9.56,8/28/2023,2023
BARTHOLOMEW PARK POND,UTAH,RAINBOW,1002,9.75,9/18/2023,2023
BARTHOLOMEW PARK POND,UTAH,TIGER TROUT,300,11.51,10/11/2023,2023
BARTHOLOMEW PARK POND,UTAH,RAINBOW,905,10.34,10/16/2023,2023
BASTIAN RES,GARFIELD,TIGER TROUT,1573,2.87,7/11/2023,2023
BEAR L,RICH,CUTTHROAT,44175,6.75,5/8/2023,2023
BEAR L,RICH,CUTTHROAT,50825,6.75,5/9/2023,2023
BEAR L,RICH,LAKE TROUT,17058,5.7,11/21/2023,2023
BEAR R,SUMMIT,RAINBOW,53,11.26,7/3/2023,2023
BEAR R,SUMMIT,RAINBOW,102,11.26,7/18/2023,2023
BEAR R,SUMMIT,RAINBOW,101,12.13,8/2/2023,2023
BEAVER CR,SUMMIT,RAINBOW,105,11.26,7/5/2023,2023
BEAVER CR,SUMMIT,RAINBOW,102,11.26,7/17/2023,2023
BEAVER CR,SUMMIT,RAINBOW,102,11.99,7/25/2023,2023
BEAVER CR,SUMMIT,RAINBOW,101,12.13,8/7/2023,2023
BEAVER CR,SUMMIT,RAINBOW,98,12.13,8/23/2023,2023
BEAVER DAMS NBS,WAYNE,BROOK TROUT,207,2.57,7/10/2023,2023
BEAVER L BR-10,SUMMIT,RAINBOW,1505,11.26,7/3/2023,2023
BEAVER R,BEAVER,RAINBOW,608,10.06,3/14/2023,2023
BEAVER R,BEAVER,BROWN TROUT,6080,3.45,5/23/2023,2023
BEAVER R,BEAVER,RAINBOW,3105,4.5,5/23/2023,2023
BEAVER R,BEAVER,BROWN TROUT,2048,3.45,5/23/2023,2023
BEAVER R,BEAVER,RAINBOW,495,10.77,5/23/2023,2023
BEAVER R,BEAVER,RAINBOW,184,10.04,5/24/2023,2023
BEAVER R,BEAVER,RAINBOW,198,10.19,6/7/2023,2023
BEAVER R,BEAVER,RAINBOW,504,9.94,6/7/2023,2023
BEAVER R,BEAVER,RAINBOW,133,10.7,6/29/2023,2023
BEAVER R,BEAVER,RAINBOW,156,9.9,7/19/2023,2023
BEAVER R,BEAVER,RAINBOW,403,10.61,7/19/2023,2023
BEAVER R,BEAVER,RAINBOW,144,8.82,8/15/2023,2023
BEE TREE,SANPETE,BROOK TROUT,201,2.62,7/6/2023,2023
BELL CR,SALT LAKE,CUTTHROAT,3000,3.18,10/31/2023,2023
BENCHS POND,SANPETE,RAINBOW,1000,10.77,6/7/2023,2023
BENCHS POND,SANPETE,RAINBOW,1000,10.77,6/14/2023,2023
BENCHS POND,SANPETE,RAINBOW,999,9.75,7/19/2023,2023
BENCHS POND,SANPETE,RAINBOW,1000,10.77,8/7/2023,2023
BERT L GR-62,UINTAH,BROOK TROUT,372,3,7/21/2023,2023
BESS L BTN,GARFIELD,BROOK TROUT,249,2.63,7/10/2023,2023
BETH L A-6,SUMMIT,BROOK TROUT,299,2.68,7/13/2023,2023
BETSEY L X-7,DUCHESNE,CUTTHROAT,1965,1.45,9/19/2023,2023
BETSEY L X-7,DUCHESNE,CUTTHROAT,1984,1.65,9/19/2023,2023
BIG ELK RES A-18,SUMMIT,TIGER TROUT,649,2.83,7/14/2023,2023
BIG L,SEVIER,RAINBOW,2400,12.24,6/5/2023,2023
BIG L,SEVIER,RAINBOW,308,9.94,6/15/2023,2023
BIG L BTS,GARFIELD,BROOK TROUT,193,2.63,7/10/2023,2023
BIG SANDWASH RES,DUCHESNE,RAINBOW,3648,10.68,5/2/2023,2023
BIG SANDWASH RES,DUCHESNE,RAINBOW,3440,10.89,5/2/2023,2023
BIG SANDWASH RES,DUCHESNE,RAINBOW,3488,11.18,5/9/2023,2023
BIG SANDWASH RES,DUCHESNE,RAINBOW,1100,10.95,11/10/2023,2023
BIRCH CR RES,RICH,TIGER TROUT,510,9.41,6/19/2023,2023
BIRCH CR RES,RICH,RAINBOW,528,11.6,6/19/2023,2023
BIRCH CR RES,RICH,RAINBOW,20022,3.76,6/19/2023,2023
BITTER CR,UINTAH,CUTTHROAT,1001,1.95,10/4/2023,2023
BLACKSMITH FK,CACHE,RAINBOW,500,9.58,8/14/2023,2023
BLANCHE L,SALT LAKE,BROOK TROUT,910,2.68,7/14/2023,2023
BLANCHE L,SALT LAKE,CUTTHROAT,4001,2.28,9/19/2023,2023
BLANDING RES NO 3,SAN JUAN,RAINBOW,1536,9.9,4/17/2023,2023
BLANDING RES NO 3,SAN JUAN,RAINBOW,793,10.04,5/16/2023,2023
BLANDING RES NO 3,SAN JUAN,RAINBOW,675,10.7,6/21/2023,2023
BLANDING RES NO 3,SAN JUAN,RAINBOW,1599,9.75,8/28/2023,2023
BLANDING RES NO 4,SAN JUAN,RAINBOW,1776,9.9,4/17/2023,2023
BLANDING RES NO 4,SAN JUAN,RAINBOW,1752,9.9,4/24/2023,2023
BLANDING RES NO 4,SAN JUAN,TIGER TROUT,4499,2.46,6/27/2023,2023
BLANDING RES NO 4,SAN JUAN,RAINBOW,1998,9.75,8/28/2023,2023
BLIND L NBS,WAYNE,KOKANEE,2677,3.28,6/14/2023,2023
BLIND L NBS,WAYNE,RAINBOW,2000,3.14,7/10/2023,2023
BLIND L NBS,WAYNE,SPLAKE,258,2.44,7/10/2023,2023
BLIND L NBS,WAYNE,CUTTHROAT,2048,1.31,9/18/2023,2023
BLIND L TLM,WAYNE,BROOK TROUT,103,2.9,7/25/2023,2023
BLUE L,SANPETE,TIGER TROUT,500,2.87,7/11/2023,2023
BLUE L,SAN JUAN,RAINBOW,802,9.9,7/18/2023,2023
BLUE L A-5,SUMMIT,BROOK TROUT,403,2.68,7/13/2023,2023
BLUE L GT,GARFIELD,CUTTHROAT,51,1.31,9/18/2023,2023
BLUE L NCL,GARFIELD,TIGER TROUT,52,3.31,8/1/2023,2023
BLUE RIBBON #1,SANPETE,BROOK TROUT,150,2.62,7/6/2023,2023
BLUE RIBBON #2,SANPETE,BROOK TROUT,75,2.62,7/6/2023,2023
BLYTHE L Z-20,DUCHESNE,BROOK TROUT,403,2.68,7/13/2023,2023
BOBS HOLE NBS,WAYNE,BROOK TROUT,207,2.57,7/10/2023,2023
BOBS HOLE NBS,WAYNE,TIGER TROUT,53,2.87,7/10/2023,2023
BOBS L G-73,SUMMIT,CUTTHROAT,1326,1.73,9/19/2023,2023
BOLLEY L U-96,DUCHESNE,CUTTHROAT,936,1.45,9/19/2023,2023
BONNIE L Z-6,DUCHESNE,BROOK TROUT,598,2.68,7/13/2023,2023
BOULGER POND,SANPETE,RAINBOW,1000,10.77,6/7/2023,2023
BOULGER POND,SANPETE,RAINBOW,1000,10.77,6/14/2023,2023
BOULGER POND,SANPETE,RAINBOW,999,9.75,7/19/2023,2023
BOULGER POND,SANPETE,RAINBOW,1000,10.77,8/7/2023,2023
BOUNTIFUL POND,DAVIS,RAINBOW,500,10.77,3/13/2023,2023
BOUNTIFUL POND,DAVIS,RAINBOW,400,10.77,3/13/2023,2023
BOUNTIFUL POND,DAVIS,RAINBOW,400,10.77,3/13/2023,2023
BOUNTIFUL POND,DAVIS,RAINBOW,400,10.77,3/13/2023,2023
BOUNTIFUL POND,DAVIS,RAINBOW,400,10.77,3/13/2023,2023
BOUNTIFUL POND,DAVIS,RAINBOW,1001,10.44,3/27/2023,2023
BOUNTIFUL POND,DAVIS,RAINBOW,1001,10.44,4/5/2023,2023
BOUNTIFUL POND,DAVIS,RAINBOW,1001,9.44,4/24/2023,2023
BOUNTIFUL POND,DAVIS,RAINBOW,410,16.67,4/26/2023,2023
BOUNTIFUL POND,DAVIS,WIPER,1005,7.25,4/27/2023,2023
BOUNTIFUL POND,DAVIS,RAINBOW,1700,9.53,5/8/2023,2023
BOUNTIFUL POND,DAVIS,RAINBOW,1500,9.53,5/18/2023,2023
BOUNTIFUL POND,DAVIS,CHANNEL CATFISH,944,13.57,6/1/2023,2023
BOUNTIFUL POND,DAVIS,CHANNEL CATFISH,1888,10.77,6/15/2023,2023
BOUNTIFUL POND,DAVIS,CHANNEL CATFISH,1500,13.57,8/24/2023,2023
BOUNTIFUL POND,DAVIS,CHANNEL CATFISH,1045,13.57,9/7/2023,2023
BOUNTIFUL POND,DAVIS,RAINBOW,999,9.42,9/20/2023,2023
BOUNTIFUL POND,DAVIS,RAINBOW,999,9.42,9/20/2023,2023
BOUNTIFUL POND,DAVIS,RAINBOW,2000,9.43,9/27/2023,2023
BOUNTIFUL POND,DAVIS,RAINBOW,1101,9.5,10/16/2023,2023
BOUNTIFUL POND,DAVIS,RAINBOW,2803,10.64,10/18/2023,2023
BOUNTIFUL POND,DAVIS,RAINBOW,1001,9.62,10/24/2023,2023
BOUNTIFUL POND,DAVIS,RAINBOW,2002,10.74,10/30/2023,2023
BOUNTIFUL POND,DAVIS,RAINBOW,1000,9.62,11/6/2023,2023
BOUNTIFUL POND,DAVIS,RAINBOW,2002,10.74,11/7/2023,2023
BOUNTIFUL POND,DAVIS,RAINBOW,1001,9.62,11/13/2023,2023
BOUNTIFUL POND,DAVIS,RAINBOW,336,16.56,11/21/2023,2023
BOURBON L BR-1,SUMMIT,BROOK TROUT,52,2.68,7/13/2023,2023
"BOWNS RES, LOWER",GARFIELD,RAINBOW,9066,4.5,5/22/2023,2023
"BOWNS RES, LOWER",GARFIELD,TIGER TROUT,1349,11.08,7/7/2023,2023
"BOWNS RES, LOWER",GARFIELD,TIGER TROUT,645,11.08,7/7/2023,2023
"BOX CR RES, LOWER",PIUTE,RAINBOW,1001,10.77,5/22/2023,2023
"BOX CR RES, LOWER",PIUTE,TIGER TROUT,750,2.54,7/6/2023,2023
"BOX CR RES, UPPER",PIUTE,RAINBOW,2519,10.77,5/22/2023,2023
"BOX CR RES, UPPER",PIUTE,SPLAKE,509,3.65,7/5/2023,2023
"BOX CR RES, UPPER",PIUTE,TIGER TROUT,1251,3.16,7/5/2023,2023
"BOX CR RES, UPPER",PIUTE,CUTTHROAT,3143,1.9,9/12/2023,2023
BOX RES,UTAH,RAINBOW,1798,9.52,6/26/2023,2023
BR-35,SUMMIT,TIGER TROUT,132,2.83,7/14/2023,2023
BR-50,SUMMIT,BROOK TROUT,351,2.68,7/13/2023,2023
BRAD'S SECRET,SANPETE,BROOK TROUT,100,2.62,7/6/2023,2023
BRIAN HEAD POND,IRON,TIGER TROUT,768,8.7,5/23/2023,2023
BRIAN HEAD POND,IRON,RAINBOW,713,10.04,5/24/2023,2023
BRIAN HEAD POND,IRON,RAINBOW,599,10.7,6/29/2023,2023
BRIAN HEAD POND,IRON,RAINBOW,720,8.82,8/15/2023,2023
BRIDGER L G-20,SUMMIT,RAINBOW,903,10.6,6/6/2023,2023
BRIDGER L G-20,SUMMIT,RAINBOW,1569,10.6,6/7/2023,2023
BRIDGER L G-20,SUMMIT,RAINBOW,1532,10.96,6/26/2023,2023
BRIDGER L G-20,SUMMIT,RAINBOW,998,11.26,7/11/2023,2023
BRIDGER L G-20,SUMMIT,RAINBOW,1650,11.99,7/31/2023,2023
BRIDGER L G-20,SUMMIT,BROOK TROUT,2100,3.72,8/9/2023,2023
BRINKLEY L RC-4,DUCHESNE,BROOK TROUT,602,3,7/21/2023,2023
BROADHEAD L D-40,WASATCH,BROOK TROUT,897,2.68,7/13/2023,2023
BROOK L U-54,DUCHESNE,BROOK TROUT,1003,3,7/21/2023,2023
BROUGH RES,UINTAH,WIPER,501,8.94,8/17/2023,2023
BROUGH RES,UINTAH,BASS LARGEMOUTH,1020,2.75,9/21/2023,2023
BROUGH RES,UINTAH,RAINBOW,533,12.08,11/1/2023,2023
BROWNE L,DAGGETT,BROOK TROUT,1504,2.58,6/19/2023,2023
BROWNE L,DAGGETT,RAINBOW,860,4.4,6/19/2023,2023
BROWNE L,DAGGETT,RAINBOW,1300,9.43,6/19/2023,2023
BROWNE L,DAGGETT,TIGER TROUT,499,2.3,6/19/2023,2023
BROWNE L,DAGGETT,RAINBOW,1410,4.46,8/29/2023,2023
BROWNS DRAW RES,DUCHESNE,RAINBOW,14980,3.29,5/1/2023,2023
BROWNS DRAW RES,DUCHESNE,TIGER TROUT,1305,2.06,5/27/2023,2023
BROWNS DRAW RES,DUCHESNE,RAINBOW,249,9.52,12/13/2023,2023
BRUSH CR,UINTAH,CUTTHROAT,753,6.33,7/17/2023,2023
BUCKEYE L A-3,SUMMIT,BROOK TROUT,169,2.68,7/13/2023,2023
BUD L Z-2,DUCHESNE,BROOK TROUT,559,2.68,7/13/2023,2023
BULLOCK RES,UINTAH,GRASS CARP STERILE,1093,7.76,5/4/2023,2023
BULLOCK RES,UINTAH,MUSKIE TIGER,500,2.09,5/9/2023,2023
BUMMER L GR-22,DAGGETT,CUTTHROAT,221,1.73,9/19/2023,2023
BURRASTON PONDS,JUAB,RAINBOW,1008,9.31,3/16/2023,2023
BURRASTON PONDS,JUAB,RAINBOW,1008,9.31,3/16/2023,2023
BURRASTON PONDS,JUAB,TIGER TROUT,704,9.63,4/6/2023,2023
BURRASTON PONDS,JUAB,RAINBOW,1011,9.8,4/18/2023,2023
BURRASTON PONDS,JUAB,RAINBOW,999,9.75,4/27/2023,2023
BURRASTON PONDS,JUAB,TIGER TROUT,500,10.19,4/27/2023,2023
BURRASTON PONDS,JUAB,RAINBOW,999,9.75,5/17/2023,2023
BURRASTON PONDS,JUAB,RAINBOW,1008,10.14,5/22/2023,2023
BURRASTON PONDS,JUAB,RAINBOW,1000,10.77,6/15/2023,2023
BURRASTON PONDS,JUAB,TIGER TROUT,506,10.91,6/15/2023,2023
BURRASTON PONDS,JUAB,RAINBOW,1000,10.96,6/26/2023,2023
BURRASTON PONDS,JUAB,TIGER TROUT,506,10.91,6/29/2023,2023
BURRASTON PONDS,JUAB,RAINBOW,998,10.96,7/11/2023,2023
BURRASTON PONDS,JUAB,RAINBOW,452,12.13,9/19/2023,2023
BURRASTON PONDS,JUAB,RAINBOW,452,12.13,9/19/2023,2023
BUTTERFLY L Z-1,DUCHESNE,RAINBOW,296,11.6,6/29/2023,2023
BUTTERFLY L Z-1,DUCHESNE,TIGER TROUT,300,9.41,6/29/2023,2023
BUTTERFLY L Z-1,DUCHESNE,RAINBOW,306,11.26,7/3/2023,2023
BUTTERFLY L Z-1,DUCHESNE,TIGER TROUT,304,9.21,7/5/2023,2023
BUTTERFLY L Z-1,DUCHESNE,RAINBOW,298,11.26,7/11/2023,2023
BUTTERFLY L Z-1,DUCHESNE,BROOK TROUT,494,2.68,7/17/2023,2023
BUTTERFLY L Z-1,DUCHESNE,RAINBOW,301,11.26,7/18/2023,2023
BUTTERFLY L Z-1,DUCHESNE,TIGER TROUT,304,9.21,7/18/2023,2023
BUTTERFLY L Z-1,DUCHESNE,RAINBOW,305,11.99,7/25/2023,2023
BUTTERFLY L Z-1,DUCHESNE,RAINBOW,302,9.52,8/1/2023,2023
BUTTERFLY L Z-1,DUCHESNE,RAINBOW,301,12.13,8/2/2023,2023
BUTTERFLY L Z-1,DUCHESNE,RAINBOW,315,12.13,8/7/2023,2023
BUTTERFLY L Z-1,DUCHESNE,RAINBOW,300,11.65,8/14/2023,2023
BUTTERFLY L Z-1,DUCHESNE,TIGER TROUT,201,9.41,8/14/2023,2023
BUTTERFLY L Z-1,DUCHESNE,RAINBOW,200,12.13,8/21/2023,2023
BUTTERFLY L Z-1,DUCHESNE,TIGER TROUT,300,9.41,8/22/2023,2023
BUTTERFLY L Z-1,DUCHESNE,RAINBOW,200,12.13,8/28/2023,2023
CALDER RES,UINTAH,RAINBOW,4000,3.86,6/1/2023,2023
CALDER RES,UINTAH,BROWN TROUT,502,2.17,6/1/2023,2023
CALDER RES,UINTAH,RAINBOW,1000,9.16,6/2/2023,2023
CAMP KOSTOPAULUS,SALT LAKE,RAINBOW,400,9.45,5/23/2023,2023
CANYON VIEW PARK PD,UTAH,RAINBOW,430,10.77,3/8/2023,2023
CANYON VIEW PARK PD,UTAH,RAINBOW,430,10.77,3/21/2023,2023
CANYON VIEW PARK PD,UTAH,RAINBOW,429,10.44,3/28/2023,2023
CANYON VIEW PARK PD,UTAH,RAINBOW,429,9.47,4/12/2023,2023
CANYON VIEW PARK PD,UTAH,RAINBOW,858,9.47,4/18/2023,2023
CANYON VIEW PARK PD,UTAH,WIPER,301,7.02,5/25/2023,2023
CANYON VIEW PARK PD,UTAH,CUTTHROAT,225,17.88,5/31/2023,2023
CANYON VIEW PARK PD,UTAH,CHANNEL CATFISH,200,13.57,6/1/2023,2023
CANYON VIEW PARK PD,UTAH,RAINBOW,428,9.44,6/9/2023,2023
CANYON VIEW PARK PD,UTAH,CHANNEL CATFISH,400,10.77,6/15/2023,2023
CARBON CNTY P,CARBON,RAINBOW,506,10.28,4/19/2023,2023
CARBON CNTY P,CARBON,RAINBOW,1298,10.14,5/11/2023,2023
CARBON CNTY P,CARBON,CHANNEL CATFISH,888,10.77,6/1/2023,2023
CARBON CNTY P,CARBON,RAINBOW,1000,10.77,6/20/2023,2023
CARBON CNTY P,CARBON,CHANNEL CATFISH,400,13.57,6/20/2023,2023
CARBON CNTY P,CARBON,RAINBOW,900,11.86,10/12/2023,2023
CART CR,DAGGETT,RAINBOW,198,10.3,6/26/2023,2023
CART CR,DAGGETT,RAINBOW,197,9.95,7/14/2023,2023
"CARTER CR, E FK",DAGGETT,CUTTHROAT,4000,2.24,8/29/2023,2023
"CARTER CR, W FK",DAGGETT,CUTTHROAT,1639,1.74,8/29/2023,2023
"CARTER CR, W FK",DAGGETT,CUTTHROAT,375,2.14,8/29/2023,2023
CASPERS POND,CACHE,RAINBOW,502,9.32,6/20/2023,2023
CASTLE L W-67,SUMMIT,CUTTHROAT,399,2.28,9/19/2023,2023
CATHERINE L,SALT LAKE,BROOK TROUT,1196,2.68,7/14/2023,2023
CAUSEY RES,WEBER,RAINBOW,2080,12.44,5/17/2023,2023
CAUSEY RES,WEBER,RAINBOW,975,12.44,5/18/2023,2023
CAUSEY RES,WEBER,CUTTHROAT,3005,9.35,7/6/2023,2023
CAUSEY RES,WEBER,LAKE TROUT,1399,5.23,10/24/2023,2023
CAUSEY RES,WEBER,TIGER TROUT,1664,5.73,11/15/2023,2023
CEDAR CR,SANPETE,CUTTHROAT,3052,1.87,9/11/2023,2023
CEDARVIEW RES,DUCHESNE,CUTTHROAT,4081,1.88,10/30/2023,2023
CHAIN L NO 4 U-4,DUCHESNE,CUTTHROAT,655,1.45,9/19/2023,2023
CHALK CR,MILLARD,RAINBOW,125,9.76,5/2/2023,2023
CHALK CR,MILLARD,TIGER TROUT,252,11.08,7/6/2023,2023
CHALK CR,MILLARD,RAINBOW,131,10.04,8/8/2023,2023
CHINA L G-21,SUMMIT,BROOK TROUT,3916,3,7/21/2023,2023
CHUCK L BTN,GARFIELD,BROOK TROUT,97,2.63,7/11/2023,2023
CLEAR CR,SEVIER,CUTTHROAT,20112,1.9,9/12/2023,2023
CLEAR L GR-12,DAGGETT,TIGER TROUT,1021,2.7,7/21/2023,2023
CLEAR L GR-12,DAGGETT,TIGER TROUT,502,3.95,9/19/2023,2023
CLEGG L A-47,SUMMIT,BROOK TROUT,247,2.68,7/13/2023,2023
CLEVELAND RES,EMERY,RAINBOW,1600,10.77,6/8/2023,2023
CLEVELAND RES,EMERY,RAINBOW,1600,10.77,6/8/2023,2023
CLEVELAND RES,EMERY,RAINBOW,1600,10.77,6/12/2023,2023
CLIFF L G-5,SUMMIT,TIGER TROUT,1100,2.83,7/14/2023,2023
CLINTON POND,DAVIS,RAINBOW,300,10.77,3/8/2023,2023
CLINTON POND,DAVIS,RAINBOW,126,15.83,3/15/2023,2023
CLINTON POND,DAVIS,RAINBOW,299,10.44,4/5/2023,2023
CLINTON POND,DAVIS,RAINBOW,399,9.43,4/17/2023,2023
CLINTON POND,DAVIS,RAINBOW,499,9.44,5/2/2023,2023
CLINTON POND,DAVIS,RAINBOW,500,9.45,5/22/2023,2023
CLINTON POND,DAVIS,WIPER,250,7.2,5/22/2023,2023
CLINTON POND,DAVIS,CHANNEL CATFISH,200,13.57,6/1/2023,2023
CLINTON POND,DAVIS,RAINBOW,300,9.44,6/5/2023,2023
CLINTON POND,DAVIS,CHANNEL CATFISH,300,10.77,6/15/2023,2023
CLINTON POND,DAVIS,CHANNEL CATFISH,200,13.57,9/7/2023,2023
CLINTON POND,DAVIS,BASS LARGEMOUTH,885,2.55,9/21/2023,2023
CLINTON POND,DAVIS,RAINBOW,1702,10.64,10/20/2023,2023
COLD SPRING L,SEVIER,RAINBOW,715,10.19,5/31/2023,2023
COLD SPRING L,SEVIER,RAINBOW,785,9.9,7/13/2023,2023
COLD SPRING LAKES,BOX ELDER,RAINBOW,699,10.29,6/13/2023,2023
COLD SPRING LAKES,BOX ELDER,RAINBOW,798,9.32,6/20/2023,2023
COLD SPRING LAKES,BOX ELDER,RAINBOW,501,11.95,8/10/2023,2023
COLD SPRING LAKES,BOX ELDER,RAINBOW,500,11.35,8/22/2023,2023
COLD SPRING LAKES,BOX ELDER,RAINBOW,502,11.04,10/19/2023,2023
COLEMAN RES NBS,WAYNE,RAINBOW,171,10.23,6/13/2023,2023
COLEMAN RES NBS,WAYNE,BROOK TROUT,251,2.49,6/13/2023,2023
COMMUNITY L,SANPETE,RAINBOW,500,10.77,5/18/2023,2023
COMMUNITY L,SANPETE,RAINBOW,999,9.21,6/22/2023,2023
COMMUNITY L,SANPETE,TIGER TROUT,960,4.47,7/12/2023,2023
COMMUNITY L,SANPETE,RAINBOW,510,9.41,7/12/2023,2023
COMMUNITY L,SANPETE,TIGER TROUT,1008,11.08,7/12/2023,2023
COOK L BT,WAYNE,BROOK TROUT,503,2.57,7/11/2023,2023
COOK L BT,WAYNE,TIGER TROUT,496,9.49,7/13/2023,2023
COOK L BT,WAYNE,RAINBOW,504,9.9,7/13/2023,2023
CORN CR,MILLARD,RAINBOW,125,9.76,5/2/2023,2023
CORN CR,MILLARD,TIGER TROUT,252,11.08,7/6/2023,2023
CORN CR,MILLARD,RAINBOW,131,10.04,8/8/2023,2023
"CORN CR, N FK",MILLARD,CUTTHROAT,2054,2.11,9/19/2023,2023
CORNER BEAVER #1,SANPETE,BROOK TROUT,150,2.62,7/6/2023,2023
CORNER BEAVER #2,SANPETE,BROOK TROUT,150,2.62,7/6/2023,2023
COTTONWOOD RES,UINTAH,MUSKIE TIGER,1244,2.09,5/9/2023,2023
COTTONWOOD RES,UINTAH,WIPER,3495,2.55,8/2/2023,2023
COVE L,SANPETE,CUTTHROAT,1998,2.05,10/19/2023,2023
COVE L,SANPETE,TIGER TROUT,1518,5.92,10/19/2023,2023
COVE POND,SALT LAKE,RAINBOW,1008,9.63,4/6/2023,2023
COVE POND,SALT LAKE,TIGER TROUT,799,10.19,4/26/2023,2023
COVE POND,SALT LAKE,WIPER,124,7.32,5/10/2023,2023
COVE POND,SALT LAKE,RAINBOW,600,10.14,5/15/2023,2023
COVE POND,SALT LAKE,TIGER TROUT,648,10.19,5/16/2023,2023
COVE POND,SALT LAKE,TIGER TROUT,648,10.19,5/16/2023,2023
COVE POND,SALT LAKE,RAINBOW,1099,10.6,5/24/2023,2023
COVE POND,SALT LAKE,CHANNEL CATFISH,150,13.57,6/1/2023,2023
COVE POND,SALT LAKE,CHANNEL CATFISH,300,10.77,6/15/2023,2023
COVE POND,SALT LAKE,CHANNEL CATFISH,75,13.57,8/24/2023,2023
COVE POND,SALT LAKE,CHANNEL CATFISH,75,13.57,9/7/2023,2023
COVE POND,SALT LAKE,RAINBOW,752,12.13,9/19/2023,2023
COVE POND,SALT LAKE,BASS LARGEMOUTH,140,2.75,9/22/2023,2023
COVE POND,SALT LAKE,SUNFISH BLUEGILL,348,2.55,9/22/2023,2023
COVE POND,SALT LAKE,RAINBOW,750,10.77,10/4/2023,2023
CRATER L BTS,GARFIELD,BROOK TROUT,193,2.63,7/10/2023,2023
CRATER L-LOST L,SEVIER,BROOK TROUT,103,3.24,8/8/2023,2023
CRESCENT L BTS,GARFIELD,TIGER TROUT,53,2.87,7/10/2023,2023
CRESCENT L BTS,GARFIELD,CUTTHROAT,200,1.79,9/18/2023,2023
CRESCENT L U-48,DUCHESNE,CUTTHROAT,4678,1.45,9/19/2023,2023
CROUSE RES,UINTAH,TIGER TROUT,1029,1.98,6/1/2023,2023
CROUSE RES,UINTAH,BROWN TROUT,1003,2.17,6/1/2023,2023
CROUSE RES,UINTAH,RAINBOW,2000,9.16,6/2/2023,2023
CROUSE RES,UINTAH,TIGER TROUT,1880,4.05,7/19/2023,2023
CROW L DG-3,DUCHESNE,CUTTHROAT,1777,1.45,9/19/2023,2023
CRYSTAL L A-51,SUMMIT,BROOK TROUT,1001,2.68,7/13/2023,2023
CUB L BT,WAYNE,BROOK TROUT,55,2.63,7/10/2023,2023
CURRANT CR RES,WASATCH,RAINBOW,4000,10.77,6/1/2023,2023
CURRANT CR RES,WASATCH,RAINBOW,2400,10.77,6/5/2023,2023
CURRANT CR RES,WASATCH,CUTTHROAT,11002,5.46,6/5/2023,2023
CURRANT CR RES,WASATCH,RAINBOW,4200,10.6,6/6/2023,2023
CURRANT CR RES,WASATCH,RAINBOW,1001,9.79,6/29/2023,2023
CURRANT CR RES,WASATCH,RAINBOW,403,11.26,7/5/2023,2023
CURRANT CR RES,WASATCH,TIGER TROUT,1273,5.44,10/21/2023,2023
CURRANT CR RES,WASATCH,TIGER TROUT,1419,5.44,10/22/2023,2023
D-19,DUCHESNE,BROOK TROUT,39,2.68,7/13/2023,2023
D-26,DUCHESNE,BROOK TROUT,299,2.68,7/13/2023,2023
DARK CYN L,SAN JUAN,TIGER TROUT,501,2.98,7/18/2023,2023
"DAVIS L, NORTH U-46",DUCHESNE,BROOK TROUT,401,3,7/21/2023,2023
"DAVIS L, SOUTH U-34",DUCHESNE,BROOK TROUT,621,3,7/21/2023,2023
DEAD L BTS,GARFIELD,BROOK TROUT,97,2.63,7/10/2023,2023
DEADHORSE L G-77,SUMMIT,CUTTHROAT,3203,1.73,9/19/2023,2023
DEADMAN CR,SUMMIT,CUTTHROAT,155,8.69,5/31/2023,2023
DEADMAN CR,SUMMIT,CUTTHROAT,200,3.22,11/16/2023,2023
DEAN L W-35,SUMMIT,BROOK TROUT,650,2.68,7/13/2023,2023
DEEP CR L TLM,WAYNE,BROOK TROUT,194,2.63,7/11/2023,2023
DEEP L,SEVIER,RAINBOW,1568,9.94,6/9/2023,2023
DEEP L,SANPETE,BROOK TROUT,300,2.62,7/6/2023,2023
DEEP L,SANPETE,RAINBOW,2106,9.75,7/17/2023,2023
DEER CR L EBS,GARFIELD,BROOK TROUT,995,2.63,7/10/2023,2023
DEER CR L EBS,GARFIELD,TIGER TROUT,96,2.87,7/10/2023,2023
DEER CR L EBS,GARFIELD,CUTTHROAT,2560,1.31,9/18/2023,2023
DEER CR RES,WASATCH,RAINBOW,1380,10.28,5/31/2023,2023
DEER CR RES,WASATCH,RAINBOW,1150,10.28,5/31/2023,2023
DEER CR RES,WASATCH,RAINBOW,1610,10.28,6/5/2023,2023
DEER CR RES,WASATCH,RAINBOW,1610,10.28,6/5/2023,2023
DEER CR RES,WASATCH,RAINBOW,2000,10,6/6/2023,2023
DEER CR RES,WASATCH,RAINBOW,1750,10,6/6/2023,2023
DEER CR RES,WASATCH,RAINBOW,1375,10,6/12/2023,2023
DEER CR RES,WASATCH,RAINBOW,1375,10,6/12/2023,2023
DEER CR RES,WASATCH,RAINBOW,2208,9.68,6/13/2023,2023
DEER CR RES,WASATCH,RAINBOW,2208,9.68,6/13/2023,2023
DEER CR RES,WASATCH,RAINBOW,1334,9.68,6/20/2023,2023
DEER CR RES,WASATCH,RAINBOW,34600,5.25,9/15/2023,2023
DEER CR RES,WASATCH,RAINBOW,1174,12.94,9/27/2023,2023
DEER CR RES,WASATCH,RAINBOW,11686,10.57,9/28/2023,2023
DEER CR RES,WASATCH,RAINBOW,23443,10.78,9/28/2023,2023
DEER CR RES,WASATCH,RAINBOW,2664,9.45,10/3/2023,2023
DEER CR RES,WASATCH,RAINBOW,1800,9.45,10/4/2023,2023
DEER CR RES,WASATCH,RAINBOW,1803,9.45,10/4/2023,2023
DEER CR RES,WASATCH,RAINBOW,2280,9.45,10/10/2023,2023
DEER CR RES,WASATCH,RAINBOW,2585,9.5,10/18/2023,2023
DEER CR RES,WASATCH,RAINBOW,2585,9.5,10/18/2023,2023
DEER CR RES,WASATCH,RAINBOW,2279,9.62,11/2/2023,2023
DEER CR RES,WASATCH,RAINBOW,2279,9.62,11/2/2023,2023
DEER CR RES,WASATCH,RAINBOW,2662,9.62,11/6/2023,2023
DEER CR RES,WASATCH,RAINBOW,1900,9.62,11/8/2023,2023
DEER CR RES,WASATCH,RAINBOW,1900,9.62,11/8/2023,2023
DEER CR RES,WASATCH,RAINBOW,2281,9.5,11/14/2023,2023
DEER CR RES,WASATCH,RAINBOW,2281,9.5,11/14/2023,2023
DEER CR RES,WASATCH,RAINBOW,8033,11.24,11/16/2023,2023
DEER CR RES,WASATCH,RAINBOW,1250,10,11/20/2023,2023
DEER CR RES,WASATCH,RAINBOW,2777,9.5,11/20/2023,2023
DEER CR RES,WASATCH,RAINBOW,1678,10,11/20/2023,2023
DEER VALLEY LAKES,SUMMIT,RAINBOW,299,10.1,5/11/2023,2023
DEER VALLEY LAKES,SUMMIT,RAINBOW,1503,9.94,6/5/2023,2023
DEER VALLEY LAKES,SUMMIT,RAINBOW,601,10.19,6/28/2023,2023
DEER VALLEY LAKES,SUMMIT,RAINBOW,304,10.14,8/14/2023,2023
DEER VALLEY LAKES,SUMMIT,TIGER TROUT,3002,5.44,10/21/2023,2023
DIAMOND FK CR,UTAH,CUTTHROAT,5998,2.48,10/16/2023,2023
DIAMOND FK R,UTAH,BROWN TROUT,20000,2.97,5/4/2023,2023
DIAMOND FK R,UTAH,BROWN TROUT,5940,4.93,6/29/2023,2023
DIAMOND FK R,UTAH,BROWN TROUT,10668,2.66,7/8/2023,2023
DIAMOND L X-43,DUCHESNE,BROOK TROUT,1299,3,7/21/2023,2023
DIVIDE L NO 1 A-36,SUMMIT,BROOK TROUT,520,2.68,7/14/2023,2023
DMAD RES,MILLARD,WALLEYE,8350,0.41,5/1/2023,2023
DMAD RES,MILLARD,CHANNEL CATFISH,5000,2.89,9/26/2023,2023
DOLLAR L G-2,SUMMIT,TIGER TROUT,1001,2.83,7/14/2023,2023
DONS L,GRAND,RAINBOW,997,10.19,6/1/2023,2023
DONS L,GRAND,RAINBOW,1008,9.9,7/17/2023,2023
DOUGHERTY BASIN NCL,GARFIELD,CUTTHROAT,750,1.79,9/18/2023,2023
DRY WASH RES,SAN JUAN,RAINBOW,1346,10.04,5/16/2023,2023
DRY WASH RES,SAN JUAN,RAINBOW,1159,10.7,6/21/2023,2023
DUCHESNE R,DUCHESNE,RAINBOW,399,9.43,6/29/2023,2023
DUCHESNE R,DUCHESNE,RAINBOW,398,9.95,7/18/2023,2023
"DUCHESNE R, N FK",DUCHESNE,RAINBOW,1001,9.43,6/29/2023,2023
"DUCHESNE R, N FK",DUCHESNE,RAINBOW,624,9.95,7/18/2023,2023
"DUCHESNE R, N FK",DUCHESNE,RAINBOW,375,13.07,7/18/2023,2023
"DUCHESNE R, N FK",DUCHESNE,RAINBOW,800,10.75,8/9/2023,2023
DUCK CR,KANE,RAINBOW,277,10.15,5/15/2023,2023
DUCK CR,KANE,RAINBOW,242,10.62,6/16/2023,2023
DUCK CR,KANE,RAINBOW,239,10.66,6/30/2023,2023
DUCK CR SPRINGS,KANE,RAINBOW,831,10.15,5/15/2023,2023
DUCK CR SPRINGS,KANE,TIGER TROUT,1038,8.7,5/24/2023,2023
DUCK CR SPRINGS,KANE,RAINBOW,504,10.3,5/31/2023,2023
DUCK CR SPRINGS,KANE,RAINBOW,666,10.62,6/16/2023,2023
DUCK CR SPRINGS,KANE,RAINBOW,657,10.66,6/30/2023,2023
DUCK CR SPRINGS,KANE,RAINBOW,1105,10.95,7/11/2023,2023
DUCK CR SPRINGS,KANE,RAINBOW,245,11.83,7/25/2023,2023
DUCK FK RES,SANPETE,CUTTHROAT,2323,6.7,7/11/2023,2023
DUCK FK RES,SANPETE,TIGER TROUT,1518,5.92,10/17/2023,2023
EAST CYN RES,MORGAN,RAINBOW,3332,11.21,5/9/2023,2023
EAST CYN RES,MORGAN,RAINBOW,1668,10.77,5/9/2023,2023
EAST CYN RES,MORGAN,WIPER,18480,2.25,8/17/2023,2023
EAST CYN RES,MORGAN,RAINBOW,3950,12.6,9/26/2023,2023
EAST CYN RES,MORGAN,RAINBOW,4782,12.6,9/26/2023,2023
EAST L BTS,GARFIELD,BROOK TROUT,251,2.57,7/10/2023,2023
EAST PARK RES,UINTAH,RAINBOW,1739,11.58,6/7/2023,2023
EAST PARK RES,UINTAH,BROOK TROUT,2006,3.1,7/12/2023,2023
EAST PARK RES,UINTAH,RAINBOW,699,12.44,9/5/2023,2023
EAST PARK RES,UINTAH,BROOK TROUT,909,4.49,9/6/2023,2023
EAST PARLEY'S,SANPETE,BROOK TROUT,300,2.62,7/6/2023,2023
ECHO RES,SUMMIT,RAINBOW,6600,11.49,5/2/2023,2023
ECHO RES,SUMMIT,RAINBOW,2409,11.49,5/2/2023,2023
ECHO RES,SUMMIT,CHANNEL CATFISH,382,13.57,6/1/2023,2023
ECHO RES,SUMMIT,RAINBOW,1750,12.6,6/26/2023,2023
ECHO RES,SUMMIT,RAINBOW,2594,12.6,9/26/2023,2023
ECHO RES,SUMMIT,RAINBOW,1875,12.6,9/26/2023,2023
ECHO RES,SUMMIT,RAINBOW,2000,12.6,9/26/2023,2023
ELECTRIC L,EMERY,TIGER TROUT,10240,4.47,7/12/2023,2023
ELECTRIC L,EMERY,LAKE TROUT,248,3.65,7/26/2023,2023
ELECTRIC L,EMERY,CUTTHROAT,12804,2.05,10/26/2023,2023
ELECTRIC L,EMERY,CUTTHROAT,4408,1.96,10/26/2023,2023
ELKHORN L W-64,SUMMIT,BROOK TROUT,104,2.68,7/13/2023,2023
EMERALD L,SANPETE,RAINBOW,1000,10,7/26/2023,2023
EMERALD L D-20,DUCHESNE,BROOK TROUT,52,2.68,7/13/2023,2023
EMERY (LARSON) RES,SANPETE,TIGER TROUT,2498,2.87,7/11/2023,2023
"ENTERPRISE RES,LOWER",WASHINGTON,RAINBOW,4095,10.19,3/21/2023,2023
"ENTERPRISE RES,LOWER",WASHINGTON,RAINBOW,420,10.46,4/18/2023,2023
"ENTERPRISE RES,UPPER",WASHINGTON,RAINBOW,20116,4.87,4/25/2023,2023
"ENTERPRISE RES,UPPER",WASHINGTON,KOKANEE,6636,3.41,7/6/2023,2023
"ENTERPRISE RES,UPPER",WASHINGTON,CUTTHROAT,34650,2.18,10/2/2023,2023
EPHRAIM CR,SANPETE,CUTTHROAT,3000,2.12,9/20/2023,2023
"ERICKSON L,NORTH W26",SUMMIT,BROOK TROUT,494,2.68,7/13/2023,2023
"ERICKSON L,SOUTH W25",SUMMIT,BROOK TROUT,845,2.68,7/13/2023,2023
FAIRMONT PARK SLC,SALT LAKE,RAINBOW,702,8.62,3/23/2023,2023
FAIRMONT PARK SLC,SALT LAKE,RAINBOW,352,9.58,4/24/2023,2023
FAIRMONT PARK SLC,SALT LAKE,RAINBOW,351,10.1,5/11/2023,2023
FAIRMONT PARK SLC,SALT LAKE,WIPER,100,7.2,5/22/2023,2023
FAIRMONT PARK SLC,SALT LAKE,CHANNEL CATFISH,150,13.57,6/1/2023,2023
FAIRMONT PARK SLC,SALT LAKE,RAINBOW,352,9.92,6/13/2023,2023
FAIRMONT PARK SLC,SALT LAKE,CHANNEL CATFISH,300,10.77,6/15/2023,2023
FAIRMONT PARK SLC,SALT LAKE,RAINBOW,251,10.19,6/28/2023,2023
FAIRMONT PARK SLC,SALT LAKE,CHANNEL CATFISH,75,13.57,8/24/2023,2023
FAIRMONT PARK SLC,SALT LAKE,RAINBOW,252,9.56,8/28/2023,2023
FAIRMONT PARK SLC,SALT LAKE,CHANNEL CATFISH,75,13.57,9/7/2023,2023
FAIRMONT PARK SLC,SALT LAKE,RAINBOW,251,10.3,10/17/2023,2023
FAIRVIEW L,SANPETE,RAINBOW,1600,10.77,6/20/2023,2023
FAIRVIEW L,SANPETE,RAINBOW,1680,10.77,6/20/2023,2023
FAIRVIEW L,SANPETE,RAINBOW,720,9.41,6/21/2023,2023
FAITH L A-16,SUMMIT,BROOK TROUT,104,2.68,7/14/2023,2023
FARMINGTON CITY RES,DAVIS,RAINBOW,1002,10.96,4/18/2023,2023
FARMINGTON CITY RES,DAVIS,RAINBOW,504,10.96,4/24/2023,2023
FARMINGTON CITY RES,DAVIS,WIPER,509,7.83,5/8/2023,2023
FARMINGTON CITY RES,DAVIS,RAINBOW,701,11.37,5/11/2023,2023
FARMINGTON CITY RES,DAVIS,RAINBOW,400,11.04,5/17/2023,2023
FARMINGTON CITY RES,DAVIS,RAINBOW,401,11,6/5/2023,2023
FARMINGTON CITY RES,DAVIS,CHANNEL CATFISH,564,10.77,6/15/2023,2023
FARMINGTON CITY RES,DAVIS,RAINBOW,401,11.74,7/5/2023,2023
FARMINGTON CITY RES,DAVIS,RAINBOW,401,10.86,7/17/2023,2023
FARMINGTON CITY RES,DAVIS,CHANNEL CATFISH,265,13.57,9/7/2023,2023
FARMINGTON CITY RES,DAVIS,TIGER TROUT,300,11.51,10/11/2023,2023
FARMINGTON CITY RES,DAVIS,RAINBOW,1001,11.88,10/19/2023,2023
FARMINGTON CITY RES,DAVIS,RAINBOW,1001,12.23,11/7/2023,2023
FARNSWORTH L,SEVIER,RAINBOW,1003,9.9,7/13/2023,2023
FARNSWORTH L,SEVIER,TIGER TROUT,534,10.08,7/17/2023,2023
FARRALS POND TLM,SEVIER,TIGER TROUT,50,3.11,7/25/2023,2023
FERN L X-5,DUCHESNE,BROOK TROUT,1452,3,7/21/2023,2023
FERRON CR,EMERY,CUTTHROAT,16990,2.03,10/17/2023,2023
FERRON RES,SANPETE,CUTTHROAT,998,6.7,7/11/2023,2023
FERRON RES,SANPETE,RAINBOW,2010,9.41,7/12/2023,2023
FERRON RES,SANPETE,BROOK TROUT,1571,3.5,8/15/2023,2023
FISH CR L NBS,WAYNE,TIGER TROUT,904,2.87,7/10/2023,2023
FISH L,SEVIER,BROWN TROUT,25200,3.08,5/10/2023,2023
FISH L,SEVIER,RAINBOW,10240,11.98,5/16/2023,2023
FISH L,SEVIER,KOKANEE,27990,2.99,5/16/2023,2023
FISH L,SEVIER,KOKANEE,55980,2.99,5/16/2023,2023
FISH L,SEVIER,RAINBOW,9600,12.24,5/16/2023,2023
FISH L,SEVIER,SPLAKE,41565,2.89,5/17/2023,2023
FISH L,SEVIER,RAINBOW,2400,12.24,5/17/2023,2023
FISH L,SEVIER,RAINBOW,2475,12.24,5/17/2023,2023
FISH L,SEVIER,RAINBOW,2400,12.24,5/17/2023,2023
FISH L,SEVIER,RAINBOW,2400,12.24,5/17/2023,2023
FISH L,SEVIER,RAINBOW,2400,12.24,5/17/2023,2023
FISH L,SEVIER,RAINBOW,2400,12.24,5/18/2023,2023
FISH L,SEVIER,RAINBOW,2400,12.24,5/18/2023,2023
FISH L,SEVIER,RAINBOW,1275,12.24,5/18/2023,2023
FISH L,SEVIER,RAINBOW,1200,12.24,5/18/2023,2023
FISH L,SEVIER,KOKANEE,52013,3.12,5/23/2023,2023
FISH L,SEVIER,KOKANEE,27480,3.06,5/23/2023,2023
FISH L,SEVIER,SPLAKE,43258,2.66,7/19/2023,2023
FISH L,SEVIER,SPLAKE,9142,2.85,7/31/2023,2023
FISH L,SEVIER,LAKE TROUT,63,27.61,11/27/2023,2023
FISH L,SEVIER,LAKE TROUT,3443,5.54,11/27/2023,2023
FISH L,SEVIER,LAKE TROUT,200,18.42,12/5/2023,2023
FISH L,SEVIER,LAKE TROUT,120,18.42,12/5/2023,2023
FLAMING GORGE RES,DAGGETT,RAINBOW,39960,3.23,2/1/2023,2023
FLAMING GORGE RES,DAGGETT,RAINBOW,3000,8.74,4/11/2023,2023
FLAMING GORGE RES,DAGGETT,RAINBOW,3000,8.74,4/11/2023,2023
FLAMING GORGE RES,DAGGETT,RAINBOW,3188,8.74,4/11/2023,2023
FLAMING GORGE RES,DAGGETT,RAINBOW,3000,8.74,4/11/2023,2023
FLAMING GORGE RES,DAGGETT,RAINBOW,3000,8.74,4/11/2023,2023
FLAMING GORGE RES,DAGGETT,RAINBOW,3000,8.74,4/11/2023,2023
FLAMING GORGE RES,DAGGETT,RAINBOW,3000,8.74,4/11/2023,2023
FLAMING GORGE RES,DAGGETT,RAINBOW,3000,8.74,4/11/2023,2023
FLAMING GORGE RES,DAGGETT,RAINBOW,3188,8.74,4/12/2023,2023
FLAMING GORGE RES,DAGGETT,RAINBOW,3188,8.74,4/12/2023,2023
FLAMING GORGE RES,DAGGETT,RAINBOW,3188,8.74,4/12/2023,2023
FLAMING GORGE RES,DAGGETT,RAINBOW,3150,8.74,4/12/2023,2023
FLAMING GORGE RES,DAGGETT,RAINBOW,3188,8.74,4/12/2023,2023
FLAMING GORGE RES,DAGGETT,RAINBOW,3188,8.74,4/12/2023,2023
FLAMING GORGE RES,DAGGETT,RAINBOW,3188,8.74,4/12/2023,2023
FLAMING GORGE RES,DAGGETT,RAINBOW,3188,8.74,4/12/2023,2023
FLAMING GORGE RES,DAGGETT,RAINBOW,3206,8.74,4/17/2023,2023
FLAMING GORGE RES,DAGGETT,RAINBOW,3206,8.74,4/17/2023,2023
FLAMING GORGE RES,DAGGETT,RAINBOW,5244,9.69,4/18/2023,2023
FLAMING GORGE RES,DAGGETT,RAINBOW,5777,11.18,5/10/2023,2023
FLAMING GORGE RES,DAGGETT,KOKANEE,48888,3.39,5/12/2023,2023
FLAMING GORGE RES,DAGGETT,KOKANEE,28737,2.99,5/15/2023,2023
FLAMING GORGE RES,DAGGETT,KOKANEE,51282,3.34,5/15/2023,2023
FLAMING GORGE RES,DAGGETT,KOKANEE,57473,2.99,5/15/2023,2023
FLAMING GORGE RES,DAGGETT,KOKANEE,51282,3.34,5/15/2023,2023
FLAMING GORGE RES,DAGGETT,KOKANEE,51282,3.34,5/16/2023,2023
FLAMING GORGE RES,DAGGETT,KOKANEE,40640,3.4,5/18/2023,2023
FLAMING GORGE RES,DAGGETT,RAINBOW,23040,9.26,5/22/2023,2023
FLAMING GORGE RES,DAGGETT,RAINBOW,8100,9.26,5/22/2023,2023
FLAMING GORGE RES,DAGGETT,RAINBOW,22464,9.33,5/22/2023,2023
FLAMING GORGE RES,DAGGETT,RAINBOW,24890,9.12,5/23/2023,2023
FLAMING GORGE RES,DAGGETT,RAINBOW,6460,9.12,5/23/2023,2023
FLAMING GORGE RES,DAGGETT,RAINBOW,6494,9.33,5/23/2023,2023
FLAMING GORGE RES,DAGGETT,RAINBOW,1724,9.31,5/29/2023,2023
FLAMING GORGE RES,DAGGETT,RAINBOW,2741,9.31,5/29/2023,2023
FLAMING GORGE RES,DAGGETT,RAINBOW,4011,8.68,5/29/2023,2023
FLAMING GORGE RES,DAGGETT,KOKANEE,148050,2.94,6/6/2023,2023
FLAMING GORGE RES,DAGGETT,KOKANEE,148050,2.94,6/7/2023,2023
FLAMING GORGE RES,DAGGETT,CUTTHROAT,17332,7.44,6/14/2023,2023
FLAMING GORGE RES,DAGGETT,CUTTHROAT,16886,7.76,6/15/2023,2023
FLAMING GORGE RES,DAGGETT,KOKANEE,33600,3.73,7/13/2023,2023
FLAMING GORGE RES,DAGGETT,KOKANEE,28800,3.73,7/17/2023,2023
FLAMING GORGE RES,DAGGETT,RAINBOW,3312,8.86,10/16/2023,2023
FLAMING GORGE RES,DAGGETT,RAINBOW,3258,8.86,10/16/2023,2023
FLAMING GORGE RES,DAGGETT,RAINBOW,3240,8.86,10/16/2023,2023
FLAMING GORGE RES,DAGGETT,RAINBOW,3240,8.86,10/16/2023,2023
FLAMING GORGE RES,DAGGETT,RAINBOW,3240,8.86,10/16/2023,2023
FLAMING GORGE RES,DAGGETT,RAINBOW,3240,8.86,10/16/2023,2023
FLAMING GORGE RES,DAGGETT,RAINBOW,3240,8.86,10/16/2023,2023
FLAMING GORGE RES,DAGGETT,RAINBOW,3276,8.86,10/16/2023,2023
FLAMING GORGE RES,DAGGETT,RAINBOW,3240,8.86,10/17/2023,2023
FLAMING GORGE RES,DAGGETT,RAINBOW,3240,8.86,10/17/2023,2023
FLAMING GORGE RES,DAGGETT,RAINBOW,3240,8.86,10/17/2023,2023
FLAMING GORGE RES,DAGGETT,RAINBOW,2880,8.86,10/17/2023,2023
FLAMING GORGE RES,DAGGETT,RAINBOW,2934,8.86,10/17/2023,2023
FLAMING GORGE RES,DAGGETT,RAINBOW,2988,8.86,10/17/2023,2023
FLAMING GORGE RES,DAGGETT,RAINBOW,3060,8.86,10/17/2023,2023
FLAMING GORGE RES,DAGGETT,RAINBOW,3240,8.86,10/17/2023,2023
FLAMING GORGE RES,DAGGETT,RAINBOW,1445,11.37,10/24/2023,2023
FLAMING GORGE RES,DAGGETT,RAINBOW,1445,11.37,10/24/2023,2023
FLAMING GORGE RES,DAGGETT,RAINBOW,1360,11.6,10/30/2023,2023
FLAMING GORGE RES,DAGGETT,RAINBOW,1360,11.6,10/30/2023,2023
FLAMING GORGE RES,DAGGETT,RAINBOW,680,11.6,10/31/2023,2023
FLAMING GORGE RES,DAGGETT,RAINBOW,680,11.6,10/31/2023,2023
FLAMING GORGE RES,DAGGETT,RAINBOW,567,12.08,11/2/2023,2023
FLAMING GORGE RES,DAGGETT,RAINBOW,17417,3.32,11/23/2023,2023
FLAMING GORGE RES,DAGGETT,RAINBOW,3996,7.15,12/15/2023,2023
FLAT L NCL,GARFIELD,BROOK TROUT,103,3.17,8/1/2023,2023
FLOATING ISLAND TLM,SEVIER,SPLAKE,159,2.74,7/25/2023,2023
FLOATING ISLAND TLM,SEVIER,TIGER TROUT,150,3.11,7/25/2023,2023
FLOATING ISLAND TLM,SEVIER,CUTTHROAT,333,2.05,10/24/2023,2023
FLORENCE L,SALT LAKE,BROOK TROUT,494,2.68,7/14/2023,2023
FOREBAY POND,IRON,RAINBOW,416,10.15,5/18/2023,2023
FOREBAY POND,IRON,RAINBOW,502,10.91,6/27/2023,2023
FOREBAY POND,IRON,RAINBOW,451,8,7/26/2023,2023
FOREBAY POND,IRON,RAINBOW,131,11.83,7/26/2023,2023
FORSYTH RES,SEVIER,SPLAKE,6006,3.65,7/5/2023,2023
FORSYTH RES,SEVIER,TIGER TROUT,1502,11.08,7/13/2023,2023
FORSYTH RES,SEVIER,TIGER TROUT,5508,3.31,8/8/2023,2023
FORSYTH RES,SEVIER,TIGER TROUT,2501,4.54,8/10/2023,2023
FOY L,SAN JUAN,RAINBOW,1150,10.04,5/15/2023,2023
FOY L,SAN JUAN,RAINBOW,990,10.19,6/7/2023,2023
FOY L,SAN JUAN,RAINBOW,960,9.9,7/17/2023,2023
FREMONT R,WAYNE,BROWN TROUT,4022,2.81,4/23/2023,2023
FREMONT R,WAYNE,BROWN TROUT,2011,2.81,4/23/2023,2023
FT BUENAVENTURA P,WEBER,CHANNEL CATFISH,564,10.77,6/15/2023,2023
FT BUENAVENTURA P,WEBER,WIPER,258,8.15,7/18/2023,2023
FT BUENAVENTURA P,WEBER,CHANNEL CATFISH,260,13.57,8/24/2023,2023
FT BUENAVENTURA P,WEBER,CHANNEL CATFISH,200,13.57,9/7/2023,2023
G-113,SUMMIT,CUTTHROAT,276,1.73,9/19/2023,2023
GARDEN CITY HERITAGE COM,RICH,RAINBOW,3004,11.03,6/6/2023,2023
GARDEN CITY HERITAGE COM,RICH,WIPER,302,8.02,7/3/2023,2023
GARDEN CITY HERITAGE COM,RICH,RAINBOW,1999,11.71,11/14/2023,2023
GARKANE EAST FK,GARFIELD,TIGER TROUT,399,11.08,7/7/2023,2023
"GARKANE IMP, MAIN FK",GARFIELD,RAINBOW,480,9.9,4/23/2023,2023
"GARKANE IMP, MAIN FK",GARFIELD,RAINBOW,528,10.19,6/12/2023,2023
"GARKANE IMP, MAIN FK",GARFIELD,TIGER TROUT,305,11.08,7/7/2023,2023
GARRISON RES(PRUESS),MILLARD,CHANNEL CATFISH,3500,2.89,9/26/2023,2023
GATES L,SEVIER,RAINBOW,808,10.7,6/29/2023,2023
GATES L,SEVIER,TIGER TROUT,255,3.31,8/8/2023,2023
GHOST POND,UINTAH,TIGER TROUT,129,5.31,10/26/2023,2023
GIGLIOTTI POND,CARBON,RAINBOW,998,10.14,5/11/2023,2023
GIGLIOTTI POND,CARBON,RAINBOW,750,10.77,6/20/2023,2023
GIGLIOTTI POND,CARBON,RAINBOW,500,11.86,10/12/2023,2023
GILBERT L U-82,DUCHESNE,CUTTHROAT,1123,1.45,9/19/2023,2023
GLASSMANS POND,WEBER,RAINBOW,500,10.77,3/17/2023,2023
GLASSMANS POND,WEBER,RAINBOW,200,10.44,4/5/2023,2023
GLASSMANS POND,WEBER,RAINBOW,200,9.43,4/17/2023,2023
GLASSMANS POND,WEBER,RAINBOW,499,9.44,5/2/2023,2023
GLASSMANS POND,WEBER,RAINBOW,699,9.45,5/22/2023,2023
GLASSMANS POND,WEBER,RAINBOW,501,9.43,9/27/2023,2023
GLASSMANS POND,WEBER,RAINBOW,599,9.5,10/11/2023,2023
GLENWOOD POND,SEVIER,RAINBOW,100,9.52,4/3/2023,2023
GLENWOOD POND,SEVIER,RAINBOW,102,10.04,4/13/2023,2023
GLENWOOD POND,SEVIER,RAINBOW,200,10.35,5/25/2023,2023
GLENWOOD POND,SEVIER,RAINBOW,102,9.54,8/31/2023,2023
GLENWOOD POND,SEVIER,RAINBOW,201,10.62,10/5/2023,2023
GLENWOOD POND,SEVIER,RAINBOW,152,10.63,10/24/2023,2023
GOOD SKI LAKE (21ST PO),WEBER,RAINBOW,2000,9.83,4/12/2023,2023
GOOD SKI LAKE (21ST PO),WEBER,RAINBOW,1000,11.48,6/22/2023,2023
GOOD SKI LAKE (21ST PO),WEBER,RAINBOW,1001,10.6,8/25/2023,2023
GOOD SKI LAKE (21ST PO),WEBER,RAINBOW,1501,10.48,10/16/2023,2023
GOOD SKI LAKE (21ST PO),WEBER,RAINBOW,1502,11.89,10/26/2023,2023
GOOSEBERRY RES,SANPETE,RAINBOW,1334,10.77,6/14/2023,2023
GOOSEBERRY RES,SANPETE,RAINBOW,674,10.77,6/14/2023,2023
GOOSEBERRY RES,SANPETE,RAINBOW,600,10.77,6/14/2023,2023
GOOSEBERRY RES,SANPETE,RAINBOW,1410,9.41,7/10/2023,2023
GOOSEBERRY RES,SANPETE,RAINBOW,1000,10,7/26/2023,2023
GR-160,SUMMIT,BROOK TROUT,248,3,7/21/2023,2023
GR-162,SUMMIT,BROOK TROUT,697,3,7/21/2023,2023
GRANTSVILLE RES,TOOELE,RAINBOW,2499,9.41,3/20/2023,2023
GRANTSVILLE RES,TOOELE,RAINBOW,2499,9.41,3/20/2023,2023
GRANTSVILLE RES,TOOELE,RAINBOW,1998,9.75,4/13/2023,2023
GRANTSVILLE RES,TOOELE,RAINBOW,1998,9.75,4/13/2023,2023
GRANTSVILLE RES,TOOELE,RAINBOW,1998,9.75,4/27/2023,2023
GRANTSVILLE RES,TOOELE,RAINBOW,1998,9.75,4/27/2023,2023
GRANTSVILLE RES,TOOELE,RAINBOW,1920,10.14,5/3/2023,2023
GRANTSVILLE RES,TOOELE,RAINBOW,1920,10.14,5/3/2023,2023
GRANTSVILLE RES,TOOELE,RAINBOW,1680,10.6,6/6/2023,2023
GRANTSVILLE RES,TOOELE,RAINBOW,1680,10.6,6/6/2023,2023
GRANTSVILLE RES,TOOELE,RAINBOW,1330,10.96,6/27/2023,2023
GRANTSVILLE RES,TOOELE,RAINBOW,1334,10.6,7/6/2023,2023
GRANTSVILLE RES,TOOELE,RAINBOW,1334,10.6,7/6/2023,2023
GRANTSVILLE RES,TOOELE,RAINBOW,1666,10.77,10/3/2023,2023
GRANTSVILLE RES,TOOELE,RAINBOW,1666,10.77,10/3/2023,2023
GRANTSVILLE RES,TOOELE,RAINBOW,1666,10.77,10/3/2023,2023
GRANTSVILLE RES,TOOELE,RAINBOW,2877,5.13,11/2/2023,2023
GRANTSVILLE RES,TOOELE,RAINBOW,2580,3.69,11/2/2023,2023
GRANTSVILLE RES,TOOELE,RAINBOW,3408,10.97,11/28/2023,2023
GRASS L SB,GARFIELD,BROOK TROUT,148,2.57,7/10/2023,2023
GRASS L TLM,WAYNE,BROOK TROUT,103,2.9,7/25/2023,2023
GRASSY LAKE RES,SANPETE,RAINBOW,1001,9.52,6/29/2023,2023
GRASSY LAKE RES,SANPETE,RAINBOW,999,9.75,7/20/2023,2023
GRASSY LAKE RES,SANPETE,TIGER TROUT,2485,4.34,7/20/2023,2023
GREEN L EBS,GARFIELD,BROOK TROUT,148,2.57,7/10/2023,2023
GREEN L NBS,WAYNE,BROOK TROUT,622,2.63,7/10/2023,2023
GREEN R,DAGGETT,CUTTHROAT,1647,7.43,6/15/2023,2023
GREEN R,DAGGETT,CUTTHROAT,1647,7.43,6/15/2023,2023
GREEN R,DAGGETT,RAINBOW,6501,10.08,6/30/2023,2023
GREEN R,DAGGETT,RAINBOW,3001,10.13,11/17/2023,2023
GREEN R,DAGGETT,RAINBOW,3074,9.98,11/20/2023,2023
GUNNISON BEND RES,MILLARD,WALLEYE,22000,0.41,4/22/2023,2023
GUNNISON BEND RES,MILLARD,CHANNEL CATFISH,10000,2.89,9/26/2023,2023
HACKING L GR-40,UINTAH,TIGER TROUT,263,2.7,7/11/2023,2023
HACKING L GR-40,UINTAH,RAINBOW,250,12.04,7/11/2023,2023
HALF MOON L BTS,GARFIELD,BROOK TROUT,503,2.57,7/10/2023,2023
HALLS FK,UTAH,CUTTHROAT,2999,2.48,10/16/2023,2023
HAMILTON RES,SEVIER,BROOK TROUT,251,3.24,8/8/2023,2023
HAMILTON RES,SEVIER,TIGER TROUT,103,3.31,8/8/2023,2023
HAYDEN FK,SUMMIT,RAINBOW,105,11.26,7/3/2023,2023
HAYDEN FK,SUMMIT,RAINBOW,201,11.26,7/18/2023,2023
HAYDEN FK,SUMMIT,RAINBOW,200,12.13,8/2/2023,2023
HAYDEN FK,SUMMIT,RAINBOW,150,11.65,8/8/2023,2023
HAYSTACK L A-9,SUMMIT,BROOK TROUT,897,2.68,7/13/2023,2023
HEART L X-13,DUCHESNE,CUTTHROAT,561,1.45,9/19/2023,2023
HENDRICKSON L,IRON,BROOK TROUT,995,2.63,7/11/2023,2023
HESSIE L G-18,SUMMIT,CUTTHROAT,2651,1.73,9/19/2023,2023
HIDDEN L,GRAND,RAINBOW,994,10.19,6/1/2023,2023
HIDDEN L,GRAND,RAINBOW,1008,9.9,7/17/2023,2023
HIDDEN L GR-112,SUMMIT,CUTTHROAT,276,1.73,9/19/2023,2023
HIDDEN L WR-63,DUCHESNE,CUTTHROAT,1029,1.45,9/19/2023,2023
HIGHLAND GLEN PARK P,UTAH,RAINBOW,204,10.77,3/13/2023,2023
HIGHLAND GLEN PARK P,UTAH,RAINBOW,205,10.44,3/27/2023,2023
HIGHLAND GLEN PARK P,UTAH,RAINBOW,409,10.44,4/5/2023,2023
HIGHLAND GLEN PARK P,UTAH,TIGER TROUT,496,9.63,4/6/2023,2023
HIGHLAND GLEN PARK P,UTAH,RAINBOW,204,10.77,4/17/2023,2023
HIGHLAND GLEN PARK P,UTAH,RAINBOW,204,10.77,4/18/2023,2023
HIGHLAND GLEN PARK P,UTAH,TIGER TROUT,499,9.73,4/26/2023,2023
HIGHLAND GLEN PARK P,UTAH,RAINBOW,205,10.83,5/1/2023,2023
HIGHLAND GLEN PARK P,UTAH,RAINBOW,204,10.96,5/4/2023,2023
HIGHLAND GLEN PARK P,UTAH,WIPER,349,7.32,5/10/2023,2023
HIGHLAND GLEN PARK P,UTAH,RAINBOW,203,11.16,5/15/2023,2023
HIGHLAND GLEN PARK P,UTAH,TIGER TROUT,500,10.19,5/16/2023,2023
HIGHLAND GLEN PARK P,UTAH,RAINBOW,203,11.16,5/23/2023,2023
HIGHLAND GLEN PARK P,UTAH,CHANNEL CATFISH,200,13.57,6/1/2023,2023
HIGHLAND GLEN PARK P,UTAH,TIGER TROUT,499,10.91,6/13/2023,2023
HIGHLAND GLEN PARK P,UTAH,TIGER TROUT,499,10.91,6/13/2023,2023
HIGHLAND GLEN PARK P,UTAH,CHANNEL CATFISH,400,10.77,6/15/2023,2023
HIGHLAND GLEN PARK P,UTAH,TIGER TROUT,451,10.91,6/29/2023,2023
HIGHLAND GLEN PARK P,UTAH,CHANNEL CATFISH,75,13.57,8/24/2023,2023
HIGHLAND GLEN PARK P,UTAH,CHANNEL CATFISH,75,13.57,9/7/2023,2023
HIGHLAND GLEN PARK P,UTAH,SUNFISH BLUEGILL,1098,2.55,9/22/2023,2023
HINKINS POND,EMERY,RAINBOW,506,10.28,4/19/2023,2023
HINKINS POND,EMERY,BROWN TROUT,551,1.95,5/11/2023,2023
HINKINS POND,EMERY,RAINBOW,500,11.86,10/11/2023,2023
HOBBS RESERVOIR,DAVIS,RAINBOW,900,9.44,4/24/2023,2023
HOBBS RESERVOIR,DAVIS,CUTTHROAT,300,17.88,5/24/2023,2023
HOBBS RESERVOIR,DAVIS,BROWN TROUT,5023,2.14,5/24/2023,2023
HOBBS RESERVOIR,DAVIS,BASS LARGEMOUTH,525,2.55,9/21/2023,2023
HOBBS RESERVOIR,DAVIS,SUNFISH BLUEGILL,4284,2.75,9/21/2023,2023
HOBBS RESERVOIR,DAVIS,RAINBOW,901,11.91,11/1/2023,2023
HOLMES CR RES,DAVIS,RAINBOW,2100,9.44,4/25/2023,2023
HOLMES CR RES,DAVIS,RAINBOW,1501,9.45,5/23/2023,2023
HOLMES CR RES,DAVIS,RAINBOW,1501,9.5,10/16/2023,2023
HONEYMOON L NB,WAYNE,BROOK TROUT,104,2.57,7/10/2023,2023
HONEYMOON L NB,WAYNE,TIGER TROUT,298,2.87,7/10/2023,2023
HOOP L,SUMMIT,RAINBOW,2688,11.6,6/12/2023,2023
HOOP L,SUMMIT,TIGER TROUT,540,9.41,6/20/2023,2023
HOOP L,SUMMIT,RAINBOW,7333,3.91,6/20/2023,2023
HOOVER L Z-10,DUCHESNE,BROOK TROUT,1404,2.68,7/13/2023,2023
HORSESHOE L BTS,GARFIELD,BROOK TROUT,296,2.57,7/10/2023,2023
HORSESHOE L BTS,GARFIELD,TIGER TROUT,53,2.87,7/10/2023,2023
HORSESHOE L WR-67,DUCHESNE,CUTTHROAT,936,1.45,9/19/2023,2023
HOUR GLASS L A-48,SUMMIT,CUTTHROAT,750,2.28,9/19/2023,2023
HUNTINGTON CR,EMERY,CUTTHROAT,4315,2.03,10/17/2023,2023
HUNTINGTON G F PONDS,EMERY,RAINBOW,250,10.14,5/10/2023,2023
HUNTINGTON G F PONDS,EMERY,RAINBOW,50,10.14,5/10/2023,2023
HUNTINGTON NORTH RES,EMERY,BROWN TROUT,1022,2.62,4/18/2023,2023
HUNTINGTON NORTH RES,EMERY,RAINBOW,1495,10.28,4/19/2023,2023
HUNTINGTON NORTH RES,EMERY,RAINBOW,1495,10.28,4/19/2023,2023
HUNTINGTON NORTH RES,EMERY,CHANNEL CATFISH,1776,10.77,6/15/2023,2023
HUNTINGTON NORTH RES,EMERY,WIPER,10005,2.55,8/2/2023,2023
HUNTINGTON NORTH RES,EMERY,CHANNEL CATFISH,40,17.1,8/24/2023,2023
HUNTINGTON NORTH RES,EMERY,CHANNEL CATFISH,625,17.1,8/24/2023,2023
HUNTINGTON NORTH RES,EMERY,CHANNEL CATFISH,1175,13.57,9/7/2023,2023
HUNTINGTON NORTH RES,EMERY,RAINBOW,1360,11.37,10/5/2023,2023
HUNTINGTON NORTH RES,EMERY,RAINBOW,1360,11.37,10/5/2023,2023
HUNTINGTON NORTH RES,EMERY,RAINBOW,278,11.86,10/11/2023,2023
HUNTINGTON NORTH RES,EMERY,RAINBOW,290,11.18,11/21/2023,2023
HUNTINGTON NORTH RES,EMERY,RAINBOW,383,9.5,11/21/2023,2023
HUNTINGTON NORTH RES,EMERY,RAINBOW,2699,9.93,11/21/2023,2023
HUNTINGTON NORTH RES,EMERY,RAINBOW,544,9.98,11/21/2023,2023
HUNTINGTON RES,SANPETE,TIGER TROUT,10240,4.47,7/12/2023,2023
HUNTINGTON RES,SANPETE,SPLAKE,9918,4,7/18/2023,2023
HYRUM RES,CACHE,RAINBOW,13935,3,4/26/2023,2023
HYRUM RES,CACHE,RAINBOW,3264,11.19,5/2/2023,2023
HYRUM RES,CACHE,RAINBOW,737,11.19,5/3/2023,2023
HYRUM RES,CACHE,RAINBOW,1399,11.35,5/3/2023,2023
HYRUM RES,CACHE,RAINBOW,1734,11.89,10/18/2023,2023
HYRUM RES,CACHE,RAINBOW,1734,11.89,10/18/2023,2023
HYRUM RES,CACHE,RAINBOW,1734,11.89,10/27/2023,2023
HYRUM RES,CACHE,RAINBOW,12474,1.62,11/2/2023,2023
HYRUM RES,CACHE,RAINBOW,1984,10.48,11/8/2023,2023
HYRUM RES,CACHE,RAINBOW,819,10.64,11/13/2023,2023
HYRUM RES,CACHE,RAINBOW,1936,10.13,11/15/2023,2023
Harrisville City Pond,WEBER,RAINBOW,799,10.11,3/29/2023,2023
Harrisville City Pond,WEBER,RAINBOW,202,11.35,8/22/2023,2023
Harrisville City Pond,WEBER,BASS LARGEMOUTH,180,2.55,9/21/2023,2023
Harrisville City Pond,WEBER,RAINBOW,300,11.91,11/1/2023,2023
IBANTIK L W-24,SUMMIT,BROOK TROUT,494,2.68,7/13/2023,2023
INDIAN CR RES,BEAVER,TIGER TROUT,1008,8.7,5/24/2023,2023
INDIAN CR RES,BEAVER,RAINBOW,1034,10.77,5/24/2023,2023
INDIAN PEAKS RES,BEAVER,RAINBOW,105,12.24,5/2/2023,2023
IRON MINE L D-33,WASATCH,TIGER TROUT,512,9.21,7/6/2023,2023
IRON MINE L D-33,WASATCH,RAINBOW,508,11.26,7/6/2023,2023
ISLAND L A-57,SUMMIT,CUTTHROAT,3023,2.28,9/19/2023,2023
ISLAND L G-9,SUMMIT,TIGER TROUT,1001,2.83,7/14/2023,2023
JACKSON FLAT RES.,KANE,BROWN TROUT,1847,15.43,1/12/2023,2023
JACKSON FLAT RES.,KANE,CRAPPIE BLACK,10000,3.12,5/4/2023,2023
JACKSON FLAT RES.,KANE,CRAPPIE BLACK,194,7.44,5/10/2023,2023
JACKSON FLAT RES.,KANE,CRAPPIE BLACK,214,7.44,5/11/2023,2023
JACKSON FLAT RES.,KANE,CRAPPIE BLACK,439,7.43,5/12/2023,2023
JACKSON FLAT RES.,KANE,CRAPPIE BLACK,35898,1.86,6/7/2023,2023
JACKSON FLAT RES.,KANE,SUNFISH BLUEGILL,20025,2.55,9/21/2023,2023
JACKSON FLAT RES.,KANE,CHANNEL CATFISH,2500,2.89,9/27/2023,2023
JACKSON FLAT RES.,KANE,RAINBOW,61,16.56,10/11/2023,2023
JACKSON FLAT RES.,KANE,BROWN TROUT,1008,13.35,10/11/2023,2023
JACKSON FLAT RES.,KANE,RAINBOW,50,16.56,10/11/2023,2023
JACKSON FLAT RES.,KANE,RAINBOW,5684,7.2,11/8/2023,2023
JACKSON FLAT RES.,KANE,RAINBOW,2118,7.2,11/8/2023,2023
JACKSON FLAT RES.,KANE,BROOK TROUT,459,12.4,11/8/2023,2023
JACKSON FLAT RES.,KANE,RAINBOW,8897,7.37,11/16/2023,2023
JACKSON FLAT RES.,KANE,BROWN TROUT,1265,16.27,12/28/2023,2023
JEAN L Z-41,DUCHESNE,BROOK TROUT,2006,3,7/21/2023,2023
JENSEN NATURE PARK POND,DAVIS,RAINBOW,1200,10.77,3/8/2023,2023
JENSEN NATURE PARK POND,DAVIS,RAINBOW,686,10.77,3/21/2023,2023
JENSEN NATURE PARK POND,DAVIS,RAINBOW,601,10.44,4/5/2023,2023
JENSEN NATURE PARK POND,DAVIS,RAINBOW,516,9.43,4/17/2023,2023
JENSEN NATURE PARK POND,DAVIS,RAINBOW,499,9.44,5/2/2023,2023
JENSEN NATURE PARK POND,DAVIS,WIPER,499,7.4,5/4/2023,2023
JENSEN NATURE PARK POND,DAVIS,RAINBOW,500,9.45,5/22/2023,2023
JENSEN NATURE PARK POND,DAVIS,CUTTHROAT,300,17.88,5/24/2023,2023
JENSEN NATURE PARK POND,DAVIS,TIGER TROUT,540,9.41,5/31/2023,2023
JENSEN NATURE PARK POND,DAVIS,CHANNEL CATFISH,700,13.57,6/1/2023,2023
JENSEN NATURE PARK POND,DAVIS,RAINBOW,499,9.44,6/5/2023,2023
JENSEN NATURE PARK POND,DAVIS,CHANNEL CATFISH,1000,13.57,8/24/2023,2023
JENSEN NATURE PARK POND,DAVIS,RAINBOW,2001,9.42,9/25/2023,2023
JENSEN NATURE PARK POND,DAVIS,RAINBOW,1001,9.32,10/23/2023,2023
JENSEN NATURE PARK POND,DAVIS,RAINBOW,801,9.62,11/13/2023,2023
JESSON L GR-1,SUMMIT,CUTTHROAT,1823,1.73,9/19/2023,2023
JEWKES-VAN BUREN L,SANPETE,TIGER TROUT,1050,4.34,7/20/2023,2023
JEWKES-VAN BUREN L,SANPETE,BROOK TROUT,1006,2.98,7/26/2023,2023
JOE LAY L NCL,GARFIELD,BROOK TROUT,207,2.57,7/11/2023,2023
JOES VALLEY RES,EMERY,SPLAKE,24318,3.25,6/12/2023,2023
JOES VALLEY RES,EMERY,SPLAKE,29181,3.25,6/12/2023,2023
JOES VALLEY RES,EMERY,SPLAKE,25450,2.97,6/12/2023,2023
JOES VALLEY RES,EMERY,RAINBOW,10786,3.95,7/11/2023,2023
JOES VALLEY RES,EMERY,RAINBOW,10175,3.95,7/11/2023,2023
JOHN L FLAT CREEK,IRON,CUTTHROAT,1090,1.87,9/11/2023,2023
JORDAN R,SALT LAKE,CHANNEL CATFISH,300,13.57,6/1/2023,2023
JORDAN R,SALT LAKE,CHANNEL CATFISH,150,13.57,6/1/2023,2023
JORDAN R,SALT LAKE,CHANNEL CATFISH,150,13.57,6/1/2023,2023
JORDAN R,SALT LAKE,CHANNEL CATFISH,150,13.57,6/1/2023,2023
JORDAN R,SALT LAKE,CHANNEL CATFISH,300,10.77,6/15/2023,2023
JORDAN R,SALT LAKE,CHANNEL CATFISH,300,10.77,6/15/2023,2023
JORDAN R,SALT LAKE,CHANNEL CATFISH,300,10.77,6/15/2023,2023
JORDAN R,SALT LAKE,CHANNEL CATFISH,600,10.77,6/15/2023,2023
JORDANELLE RES,WASATCH,RAINBOW,8999,9.9,5/1/2023,2023
JORDANELLE RES,WASATCH,RAINBOW,6120,11.78,5/2/2023,2023
JORDANELLE RES,WASATCH,RAINBOW,6197,11.78,5/2/2023,2023
JORDANELLE RES,WASATCH,RAINBOW,6765,11.49,5/2/2023,2023
JORDANELLE RES,WASATCH,RAINBOW,3096,11.33,5/3/2023,2023
JORDANELLE RES,WASATCH,RAINBOW,1913,11.78,5/3/2023,2023
JORDANELLE RES,WASATCH,KOKANEE,28737,3.04,5/8/2023,2023
JORDANELLE RES,WASATCH,KOKANEE,57473,3.04,5/8/2023,2023
JORDANELLE RES,WASATCH,SPLAKE,33855,2.91,5/30/2023,2023
JORDANELLE RES,WASATCH,SPLAKE,33855,2.91,5/30/2023,2023
JORDANELLE RES,WASATCH,SPLAKE,33855,2.91,5/30/2023,2023
JORDANELLE RES,WASATCH,WIPER,4498,7.83,6/8/2023,2023
JORDANELLE RES,WASATCH,WIPER,37170,1.45,8/17/2023,2023
JORDANELLE RES,WASATCH,SPLAKE,13300,4.93,9/18/2023,2023
JORDANELLE RES,WASATCH,SPLAKE,13300,4.93,9/18/2023,2023
JORDANELLE RES,WASATCH,SPLAKE,3325,4.93,9/18/2023,2023
JORDANELLE RES,WASATCH,SPLAKE,13300,4.93,9/18/2023,2023
JORDANELLE RES,WASATCH,RAINBOW,8976,10.75,11/15/2023,2023
JUDY L GR-25,SUMMIT,TIGER TROUT,350,2.7,7/21/2023,2023
JUDY L GR-25,SUMMIT,TIGER TROUT,199,3.95,9/19/2023,2023
JUNIOR L A-56,SUMMIT,CUTTHROAT,300,2.28,9/19/2023,2023
KAMAS RES W-40,SUMMIT,TIGER TROUT,902,2.83,7/14/2023,2023
KAYSVILLE STAKE POND,DAVIS,RAINBOW,500,10.77,3/8/2023,2023
KAYSVILLE STAKE POND,DAVIS,RAINBOW,499,10.44,3/27/2023,2023
KAYSVILLE STAKE POND,DAVIS,RAINBOW,501,10.27,4/10/2023,2023
KAYSVILLE STAKE POND,DAVIS,RAINBOW,499,9.44,4/24/2023,2023
KAYSVILLE STAKE POND,DAVIS,RAINBOW,97,16.67,4/26/2023,2023
KAYSVILLE STAKE POND,DAVIS,WIPER,499,7.4,5/4/2023,2023
KAYSVILLE STAKE POND,DAVIS,RAINBOW,699,9.53,5/8/2023,2023
KAYSVILLE STAKE POND,DAVIS,RAINBOW,699,9.45,5/22/2023,2023
KAYSVILLE STAKE POND,DAVIS,CHANNEL CATFISH,500,13.57,6/1/2023,2023
KAYSVILLE STAKE POND,DAVIS,CHANNEL CATFISH,1000,10.77,6/15/2023,2023
KAYSVILLE STAKE POND,DAVIS,CHANNEL CATFISH,415,13.57,9/7/2023,2023
KAYSVILLE STAKE POND,DAVIS,RAINBOW,2500,9.42,9/25/2023,2023
KAYSVILLE STAKE POND,DAVIS,RAINBOW,1999,9.32,10/23/2023,2023
KAYSVILLE STAKE POND,DAVIS,RAINBOW,747,9.62,11/6/2023,2023
KENS L,SAN JUAN,RAINBOW,4050,9.52,3/13/2023,2023
KENS L,SAN JUAN,RAINBOW,4000,10.03,9/5/2023,2023
"KENTS L, LOWER",BEAVER,RAINBOW,301,3.37,7/19/2023,2023
"KENTS L, LOWER",BEAVER,BROOK TROUT,303,2.98,7/19/2023,2023
"KENTS L, LOWER",BEAVER,TIGER TROUT,104,2.98,7/19/2023,2023
"KENTS L, MIDDLE",BEAVER,RAINBOW,1000,9.47,5/30/2023,2023
"KENTS L, MIDDLE",BEAVER,RAINBOW,1007,9.94,6/8/2023,2023
"KENTS L, MIDDLE",BEAVER,RAINBOW,1004,10.29,6/21/2023,2023
"KENTS L, MIDDLE",BEAVER,RAINBOW,1003,10.32,6/28/2023,2023
"KENTS L, MIDDLE",BEAVER,SPLAKE,801,3.88,7/21/2023,2023
"KENTS L, MIDDLE",BEAVER,TIGER TROUT,808,3.59,7/21/2023,2023
"KENTS L, MIDDLE",BEAVER,RAINBOW,1000,10.74,7/27/2023,2023
"KENTS L, MIDDLE",BEAVER,RAINBOW,1012,10.94,8/9/2023,2023
"KENTS L, UPPER",BEAVER,TIGER TROUT,500,2.98,7/19/2023,2023
"KENTS L, UPPER",BEAVER,CUTTHROAT,3497,2.05,10/25/2023,2023
KIDNEY POND,SALT LAKE,RAINBOW,113,18.58,3/15/2023,2023
KIDNEY POND,SALT LAKE,RAINBOW,150,10.44,3/29/2023,2023
KIDNEY POND,SALT LAKE,RAINBOW,150,10.27,4/10/2023,2023
KIDNEY POND,SALT LAKE,RAINBOW,151,9.44,4/24/2023,2023
KIDNEY POND,SALT LAKE,WIPER,152,7.26,5/2/2023,2023
KIDNEY POND,SALT LAKE,RAINBOW,151,9.44,5/3/2023,2023
KIDNEY POND,SALT LAKE,RAINBOW,150,9.53,5/8/2023,2023
KIDNEY POND,SALT LAKE,RAINBOW,150,9.53,5/15/2023,2023
KIDNEY POND,SALT LAKE,RAINBOW,151,9.45,5/23/2023,2023
KIDNEY POND,SALT LAKE,RAINBOW,150,9.53,5/31/2023,2023
KIDNEY POND,SALT LAKE,CHANNEL CATFISH,150,13.57,6/1/2023,2023
KIDNEY POND,SALT LAKE,CHANNEL CATFISH,300,10.77,6/15/2023,2023
KIDNEY POND,SALT LAKE,CHANNEL CATFISH,75,13.57,8/24/2023,2023
KIDNEY POND,SALT LAKE,CHANNEL CATFISH,75,13.57,9/7/2023,2023
KIDNEY POND,SALT LAKE,RAINBOW,301,9.46,9/11/2023,2023
KIDNEY POND,SALT LAKE,SUNFISH BLUEGILL,161,2.55,9/22/2023,2023
KIDNEY POND,SALT LAKE,RAINBOW,299,9.42,9/27/2023,2023
KIDNEY POND,SALT LAKE,RAINBOW,301,9.5,10/16/2023,2023
KINGS L Y-22,DUCHESNE,CUTTHROAT,1029,1.45,9/19/2023,2023
KNIGHT IDEAL POND,CARBON,RAINBOW,499,10.14,5/11/2023,2023
KNIGHT IDEAL POND,CARBON,CHANNEL CATFISH,888,10.77,6/1/2023,2023
KNIGHT IDEAL POND,CARBON,CHANNEL CATFISH,400,13.57,6/20/2023,2023
KNIGHT IDEAL POND,CARBON,RAINBOW,500,10.77,6/20/2023,2023
KNIGHT IDEAL POND,CARBON,RAINBOW,1002,11.86,10/11/2023,2023
KOLOB RES,WASHINGTON,TIGER TROUT,1002,3,7/6/2023,2023
KOOSHAREM RES,SEVIER,CUTTHROAT,1900,9.36,4/13/2023,2023
KOOSHAREM RES,SEVIER,CUTTHROAT,4180,9.36,4/13/2023,2023
KOOSHAREM RES,SEVIER,RAINBOW,1800,9.44,4/26/2023,2023
KOOSHAREM RES,SEVIER,RAINBOW,2198,9.48,5/3/2023,2023
KOOSHAREM RES,SEVIER,RAINBOW,2003,9.53,5/10/2023,2023
KOOSHAREM RES,SEVIER,SPLAKE,2007,3.65,7/5/2023,2023
KOOSHAREM RES,SEVIER,BROOK TROUT,5384,3.34,8/17/2023,2023
KOOSHAREM RES,SEVIER,BROOK TROUT,2671,3.15,8/17/2023,2023
KOOSHAREM RES,SEVIER,TIGER TROUT,2001,5.92,10/16/2023,2023
LA SAL CR,SAN JUAN,CUTTHROAT,2280,3.11,9/19/2023,2023
LABARON RES,BEAVER,BROOK TROUT,1009,2.88,7/19/2023,2023
LABARON RES,BEAVER,TIGER TROUT,255,2.98,7/19/2023,2023
LAKE CANYON L,DUCHESNE,TIGER TROUT,611,9.12,5/4/2023,2023
LAKE CANYON L,DUCHESNE,TIGER TROUT,599,2.07,5/28/2023,2023
LAKE CANYON L,DUCHESNE,CUTTHROAT,2000,4.67,5/28/2023,2023
LAKE CYN,DUCHESNE,CUTTHROAT,901,4.76,5/30/2023,2023
LAKE FK R,DUCHESNE,RAINBOW,802,9.43,6/29/2023,2023
LAKE POWELL,KANE,CHUB,30100,3.58,3/31/2023,2023
LAKETOWN RES,RICH,RAINBOW,1999,11.71,11/6/2023,2023
LAMB L GR-19,DAGGETT,CUTTHROAT,497,1.73,9/19/2023,2023
LAMBS CR,SALT LAKE,CUTTHROAT,1000,3.18,10/31/2023,2023
LEDGE L BTS,GARFIELD,BROOK TROUT,207,2.57,7/10/2023,2023
LEFT HAND RES NBS,WAYNE,BROOK TROUT,296,2.57,7/10/2023,2023
LEIGH HILL RES,IRON,RAINBOW,1710,9.01,3/27/2023,2023
LEIGH HILL RES,IRON,RAINBOW,1290,8.99,3/27/2023,2023
LEIGH HILL RES,IRON,CRAPPIE BLACK,531,8.01,7/11/2023,2023
LEIGH HILL RES,IRON,CHANNEL CATFISH,675,13.57,8/24/2023,2023
LEIGH HILL RES,IRON,CHANNEL CATFISH,790,13.57,9/7/2023,2023
LEIGH HILL RES,IRON,CHANNEL CATFISH,4000,2.89,9/27/2023,2023
LEIGH HILL RES,IRON,RAINBOW,2003,8.51,10/4/2023,2023
LF-37,DUCHESNE,BROOK TROUT,296,3,7/21/2023,2023
LILLIAN L A-43,SUMMIT,BROOK TROUT,195,2.68,7/13/2023,2023
LILLY L A-58,SUMMIT,RAINBOW,296,11.6,6/29/2023,2023
LILLY L A-58,SUMMIT,TIGER TROUT,252,9.41,6/29/2023,2023
LILLY L A-58,SUMMIT,RAINBOW,306,11.26,7/3/2023,2023
LILLY L A-58,SUMMIT,TIGER TROUT,256,9.21,7/5/2023,2023
LILLY L A-58,SUMMIT,RAINBOW,301,11.26,7/17/2023,2023
LILLY L A-58,SUMMIT,TIGER TROUT,250,9.21,7/18/2023,2023
LILLY L A-58,SUMMIT,RAINBOW,252,9.52,8/1/2023,2023
LILLY L A-58,SUMMIT,RAINBOW,200,12.13,8/2/2023,2023
LILLY L A-58,SUMMIT,RAINBOW,150,11.65,8/14/2023,2023
LILLY L A-58,SUMMIT,TIGER TROUT,150,9.41,8/14/2023,2023
LILLY L A-58,SUMMIT,RAINBOW,301,12.13,8/21/2023,2023
LILLY L A-58,SUMMIT,TIGER TROUT,300,9.41,8/22/2023,2023
LILLY L A-58,SUMMIT,RAINBOW,301,12.13,8/28/2023,2023
LILY L BR-11,SUMMIT,RAINBOW,858,11.26,7/12/2023,2023
LILY L BR-11,SUMMIT,RAINBOW,751,11.99,7/31/2023,2023
LILY L LOWER A-25,SUMMIT,BROOK TROUT,156,2.68,7/14/2023,2023
LILY PAD L X-2,DUCHESNE,BROOK TROUT,1003,3,7/21/2023,2023
LITTLE BLUE,SANPETE,BROOK TROUT,75,2.62,7/6/2023,2023
LITTLE BRUSH CR,UINTAH,RAINBOW,301,10.3,6/26/2023,2023
LITTLE BRUSH CR,UINTAH,RAINBOW,302,9.95,7/14/2023,2023
LITTLE CR RES,RICH,RAINBOW,3806,10.91,5/17/2023,2023
LITTLE CR RES,RICH,RAINBOW,2849,11.07,11/13/2023,2023
LITTLE CR RES,RICH,RAINBOW,1356,11.07,11/13/2023,2023
LITTLE DEER CR L D47,WASATCH,BROOK TROUT,299,2.68,7/13/2023,2023
LITTLE DELL RES,SALT LAKE,CUTTHROAT,3213,7.37,6/26/2023,2023
LITTLE DELL RES,SALT LAKE,CUTTHROAT,3213,7.37,6/26/2023,2023
LITTLE DELL RES,SALT LAKE,CUTTHROAT,3213,7.37,6/26/2023,2023
LITTLE DELL RES,SALT LAKE,CUTTHROAT,3213,7.37,6/26/2023,2023
LITTLE DELL RES,SALT LAKE,CUTTHROAT,3213,7.37,6/26/2023,2023
LITTLE DELL RES,SALT LAKE,CUTTHROAT,3213,7.37,6/26/2023,2023
LITTLE DELL RES,SALT LAKE,CUTTHROAT,3213,7.37,6/26/2023,2023
LITTLE DIAMOND CR,UTAH,CUTTHROAT,799,2.48,10/16/2023,2023
LITTLE HIDDEN L W-21,SUMMIT,BROOK TROUT,468,2.68,7/14/2023,2023
LITTLE MONTES RES,UINTAH,RAINBOW,700,11.21,4/25/2023,2023
LITTLE MONTES RES,UINTAH,GRASS CARP STERILE,76,7.76,5/4/2023,2023
LITTLE MONTES RES,UINTAH,RAINBOW,126,12.56,5/31/2023,2023
LITTLE MONTES RES,UINTAH,RAINBOW,201,9.13,6/1/2023,2023
LITTLE MONTES RES,UINTAH,RAINBOW,700,12.08,10/13/2023,2023
LITTLE MONTES RES,UINTAH,RAINBOW,889,11.37,10/21/2023,2023
LITTLE RES,BEAVER,BROWN TROUT,256,3.45,5/23/2023,2023
LITTLE RES,BEAVER,TIGER TROUT,2000,8.7,5/24/2023,2023
LITTLE RES,BEAVER,RAINBOW,500,9.47,5/30/2023,2023
LITTLE RES,BEAVER,RAINBOW,504,9.94,6/8/2023,2023
LITTLE RES,BEAVER,RAINBOW,502,10.29,6/21/2023,2023
LITTLE RES,BEAVER,RAINBOW,502,10.32,6/28/2023,2023
LITTLE RES,BEAVER,RAINBOW,501,10.74,7/27/2023,2023
LITTLE RES,BEAVER,RAINBOW,516,10.94,8/9/2023,2023
LLOYDS L,SAN JUAN,RAINBOW,3900,9.76,4/25/2023,2023
LLOYDS L,SAN JUAN,RAINBOW,2000,10.03,9/6/2023,2023
LOFTY L W-41,SUMMIT,CUTTHROAT,199,2.28,9/19/2023,2023
LOG POND #1,SANPETE,BROOK TROUT,150,2.62,7/6/2023,2023
LOGAN R,CACHE,RAINBOW,1000,9.44,6/14/2023,2023
LOGAN R,CACHE,RAINBOW,898,9.44,6/14/2023,2023
LOGAN R,CACHE,RAINBOW,700,9.44,6/14/2023,2023
LOGAN R,CACHE,RAINBOW,1000,10.02,7/11/2023,2023
LOGAN R,CACHE,RAINBOW,701,10.02,7/11/2023,2023
LOGAN R,CACHE,RAINBOW,900,10.02,7/11/2023,2023
LOGAN R,CACHE,RAINBOW,801,10.02,7/19/2023,2023
LOGAN R,CACHE,RAINBOW,1000,10.02,7/19/2023,2023
LOGAN R,CACHE,RAINBOW,900,10.02,7/19/2023,2023
LOGAN R,CACHE,RAINBOW,899,10.28,8/1/2023,2023
LOGAN R,CACHE,RAINBOW,1199,10.28,8/1/2023,2023
LOGAN R,CACHE,RAINBOW,700,10.28,8/1/2023,2023
LOGAN R,CACHE,RAINBOW,750,9.83,8/7/2023,2023
LOGAN R,CACHE,RAINBOW,903,9.83,8/7/2023,2023
LOGAN R,CACHE,RAINBOW,821,9.83,8/8/2023,2023
LOGAN R,CACHE,RAINBOW,901,9.58,8/23/2023,2023
LOGAN R,CACHE,RAINBOW,901,9.58,8/23/2023,2023
LOGAN R,CACHE,RAINBOW,802,10.6,9/6/2023,2023
LOGAN R,CACHE,RAINBOW,900,10.6,9/6/2023,2023
LOGAN R,CACHE,RAINBOW,600,10.47,9/22/2023,2023
LOGAN R,CACHE,RAINBOW,600,10.47,9/22/2023,2023
LOGAN R,CACHE,RAINBOW,401,10.47,9/22/2023,2023
LONG PARK RES,DAGGETT,BROOK TROUT,2506,2.58,6/19/2023,2023
LONG PARK RES,DAGGETT,TIGER TROUT,499,2.3,6/19/2023,2023
LONG PARK RES,DAGGETT,RAINBOW,5130,4.4,6/19/2023,2023
LONG WILLOW BOTTOMS,GARFIELD,TIGER TROUT,255,2.87,7/11/2023,2023
LONG WILLOW BOTTOMS,GARFIELD,CUTTHROAT,400,1.79,9/18/2023,2023
LOST CR RES,MORGAN,CUTTHROAT,4030,10.02,5/9/2023,2023
LOST CR RES,MORGAN,CUTTHROAT,8060,10.02,5/15/2023,2023
LOST CR RES,MORGAN,RAINBOW,2600,12.44,5/22/2023,2023
LOST CR RES,MORGAN,RAINBOW,1625,12.44,5/22/2023,2023
LOST CR RES,MORGAN,RAINBOW,1200,11.6,5/22/2023,2023
LOST CR RES,MORGAN,RAINBOW,600,11.6,5/23/2023,2023
LOST CR RES,MORGAN,TIGER TROUT,3225,9.41,5/23/2023,2023
LOST CR RES,MORGAN,SPLAKE,4959,3.27,6/8/2023,2023
LOST CR RES,MORGAN,SPLAKE,5090,2.97,6/8/2023,2023
LOST CREEK RESERVOIR,SEVIER,TIGER TROUT,504,11.08,7/13/2023,2023
LOST L A-59,SUMMIT,TIGER TROUT,2400,9.41,6/29/2023,2023
LOST L A-59,SUMMIT,RAINBOW,1600,11.6,6/29/2023,2023
LOST L A-59,SUMMIT,BROOK TROUT,2002,2.68,7/17/2023,2023
LOST L A-59,SUMMIT,RAINBOW,1801,11.26,7/17/2023,2023
LOST L A-59,SUMMIT,TIGER TROUT,349,9.21,7/18/2023,2023
LOST L A-59,SUMMIT,RAINBOW,653,9.52,8/1/2023,2023
LOST L GR-4,SUMMIT,CUTTHROAT,221,1.73,9/19/2023,2023
LOST L(GOVERNMNT)NBS,WAYNE,BROOK TROUT,296,2.57,7/10/2023,2023
LOUDER CR,IRON,CUTTHROAT,1526,1.87,9/11/2023,2023
LOUDER RANGER STA,IRON,TIGER TROUT,101,9.42,7/27/2023,2023
LOWER WPA,SANPETE,BROOK TROUT,249,2.62,7/6/2023,2023
"LYMAN L, LOWER G-25",SUMMIT,RAINBOW,880,11.6,6/13/2023,2023
"LYMAN L, LOWER G-25",SUMMIT,RAINBOW,805,11.26,7/11/2023,2023
"LYMAN L, LOWER G-25",SUMMIT,RAINBOW,0,11.99,7/31/2023,2023
"LYMAN L, LOWER G-25",SUMMIT,BROOK TROUT,3500,3.72,8/9/2023,2023
"LYMAN L, LOWER G-25",SUMMIT,RAINBOW,651,12.13,8/9/2023,2023
"LYMAN L, UPPER G-27",SUMMIT,RAINBOW,832,11.6,6/13/2023,2023
"LYMAN L, UPPER G-27",SUMMIT,RAINBOW,753,11.26,7/11/2023,2023
"LYMAN L, UPPER G-27",SUMMIT,BROOK TROUT,2000,3.72,8/9/2023,2023
MABA L Z-8,DUCHESNE,BROOK TROUT,299,2.68,7/13/2023,2023
MAMMOTH CR,GARFIELD,BROWN TROUT,3212,2.62,4/19/2023,2023
MAMMOTH CR,GARFIELD,RAINBOW,264,9.9,4/19/2023,2023
MAMMOTH CR,GARFIELD,TIGER TROUT,605,10.75,6/27/2023,2023
MAMMOTH CR,GARFIELD,RAINBOW,240,9.9,7/20/2023,2023
MAMMOTH CR,IRON,CUTTHROAT,8066,1.87,9/11/2023,2023
MANILA CREEK PARK POND,UTAH,RAINBOW,470,10.77,3/8/2023,2023
MANILA CREEK PARK POND,UTAH,RAINBOW,469,10.44,3/27/2023,2023
MANILA CREEK PARK POND,UTAH,RAINBOW,469,10.44,4/5/2023,2023
MANILA CREEK PARK POND,UTAH,RAINBOW,468,9.43,4/17/2023,2023
MANILA CREEK PARK POND,UTAH,RAINBOW,471,9.47,4/18/2023,2023
MANILA CREEK PARK POND,UTAH,RAINBOW,202,19.08,4/19/2023,2023
MANILA CREEK PARK POND,UTAH,WIPER,504,7.26,4/19/2023,2023
MANILA CREEK PARK POND,UTAH,RAINBOW,469,9.44,5/1/2023,2023
MANILA CREEK PARK POND,UTAH,RAINBOW,468,9.53,5/4/2023,2023
MANILA CREEK PARK POND,UTAH,RAINBOW,468,9.53,5/15/2023,2023
MANILA CREEK PARK POND,UTAH,RAINBOW,468,9.45,5/22/2023,2023
MANILA CREEK PARK POND,UTAH,RAINBOW,468,9.53,5/31/2023,2023
MANILA CREEK PARK POND,UTAH,TIGER TROUT,299,10.91,6/13/2023,2023
MANILA CREEK PARK POND,UTAH,TIGER TROUT,299,10.91,6/13/2023,2023
MANILA CREEK PARK POND,UTAH,RAINBOW,469,9.68,6/20/2023,2023
MANILA CREEK PARK POND,UTAH,TIGER TROUT,495,10.99,9/11/2023,2023
MANILA CREEK PARK POND,UTAH,SUNFISH BLUEGILL,1338,2.55,9/22/2023,2023
MANILA CREEK PARK POND,UTAH,RAINBOW,2125,11.37,9/25/2023,2023
MANILA CREEK PARK POND,UTAH,RAINBOW,630,12.13,9/25/2023,2023
MANNING CR,PIUTE,CUTTHROAT,2500,2.25,10/4/2023,2023
MANNING MEADOW RES,PIUTE,CUTTHROAT,15084,1.9,9/12/2023,2023
MANTI CR,SANPETE,CUTTHROAT,14100,2.12,9/20/2023,2023
MANTUA RES,BOX ELDER,RAINBOW,5160,11.33,5/3/2023,2023
MANTUA RES,BOX ELDER,RAINBOW,4024,10.04,9/25/2023,2023
MANTUA RES,BOX ELDER,RAINBOW,5487,10.04,9/25/2023,2023
MANTUA RES,BOX ELDER,RAINBOW,531,10.04,10/3/2023,2023
MAPLE GROVE SPRINGS,MILLARD,RAINBOW,230,10.61,5/3/2023,2023
MAPLE GROVE SPRINGS,MILLARD,RAINBOW,198,10.77,5/23/2023,2023
MAPLE GROVE SPRINGS,MILLARD,RAINBOW,210,9.94,6/27/2023,2023
MAPLE GROVE SPRINGS,MILLARD,RAINBOW,201,10.61,7/18/2023,2023
MAPLE GROVE SPRINGS,MILLARD,RAINBOW,176,10.77,8/14/2023,2023
MAPLE L,UTAH,RAINBOW,1500,10.77,5/17/2023,2023
MAPLE L,UTAH,MUSKIE TIGER,205,2.64,6/8/2023,2023
MAPLE L,UTAH,RAINBOW,1000,10.77,6/8/2023,2023
MAPLE L,UTAH,RAINBOW,1001,9.52,6/27/2023,2023
MAPLE L,UTAH,WIPER,501,8.73,6/28/2023,2023
MAPLE L,UTAH,TIGER TROUT,506,10.91,6/29/2023,2023
MAPLE L,UTAH,RAINBOW,1008,9.21,7/5/2023,2023
MAPLE L,UTAH,TIGER TROUT,504,11.08,7/10/2023,2023
MAPLE L,UTAH,RAINBOW,1005,9.41,7/10/2023,2023
MARSH L G-19,SUMMIT,RAINBOW,3800,10.77,6/5/2023,2023
MARSHALL L Z-11,DUCHESNE,BROOK TROUT,1794,2.68,7/13/2023,2023
MARY L,SALT LAKE,BROOK TROUT,5005,2.68,7/14/2023,2023
MARYS L,SANPETE,RAINBOW,800,10,7/26/2023,2023
MATT WARNER RES,UINTAH,RAINBOW,32225,3.7,5/31/2023,2023
MATT WARNER RES,UINTAH,RAINBOW,998,9.16,6/1/2023,2023
MATT WARNER RES,UINTAH,RAINBOW,2998,8.96,6/1/2023,2023
MATT WARNER RES,UINTAH,BROWN TROUT,5238,2.17,6/1/2023,2023
MAY DAY POND,GARFIELD,TIGER TROUT,1509,2.87,7/11/2023,2023
MAYBEY POND,DAVIS,RAINBOW,200,10.77,3/17/2023,2023
MAYBEY POND,DAVIS,RAINBOW,200,10.44,4/5/2023,2023
MAYBEY POND,DAVIS,RAINBOW,101,9.44,6/5/2023,2023
MAYBEY POND,DAVIS,CHANNEL CATFISH,350,13.57,9/7/2023,2023
MAYBEY POND,DAVIS,RAINBOW,499,9.5,10/11/2023,2023
MAYOR'S POND,BOX ELDER,RAINBOW,401,10.86,7/17/2023,2023
MCCLELLAN RES,UTAH,RAINBOW,1204,9.52,6/27/2023,2023
MCCLELLAN RES,UTAH,BROOK TROUT,1196,2.68,7/17/2023,2023
MCGATH LAKE GT,GARFIELD,BROOK TROUT,2011,2.57,7/10/2023,2023
MCPHETERS L BR-14,SUMMIT,TIGER TROUT,946,2.83,7/14/2023,2023
MEADOW CRK P,WEBER,RAINBOW,198,19.64,2/14/2023,2023
MEADOW CRK P,WEBER,RAINBOW,600,10.77,3/8/2023,2023
MEADOW CRK P,WEBER,RAINBOW,700,10.77,3/21/2023,2023
MEADOW CRK P,WEBER,RAINBOW,700,9.43,4/17/2023,2023
MEADOW CRK P,WEBER,RAINBOW,300,10.77,5/10/2023,2023
MEADOW CRK P,WEBER,RAINBOW,699,9.45,5/22/2023,2023
MEADOW CRK P,WEBER,WIPER,250,7.2,5/22/2023,2023
MEADOW CRK P,WEBER,TIGER TROUT,540,9.41,5/31/2023,2023
MEADOW CRK P,WEBER,CHANNEL CATFISH,468,13.57,6/1/2023,2023
MEADOW CRK P,WEBER,RAINBOW,701,9.44,6/5/2023,2023
MEADOW CRK P,WEBER,CHANNEL CATFISH,886,10.77,6/15/2023,2023
MEADOW CRK P,WEBER,RAINBOW,756,11.99,7/27/2023,2023
MEADOW CRK P,WEBER,CHANNEL CATFISH,650,13.57,8/24/2023,2023
MEADOW CRK P,WEBER,CHANNEL CATFISH,325,13.57,9/7/2023,2023
MEADOW CRK P,WEBER,RAINBOW,600,13.15,10/11/2023,2023
MEADOW CRK P,WEBER,CUTTHROAT,200,17.88,10/12/2023,2023
MEADOW CRK P,WEBER,RAINBOW,600,13.57,10/23/2023,2023
MEADOW CRK P,WEBER,RAINBOW,500,13.57,11/6/2023,2023
MEADOW CRK P,WEBER,RAINBOW,500,13.57,11/21/2023,2023
MEEKS L TLM,SEVIER,RAINBOW,742,4.93,6/6/2023,2023
MEEKS L TLM,SEVIER,BROOK TROUT,257,2.9,7/25/2023,2023
MEEKS L TLM,SEVIER,CUTTHROAT,3996,2.05,10/24/2023,2023
MERCHANT VALLEY RES,BEAVER,BROWN TROUT,250,3.75,6/8/2023,2023
MERCHANT VALLEY RES,BEAVER,RAINBOW,252,9.94,6/8/2023,2023
MERCHANT VALLEY RES,BEAVER,RAINBOW,253,10.61,7/10/2023,2023
MIDAS POND,SALT LAKE,RAINBOW,158,15.83,3/15/2023,2023
MIDAS POND,SALT LAKE,RAINBOW,275,10.44,3/29/2023,2023
MIDAS POND,SALT LAKE,RAINBOW,275,10.27,4/10/2023,2023
MIDAS POND,SALT LAKE,RAINBOW,276,9.44,4/24/2023,2023
MIDAS POND,SALT LAKE,WIPER,152,7.26,5/2/2023,2023
MIDAS POND,SALT LAKE,RAINBOW,276,9.44,5/3/2023,2023
MIDAS POND,SALT LAKE,RAINBOW,277,9.53,5/8/2023,2023
MIDAS POND,SALT LAKE,RAINBOW,275,9.53,5/15/2023,2023
MIDAS POND,SALT LAKE,RAINBOW,275,9.45,5/23/2023,2023
MIDAS POND,SALT LAKE,RAINBOW,269,9.53,5/31/2023,2023
MIDAS POND,SALT LAKE,CHANNEL CATFISH,150,13.57,6/1/2023,2023
MIDAS POND,SALT LAKE,CHANNEL CATFISH,300,10.77,6/15/2023,2023
MIDAS POND,SALT LAKE,CHANNEL CATFISH,75,13.57,8/24/2023,2023
MIDAS POND,SALT LAKE,CHANNEL CATFISH,75,13.57,9/7/2023,2023
MIDAS POND,SALT LAKE,RAINBOW,301,9.46,9/11/2023,2023
MIDAS POND,SALT LAKE,BASS LARGEMOUTH,106,2.75,9/22/2023,2023
MIDAS POND,SALT LAKE,SUNFISH BLUEGILL,161,2.55,9/22/2023,2023
MIDAS POND,SALT LAKE,RAINBOW,299,9.42,9/27/2023,2023
MIDAS POND,SALT LAKE,RAINBOW,301,9.5,10/16/2023,2023
MILL CR,GRAND,BROWN TROUT,2012,2.81,4/24/2023,2023
MILL CR,GRAND,BROWN TROUT,2002,4.93,7/3/2023,2023
MILL CR,SALT LAKE,CUTTHROAT,7965,3.18,10/31/2023,2023
MILL CR,SALT LAKE,CUTTHROAT,1460,3.18,10/31/2023,2023
MILL CR,SALT LAKE,CUTTHROAT,2000,3.18,10/31/2023,2023
MILL HOLLOW,WASATCH,BROOK TROUT,1500,3.07,7/5/2023,2023
MILL HOLLOW RES,WASATCH,RAINBOW,365,11.36,6/13/2023,2023
MILL HOLLOW RES,WASATCH,RAINBOW,501,11.05,6/13/2023,2023
MILL HOLLOW RES,WASATCH,RAINBOW,1001,11.21,6/30/2023,2023
MILL HOLLOW RES,WASATCH,RAINBOW,602,11.84,6/30/2023,2023
MILL HOLLOW RES,WASATCH,TIGER TROUT,4510,2.83,7/17/2023,2023
MILL HOLLOW RES,WASATCH,RAINBOW,1000,10.02,7/18/2023,2023
MILL HOLLOW RES,WASATCH,RAINBOW,301,12.87,7/18/2023,2023
MILL HOLLOW RES,WASATCH,RAINBOW,500,10.46,7/31/2023,2023
MILL HOLLOW RES,WASATCH,RAINBOW,500,10.02,8/16/2023,2023
MILL HOLLOW RES,WASATCH,RAINBOW,500,10.02,8/22/2023,2023
MILL HOLLOW RES,WASATCH,RAINBOW,1002,10.34,9/18/2023,2023
MILL MEADOW RES,SEVIER,RAINBOW,3500,9.76,4/26/2023,2023
MILL MEADOW RES,SEVIER,RAINBOW,1500,9.76,4/26/2023,2023
MILL MEADOW RES,SEVIER,WIPER,7380,2.55,8/2/2023,2023
MILL MEADOW RES,SEVIER,WIPER,5014,4.41,11/16/2023,2023
MILLER L BTN,WAYNE,TIGER TROUT,304,9.49,7/13/2023,2023
MILLER L BTN,WAYNE,RAINBOW,300,9.9,7/13/2023,2023
MILLERS FLAT RES,SANPETE,RAINBOW,14100,5.59,6/28/2023,2023
MILLERS FLAT RES,SANPETE,RAINBOW,4230,5.59,6/28/2023,2023
MILLERS FLAT RES,SANPETE,RAINBOW,2000,2.91,6/28/2023,2023
MILLERS FLAT RES,SANPETE,BROOK TROUT,503,2.98,7/26/2023,2023
MILLRACE PARK POND,SALT LAKE,RAINBOW,376,10.77,3/13/2023,2023
MILLRACE PARK POND,SALT LAKE,RAINBOW,126,15.83,3/15/2023,2023
MILLRACE PARK POND,SALT LAKE,RAINBOW,374,10.44,3/29/2023,2023
MILLRACE PARK POND,SALT LAKE,RAINBOW,375,9.43,4/17/2023,2023
MILLRACE PARK POND,SALT LAKE,RAINBOW,374,9.44,5/3/2023,2023
MILLRACE PARK POND,SALT LAKE,WIPER,225,7.2,5/22/2023,2023
MILLRACE PARK POND,SALT LAKE,CHANNEL CATFISH,150,13.57,6/1/2023,2023
MILLRACE PARK POND,SALT LAKE,CHANNEL CATFISH,300,10.77,6/15/2023,2023
MILLRACE PARK POND,SALT LAKE,CHANNEL CATFISH,75,13.57,8/24/2023,2023
MILLRACE PARK POND,SALT LAKE,CHANNEL CATFISH,75,13.57,9/7/2023,2023
MILLRACE PARK POND,SALT LAKE,SUNFISH BLUEGILL,536,2.55,9/22/2023,2023
MILLSITE RES,EMERY,RAINBOW,3013,10.04,4/10/2023,2023
MILLSITE RES,EMERY,RAINBOW,2990,10.04,4/10/2023,2023
MILLSITE RES,EMERY,SPLAKE,5108,2.97,6/6/2023,2023
MILLSITE RES,EMERY,SPLAKE,4959,3.27,6/6/2023,2023
MILLSITE RES,EMERY,CUTTHROAT,4044,2.03,10/17/2023,2023
MINERSVILLE RES,BEAVER,RAINBOW,1250,11.98,4/5/2023,2023
MINERSVILLE RES,BEAVER,RAINBOW,1250,11.98,4/5/2023,2023
MINERSVILLE RES,BEAVER,RAINBOW,1251,11.52,4/5/2023,2023
MINERSVILLE RES,BEAVER,RAINBOW,1258,11.74,4/5/2023,2023
MINERSVILLE RES,BEAVER,WIPER,3750,2.55,8/2/2023,2023
MINERSVILLE RES,BEAVER,RAINBOW,6960,10.09,9/25/2023,2023
MINERSVILLE RES,BEAVER,RAINBOW,15252,10.09,9/25/2023,2023
MINERSVILLE RES,BEAVER,RAINBOW,3792,10.09,9/25/2023,2023
MINERSVILLE RES,BEAVER,RAINBOW,3600,10.24,10/11/2023,2023
MINERSVILLE RES,BEAVER,RAINBOW,9018,4.1,11/21/2023,2023
MINERSVILLE RES,BEAVER,RAINBOW,2127,7.03,11/21/2023,2023
MIRROR L Z-3,DUCHESNE,RAINBOW,753,11.26,7/3/2023,2023
MIRROR L Z-3,DUCHESNE,RAINBOW,743,11.16,7/10/2023,2023
MIRROR L Z-3,DUCHESNE,BROOK TROUT,3900,2.68,7/17/2023,2023
MIRROR L Z-3,DUCHESNE,RAINBOW,753,11.26,7/18/2023,2023
MIRROR L Z-3,DUCHESNE,TIGER TROUT,896,9.21,7/18/2023,2023
MIRROR L Z-3,DUCHESNE,RAINBOW,754,11.99,7/25/2023,2023
MIRROR L Z-3,DUCHESNE,RAINBOW,899,9.52,8/1/2023,2023
MIRROR L Z-3,DUCHESNE,RAINBOW,801,12.13,8/2/2023,2023
MIRROR L Z-3,DUCHESNE,RAINBOW,778,12.13,8/7/2023,2023
MIRROR L Z-3,DUCHESNE,RAINBOW,751,11.65,8/14/2023,2023
MIRROR L Z-3,DUCHESNE,RAINBOW,1001,12.13,8/21/2023,2023
MIRROR L Z-3,DUCHESNE,TIGER TROUT,1200,9.41,8/22/2023,2023
MIRROR L Z-3,DUCHESNE,RAINBOW,721,12.13,8/28/2023,2023
MIRROR L Z-3,DUCHESNE,TIGER TROUT,814,10.44,9/13/2023,2023
MONROE POND,SEVIER,RAINBOW,500,9.52,3/28/2023,2023
MONROE POND,SEVIER,RAINBOW,575,10.61,5/3/2023,2023
MONROE POND,SEVIER,RAINBOW,750,12.24,5/25/2023,2023
MONROE POND,SEVIER,RAINBOW,700,9.94,6/27/2023,2023
MONROE POND,SEVIER,TIGER TROUT,406,2.98,7/18/2023,2023
MONROE POND,SEVIER,RAINBOW,702,10.61,7/19/2023,2023
MONROE POND,SEVIER,RAINBOW,814,10.77,8/14/2023,2023
MONTEZ CR RES,UINTAH,CHANNEL CATFISH,300,2.89,9/28/2023,2023
MONTICELLO L,SAN JUAN,RAINBOW,713,10.04,5/15/2023,2023
MONTICELLO L,SAN JUAN,RAINBOW,605,10.19,6/7/2023,2023
MONTICELLO L,SAN JUAN,TIGER TROUT,1001,2.46,6/27/2023,2023
MONTICELLO L,SAN JUAN,RAINBOW,684,9.9,7/17/2023,2023
MOON L,DUCHESNE,RAINBOW,2399,11.12,5/26/2023,2023
MOON L,DUCHESNE,SPLAKE,10012,3.27,6/6/2023,2023
MOON L,DUCHESNE,RAINBOW,2000,11.58,6/7/2023,2023
MOON L,DUCHESNE,TIGER TROUT,750,9.41,6/26/2023,2023
MOON L,DUCHESNE,TIGER TROUT,2262,4.27,9/26/2023,2023
MOOSE POND,DAGGETT,RAINBOW,499,11.58,6/8/2023,2023
MOOSE POND,DAGGETT,RAINBOW,580,13.07,7/17/2023,2023
MOOSE POND,DAGGETT,RAINBOW,200,12.44,9/5/2023,2023
MOOSE POND,DAGGETT,RAINBOW,308,12.08,11/1/2023,2023
MOOSEHORN L Z-4,DUCHESNE,RAINBOW,306,11.26,7/3/2023,2023
MOOSEHORN L Z-4,DUCHESNE,TIGER TROUT,752,9.21,7/5/2023,2023
MOOSEHORN L Z-4,DUCHESNE,RAINBOW,301,11.16,7/10/2023,2023
MOOSEHORN L Z-4,DUCHESNE,RAINBOW,301,11.26,7/18/2023,2023
MOOSEHORN L Z-4,DUCHESNE,TIGER TROUT,304,9.21,7/18/2023,2023
MOOSEHORN L Z-4,DUCHESNE,RAINBOW,305,11.99,7/25/2023,2023
MOOSEHORN L Z-4,DUCHESNE,RAINBOW,400,9.52,8/1/2023,2023
MOOSEHORN L Z-4,DUCHESNE,RAINBOW,301,12.13,8/2/2023,2023
MOOSEHORN L Z-4,DUCHESNE,RAINBOW,300,11.65,8/14/2023,2023
MOOSEHORN L Z-4,DUCHESNE,TIGER TROUT,342,9.41,8/14/2023,2023
MOOSEHORN L Z-4,DUCHESNE,RAINBOW,301,12.13,8/21/2023,2023
MOOSEHORN L Z-4,DUCHESNE,RAINBOW,301,12.13,8/28/2023,2023
MORRELL POND TLM,SEVIER,RAINBOW,742,4.93,6/6/2023,2023
MORRELL POND TLM,SEVIER,TIGER TROUT,250,3.11,7/25/2023,2023
MORRELL POND TLM,SEVIER,CUTTHROAT,1998,2.05,10/24/2023,2023
MT DELL CR,SALT LAKE,CUTTHROAT,3000,3.18,10/31/2023,2023
MT PLEASANT POND,SANPETE,RAINBOW,500,9.75,4/17/2023,2023
MT PLEASANT POND,SANPETE,RAINBOW,500,9.75,4/26/2023,2023
MT PLEASANT POND,SANPETE,TIGER TROUT,449,10.19,4/26/2023,2023
MT PLEASANT POND,SANPETE,RAINBOW,1008,10.14,5/25/2023,2023
MT PLEASANT POND,SANPETE,BROWN TROUT,1210,4.93,6/27/2023,2023
MT PLEASANT POND,SANPETE,RAINBOW,504,10.96,6/27/2023,2023
MT PLEASANT POND,SANPETE,TIGER TROUT,506,10.91,6/28/2023,2023
MT PLEASANT POND,SANPETE,RAINBOW,500,12.13,9/12/2023,2023
MT PLEASANT POND,SANPETE,TIGER TROUT,252,10.99,9/12/2023,2023
MUMFORD RES,BEAVER,TIGER TROUT,53,2.87,7/11/2023,2023
MUMFORD RES,BEAVER,CUTTHROAT,151,2.11,9/18/2023,2023
MUTTON L GR-23,DAGGETT,CUTTHROAT,387,1.73,9/19/2023,2023
NAVAJO L,KANE,SPLAKE,12725,2.97,6/7/2023,2023
NAVAJO L,KANE,SPLAKE,5721,3.27,6/7/2023,2023
NAVAJO L,KANE,TIGER TROUT,2019,2.55,6/7/2023,2023
NAVAJO L,KANE,RAINBOW,7684,10.48,6/7/2023,2023
NAVAJO L,KANE,RAINBOW,7341,9.94,6/8/2023,2023
NAVAJO L,KANE,MUSKIE TIGER,1978,2.64,6/8/2023,2023
NEBO CR,UTAH,CUTTHROAT,6002,3.18,11/2/2023,2023
NEFFS RES TLM,WAYNE,SPLAKE,293,2.44,7/11/2023,2023
NEFFS RES TLM,WAYNE,BROOK TROUT,200,3.75,8/29/2023,2023
NELLIE L WR-75,DUCHESNE,CUTTHROAT,281,1.45,9/19/2023,2023
NEW CANYON CR,SANPETE,CUTTHROAT,9120,2.02,9/26/2023,2023
NEW CANYON RES,SANPETE,RAINBOW,905,9.75,7/18/2023,2023
NEW CANYON RES,SANPETE,TIGER TROUT,357,11.08,7/19/2023,2023
NEWCASTLE RES,IRON,WIPER,1995,2.55,8/2/2023,2023
NEWCASTLE RES,IRON,RAINBOW,11258,6.78,9/14/2023,2023
NEWCASTLE RES,IRON,RAINBOW,8769,6.78,9/20/2023,2023
NEWTON RES,CACHE,MUSKIE TIGER,1966,2.31,5/10/2023,2023
NINE MILE RES,SANPETE,RAINBOW,999,9.75,4/17/2023,2023
NINE MILE RES,SANPETE,RAINBOW,1000,10.77,7/31/2023,2023
NINE MILE RES,SANPETE,RAINBOW,1000,10.77,7/31/2023,2023
NINE MILE RES,SANPETE,RAINBOW,2982,6.68,11/15/2023,2023
NINE MILE RES,SANPETE,RAINBOW,2898,6.68,11/15/2023,2023
NORTH CR,GARFIELD,CUTTHROAT,59,5.04,7/7/2023,2023
NORTH CR,GARFIELD,CUTTHROAT,234,5.77,9/20/2023,2023
NORTH CR,GARFIELD,CUTTHROAT,250,5.76,10/10/2023,2023
NORTH CR RES,GARFIELD,TIGER TROUT,2500,10,9/13/2023,2023
NORTH POND,WASHINGTON,BROWN TROUT,99,2.14,5/25/2023,2023
NOTCH L W-36,SUMMIT,BROOK TROUT,1495,2.68,7/13/2023,2023
OAK CR,MILLARD,RAINBOW,125,9.76,5/2/2023,2023
OAK CR,MILLARD,TIGER TROUT,252,11.08,7/6/2023,2023
OAK CR,MILLARD,RAINBOW,131,10.04,8/8/2023,2023
OAK CR,SANPETE,CUTTHROAT,9120,2.02,9/26/2023,2023
OAKS PARK RES,UINTAH,RAINBOW,1300,9.23,6/8/2023,2023
OAKS PARK RES,UINTAH,RAINBOW,998,10.3,6/26/2023,2023
OAKS PARK RES,UINTAH,BROOK TROUT,4011,3.1,7/12/2023,2023
OAKS PARK RES,UINTAH,RAINBOW,1001,9.95,7/14/2023,2023
OAKS PARK RES,UINTAH,BROOK TROUT,994,4.49,9/6/2023,2023
OGDEN R,WEBER,RAINBOW,1801,10.02,7/18/2023,2023
OGDEN R,WEBER,RAINBOW,1599,10.02,8/9/2023,2023
OGDEN R,WEBER,RAINBOW,801,10.02,8/16/2023,2023
OGDEN R,WEBER,RAINBOW,502,10.6,9/5/2023,2023
OGDEN R,WEBER,RAINBOW,1001,10.6,9/21/2023,2023
OGDEN R,WEBER,RAINBOW,500,11.71,10/17/2023,2023
OKEY DOKE L U-5,DUCHESNE,CUTTHROAT,655,1.45,9/19/2023,2023
OLD FORT POND NORTH,UINTAH,RAINBOW,1278,10.73,5/6/2023,2023
OLD FORT POND NORTH,UINTAH,RAINBOW,630,10.03,5/25/2023,2023
OLD FORT POND NORTH,UINTAH,RAINBOW,627,9.16,6/4/2023,2023
OLD FORT POND NORTH,UINTAH,CHANNEL CATFISH,100,13.57,8/24/2023,2023
OLD FORT POND NORTH,UINTAH,CHANNEL CATFISH,90,13.57,9/7/2023,2023
OLD FORT POND NORTH,UINTAH,RAINBOW,1200,12.05,10/7/2023,2023
OLD FORT POND SOUTH,UINTAH,GRASS CARP STERILE,5,7.76,5/4/2023,2023
OLD FORT POND SOUTH,UINTAH,CHANNEL CATFISH,100,13.57,6/20/2023,2023
OLD FORT POND SOUTH,UINTAH,CHANNEL CATFISH,75,13.57,8/24/2023,2023
OLD FORT POND SOUTH,UINTAH,CHANNEL CATFISH,50,13.57,9/7/2023,2023
OLD FORT POND SOUTH,UINTAH,SUNFISH BLUEGILL,495,2.55,9/21/2023,2023
OLSON L W-32,SUMMIT,BROOK TROUT,702,2.68,7/13/2023,2023
OOWAH L,GRAND,RAINBOW,3107,9.64,7/6/2023,2023
OTTER CR,PIUTE,BROWN TROUT,5110,2.62,4/17/2023,2023
OTTER CR RES,PIUTE,RAINBOW,11449,4.87,4/26/2023,2023
OTTER CR RES,PIUTE,RAINBOW,50107,1.68,5/25/2023,2023
OTTER CR RES,PIUTE,WIPER,20010,2.55,8/2/2023,2023
OTTER CR RES,PIUTE,RAINBOW,10108,6.87,8/28/2023,2023
OTTER CR RES,PIUTE,RAINBOW,10640,6.87,8/28/2023,2023
OTTER CR RES,PIUTE,RAINBOW,30177,7.32,9/14/2023,2023
OTTER CR RES,PIUTE,RAINBOW,4403,7.35,9/14/2023,2023
OTTER CR RES,PIUTE,RAINBOW,26460,7.32,9/14/2023,2023
OTTER CR RES,PIUTE,RAINBOW,4403,7.35,9/14/2023,2023
OTTER CR RES,PIUTE,RAINBOW,5728,6.78,9/14/2023,2023
OTTER CR RES,PIUTE,RAINBOW,4718,7.35,9/19/2023,2023
OTTER CR RES,PIUTE,RAINBOW,4718,7.35,9/19/2023,2023
OTTER CR RES,PIUTE,RAINBOW,4761,7.13,9/20/2023,2023
OTTER CR RES,PIUTE,RAINBOW,10075,7.04,10/4/2023,2023
OTTER CR RES,PIUTE,RAINBOW,2899,7.04,10/4/2023,2023
OTTER CR RES,PIUTE,RAINBOW,12177,5.85,10/16/2023,2023
OTTER CR RES,PIUTE,RAINBOW,47784,7.11,11/6/2023,2023
OTTER CR RES,PIUTE,RAINBOW,45388,7.24,11/6/2023,2023
OTTER CR RES,PIUTE,RAINBOW,27393,7.2,11/7/2023,2023
OTTER CR RES,PIUTE,WIPER,13081,4.34,11/20/2023,2023
OTTER L EMW,GARFIELD,BROOK TROUT,152,2.63,7/11/2023,2023
P-11,SUMMIT,BROOK TROUT,52,2.68,7/13/2023,2023
PACER L EMW,GARFIELD,TIGER TROUT,96,2.87,7/11/2023,2023
PACER L EMW,GARFIELD,BROOK TROUT,995,2.63,7/11/2023,2023
PALISADE RES,SANPETE,RAINBOW,2030,9.52,3/22/2023,2023
PALISADE RES,SANPETE,RAINBOW,1293,13.85,3/29/2023,2023
PALISADE RES,SANPETE,RAINBOW,1998,9.75,4/24/2023,2023
PALISADE RES,SANPETE,CRAPPIE BLACK,2000,3.15,5/4/2023,2023
PALISADE RES,SANPETE,RAINBOW,2000,10.14,5/11/2023,2023
PALISADE RES,SANPETE,WIPER,702,7.55,5/16/2023,2023
PALISADE RES,SANPETE,RAINBOW,1500,10.14,5/23/2023,2023
PALISADE RES,SANPETE,RAINBOW,703,10.96,6/27/2023,2023
PALISADE RES,SANPETE,TIGER TROUT,6090,4.03,7/13/2023,2023
PANGUITCH CR,GARFIELD,RAINBOW,502,10.91,6/27/2023,2023
PANGUITCH L,GARFIELD,CUTTHROAT,5248,9.13,5/8/2023,2023
PANGUITCH L,GARFIELD,CUTTHROAT,5310,9.13,5/8/2023,2023
PANGUITCH L,GARFIELD,CUTTHROAT,5535,9.13,5/8/2023,2023
PANGUITCH L,GARFIELD,CUTTHROAT,5658,9.13,5/8/2023,2023
PANGUITCH L,GARFIELD,CUTTHROAT,1535,10.02,5/9/2023,2023
PANGUITCH L,GARFIELD,CUTTHROAT,2235,9.13,5/9/2023,2023
PANGUITCH L,GARFIELD,CUTTHROAT,4247,10.02,5/15/2023,2023
PANGUITCH L,GARFIELD,SPLAKE,2037,2.77,5/19/2023,2023
PANGUITCH L,GARFIELD,SPLAKE,10053,2.97,6/2/2023,2023
PANGUITCH L,GARFIELD,RAINBOW,32250,7.73,6/5/2023,2023
PANGUITCH L,GARFIELD,RAINBOW,36782,7.5,6/6/2023,2023
PANGUITCH L,GARFIELD,WIPER,2025,7.74,6/8/2023,2023
PANGUITCH L,GARFIELD,WIPER,0,9.75,6/8/2023,2023
PANGUITCH L,GARFIELD,WIPER,3323,8.26,8/17/2023,2023
PANGUITCH L,GARFIELD,RAINBOW,3825,8.22,10/18/2023,2023
PANGUITCH L,GARFIELD,RAINBOW,3825,8.22,10/18/2023,2023
PANGUITCH L,GARFIELD,RAINBOW,3713,8.22,10/18/2023,2023
PANGUITCH L,GARFIELD,RAINBOW,3825,8.22,10/18/2023,2023
PANGUITCH L,GARFIELD,RAINBOW,3645,8.22,10/18/2023,2023
PANGUITCH L,GARFIELD,RAINBOW,3600,8.22,10/18/2023,2023
PANGUITCH L,GARFIELD,RAINBOW,3600,8.22,10/18/2023,2023
PANGUITCH L,GARFIELD,RAINBOW,3600,8.22,10/18/2023,2023
PANGUITCH L,GARFIELD,RAINBOW,3825,8.22,10/19/2023,2023
PANGUITCH L,GARFIELD,RAINBOW,3870,8.22,10/19/2023,2023
PANGUITCH L,GARFIELD,RAINBOW,3870,8.22,10/19/2023,2023
PANGUITCH L,GARFIELD,RAINBOW,3825,8.22,10/19/2023,2023
PANGUITCH L,GARFIELD,RAINBOW,3825,8.22,10/19/2023,2023
PANGUITCH L,GARFIELD,RAINBOW,3825,8.22,10/19/2023,2023
PANGUITCH L,GARFIELD,RAINBOW,3825,8.22,10/19/2023,2023
PANGUITCH L,GARFIELD,RAINBOW,3825,8.22,10/19/2023,2023
PANGUITCH L,GARFIELD,TIGER TROUT,8000,5.63,10/23/2023,2023
PANGUITCH L,GARFIELD,TIGER TROUT,7600,5.63,10/23/2023,2023
PANGUITCH L,GARFIELD,CUTTHROAT,28860,4.18,11/6/2023,2023
PANGUITCH L,GARFIELD,CUTTHROAT,50000,3.22,11/14/2023,2023
PANGUITCH L,GARFIELD,RAINBOW,4246,3.99,12/4/2023,2023
PARADISE RES,UINTAH,RAINBOW,1400,9.77,6/14/2023,2023
PARAGONAH RES,IRON,SPLAKE,2062,3.65,7/6/2023,2023
PARAGONAH RES,IRON,TIGER TROUT,2003,3,7/6/2023,2023
PARAGONAH RES,IRON,CUTTHROAT,5028,1.9,9/12/2023,2023
PARLEYS CR,SALT LAKE,CUTTHROAT,2000,3.18,10/31/2023,2023
PAROWAN POND,IRON,RAINBOW,516,8.99,3/27/2023,2023
PAROWAN POND,IRON,RAINBOW,554,10.15,5/18/2023,2023
PAROWAN POND,IRON,CRAPPIE BLACK,113,8.01,6/15/2023,2023
PAROWAN POND,IRON,CHANNEL CATFISH,230,13.57,8/24/2023,2023
PAROWAN POND,IRON,RAINBOW,469,8.51,10/5/2023,2023
PASS L Z-5,DUCHESNE,RAINBOW,296,11.6,6/29/2023,2023
PASS L Z-5,DUCHESNE,TIGER TROUT,501,9.41,6/29/2023,2023
PASS L Z-5,DUCHESNE,RAINBOW,306,11.26,7/3/2023,2023
PASS L Z-5,DUCHESNE,RAINBOW,298,11.26,7/11/2023,2023
PASS L Z-5,DUCHESNE,BROOK TROUT,494,2.68,7/17/2023,2023
PASS L Z-5,DUCHESNE,RAINBOW,301,11.26,7/18/2023,2023
PASS L Z-5,DUCHESNE,TIGER TROUT,304,9.21,7/18/2023,2023
PASS L Z-5,DUCHESNE,RAINBOW,305,11.99,7/25/2023,2023
PASS L Z-5,DUCHESNE,RAINBOW,502,9.52,8/1/2023,2023
PASS L Z-5,DUCHESNE,RAINBOW,301,12.13,8/2/2023,2023
PASS L Z-5,DUCHESNE,TIGER TROUT,402,9.41,8/14/2023,2023
PASS L Z-5,DUCHESNE,RAINBOW,300,11.65,8/14/2023,2023
PASS L Z-5,DUCHESNE,RAINBOW,497,12.13,8/21/2023,2023
PASS L Z-5,DUCHESNE,TIGER TROUT,300,9.41,8/22/2023,2023
PASS L Z-5,DUCHESNE,RAINBOW,400,12.13,8/28/2023,2023
PAYSON RES(BIG EAST),UTAH,RAINBOW,2465,9.52,6/26/2023,2023
PAYSON RES(BIG EAST),UTAH,RAINBOW,1500,9.41,7/10/2023,2023
PAYSON RES(BIG EAST),UTAH,RAINBOW,1500,9.41,7/10/2023,2023
PAYSON RES(BIG EAST),UTAH,BROOK TROUT,3900,2.68,7/17/2023,2023
PAYSON RES(BIG EAST),UTAH,RAINBOW,999,9.75,7/19/2023,2023
PAYSON RES(BIG EAST),UTAH,RAINBOW,999,9.75,7/19/2023,2023
PEAR L NBS,WAYNE,BROOK TROUT,622,2.63,7/10/2023,2023
PELICAN L,UINTAH,WIPER,500,8.71,7/11/2023,2023
PELICAN L,UINTAH,MUSKIE TIGER,2457,8.82,8/9/2023,2023
PELICAN L,UINTAH,BASS LARGEMOUTH,3600,2.75,9/21/2023,2023
PETES HOLE,SANPETE,RAINBOW,1001,9.52,6/29/2023,2023
PETES HOLE,SANPETE,RAINBOW,999,9.75,7/20/2023,2023
PETES HOLE,SANPETE,TIGER TROUT,3990,4.34,7/20/2023,2023
PETIT L A-26,SUMMIT,BROOK TROUT,130,2.68,7/14/2023,2023
PINE CR,WAYNE,BROWN TROUT,3023,2.81,4/23/2023,2023
PINE CR RES BTN,WAYNE,CUTTHROAT,300,1.79,9/18/2023,2023
PINE L,GARFIELD,RAINBOW,3010,10.85,5/11/2023,2023
PINE L,GARFIELD,TIGER TROUT,623,8.7,5/25/2023,2023
PINE L,GARFIELD,TIGER TROUT,886,9.47,5/25/2023,2023
PINE L,GARFIELD,RAINBOW,1200,12.24,6/6/2023,2023
PINE L,GARFIELD,RAINBOW,1820,9.94,6/6/2023,2023
PINE L,GARFIELD,CUTTHROAT,2068,1.97,9/14/2023,2023
PINE VALLEY RES,WASHINGTON,RAINBOW,2414,10.07,5/16/2023,2023
PINE VALLEY RES,WASHINGTON,TIGER TROUT,1530,9.63,5/31/2023,2023
PINE VALLEY RES,WASHINGTON,RAINBOW,530,10.3,5/31/2023,2023
PINE VALLEY RES,WASHINGTON,TIGER TROUT,462,10.12,6/13/2023,2023
PINE VALLEY RES,WASHINGTON,RAINBOW,868,10.53,6/13/2023,2023
PINE VALLEY RES,WASHINGTON,RAINBOW,620,10.53,6/13/2023,2023
PINE VALLEY RES,WASHINGTON,RAINBOW,717,10.66,6/28/2023,2023
PINE VALLEY RES,WASHINGTON,RAINBOW,359,10.66,6/28/2023,2023
PINE VALLEY RES,WASHINGTON,RAINBOW,446,10.91,6/28/2023,2023
PINE VALLEY RES,WASHINGTON,RAINBOW,1221,10.93,7/14/2023,2023
PINE VALLEY RES,WASHINGTON,RAINBOW,394,11.83,7/26/2023,2023
PINE VALLEY RES,WASHINGTON,RAINBOW,1438,8,7/26/2023,2023
PINEVIEW RES,WEBER,MUSKIE TIGER,5166,2.94,6/12/2023,2023
PINEVIEW RES,WEBER,MUSKIE TIGER,501,8.82,8/8/2023,2023
PINTO L X-22,DUCHESNE,BROOK TROUT,5100,3,7/21/2023,2023
PIONEER PARK P,BOX ELDER,RAINBOW,499,8.91,3/29/2023,2023
PIONEER PARK P,BOX ELDER,RAINBOW,602,9.58,4/18/2023,2023
PIONEER PARK P,BOX ELDER,RAINBOW,281,19.64,4/25/2023,2023
PIONEER PARK P,BOX ELDER,WIPER,251,6.96,5/3/2023,2023
PIONEER PARK P,BOX ELDER,RAINBOW,601,10.11,5/18/2023,2023
PIONEER PARK P,BOX ELDER,RAINBOW,699,11.88,5/25/2023,2023
PIONEER PARK P,BOX ELDER,CHANNEL CATFISH,275,13.57,6/1/2023,2023
PIONEER PARK P,BOX ELDER,CHANNEL CATFISH,436,10.77,6/15/2023,2023
PIONEER PARK P,BOX ELDER,CHANNEL CATFISH,345,13.57,9/7/2023,2023
PIONEER PARK P,BOX ELDER,RAINBOW,866,11.88,10/19/2023,2023
PIONEER PARK P,BOX ELDER,RAINBOW,250,12.23,11/7/2023,2023
PITTSBURGH L,UTAH,BROOK TROUT,1001,2.68,7/14/2023,2023
PIUTE RES,PIUTE,RAINBOW,1658,10.86,8/14/2023,2023
PIUTE RES,PIUTE,RAINBOW,1570,10.86,8/14/2023,2023
PIUTE RES,PIUTE,TIGER TROUT,9299,3.37,8/15/2023,2023
PIUTE RES,PIUTE,RAINBOW,13473,4.29,8/15/2023,2023
PIUTE RES,PIUTE,TIGER TROUT,195,8.89,8/15/2023,2023
PIUTE RES,PIUTE,RAINBOW,1443,10.86,8/17/2023,2023
PIUTE RES,PIUTE,RAINBOW,19548,4.86,8/30/2023,2023
PIUTE RES,PIUTE,RAINBOW,19548,4.86,8/31/2023,2023
PIUTE RES,PIUTE,RAINBOW,30541,4.18,9/12/2023,2023
PIUTE RES,PIUTE,RAINBOW,30404,4.18,9/13/2023,2023
PIUTE RES,PIUTE,CHANNEL CATFISH,18050,2.89,9/29/2023,2023
PIUTE RES,PIUTE,CRAPPIE WHITE,5204,4.4,11/6/2023,2023
PLEASANT CR L-BTS,GARFIELD,BROOK TROUT,104,2.57,7/10/2023,2023
POLE CANYON PARK POND,UTAH,RAINBOW,506,9.8,4/18/2023,2023
POLE CANYON PARK POND,UTAH,RAINBOW,500,9.75,4/25/2023,2023
POLE CANYON PARK POND,UTAH,RAINBOW,252,10.14,5/15/2023,2023
POLE CANYON PARK POND,UTAH,TIGER TROUT,500,10.19,5/16/2023,2023
POLE CANYON PARK POND,UTAH,WIPER,270,7.55,5/16/2023,2023
POLE CANYON PARK POND,UTAH,RAINBOW,250,10.6,5/24/2023,2023
POLE CANYON PARK POND,UTAH,CHANNEL CATFISH,150,13.57,6/1/2023,2023
POLE CANYON PARK POND,UTAH,TIGER TROUT,125,10.91,6/13/2023,2023
POLE CANYON PARK POND,UTAH,TIGER TROUT,123,10.91,6/13/2023,2023
POLE CANYON PARK POND,UTAH,CHANNEL CATFISH,300,10.77,6/15/2023,2023
POLE CANYON PARK POND,UTAH,RAINBOW,500,10.96,6/26/2023,2023
POLE CANYON PARK POND,UTAH,RAINBOW,504,10.96,7/11/2023,2023
POLE CANYON PARK POND,UTAH,TIGER TROUT,252,11.08,7/11/2023,2023
POLE CANYON PARK POND,UTAH,CHANNEL CATFISH,150,13.57,8/24/2023,2023
POLE CANYON PARK POND,UTAH,CHANNEL CATFISH,118,13.57,9/7/2023,2023
POLE CANYON PARK POND,UTAH,TIGER TROUT,200,10.99,9/11/2023,2023
POLE CANYON PARK POND,UTAH,RAINBOW,752,12.13,9/19/2023,2023
POLE CR L,DUCHESNE,TIGER TROUT,496,2.7,7/21/2023,2023
POLE CR L,DUCHESNE,TIGER TROUT,249,3.95,9/19/2023,2023
PORCUPINE L,IRON,BROOK TROUT,112,2.49,6/14/2023,2023
PORCUPINE RES,CACHE,RAINBOW,2560,11.6,5/24/2023,2023
PORCUPINE RES,CACHE,SPLAKE,505,3.27,6/8/2023,2023
POSEY L,GARFIELD,RAINBOW,516,10.03,6/15/2023,2023
POSEY L,GARFIELD,RAINBOW,662,10.45,7/3/2023,2023
POSEY L,GARFIELD,TIGER TROUT,96,2.87,7/10/2023,2023
POSEY L,GARFIELD,BROOK TROUT,296,2.57,7/10/2023,2023
POSEY L,GARFIELD,SPLAKE,104,2.44,7/10/2023,2023
POSEY L,GARFIELD,RAINBOW,674,10.75,8/1/2023,2023
"POTTER L,UPPER GR-28",DAGGETT,CUTTHROAT,1491,1.73,9/19/2023,2023
POTTERS NO 1,EMERY,RAINBOW,999,9.41,6/21/2023,2023
POTTERS NO 1,EMERY,RAINBOW,1005,9.41,7/10/2023,2023
POTTERS NO 1,EMERY,RAINBOW,2000,10,7/26/2023,2023
POTTERS NO 1,EMERY,RAINBOW,1000,10,8/3/2023,2023
POTTERS NO 2,EMERY,RAINBOW,999,9.41,6/21/2023,2023
POTTERS NO 2,EMERY,RAINBOW,1005,9.41,7/10/2023,2023
POTTERS NO 2,EMERY,RAINBOW,2000,10,7/26/2023,2023
POTTERS NO 2,EMERY,RAINBOW,1000,10,8/3/2023,2023
PRICE R,EMERY,CHUB,1888,10.55,4/17/2023,2023
PRICE R,EMERY,CHUB,1888,10.55,4/17/2023,2023
PRICE R,UTAH,BROWN TROUT,5006,2.34,6/23/2023,2023
PRICE R,CARBON,CUTTHROAT,3990,1.96,10/26/2023,2023
PRICE R(LWR FISH CR),UTAH,BROWN TROUT,8006,2.34,6/23/2023,2023
PRICE R(LWR FISH CR),CARBON,BROWN TROUT,15956,2.34,6/23/2023,2023
PROVO R,SUMMIT,RAINBOW,248,11.6,6/29/2023,2023
PROVO R,SUMMIT,RAINBOW,256,11.26,7/18/2023,2023
"PROVO R, UPPER, S FK",WASATCH,CUTTHROAT,6886,2.98,10/30/2023,2023
PUFFER L,BEAVER,RAINBOW,4060,9.94,6/15/2023,2023
PUFFER L,BEAVER,BROOK TROUT,1009,2.88,7/19/2023,2023
PUFFER L,BEAVER,SPLAKE,504,3.88,7/21/2023,2023
PURPLE L GT,GARFIELD,BROOK TROUT,235,2.63,7/11/2023,2023
QUAIL CR RES,WASHINGTON,RAINBOW,1463,10.62,10/30/2023,2023
QUAIL CR RES,WASHINGTON,RAINBOW,14080,10.62,10/30/2023,2023
QUAIL CR RES,WASHINGTON,RAINBOW,1505,11.1,11/8/2023,2023
QUAIL CR RES,WASHINGTON,RAINBOW,3009,11.1,11/8/2023,2023
QUARTER CORNER LG103,SUMMIT,RAINBOW,899,10.6,6/7/2023,2023
QUEANT L WR-4,DUCHESNE,CUTTHROAT,936,1.45,9/19/2023,2023
RAFT L BTN,WAYNE,BROOK TROUT,401,2.63,7/11/2023,2023
RAINBOW L U-33,DUCHESNE,BROOK TROUT,3514,3,7/21/2023,2023
RAINBOW RES,TOOELE,RAINBOW,1502,9.95,6/2/2023,2023
RAINBOW RES,TOOELE,RAINBOW,1501,10.38,7/3/2023,2023
RAM L GR-24,DAGGETT,CUTTHROAT,497,1.73,9/19/2023,2023
RANGER L FL,SEVIER,BROOK TROUT,303,3.24,8/8/2023,2023
RAZOR RIDGE P,WASHINGTON,RAINBOW,364,16.47,1/18/2023,2023
RAZOR RIDGE P,WASHINGTON,RAINBOW,491,7.26,1/25/2023,2023
RAZOR RIDGE P,WASHINGTON,RAINBOW,371,7.96,2/9/2023,2023
RAZOR RIDGE P,WASHINGTON,RAINBOW,414,8.73,2/21/2023,2023
RAZOR RIDGE P,WASHINGTON,RAINBOW,522,9.43,3/8/2023,2023
RAZOR RIDGE P,WASHINGTON,RAINBOW,688,8.99,3/29/2023,2023
RAZOR RIDGE P,WASHINGTON,RAINBOW,335,9.52,11/8/2023,2023
RAZOR RIDGE P,WASHINGTON,RAINBOW,365,9.97,11/21/2023,2023
RAZOR RIDGE P,WASHINGTON,RAINBOW,395,9.71,12/6/2023,2023
RAZOR RIDGE P,WASHINGTON,RAINBOW,416,10.14,12/19/2023,2023
RECAPTURE RES,SAN JUAN,CRAPPIE BLACK,4000,3.15,5/4/2023,2023
RED BUTTE CR,SALT LAKE,CUTTHROAT,991,3.18,10/31/2023,2023
RED BUTTE RES,SALT LAKE,CUTTHROAT,2000,3.18,10/31/2023,2023
RED CASTLE L G-15,SUMMIT,TIGER TROUT,5599,2.83,7/14/2023,2023
"RED CASTLE,EAST G-17",SUMMIT,TIGER TROUT,704,2.83,7/14/2023,2023
"RED CASTLE,LOWER G12",SUMMIT,BROOK TROUT,2210,2.68,7/14/2023,2023
"RED CASTLE,UPPER G16",SUMMIT,TIGER TROUT,847,2.83,7/14/2023,2023
RED CR RES,DUCHESNE,RAINBOW,9000,3.74,5/31/2023,2023
RED CR RES,DUCHESNE,TIGER TROUT,5000,2.04,5/31/2023,2023
RED CR RES,DUCHESNE,CUTTHROAT,2983,1.93,10/1/2023,2023
RED CR RES,DUCHESNE,CUTTHROAT,982,1.77,10/1/2023,2023
RED FLEET RES,UINTAH,CRAPPIE BLACK,14910,3.04,5/4/2023,2023
RED FLEET RES,UINTAH,WALLEYE,1420,3.48,7/20/2023,2023
RED FLEET RES,UINTAH,RAINBOW,20283,4.03,9/26/2023,2023
RED FLEET RES,UINTAH,TIGER TROUT,364,5.44,10/21/2023,2023
RED FLEET RES,UINTAH,TIGER TROUT,1233,5.17,10/30/2023,2023
RED FLEET RES,UINTAH,RAINBOW,15198,3.12,11/23/2023,2023
RED PINE L,SALT LAKE,CUTTHROAT,2999,2.28,9/19/2023,2023
"RED PINE L, UPPER",SALT LAKE,CUTTHROAT,3996,2.28,9/19/2023,2023
REDMOND L,SEVIER,CRAPPIE BLACK,10000,3.15,5/4/2023,2023
REDMOND L,SEVIER,SUNFISH BLUEGILL,5025,2.55,9/21/2023,2023
REDMOND L,SEVIER,BASS LARGEMOUTH,2520,2.75,9/21/2023,2023
REDMOND L,SEVIER,CHANNEL CATFISH,5000,2.89,9/28/2023,2023
REDMOND L,SEVIER,CRAPPIE WHITE,2147,4.4,11/8/2023,2023
REED VALLEY CREEK,IRON,CUTTHROAT,1526,1.87,9/11/2023,2023
REIDS L W-38,SUMMIT,BROOK TROUT,494,2.68,7/13/2023,2023
REX RES,SEVIER,RAINBOW,4060,3.93,5/9/2023,2023
RICHES POND,SANPETE,BROOK TROUT,150,2.62,7/6/2023,2023
RIDGE L BTN,GARFIELD,BROOK TROUT,55,2.63,7/10/2023,2023
RIM L BTS,GARFIELD,BROOK TROUT,296,2.57,7/10/2023,2023
RIVERFRONT POND,SALT LAKE,RAINBOW,115,11.16,3/21/2023,2023
RIVERFRONT POND,SALT LAKE,RAINBOW,115,10.86,4/25/2023,2023
RIVERFRONT POND,SALT LAKE,WIPER,152,7.26,5/2/2023,2023
RIVERFRONT POND,SALT LAKE,RAINBOW,116,10.96,5/3/2023,2023
RIVERFRONT POND,SALT LAKE,CHANNEL CATFISH,150,13.57,6/1/2023,2023
RIVERFRONT POND,SALT LAKE,CHANNEL CATFISH,300,10.77,6/15/2023,2023
RIVERFRONT POND,SALT LAKE,CHANNEL CATFISH,75,13.57,8/24/2023,2023
RIVERFRONT POND,SALT LAKE,CHANNEL CATFISH,75,13.57,9/7/2023,2023
RIVERTON POND,SALT LAKE,RAINBOW,1500,9.47,4/18/2023,2023
RIVERTON POND,SALT LAKE,WIPER,607,7.26,5/2/2023,2023
RIVERTON POND,SALT LAKE,RAINBOW,499,9.44,5/3/2023,2023
RIVERTON POND,SALT LAKE,RAINBOW,500,9.53,5/8/2023,2023
RIVERTON POND,SALT LAKE,RAINBOW,500,9.45,5/23/2023,2023
RIVERTON POND,SALT LAKE,CHANNEL CATFISH,275,13.57,6/1/2023,2023
RIVERTON POND,SALT LAKE,CHANNEL CATFISH,550,10.77,6/15/2023,2023
RIVERTON POND,SALT LAKE,CHANNEL CATFISH,150,13.57,8/24/2023,2023
RIVERTON POND,SALT LAKE,RAINBOW,567,9.47,9/5/2023,2023
RIVERTON POND,SALT LAKE,CHANNEL CATFISH,70,13.57,9/7/2023,2023
RIVERTON POND,SALT LAKE,RAINBOW,566,9.46,9/19/2023,2023
RIVERTON POND,SALT LAKE,SUNFISH BLUEGILL,1794,2.55,9/22/2023,2023
RIVERTON POND,SALT LAKE,RAINBOW,568,9.42,9/27/2023,2023
ROAD POND,SANPETE,BROOK TROUT,100,2.62,7/6/2023,2023
ROB RES EMW,GARFIELD,CUTTHROAT,251,2.11,9/18/2023,2023
ROBERTS L U-15,DUCHESNE,CUTTHROAT,1216,1.45,9/19/2023,2023
ROCK CR,DUCHESNE,RAINBOW,1300,9.43,6/29/2023,2023
ROCK CR,DUCHESNE,RAINBOW,999,10.2,7/19/2023,2023
"ROCK CR, S FK",DUCHESNE,BROOK TROUT,1143,3.59,8/1/2023,2023
ROCK L A-10,SUMMIT,TIGER TROUT,396,2.83,7/14/2023,2023
"ROCK L, MIDDLE WR-16",DUCHESNE,CUTTHROAT,468,1.45,9/19/2023,2023
"ROCK L, UPPER WR-14",DUCHESNE,CUTTHROAT,1684,1.45,9/19/2023,2023
ROCKPORT RES,SUMMIT,RAINBOW,2600,12.44,5/16/2023,2023
ROCKPORT RES,SUMMIT,RAINBOW,2704,12.44,5/17/2023,2023
ROCKPORT RES,SUMMIT,RAINBOW,2678,12.44,5/18/2023,2023
ROCKPORT RES,SUMMIT,RAINBOW,4500,10.28,8/3/2023,2023
ROCKPORT RES,SUMMIT,RAINBOW,2900,11.99,9/25/2023,2023
ROCKPORT RES,SUMMIT,RAINBOW,2900,11.99,9/25/2023,2023
ROCKPORT RES,SUMMIT,RAINBOW,2900,11.99,9/25/2023,2023
ROCKPORT RES,SUMMIT,RAINBOW,1740,11.99,9/26/2023,2023
ROCKPORT RES,SUMMIT,RAINBOW,2248,11.99,9/26/2023,2023
ROCKPORT RES,SUMMIT,RAINBOW,2536,12.08,10/31/2023,2023
ROOSEVELT COMM POND,UINTAH,CHANNEL CATFISH,50,13.57,8/24/2023,2023
ROOSEVELT COMM POND,UINTAH,RAINBOW,50,13.6,10/3/2023,2023
ROSEBUD JUNE SUCKER 1,BOX ELDER,SUCKER,1000,6.55,9/27/2023,2023
ROSEBUD JUNE SUCKER 2,BOX ELDER,SUCKER GREEN,481,6.62,9/20/2023,2023
ROSEBUD JUNE SUCKER 2,BOX ELDER,SUCKER,250,7.22,9/20/2023,2023
ROSEBUD TOP POND,BOX ELDER,RAINBOW,502,7.11,9/19/2023,2023
ROUND L NBS,WAYNE,BROOK TROUT,995,2.63,7/10/2023,2023
ROUND L NBS,WAYNE,BROOK TROUT,257,2.9,7/25/2023,2023
ROUND L TLM,WAYNE,RAINBOW,742,4.93,6/6/2023,2023
ROUND WILLOW BOTTOM,GARFIELD,TIGER TROUT,255,2.87,7/11/2023,2023
ROUND WILLOW BOTTOM,GARFIELD,CUTTHROAT,400,1.79,9/18/2023,2023
ROW L 3 GT,GARFIELD,TIGER TROUT,256,9.49,7/12/2023,2023
ROW L 3 GT,GARFIELD,RAINBOW,315,10.04,8/7/2023,2023
ROW L 7-BANANA-GT,GARFIELD,RAINBOW,352,10.04,8/7/2023,2023
ROW L 8 GT,GARFIELD,TIGER TROUT,256,9.49,7/12/2023,2023
RUDOLPH L NO 1 X-39,DUCHESNE,BROOK TROUT,2206,3,7/21/2023,2023
RUTH L BR-40,SUMMIT,BROOK TROUT,494,2.68,7/13/2023,2023
SALAMANDER L BR-26,SUMMIT,BROOK TROUT,403,2.68,7/13/2023,2023
SALEM POND,UTAH,RAINBOW,1504,9.31,3/15/2023,2023
SALEM POND,UTAH,RAINBOW,1504,9.31,3/15/2023,2023
SALEM POND,UTAH,RAINBOW,1499,9.7,4/10/2023,2023
SALEM POND,UTAH,TIGER TROUT,496,9.73,4/10/2023,2023
SALEM POND,UTAH,TIGER TROUT,510,9.44,4/10/2023,2023
SALEM POND,UTAH,WIPER,1050,7.26,4/19/2023,2023
SALEM POND,UTAH,RAINBOW,252,19.08,4/19/2023,2023
SALEM POND,UTAH,TIGER TROUT,1496,10.19,4/26/2023,2023
SALEM POND,UTAH,RAINBOW,900,9.87,5/9/2023,2023
SALEM POND,UTAH,RAINBOW,900,9.87,5/9/2023,2023
SALEM POND,UTAH,TIGER TROUT,999,10.19,5/16/2023,2023
SALEM POND,UTAH,RAINBOW,698,10.6,5/24/2023,2023
SALEM POND,UTAH,CHANNEL CATFISH,1098,10.77,6/1/2023,2023
SALEM POND,UTAH,TIGER TROUT,502,10.91,6/13/2023,2023
SALEM POND,UTAH,TIGER TROUT,502,10.91,6/13/2023,2023
SALEM POND,UTAH,TIGER TROUT,1001,10.91,6/29/2023,2023
SALEM POND,UTAH,CHANNEL CATFISH,250,17.1,8/24/2023,2023
SALEM POND,UTAH,TIGER TROUT,753,10.99,9/12/2023,2023
SALEM POND,UTAH,TIGER TROUT,753,10.99,9/12/2023,2023
SALEM POND,UTAH,RAINBOW,1001,12.13,9/14/2023,2023
SALEM POND,UTAH,RAINBOW,1001,12.13,9/14/2023,2023
SALEM POND,UTAH,RAINBOW,1360,11.37,9/20/2023,2023
SALEM POND,UTAH,RAINBOW,1120,12.13,9/20/2023,2023
SALEM POND,UTAH,RAINBOW,1275,11.37,9/21/2023,2023
SALEM POND,UTAH,RAINBOW,5100,5.28,11/15/2023,2023
SALINA CITY POND,SEVIER,RAINBOW,585,10.19,3/28/2023,2023
SALINA CITY POND,SEVIER,RAINBOW,425,9.76,4/26/2023,2023
SALINA CITY POND,SEVIER,RAINBOW,518,10.04,5/23/2023,2023
SALINA CITY POND,SEVIER,RAINBOW,513,10.7,6/27/2023,2023
SALINA CITY POND,SEVIER,RAINBOW,960,9.9,7/19/2023,2023
SALINA RES,SEVIER,RAINBOW,1503,10.19,5/31/2023,2023
SALINA RES,SEVIER,BROOK TROUT,505,3.24,8/8/2023,2023
SALT CR,JUAB,RAINBOW,500,10,4/10/2023,2023
SALT CR,JUAB,RAINBOW,250,10.77,6/7/2023,2023
SALT CR,JUAB,RAINBOW,502,9.21,6/22/2023,2023
SALT CR,JUAB,BROWN TROUT,550,4.93,6/27/2023,2023
SALT CR,JUAB,RAINBOW,501,9.41,7/10/2023,2023
SALT CR,JUAB,RAINBOW,1000,10,8/1/2023,2023
SALT CREEK RES.,JUAB,RAINBOW,1000,10,4/10/2023,2023
SALT CREEK RES.,JUAB,RAINBOW,506,10.28,4/24/2023,2023
SALT CREEK RES.,JUAB,RAINBOW,500,10.77,6/7/2023,2023
SALT CREEK RES.,JUAB,RAINBOW,250,9.21,6/22/2023,2023
SALT CREEK RES.,JUAB,RAINBOW,249,9.41,7/10/2023,2023
SALT CREEK RES.,JUAB,RAINBOW,500,10,8/1/2023,2023
SAN RAFAEL R,EMERY,CHUB,1887,10.56,4/18/2023,2023
SAN RAFAEL R,EMERY,CHUB,1888,10.55,4/18/2023,2023
"SAND COVE RES, UPPER",WASHINGTON,RAINBOW,2507,10.24,10/4/2023,2023
SANDY COMMUNITY FISHERY,SALT LAKE,RAINBOW,500,10.77,3/13/2023,2023
SANDY COMMUNITY FISHERY,SALT LAKE,RAINBOW,137,18.58,3/15/2023,2023
SANDY COMMUNITY FISHERY,SALT LAKE,RAINBOW,500,10.77,3/21/2023,2023
SANDY COMMUNITY FISHERY,SALT LAKE,RAINBOW,499,10.44,3/29/2023,2023
SANDY COMMUNITY FISHERY,SALT LAKE,RAINBOW,501,10.27,4/10/2023,2023
SANDY COMMUNITY FISHERY,SALT LAKE,RAINBOW,501,9.43,4/17/2023,2023
SANDY COMMUNITY FISHERY,SALT LAKE,WIPER,454,7.43,4/17/2023,2023
SANDY COMMUNITY FISHERY,SALT LAKE,RAINBOW,499,9.44,4/24/2023,2023
SANDY COMMUNITY FISHERY,SALT LAKE,RAINBOW,499,9.44,5/3/2023,2023
SANDY COMMUNITY FISHERY,SALT LAKE,RAINBOW,500,9.53,5/8/2023,2023
SANDY COMMUNITY FISHERY,SALT LAKE,RAINBOW,500,9.53,5/15/2023,2023
SANDY COMMUNITY FISHERY,SALT LAKE,CUTTHROAT,250,17.88,5/31/2023,2023
SANDY COMMUNITY FISHERY,SALT LAKE,CHANNEL CATFISH,300,13.57,6/1/2023,2023
SANDY COMMUNITY FISHERY,SALT LAKE,CHANNEL CATFISH,600,10.77,6/15/2023,2023
SANDY COMMUNITY FISHERY,SALT LAKE,CHANNEL CATFISH,250,13.57,8/24/2023,2023
SANDY COMMUNITY FISHERY,SALT LAKE,RAINBOW,700,9.47,9/5/2023,2023
SANDY COMMUNITY FISHERY,SALT LAKE,CHANNEL CATFISH,250,13.57,9/7/2023,2023
SANDY COMMUNITY FISHERY,SALT LAKE,RAINBOW,700,9.46,9/11/2023,2023
SANDY COMMUNITY FISHERY,SALT LAKE,RAINBOW,699,9.46,9/19/2023,2023
SANDY COMMUNITY FISHERY,SALT LAKE,BASS LARGEMOUTH,211,2.75,9/22/2023,2023
SANDY COMMUNITY FISHERY,SALT LAKE,RAINBOW,700,9.42,9/27/2023,2023
SANDY COMMUNITY FISHERY,SALT LAKE,RAINBOW,700,9.62,10/24/2023,2023
SANDY L GR-45,UINTAH,CUTTHROAT,748,1.45,9/19/2023,2023
SCOFIELD RES,CARBON,TIGER TROUT,2210,10.32,5/22/2023,2023
SCOFIELD RES,CARBON,TIGER TROUT,2210,10.32,5/22/2023,2023
SCOFIELD RES,CARBON,TIGER TROUT,2210,10.32,5/22/2023,2023
SCOFIELD RES,CARBON,TIGER TROUT,2210,10.32,5/22/2023,2023
SCOFIELD RES,CARBON,TIGER TROUT,2210,10.32,5/23/2023,2023
SCOFIELD RES,CARBON,TIGER TROUT,2210,10.32,5/23/2023,2023
SCOFIELD RES,CARBON,TIGER TROUT,2210,10.32,5/23/2023,2023
SCOFIELD RES,CARBON,TIGER TROUT,2210,10.32,5/23/2023,2023
SCOFIELD RES,CARBON,TIGER TROUT,2210,10.32,5/24/2023,2023
SCOFIELD RES,CARBON,TIGER TROUT,2210,10.32,5/24/2023,2023
SCOFIELD RES,CARBON,TIGER TROUT,1040,10.32,5/24/2023,2023
SCOFIELD RES,CARBON,TIGER TROUT,2860,10.32,5/24/2023,2023
SCOFIELD RES,CARBON,CUTTHROAT,17371,7.69,5/31/2023,2023
SCOFIELD RES,CARBON,CUTTHROAT,20826,7.24,6/1/2023,2023
SCOFIELD RES,CARBON,CUTTHROAT,20187,7.32,6/2/2023,2023
SCOFIELD RES,CARBON,CUTTHROAT,18099,7.59,6/5/2023,2023
SCOFIELD RES,CARBON,CUTTHROAT,16105,7.89,6/6/2023,2023
SCOFIELD RES,CARBON,WIPER,18172,1.45,8/17/2023,2023
SCOFIELD RES,CARBON,WIPER,998,8.94,8/17/2023,2023
SCOFIELD RES,CARBON,WIPER,25560,1.43,8/17/2023,2023
SCOFIELD RES,CARBON,RAINBOW,1350,11.86,10/31/2023,2023
SCOFIELD RES,CARBON,RAINBOW,1200,11.86,10/31/2023,2023
SCOFIELD RES,CARBON,RAINBOW,1290,11.86,10/31/2023,2023
SCOFIELD RES,CARBON,RAINBOW,1313,11.86,10/31/2023,2023
SCOFIELD RES,CARBON,RAINBOW,1275,11.86,10/31/2023,2023
SCOFIELD RES,CARBON,RAINBOW,1230,11.86,10/31/2023,2023
SCOFIELD RES,CARBON,RAINBOW,1313,11.86,11/2/2023,2023
SCOFIELD RES,CARBON,RAINBOW,1200,11.86,11/2/2023,2023
SCOFIELD RES,CARBON,RAINBOW,1313,11.86,11/2/2023,2023
SCOFIELD RES,CARBON,RAINBOW,975,11.86,11/6/2023,2023
SCOFIELD RES,CARBON,RAINBOW,1275,11.86,11/6/2023,2023
SCOFIELD RES,CARBON,RAINBOW,1200,11.86,11/6/2023,2023
SCOFIELD RES,CARBON,RAINBOW,1275,11.86,11/6/2023,2023
SCOUT L,IRON,TIGER TROUT,792,10.12,6/14/2023,2023
SCOUT L Z-12,DUCHESNE,BROOK TROUT,1001,2.68,7/13/2023,2023
SCOW L BR-12,SUMMIT,BROOK TROUT,1703,2.68,7/13/2023,2023
SENCEBALL,BEAVER,BROOK TROUT,97,2.63,7/11/2023,2023
SETTLEMENT CYN RES,TOOELE,RAINBOW,1995,9.8,4/20/2023,2023
SETTLEMENT CYN RES,TOOELE,RAINBOW,1995,9.8,4/20/2023,2023
SETTLEMENT CYN RES,TOOELE,RAINBOW,994,9.9,5/8/2023,2023
SETTLEMENT CYN RES,TOOELE,RAINBOW,994,9.9,5/8/2023,2023
SETTLEMENT CYN RES,TOOELE,WIPER,2201,7.46,5/15/2023,2023
SETTLEMENT CYN RES,TOOELE,RAINBOW,2000,10.14,5/23/2023,2023
SETTLEMENT CYN RES,TOOELE,RAINBOW,1680,10.6,6/6/2023,2023
SETTLEMENT CYN RES,TOOELE,RAINBOW,1197,10.96,6/27/2023,2023
SETTLEMENT CYN RES,TOOELE,RAINBOW,1001,12.13,9/20/2023,2023
SETTLEMENT CYN RES,TOOELE,RAINBOW,1001,12.13,9/20/2023,2023
SETTLEMENT CYN RES,TOOELE,RAINBOW,17220,3.94,10/18/2023,2023
SETTLEMENT CYN RES,TOOELE,TIGER TROUT,3036,5.92,10/18/2023,2023
SETTLEMENT CYN RES,TOOELE,TIGER TROUT,3036,5.92,10/18/2023,2023
SETTLEMENT CYN RES,TOOELE,RAINBOW,3408,10.97,11/30/2023,2023
SEVIER R,SEVIER,BROWN TROUT,15038,2.62,4/18/2023,2023
SEVIER R,SEVIER,RAINBOW,7480,3.83,4/18/2023,2023
SEVIER R,GARFIELD,BROWN TROUT,20600,2.95,5/1/2023,2023
SEVIER R,GARFIELD,BROWN TROUT,5150,2.95,5/1/2023,2023
SEVIER R,GARFIELD,RAINBOW,20130,3.16,6/21/2023,2023
"SEVIER R, E FK",PIUTE,RAINBOW,650,10.19,3/22/2023,2023
"SEVIER R, E FK",GARFIELD,BROWN TROUT,5110,2.62,4/17/2023,2023
"SEVIER R, E FK",GARFIELD,BROWN TROUT,3066,2.62,4/17/2023,2023
"SEVIER R, E FK",PIUTE,RAINBOW,575,10.61,5/1/2023,2023
"SEVIER R, E FK",PIUTE,BROWN TROUT,15450,2.95,5/1/2023,2023
"SEVIER R, E FK",PIUTE,RAINBOW,782,10.61,7/11/2023,2023
"SEVIER R, E FK",PIUTE,BROWN TROUT,1846,3.36,8/29/2023,2023
"SEVIER R, E FK",PIUTE,CUTTHROAT,5076,1.97,9/14/2023,2023
"SEVIER R, E FK",GARFIELD,CUTTHROAT,5076,1.97,9/14/2023,2023
"SEVIER R, E FK",GARFIELD,CUTTHROAT,5076,1.97,9/14/2023,2023
SHADOW L A-52,SUMMIT,BROOK TROUT,702,2.68,7/14/2023,2023
SHARLEE L WR-57,DUCHESNE,CUTTHROAT,655,1.45,9/19/2023,2023
SHEEP CR,DAGGETT,RAINBOW,351,9.43,6/19/2023,2023
SHEEP CR L,DAGGETT,CUTTHROAT,4026,4.48,6/12/2023,2023
SHINGLE MILL RES,SANPETE,RAINBOW,1204,9.75,7/17/2023,2023
SHORT L,GARFIELD,CUTTHROAT,200,1.79,9/18/2023,2023
SILENT VIGIL,SANPETE,BROOK TROUT,50,2.62,7/6/2023,2023
SILVER L,UTAH,BROOK TROUT,1300,2.68,7/14/2023,2023
SILVER L,UTAH,CUTTHROAT,6008,2.28,9/19/2023,2023
SILVER L FLAT RES,UTAH,RAINBOW,2001,12.08,6/27/2023,2023
SILVER L FLAT RES,UTAH,BROOK TROUT,4004,2.68,7/14/2023,2023
SILVER L FLAT RES,UTAH,RAINBOW,1801,12.44,7/20/2023,2023
SILVER L FLAT RES,UTAH,RAINBOW,901,12.78,8/10/2023,2023
SILVER L FLAT RES,UTAH,BROOK TROUT,781,3.61,8/23/2023,2023
SILVER L FLAT RES,UTAH,CUTTHROAT,4998,2.28,9/19/2023,2023
SILVER L-BRIGHTON,SALT LAKE,RAINBOW,2998,10.19,6/28/2023,2023
SILVER L-BRIGHTON,SALT LAKE,RAINBOW,2000,10.38,7/3/2023,2023
SILVER L-BRIGHTON,SALT LAKE,BROOK TROUT,2002,2.68,7/14/2023,2023
SILVER L-BRIGHTON,SALT LAKE,RAINBOW,999,10.14,8/9/2023,2023
SILVER L-BRIGHTON,SALT LAKE,RAINBOW,1001,10.14,8/14/2023,2023
SIX MILE CR,SANPETE,CUTTHROAT,9000,2.12,9/20/2023,2023
SIX MILE CR,SANPETE,CUTTHROAT,6080,2.02,9/26/2023,2023
SIX MILE POND,SANPETE,BROOK TROUT,274,2.62,7/6/2023,2023
SIX MILE POND,SANPETE,RAINBOW,1499,9.75,7/18/2023,2023
SIXTH WATER,UTAH,CUTTHROAT,5002,2.48,10/16/2023,2023
SKUTUMPA RES,SEVIER,RAINBOW,396,10.19,6/12/2023,2023
SKUTUMPA RES,SEVIER,RAINBOW,360,9.9,7/12/2023,2023
SKUTUMPA RES,SEVIER,TIGER TROUT,267,10.08,7/17/2023,2023
SKYLERS POND,CACHE,RAINBOW,600,10.96,4/26/2023,2023
SKYLERS POND,CACHE,RAINBOW,301,11.04,5/22/2023,2023
SKYLERS POND,CACHE,RAINBOW,299,11.42,6/12/2023,2023
SKYLERS POND,CACHE,RAINBOW,500,10.17,10/14/2023,2023
SKYLINE P,WASHINGTON,RAINBOW,415,16.47,1/18/2023,2023
SKYLINE P,WASHINGTON,RAINBOW,654,7.26,1/24/2023,2023
SKYLINE P,WASHINGTON,RAINBOW,628,7.93,2/10/2023,2023
SKYLINE P,WASHINGTON,RAINBOW,414,8.73,2/21/2023,2023
SKYLINE P,WASHINGTON,RAINBOW,419,9.52,11/7/2023,2023
SKYLINE P,WASHINGTON,RAINBOW,438,9.97,11/21/2023,2023
SKYLINE P,WASHINGTON,RAINBOW,474,9.71,12/5/2023,2023
SKYLINE P,WASHINGTON,RAINBOW,416,10.14,12/20/2023,2023
SMITH FAMILY PARK POND,WEBER,RAINBOW,198,19.64,3/14/2023,2023
SMITH FAMILY PARK POND,WEBER,RAINBOW,198,19.64,3/15/2023,2023
SMITH FAMILY PARK POND,WEBER,RAINBOW,1500,10.77,3/17/2023,2023
SMITH FAMILY PARK POND,WEBER,RAINBOW,700,10.44,3/27/2023,2023
SMITH FAMILY PARK POND,WEBER,RAINBOW,700,10.27,4/10/2023,2023
SMITH FAMILY PARK POND,WEBER,RAINBOW,264,19.64,4/11/2023,2023
SMITH FAMILY PARK POND,WEBER,RAINBOW,701,9.44,4/24/2023,2023
SMITH FAMILY PARK POND,WEBER,WIPER,496,6.96,5/3/2023,2023
SMITH FAMILY PARK POND,WEBER,RAINBOW,800,11.16,5/18/2023,2023
SMITH FAMILY PARK POND,WEBER,CHANNEL CATFISH,185,13.57,6/1/2023,2023
SMITH FAMILY PARK POND,WEBER,RAINBOW,799,9.44,6/5/2023,2023
SMITH FAMILY PARK POND,WEBER,CHANNEL CATFISH,734,10.77,6/15/2023,2023
SMITH FAMILY PARK POND,WEBER,CHANNEL CATFISH,750,13.57,8/24/2023,2023
SMITH FAMILY PARK POND,WEBER,CHANNEL CATFISH,580,13.57,9/7/2023,2023
SMITH FAMILY PARK POND,WEBER,RAINBOW,500,9.42,9/20/2023,2023
SMITH FAMILY PARK POND,WEBER,RAINBOW,500,9.42,9/20/2023,2023
SMITH FAMILY PARK POND,WEBER,RAINBOW,1001,9.43,9/27/2023,2023
SMITH FAMILY PARK POND,WEBER,RAINBOW,102,24.5,9/28/2023,2023
SMITH FAMILY PARK POND,WEBER,RAINBOW,999,9.5,10/11/2023,2023
SMITH FAMILY PARK POND,WEBER,TIGER TROUT,500,11.51,10/11/2023,2023
SMITH FAMILY PARK POND,WEBER,RAINBOW,21,24.5,10/17/2023,2023
SMITH FAMILY PARK POND,WEBER,CUTTHROAT,160,17.88,10/17/2023,2023
SMITH FAMILY PARK POND,WEBER,RAINBOW,899,9.62,11/13/2023,2023
SMITH-MOREHOUSE RES,SUMMIT,RAINBOW,1550,10.77,6/1/2023,2023
SMITH-MOREHOUSE RES,SUMMIT,SPLAKE,505,3.27,6/8/2023,2023
SMITH-MOREHOUSE RES,SUMMIT,RAINBOW,2052,10.96,6/20/2023,2023
SMITH-MOREHOUSE RES,SUMMIT,RAINBOW,1601,11.26,7/5/2023,2023
SMITH-MOREHOUSE RES,SUMMIT,RAINBOW,1601,11.26,7/17/2023,2023
SMITH-MOREHOUSE RES,SUMMIT,RAINBOW,1501,11.99,7/25/2023,2023
SMITH-MOREHOUSE RES,SUMMIT,RAINBOW,1641,12.13,8/7/2023,2023
SMITH-MOREHOUSE RES,SUMMIT,RAINBOW,1498,12.13,8/23/2023,2023
SMITH-MOREHOUSE RES,SUMMIT,GRAYLING ARCTIC,7450,2.68,9/21/2023,2023
SMITHFIELD CR,CACHE,RAINBOW,250,10.28,8/8/2023,2023
SMITHS FK PASS L G14,SUMMIT,TIGER TROUT,847,2.83,7/14/2023,2023
"SMITHS FK, W FK",SUMMIT,CUTTHROAT,293,13.28,7/19/2023,2023
"SMITHS FK, W FK",SUMMIT,CUTTHROAT,2725,1.66,9/29/2023,2023
SNOW L,SANPETE,RAINBOW,1012,10.44,8/16/2023,2023
SNOW L GR-130,SUMMIT,CUTTHROAT,939,1.73,9/19/2023,2023
SOLITAIRE L NBS,WAYNE,TIGER TROUT,149,2.87,7/10/2023,2023
SOLITAIRE L NBS,WAYNE,CUTTHROAT,512,1.31,9/18/2023,2023
SONNY L X-12,DUCHESNE,BROOK TROUT,403,2.68,7/13/2023,2023
SOUP BOWL RES,SANPETE,RAINBOW,499,9.52,6/29/2023,2023
SOUP BOWL RES,SANPETE,TIGER TROUT,1050,4.34,7/20/2023,2023
SOUP BOWL RES,SANPETE,RAINBOW,500,9.75,7/20/2023,2023
SOUTH EDEN RESERVOIR,RICH,RAINBOW,200,8.2,11/8/2023,2023
SOUTH EDEN RESERVOIR,RICH,TIGER TROUT,200,5.73,11/15/2023,2023
SOWERS CR,DUCHESNE,CUTTHROAT,521,6.54,8/2/2023,2023
SOWERS CR,DUCHESNE,CUTTHROAT,646,2.11,10/24/2023,2023
SOWERS CR,DUCHESNE,CUTTHROAT,1356,2.17,10/24/2023,2023
SPANISH FK R,UTAH,BROWN TROUT,2200,4.93,6/29/2023,2023
SPANISH OAKS P,UTAH,RAINBOW,1500,9.47,4/11/2023,2023
SPANISH OAKS P,UTAH,RAINBOW,1499,9.47,4/12/2023,2023
SPANISH OAKS P,UTAH,RAINBOW,1000,9.47,4/18/2023,2023
SPANISH OAKS P,UTAH,RAINBOW,499,9.44,5/1/2023,2023
SPANISH OAKS P,UTAH,RAINBOW,500,9.53,5/4/2023,2023
SPANISH OAKS P,UTAH,RAINBOW,500,9.53,5/15/2023,2023
SPANISH OAKS P,UTAH,RAINBOW,500,9.45,5/22/2023,2023
SPANISH OAKS P,UTAH,RAINBOW,500,9.53,5/31/2023,2023
SPANISH OAKS P,UTAH,RAINBOW,500,10,6/12/2023,2023
SPANISH OAKS P,UTAH,RAINBOW,500,9.68,6/20/2023,2023
SPANISH OAKS P,UTAH,RAINBOW,1433,9.42,8/28/2023,2023
SPANISH OAKS P,UTAH,RAINBOW,432,9.47,9/5/2023,2023
SPANISH OAKS P,UTAH,RAINBOW,434,9.42,9/27/2023,2023
SPANISH OAKS P,UTAH,RAINBOW,94,24.5,10/3/2023,2023
SPANISH OAKS P,UTAH,RAINBOW,204,24.5,10/3/2023,2023
SPANISH OAKS P,UTAH,RAINBOW,1300,10.77,10/4/2023,2023
SPECTACLE L A-44,SUMMIT,BROOK TROUT,325,2.68,7/13/2023,2023
SPECTACLE L BTS,GARFIELD,TIGER TROUT,53,2.87,7/10/2023,2023
SPECTACLE L BTS,GARFIELD,BROOK TROUT,355,2.57,7/10/2023,2023
SPINNERS RES,SANPETE,RAINBOW,1500,9.41,7/12/2023,2023
SPINNERS RES,SANPETE,TIGER TROUT,490,4.89,7/27/2023,2023
SPIRIT L GR-3,DAGGETT,TIGER TROUT,2752,9.21,7/5/2023,2023
SPRING HILL P #1,SANPETE,RAINBOW,856,9.52,6/28/2023,2023
SPRING HILL P #1,SANPETE,BROOK TROUT,176,2.62,7/6/2023,2023
SPRING HILL P #1,SANPETE,RAINBOW,848,9.75,7/17/2023,2023
SPRING L,UTAH,CHANNEL CATFISH,500,10.77,6/15/2023,2023
SPRING L,UTAH,RAINBOW,1482,10.96,6/26/2023,2023
SPRING L,UTAH,WIPER,802,8.73,6/28/2023,2023
SPRING L,UTAH,RAINBOW,1502,10.6,7/5/2023,2023
SPRING L,UTAH,CHANNEL CATFISH,860,13.57,8/24/2023,2023
SPRING L,UTAH,CHANNEL CATFISH,730,13.57,9/7/2023,2023
SPRING L,UTAH,TIGER TROUT,968,10.99,9/13/2023,2023
SPRING L,UTAH,TIGER TROUT,1505,10.99,9/13/2023,2023
STARVATION RES,DUCHESNE,RAINBOW,18432,2.96,4/24/2023,2023
STARVATION RES,DUCHESNE,RAINBOW,5025,3.19,4/24/2023,2023
STARVATION RES,DUCHESNE,RAINBOW,399,11.18,5/25/2023,2023
STARVATION RES,DUCHESNE,SUNFISH BLUEGILL,446,8.67,9/12/2023,2023
STARVATION RES,DUCHESNE,RAINBOW,11040,4.9,9/29/2023,2023
STARVATION RES,DUCHESNE,SUNFISH BLUEGILL,15000,2.55,10/4/2023,2023
STARVATION RES,DUCHESNE,RAINBOW,1050,11.12,11/10/2023,2023
STARVATION RES,DUCHESNE,RAINBOW,561,10.95,11/10/2023,2023
STARVATION RES,DUCHESNE,RAINBOW,3520,10.95,11/10/2023,2023
STARVATION RES,DUCHESNE,RAINBOW,20443,9.45,11/13/2023,2023
STARVATION RES,DUCHESNE,RAINBOW,19893,9.72,11/13/2023,2023
STARVATION RES,DUCHESNE,RAINBOW,1172,9.51,11/13/2023,2023
STARVATION RES,DUCHESNE,RAINBOW,5066,9.45,11/13/2023,2023
STARVATION RES,DUCHESNE,RAINBOW,3288,9.72,11/13/2023,2023
STARVATION RES,DUCHESNE,RAINBOW,3945,10.13,11/14/2023,2023
STARVATION RES,DUCHESNE,RAINBOW,3897,10.13,11/14/2023,2023
STARVATION RES,DUCHESNE,RAINBOW,2028,10.13,11/16/2023,2023
STATE MENTAL HOS PD,UTAH,RAINBOW,402,9.46,9/11/2023,2023
STATELINE RES,SUMMIT,RAINBOW,7497,10.6,6/6/2023,2023
STATELINE RES,SUMMIT,LAKE TROUT,1002,5.23,10/24/2023,2023
STEED POND,DAVIS,RAINBOW,500,10.77,3/17/2023,2023
STEED POND,DAVIS,RAINBOW,300,10.77,3/21/2023,2023
STEED POND,DAVIS,RAINBOW,425,10.44,3/27/2023,2023
STEED POND,DAVIS,RAINBOW,200,10.44,3/27/2023,2023
STEED POND,DAVIS,RAINBOW,99,10.44,4/5/2023,2023
STEED POND,DAVIS,RAINBOW,301,9.43,4/17/2023,2023
STEED POND,DAVIS,RAINBOW,374,9.44,5/2/2023,2023
STEED POND,DAVIS,WIPER,251,6.96,5/3/2023,2023
STEED POND,DAVIS,CHANNEL CATFISH,200,13.57,6/1/2023,2023
STEED POND,DAVIS,CHANNEL CATFISH,298,10.77,6/15/2023,2023
STEED POND,DAVIS,CHANNEL CATFISH,500,13.57,8/24/2023,2023
STEED POND,DAVIS,CHANNEL CATFISH,405,13.57,9/7/2023,2023
STEED POND,DAVIS,RAINBOW,500,9.42,9/20/2023,2023
STEED POND,DAVIS,RAINBOW,499,9.5,10/16/2023,2023
STEED POND,DAVIS,RAINBOW,500,9.62,10/24/2023,2023
STEINAKER RES,UINTAH,RAINBOW,11136,8.28,4/28/2023,2023
STEINAKER RES,UINTAH,RAINBOW,1392,8.28,4/28/2023,2023
STEINAKER RES,UINTAH,RAINBOW,150,11.18,5/25/2023,2023
STEINAKER RES,UINTAH,BROWN TROUT,5000,2.1,5/27/2023,2023
STEINAKER RES,UINTAH,RAINBOW,6261,9.38,10/7/2023,2023
STEINAKER RES,UINTAH,RAINBOW,2199,9.85,10/19/2023,2023
STEINAKER RES,UINTAH,RAINBOW,1988,10.06,10/19/2023,2023
STEINAKER RES,UINTAH,RAINBOW,2114,9.85,10/19/2023,2023
STEINAKER RES,UINTAH,RAINBOW,1013,12.08,11/1/2023,2023
STILLWATER FK,SUMMIT,RAINBOW,105,11.26,7/3/2023,2023
STILLWATER FK,SUMMIT,RAINBOW,201,11.26,7/18/2023,2023
STILLWATER FK,SUMMIT,RAINBOW,200,12.13,8/2/2023,2023
STILLWATER FK,SUMMIT,RAINBOW,201,11.65,8/8/2023,2023
STODDARD SLOUGH,MORGAN,RAINBOW,499,11.48,6/22/2023,2023
STONE L FL,SEVIER,BROOK TROUT,97,2.63,7/11/2023,2023
STRATTON P,WASHINGTON,RAINBOW,415,16.47,1/18/2023,2023
STRATTON P,WASHINGTON,RAINBOW,654,7.26,1/25/2023,2023
STRATTON P,WASHINGTON,RAINBOW,495,7.96,2/9/2023,2023
STRATTON P,WASHINGTON,RAINBOW,1639,9.43,3/8/2023,2023
STRATTON P,WASHINGTON,RAINBOW,258,8.99,3/29/2023,2023
STRATTON P,WASHINGTON,BASS LARGEMOUTH,500,2.75,9/21/2023,2023
STRATTON P,WASHINGTON,RAINBOW,419,9.52,11/8/2023,2023
STRATTON P,WASHINGTON,RAINBOW,948,9.71,12/6/2023,2023
STRATTON P,WASHINGTON,RAINBOW,416,10.14,12/19/2023,2023
STRAWBERRY R,DUCHESNE,RAINBOW,330,11.21,4/25/2023,2023
STRAWBERRY R,DUCHESNE,RAINBOW,329,10.03,5/25/2023,2023
STRAWBERRY R,WASATCH,CUTTHROAT,4029,6.33,7/17/2023,2023
STRAWBERRY R,DUCHESNE,RAINBOW,340,10.75,8/9/2023,2023
"STRAWBERRY R, UPPER",WASATCH,CUTTHROAT,22310,3.09,9/27/2023,2023
"STRAWBERRY R, UPPER",WASATCH,CUTTHROAT,22310,3.09,9/27/2023,2023
"STRAWBERRY R, UPPER",WASATCH,CUTTHROAT,35100,2.9,9/27/2023,2023
"STRAWBERRY R, UPPER",WASATCH,CUTTHROAT,35100,2.9,9/27/2023,2023
"STRAWBERRY R, UPPER",WASATCH,CUTTHROAT,22310,3.09,9/28/2023,2023
"STRAWBERRY R, UPPER",WASATCH,CUTTHROAT,22310,3.09,9/28/2023,2023
"STRAWBERRY R, UPPER",WASATCH,CUTTHROAT,15840,3.19,10/2/2023,2023
"STRAWBERRY R, UPPER",WASATCH,CUTTHROAT,13500,3.17,10/10/2023,2023
STRAWBERRY RES,WASATCH,KOKANEE,37182,2.12,2/21/2023,2023
STRAWBERRY RES,WASATCH,KOKANEE,74364,2.12,2/21/2023,2023
STRAWBERRY RES,WASATCH,KOKANEE,31263,3.07,5/17/2023,2023
STRAWBERRY RES,WASATCH,KOKANEE,62525,3.07,5/17/2023,2023
STRAWBERRY RES,WASATCH,RAINBOW,5846,11.65,5/30/2023,2023
STRAWBERRY RES,WASATCH,RAINBOW,6320,11.65,5/30/2023,2023
STRAWBERRY RES,WASATCH,RAINBOW,13350,9.84,5/30/2023,2023
STRAWBERRY RES,WASATCH,RAINBOW,27457,9.84,5/30/2023,2023
STRAWBERRY RES,WASATCH,RAINBOW,28077,9.84,5/31/2023,2023
STRAWBERRY RES,WASATCH,RAINBOW,4000,10.77,5/31/2023,2023
STRAWBERRY RES,WASATCH,RAINBOW,4000,10.77,5/31/2023,2023
STRAWBERRY RES,WASATCH,RAINBOW,4000,10.77,6/1/2023,2023
STRAWBERRY RES,WASATCH,RAINBOW,1480,10.77,6/1/2023,2023
STRAWBERRY RES,WASATCH,RAINBOW,9844,9.94,6/5/2023,2023
STRAWBERRY RES,WASATCH,RAINBOW,21284,9.94,6/5/2023,2023
STRAWBERRY RES,WASATCH,CUTTHROAT,16232,7.87,6/20/2023,2023
STRAWBERRY RES,WASATCH,CUTTHROAT,14713,8.13,6/21/2023,2023
STRAWBERRY RES,WASATCH,CUTTHROAT,13325,8.41,6/22/2023,2023
STRAWBERRY RES,WASATCH,RAINBOW,6336,10.3,6/23/2023,2023
STRAWBERRY RES,WASATCH,CUTTHROAT,13447,8.38,6/23/2023,2023
STRAWBERRY RES,WASATCH,CUTTHROAT,28928,8.21,6/26/2023,2023
STRAWBERRY RES,WASATCH,RAINBOW,6336,10.3,6/26/2023,2023
STRAWBERRY RES,WASATCH,CUTTHROAT,13990,8.27,6/26/2023,2023
STRAWBERRY RES,WASATCH,KOKANEE,50560,3.41,6/27/2023,2023
STRAWBERRY RES,WASATCH,CUTTHROAT,12498,8.59,6/27/2023,2023
STRAWBERRY RES,WASATCH,CUTTHROAT,24832,8.64,6/27/2023,2023
STRAWBERRY RES,WASATCH,CUTTHROAT,21818,9.04,6/28/2023,2023
STRAWBERRY RES,WASATCH,KOKANEE,43292,3.41,7/4/2023,2023
STRAWBERRY RES,WASATCH,RAINBOW,4669,9.98,7/5/2023,2023
STRAWBERRY RES,WASATCH,CUTTHROAT,1454,9.13,7/11/2023,2023
STRAWBERRY RES,WASATCH,CUTTHROAT,8680,9.99,9/11/2023,2023
STRAWBERRY RES,WASATCH,CUTTHROAT,4495,9.99,9/18/2023,2023
STRAWBERRY RES,WASATCH,CUTTHROAT,34876,10.07,9/25/2023,2023
STRAWBERRY RES,WASATCH,CUTTHROAT,12757,10.07,9/25/2023,2023
STRAWBERRY RES,WASATCH,CUTTHROAT,6424,10.07,9/25/2023,2023
STRAWBERRY RES,WASATCH,CUTTHROAT,66206,10.07,9/25/2023,2023
STRAWBERRY RES,WASATCH,RAINBOW,808,11.22,9/27/2023,2023
STRAWBERRY RES,WASATCH,RAINBOW,2704,11.91,9/30/2023,2023
STRAWBERRY RES,WASATCH,RAINBOW,1268,11.91,9/30/2023,2023
STRAWBERRY RES,WASATCH,RAINBOW,18441,10.23,10/23/2023,2023
STRAWBERRY RES,WASATCH,RAINBOW,15959,10.52,10/23/2023,2023
STRAWBERRY RES,WASATCH,RAINBOW,19796,10.12,10/24/2023,2023
STRAWBERRY RES,WASATCH,RAINBOW,18427,10.34,10/24/2023,2023
STRAWBERRY RES,WASATCH,RAINBOW,18240,10.41,10/25/2023,2023
STRAWBERRY RES,WASATCH,RAINBOW,18228,10.41,10/25/2023,2023
STRAWBERRY RES,WASATCH,RAINBOW,14053,10.79,10/26/2023,2023
STRAWBERRY RES,WASATCH,RAINBOW,2201,10.23,10/30/2023,2023
STRAWBERRY RES,WASATCH,CUTTHROAT,50006,3.22,11/6/2023,2023
STRAWBERRY RES,WASATCH,RAINBOW,3486,5.32,11/16/2023,2023
STRAWBERRY RES,WASATCH,RAINBOW,3486,5.32,11/16/2023,2023
SUNSET POND,SALT LAKE,RAINBOW,121,18.58,3/15/2023,2023
SUNSET POND,SALT LAKE,RAINBOW,250,10.77,3/21/2023,2023
SUNSET POND,SALT LAKE,RAINBOW,251,10.44,3/27/2023,2023
SUNSET POND,SALT LAKE,RAINBOW,251,10.44,3/29/2023,2023
SUNSET POND,SALT LAKE,RAINBOW,252,10.27,4/10/2023,2023
SUNSET POND,SALT LAKE,RAINBOW,250,9.43,4/17/2023,2023
SUNSET POND,SALT LAKE,RAINBOW,249,9.44,4/24/2023,2023
SUNSET POND,SALT LAKE,RAINBOW,249,9.44,5/3/2023,2023
SUNSET POND,SALT LAKE,WIPER,170,7.83,5/8/2023,2023
SUNSET POND,SALT LAKE,RAINBOW,251,9.53,5/31/2023,2023
SUNSET POND,SALT LAKE,CHANNEL CATFISH,150,13.57,6/1/2023,2023
SUNSET POND,SALT LAKE,CHANNEL CATFISH,300,10.77,6/15/2023,2023
SUNSET POND,SALT LAKE,CHANNEL CATFISH,100,13.57,8/24/2023,2023
SUNSET POND,SALT LAKE,CHANNEL CATFISH,100,13.57,9/7/2023,2023
SUNSET POND,SALT LAKE,BASS LARGEMOUTH,140,2.75,9/22/2023,2023
SUNSET POND,SALT LAKE,SUNFISH BLUEGILL,188,2.55,9/22/2023,2023
SURVEYORS L BTN,GARFIELD,BROOK TROUT,249,2.63,7/11/2023,2023
SURVEYORS L BTN,GARFIELD,TIGER TROUT,53,2.87,7/11/2023,2023
TAMARA L WR-73,DUCHESNE,CUTTHROAT,842,1.45,9/19/2023,2023
TAMARACK L GR-2,SUMMIT,CUTTHROAT,5965,1.73,9/19/2023,2023
TEAL SP,BOX ELDER,RAINBOW,749,11.42,6/12/2023,2023
TEAL SP,BOX ELDER,RAINBOW,2101,10.64,10/18/2023,2023
TEAPOT L A-60,SUMMIT,TIGER TROUT,501,9.41,6/29/2023,2023
TEAPOT L A-60,SUMMIT,RAINBOW,504,11.6,6/29/2023,2023
TEAPOT L A-60,SUMMIT,RAINBOW,254,11.26,7/3/2023,2023
TEAPOT L A-60,SUMMIT,RAINBOW,250,11.16,7/10/2023,2023
TEAPOT L A-60,SUMMIT,RAINBOW,250,11.26,7/17/2023,2023
TEAPOT L A-60,SUMMIT,BROOK TROUT,494,2.68,7/17/2023,2023
TEAPOT L A-60,SUMMIT,TIGER TROUT,400,9.21,7/18/2023,2023
TEAPOT L A-60,SUMMIT,RAINBOW,254,11.99,7/25/2023,2023
TEAPOT L A-60,SUMMIT,RAINBOW,502,9.52,8/1/2023,2023
TEAPOT L A-60,SUMMIT,RAINBOW,315,12.13,8/7/2023,2023
TEAPOT L A-60,SUMMIT,TIGER TROUT,501,9.41,8/14/2023,2023
TEAPOT L A-60,SUMMIT,RAINBOW,400,12.13,8/21/2023,2023
TEAPOT L A-60,SUMMIT,RAINBOW,400,12.13,8/28/2023,2023
TEDS L WR-44,UINTAH,BROOK TROUT,697,3,7/21/2023,2023
"TEEPEE L,LOWER GR-29",DAGGETT,CUTTHROAT,387,1.73,9/19/2023,2023
"TEEPEE L,UPPER GR-30",DAGGETT,TIGER TROUT,598,2.7,7/21/2023,2023
"TEEPEE L,UPPER GR-30",DAGGETT,TIGER TROUT,299,3.95,9/19/2023,2023
THISTLE CR,UTAH,BROWN TROUT,2200,4.93,6/29/2023,2023
THREE CREEKS RES,BEAVER,RAINBOW,1004,10.19,6/8/2023,2023
THREE CREEKS RES,BEAVER,TIGER TROUT,516,10.2,7/21/2023,2023
TIBBLE FK RES,UTAH,RAINBOW,1008,11.94,5/22/2023,2023
TIBBLE FK RES,UTAH,RAINBOW,2790,10.08,5/22/2023,2023
TIBBLE FK RES,UTAH,RAINBOW,1490,11.48,6/22/2023,2023
TIBBLE FK RES,UTAH,RAINBOW,3208,10.67,6/27/2023,2023
TIBBLE FK RES,UTAH,RAINBOW,2602,10.02,7/19/2023,2023
TIBBLE FK RES,UTAH,RAINBOW,1300,9.63,7/26/2023,2023
TIBBLE FK RES,UTAH,RAINBOW,1324,9.96,8/10/2023,2023
TIBBLE FK RES,UTAH,RAINBOW,1298,10.02,8/16/2023,2023
TIBBLE FK RES,UTAH,RAINBOW,492,9.58,8/28/2023,2023
TIBBLE FK RES,UTAH,RAINBOW,982,12.16,8/28/2023,2023
TIDWELL RES,SEVIER,RAINBOW,309,4.93,6/6/2023,2023
TIDWELL RES,SEVIER,BROOK TROUT,103,2.9,7/25/2023,2023
TIE FK CR,UTAH,CUTTHROAT,1248,3.18,11/2/2023,2023
TONY GROVE L,CACHE,RAINBOW,1699,10.02,7/5/2023,2023
TONY GROVE L,CACHE,RAINBOW,2003,10.02,7/26/2023,2023
TONY GROVE L,CACHE,RAINBOW,1802,10.28,8/8/2023,2023
TONY GROVE L,CACHE,RAINBOW,1000,10.02,8/14/2023,2023
TONY GROVE L,CACHE,RAINBOW,301,11.71,10/17/2023,2023
"TOWA P, UPPER",WASHINGTON,RAINBOW,364,16.47,1/18/2023,2023
"TOWA P, UPPER",WASHINGTON,RAINBOW,818,7.26,1/24/2023,2023
"TOWA P, UPPER",WASHINGTON,RAINBOW,753,7.93,2/10/2023,2023
"TOWA P, UPPER",WASHINGTON,RAINBOW,714,8.73,2/21/2023,2023
"TOWA P, UPPER",WASHINGTON,RAINBOW,500,17.58,3/30/2023,2023
"TOWA P, UPPER",WASHINGTON,RAINBOW,670,9.52,11/7/2023,2023
"TOWA P, UPPER",WASHINGTON,RAINBOW,657,9.97,11/21/2023,2023
"TOWA P, UPPER",WASHINGTON,RAINBOW,632,9.71,12/5/2023,2023
"TOWA P, UPPER",WASHINGTON,RAINBOW,623,10.14,12/20/2023,2023
TOWA P. LOWER,WASHINGTON,RAINBOW,162,16.47,1/18/2023,2023
TOWA P. LOWER,WASHINGTON,RAINBOW,491,7.26,1/24/2023,2023
TOWA P. LOWER,WASHINGTON,RAINBOW,502,7.93,2/10/2023,2023
TOWA P. LOWER,WASHINGTON,RAINBOW,376,8.73,2/21/2023,2023
TOWA P. LOWER,WASHINGTON,RAINBOW,335,9.52,11/7/2023,2023
TOWA P. LOWER,WASHINGTON,RAINBOW,365,9.97,11/21/2023,2023
TOWA P. LOWER,WASHINGTON,RAINBOW,395,9.71,12/5/2023,2023
TOWA P. LOWER,WASHINGTON,RAINBOW,416,10.14,12/20/2023,2023
TOWNE RES,SANPETE,RAINBOW,1000,10.77,6/12/2023,2023
TOWNE RES,SANPETE,RAINBOW,1000,10.77,6/12/2023,2023
TRIAL L A-61,SUMMIT,RAINBOW,1504,11.6,6/29/2023,2023
TRIAL L A-61,SUMMIT,TIGER TROUT,1002,9.41,6/29/2023,2023
TRIAL L A-61,SUMMIT,RAINBOW,1400,11.26,7/3/2023,2023
TRIAL L A-61,SUMMIT,TIGER TROUT,1008,9.21,7/5/2023,2023
TRIAL L A-61,SUMMIT,RAINBOW,1204,11.16,7/10/2023,2023
TRIAL L A-61,SUMMIT,BROOK TROUT,2002,2.68,7/17/2023,2023
TRIAL L A-61,SUMMIT,RAINBOW,1001,11.26,7/17/2023,2023
TRIAL L A-61,SUMMIT,TIGER TROUT,992,9.21,7/18/2023,2023
TRIAL L A-61,SUMMIT,RAINBOW,502,9.52,8/1/2023,2023
TRIAL L A-61,SUMMIT,RAINBOW,1071,12.13,8/2/2023,2023
TRIAL L A-61,SUMMIT,RAINBOW,1000,11.65,8/8/2023,2023
TRIAL L A-61,SUMMIT,TIGER TROUT,600,9.41,8/14/2023,2023
TRIAL L A-61,SUMMIT,RAINBOW,778,12.13,8/21/2023,2023
TRIAL L A-61,SUMMIT,TIGER TROUT,1200,9.41,8/22/2023,2023
TRIAL L A-61,SUMMIT,RAINBOW,518,12.13,8/28/2023,2023
TRIAL L A-61,SUMMIT,TIGER TROUT,770,10.44,9/13/2023,2023
TRIDENT L A-41,SUMMIT,BROOK TROUT,104,2.68,7/13/2023,2023
TROPIC RES,GARFIELD,RAINBOW,3508,10.04,5/11/2023,2023
TROPIC RES,GARFIELD,TIGER TROUT,1250,11.26,8/10/2023,2023
TROPIC RES,GARFIELD,TIGER TROUT,1250,11.26,8/10/2023,2023
TROPIC RES,GARFIELD,TIGER TROUT,1000,11.26,8/21/2023,2023
TULE L,GARFIELD,BROOK TROUT,148,2.57,7/10/2023,2023
TUNGSTEN L X-107,DUCHESNE,CUTTHROAT,1029,1.45,9/19/2023,2023
TWELVE MILE CR,SANPETE,CUTTHROAT,8100,2.12,9/20/2023,2023
TWIN L,SANPETE,TIGER TROUT,613,4.89,7/27/2023,2023
TWO MILE CYN,EMERY,CUTTHROAT,983,3.11,9/19/2023,2023
U M CR,SEVIER,TIGER TROUT,103,3.31,8/8/2023,2023
U- 37,DUCHESNE,BROOK TROUT,649,3,7/21/2023,2023
U- 38,DUCHESNE,CUTTHROAT,842,1.45,9/19/2023,2023
U- 42,DUCHESNE,CUTTHROAT,748,1.45,9/19/2023,2023
U- 45,DUCHESNE,CUTTHROAT,468,1.45,9/19/2023,2023
U- 93,DUCHESNE,CUTTHROAT,561,1.45,9/19/2023,2023
UINTA POND,DUCHESNE,BROOK TROUT,101,4.8,9/8/2023,2023
UINTA R,DUCHESNE,RAINBOW,560,8.75,5/6/2023,2023
UINTA R,DUCHESNE,RAINBOW,800,11.58,6/9/2023,2023
UINTA R,DUCHESNE,RAINBOW,1001,10.3,6/27/2023,2023
UPPER BELLS RES,SALT LAKE,CUTTHROAT,4001,2.28,9/19/2023,2023
UPPER STILLWATER RES,DUCHESNE,BROOK TROUT,3004,3.09,7/19/2023,2023
UPPER WPA,SANPETE,BROOK TROUT,100,2.62,7/6/2023,2023
UTAH L,UTAH,SUCKER,12,9.81,3/2/2023,2023
UTAH L,UTAH,SUCKER,2175,9.95,5/17/2023,2023
UTAH L,UTAH,SUCKER,24079,6.97,7/10/2023,2023
UTAH L,UTAH,SUCKER,27956,6.6,7/11/2023,2023
UTAH L,UTAH,SUCKER,5032,7.07,10/10/2023,2023
UTAH L,UTAH,SUCKER,4781,7.07,10/11/2023,2023
VERNON CR RES,TOOELE,RAINBOW,2106,9.75,4/24/2023,2023
VERNON CR RES,TOOELE,RAINBOW,2106,9.75,4/24/2023,2023
VERNON CR RES,TOOELE,RAINBOW,800,10.77,6/14/2023,2023
VERNON CR RES,TOOELE,RAINBOW,1275,11.86,10/16/2023,2023
VERNON CR RES,TOOELE,TIGER TROUT,2995,5.92,10/16/2023,2023
VIC'S POND,SANPETE,BROOK TROUT,100,2.62,7/6/2023,2023
"VIRGIN R, E FK",KANE,BROWN TROUT,5150,2.95,5/1/2023,2023
VIRGINR RIVER PARK POND,WASHINGTON,RAINBOW,162,16.47,1/18/2023,2023
VIRGINR RIVER PARK POND,WASHINGTON,RAINBOW,491,7.26,1/25/2023,2023
VIRGINR RIVER PARK POND,WASHINGTON,RAINBOW,371,7.96,2/9/2023,2023
VIRGINR RIVER PARK POND,WASHINGTON,RAINBOW,902,8.73,2/21/2023,2023
VIRGINR RIVER PARK POND,WASHINGTON,RAINBOW,500,17.58,3/30/2023,2023
VIRGINR RIVER PARK POND,WASHINGTON,RAINBOW,335,9.52,11/8/2023,2023
VIRGINR RIVER PARK POND,WASHINGTON,RAINBOW,292,9.97,11/21/2023,2023
VIRGINR RIVER PARK POND,WASHINGTON,RAINBOW,316,9.71,12/5/2023,2023
VIRGINR RIVER PARK POND,WASHINGTON,RAINBOW,346,10.14,12/19/2023,2023
VIVIAN PARK P,UTAH,RAINBOW,720,10.1,5/1/2023,2023
VIVIAN PARK P,UTAH,RAINBOW,1001,9.9,5/8/2023,2023
VIVIAN PARK P,UTAH,RAINBOW,400,10.19,6/28/2023,2023
VIVIAN PARK P,UTAH,RAINBOW,402,10.39,7/20/2023,2023
VIVIAN PARK P,UTAH,RAINBOW,432,10.34,7/31/2023,2023
VIVIAN PARK P,UTAH,RAINBOW,801,10.14,8/8/2023,2023
WALL L A-29,SUMMIT,TIGER TROUT,1848,2.83,7/14/2023,2023
WARNER L,GRAND,RAINBOW,1612,9.64,7/3/2023,2023
WASATCH MTN STATE PARK P,WASATCH,RAINBOW,1001,9.4,4/13/2023,2023
WASATCH MTN STATE PARK P,WASATCH,RAINBOW,1200,9.91,5/19/2023,2023
WASATCH MTN STATE PARK P,WASATCH,RAINBOW,368,11.6,6/1/2023,2023
WASATCH MTN STATE PARK P,WASATCH,RAINBOW,1701,10.19,6/27/2023,2023
WASATCH MTN STATE PARK P,WASATCH,RAINBOW,502,10.22,7/5/2023,2023
WASATCH MTN STATE PARK P,WASATCH,RAINBOW,1000,10.39,7/20/2023,2023
WASATCH MTN STATE PARK P,WASATCH,RAINBOW,540,10.34,7/31/2023,2023
WASATCH MTN STATE PARK P,WASATCH,RAINBOW,501,10.14,8/8/2023,2023
WASHINGTON L A-23,SUMMIT,TIGER TROUT,501,9.41,6/29/2023,2023
WASHINGTON L A-23,SUMMIT,RAINBOW,1504,11.6,6/29/2023,2023
WASHINGTON L A-23,SUMMIT,RAINBOW,1505,11.26,7/3/2023,2023
WASHINGTON L A-23,SUMMIT,TIGER TROUT,608,9.21,7/5/2023,2023
WASHINGTON L A-23,SUMMIT,RAINBOW,1102,11.16,7/10/2023,2023
WASHINGTON L A-23,SUMMIT,BROOK TROUT,2002,2.68,7/17/2023,2023
WASHINGTON L A-23,SUMMIT,TIGER TROUT,400,9.21,7/18/2023,2023
WASHINGTON L A-23,SUMMIT,RAINBOW,502,9.52,8/1/2023,2023
WASHINGTON L A-23,SUMMIT,TIGER TROUT,504,9.41,8/14/2023,2023
WATSON L A-27,SUMMIT,BROOK TROUT,299,2.68,7/14/2023,2023
WEAVER RES,GRAND,CUTTHROAT,1821,6.83,7/26/2023,2023
WEBER R,WEBER,SUCKER GREEN,995,7.89,7/5/2023,2023
WEBER R,SUMMIT,RAINBOW,105,11.26,7/5/2023,2023
WEBER R,SUMMIT,RAINBOW,105,11.26,7/5/2023,2023
WEBER R,SUMMIT,RAINBOW,105,11.26,7/5/2023,2023
WEBER R,WEBER,RAINBOW,3002,10.02,7/12/2023,2023
WEBER R,SUMMIT,RAINBOW,151,11.26,7/17/2023,2023
WEBER R,SUMMIT,RAINBOW,75,11.26,7/17/2023,2023
WEBER R,SUMMIT,RAINBOW,80,11.99,7/25/2023,2023
WEBER R,SUMMIT,RAINBOW,76,12.13,8/7/2023,2023
WEBER R,SUMMIT,RAINBOW,76,12.13,8/7/2023,2023
WEBER R,SUMMIT,RAINBOW,76,12.13,8/7/2023,2023
WELLSVILLE RES,CACHE,RAINBOW,2001,10.96,4/17/2023,2023
WELLSVILLE RES,CACHE,RAINBOW,701,10.96,4/26/2023,2023
WELLSVILLE RES,CACHE,RAINBOW,801,11.37,5/10/2023,2023
WELLSVILLE RES,CACHE,RAINBOW,800,11.04,5/22/2023,2023
WELLSVILLE RES,CACHE,RAINBOW,801,10.29,6/13/2023,2023
WELLSVILLE RES,CACHE,WIPER,500,8.02,7/3/2023,2023
WELLSVILLE RES,CACHE,RAINBOW,900,10.86,7/5/2023,2023
WELLSVILLE RES,CACHE,RAINBOW,900,10.86,7/17/2023,2023
WELLSVILLE RES,CACHE,TIGER TROUT,500,11.51,10/11/2023,2023
WELLSVILLE RES,CACHE,RAINBOW,1100,10.17,10/14/2023,2023
WHITE PINE L,SALT LAKE,CUTTHROAT,4001,2.28,9/19/2023,2023
WHITNEY RES,SUMMIT,RAINBOW,560,11.6,6/20/2023,2023
WHITNEY RES,SUMMIT,RAINBOW,3135,10.96,6/20/2023,2023
WHITNEY RES,SUMMIT,RAINBOW,2503,11.26,7/12/2023,2023
WHITNEY RES,SUMMIT,TIGER TROUT,10140,4.18,7/18/2023,2023
WHITNEY RES,SUMMIT,TIGER TROUT,10140,4.18,7/18/2023,2023
WIDE HOLLOW RES,GARFIELD,CRAPPIE BLACK,10000,3.12,5/4/2023,2023
WIDE HOLLOW RES,GARFIELD,TIGER TROUT,519,8.7,5/23/2023,2023
WIDE HOLLOW RES,GARFIELD,CRAPPIE BLACK,561,8.01,6/8/2023,2023
WIDE HOLLOW RES,GARFIELD,RAINBOW,2783,10.24,10/5/2023,2023
WIDE HOLLOW RES,GARFIELD,RAINBOW,1219,10.24,10/9/2023,2023
WILLARD BAY RES,BOX ELDER,WALLEYE,203100,0.41,4/20/2023,2023
WILLARD BAY RES,BOX ELDER,WALLEYE,58000,0.41,4/21/2023,2023
WILLARD BAY RES,BOX ELDER,WALLEYE,51000,0.41,4/21/2023,2023
WILLARD BAY RES,BOX ELDER,WALLEYE,119000,0.41,4/21/2023,2023
WILLARD BAY RES,BOX ELDER,WALLEYE,51000,0.41,4/21/2023,2023
WILLARD BAY RES,BOX ELDER,WALLEYE,58000,0.41,4/21/2023,2023
WILLARD BAY RES,BOX ELDER,WALLEYE,710585,0.41,4/24/2023,2023
WILLARD BAY RES,BOX ELDER,WALLEYE,792500,0.41,4/25/2023,2023
WILLARD BAY RES,BOX ELDER,WIPER,1000002,0.24,6/6/2023,2023
WILLARD BAY RES,BOX ELDER,WIPER,30000,0.36,6/6/2023,2023
WILLARD BAY RES,BOX ELDER,WIPER,4498,7.83,6/8/2023,2023
WILLARD BAY RES,BOX ELDER,WIPER,4498,7.83,6/8/2023,2023
WILLARD BAY RES,BOX ELDER,WIPER,4498,7.83,6/8/2023,2023
WILLARD BAY RES,BOX ELDER,WIPER,6775,4.41,11/16/2023,2023
WILLARD BAY RES,BOX ELDER,WIPER,12700,4.51,11/20/2023,2023
WILLARD CR,BOX ELDER,RAINBOW,198,8.91,3/29/2023,2023
WILLARD CR,BOX ELDER,RAINBOW,200,10.77,5/10/2023,2023
WILLARD CR,BOX ELDER,RAINBOW,101,10.11,5/18/2023,2023
WILLARD CR,BOX ELDER,CHANNEL CATFISH,150,13.57,6/1/2023,2023
WILLARD CR,BOX ELDER,RAINBOW,502,10.3,10/17/2023,2023
WILLOW CREEK POND,UTAH,RAINBOW,500,10.77,3/13/2023,2023
WILLOW CREEK POND,UTAH,RAINBOW,500,10.77,3/21/2023,2023
WILLOW CREEK POND,UTAH,RAINBOW,499,10.44,3/29/2023,2023
WILLOW CREEK POND,UTAH,RAINBOW,501,10.27,4/10/2023,2023
WILLOW CREEK POND,UTAH,RAINBOW,501,9.43,4/17/2023,2023
WILLOW CREEK POND,UTAH,RAINBOW,205,19.08,4/19/2023,2023
WILLOW CREEK POND,UTAH,RAINBOW,499,9.44,4/24/2023,2023
WILLOW CREEK POND,UTAH,RAINBOW,500,9.53,5/8/2023,2023
WILLOW CREEK POND,UTAH,RAINBOW,500,9.45,5/22/2023,2023
WILLOW CREEK POND,UTAH,CHANNEL CATFISH,300,10.77,6/15/2023,2023
WILLOW CREEK POND,UTAH,CHANNEL CATFISH,100,13.57,8/24/2023,2023
WILLOW CREEK POND,UTAH,CHANNEL CATFISH,100,13.57,9/7/2023,2023
WILLOW L,SANPETE,RAINBOW,1001,9.52,6/28/2023,2023
WILLOW L,SANPETE,TIGER TROUT,2205,4.89,7/27/2023,2023
WILLOW L,SANPETE,RAINBOW,1000,10,7/27/2023,2023
WILLOW L,SANPETE,RAINBOW,1001,10.35,10/26/2023,2023
WILLOW PARK PND,SALT LAKE,RAINBOW,339,12.77,3/8/2023,2023
WILLOW PARK PND,SALT LAKE,RAINBOW,410,15.83,3/15/2023,2023
WILLOW PARK PND,SALT LAKE,RAINBOW,338,11.16,3/21/2023,2023
WILLOW PARK PND,SALT LAKE,RAINBOW,339,10.44,3/29/2023,2023
WILLOW PARK PND,SALT LAKE,TIGER TROUT,1232,9.63,4/6/2023,2023
WILLOW PARK PND,SALT LAKE,TIGER TROUT,32,9.63,4/6/2023,2023
WILLOW PARK PND,SALT LAKE,RAINBOW,500,10.44,4/10/2023,2023
WILLOW PARK PND,SALT LAKE,WIPER,602,7.43,4/17/2023,2023
WILLOW PARK PND,SALT LAKE,RAINBOW,338,10.77,4/17/2023,2023
WILLOW PARK PND,SALT LAKE,RAINBOW,337,10.86,4/25/2023,2023
WILLOW PARK PND,SALT LAKE,TIGER TROUT,2136,9.73,4/26/2023,2023
WILLOW PARK PND,SALT LAKE,RAINBOW,338,11.39,5/9/2023,2023
WILLOW PARK PND,SALT LAKE,RAINBOW,338,11.16,5/15/2023,2023
WILLOW PARK PND,SALT LAKE,TIGER TROUT,999,10.19,5/16/2023,2023
WILLOW PARK PND,SALT LAKE,RAINBOW,338,11.16,5/23/2023,2023
WILLOW PARK PND,SALT LAKE,RAINBOW,339,11.37,5/31/2023,2023
WILLOW PARK PND,SALT LAKE,CHANNEL CATFISH,350,13.57,6/1/2023,2023
WILLOW PARK PND,SALT LAKE,TIGER TROUT,502,10.91,6/13/2023,2023
WILLOW PARK PND,SALT LAKE,TIGER TROUT,499,10.91,6/13/2023,2023
WILLOW PARK PND,SALT LAKE,CHANNEL CATFISH,700,10.77,6/15/2023,2023
WILLOW PARK PND,SALT LAKE,CHANNEL CATFISH,500,13.57,8/24/2023,2023
WILLOW PARK PND,SALT LAKE,TIGER TROUT,1043,10.99,9/11/2023,2023
WILLOW PARK PND,SALT LAKE,TIGER TROUT,1004,10.99,9/11/2023,2023
WILLOW PARK PND,SALT LAKE,SUNFISH BLUEGILL,1607,2.55,9/22/2023,2023
WILLOW PARK PND,SALT LAKE,BASS LARGEMOUTH,571,2.75,9/22/2023,2023
WILLOW PARK PND,SALT LAKE,RAINBOW,4590,5.28,11/15/2023,2023
WILLOW PARK PND,SALT LAKE,RAINBOW,325,16.56,11/21/2023,2023
WILLOW POND,BOX ELDER,SUNFISH BLUEGILL,1607,2.55,9/22/2023,2023
WILLOW POND,BOX ELDER,BASS LARGEMOUTH,424,2.75,9/22/2023,2023
WILLOW SPRING POND,WASHINGTON,RAINBOW,478,10.66,6/28/2023,2023
WILLOW SPRING POND,WASHINGTON,CRAPPIE BLACK,380,8.01,7/10/2023,2023
WILLOW SPRING POND,WASHINGTON,RAINBOW,500,10.93,7/14/2023,2023
WILLOW SPRING POND,WASHINGTON,RAINBOW,844,8.51,10/5/2023,2023
WOLF CR,DUCHESNE,BROOK TROUT,2358,3.59,8/1/2023,2023
WOODS POND,IRON,RAINBOW,277,10.15,5/18/2023,2023
WOODS POND,IRON,RAINBOW,292,10.3,5/31/2023,2023
WOODS POND,IRON,RAINBOW,248,10.53,6/13/2023,2023
WOODS POND,IRON,RAINBOW,359,10.66,6/28/2023,2023
WOODS POND,IRON,RAINBOW,278,10.93,7/14/2023,2023
WOODS POND,IRON,RAINBOW,245,11.83,7/25/2023,2023
"WPA POND, UPPER",SANPETE,RAINBOW,1809,9.75,7/17/2023,2023
WRIGLEY SPRING RES,EMERY,RAINBOW,1001,9.52,6/28/2023,2023
WRIGLEY SPRING RES,EMERY,TIGER TROUT,1593,4.89,7/27/2023,2023
WRIGLEY SPRING RES,EMERY,RAINBOW,750,10,7/27/2023,2023
WRIGLEY SPRING RES,EMERY,RAINBOW,753,10.35,10/26/2023,2023
WYMAN L Z-14,DUCHESNE,BROOK TROUT,546,2.68,7/13/2023,2023
X- 86,DUCHESNE,BROOK TROUT,697,3,7/21/2023,2023
X- 89,DUCHESNE,CUTTHROAT,374,1.45,9/19/2023,2023
YANKEE MEADOW RES,IRON,RAINBOW,1013,12.24,6/1/2023,2023
YANKEE MEADOW RES,IRON,RAINBOW,5026,4.5,6/14/2023,2023
YANKEE MEADOW RES,IRON,BROOK TROUT,2005,2.5,6/14/2023,2023
YANKEE MEADOW RES,IRON,CUTTHROAT,4190,1.9,9/12/2023,2023
YEARNS RES,SANPETE,RAINBOW,1000,10.77,5/18/2023,2023
YEARNS RES,SANPETE,TIGER TROUT,500,10.19,5/18/2023,2023
YEARNS RES,SANPETE,RAINBOW,1000,10.77,5/18/2023,2023
YEARNS RES,SANPETE,TIGER TROUT,500,10.32,5/30/2023,2023
YEARNS RES,SANPETE,RAINBOW,1500,10.77,5/30/2023,2023
YEARNS RES,SANPETE,RAINBOW,999,9.21,6/22/2023,2023
YEARNS RES,SANPETE,RAINBOW,1005,9.41,7/10/2023,2023
YEARNS RES,SANPETE,TIGER TROUT,998,11.08,7/13/2023,2023
YELLOW LAKE NCL,GARFIELD,BROOK TROUT,74,2.57,7/11/2023,2023
"YELLOWPINE,LOWER W66",SUMMIT,BROOK TROUT,195,2.68,7/13/2023,2023
YELLOWSTONE R,DUCHESNE,RAINBOW,1001,9.43,6/29/2023,2023
YELLOWSTONE R,DUCHESNE,RAINBOW,999,10.2,7/19/2023,2023
YUBA RES (SEVIER BRG,JUAB,WALLEYE,71810,0.41,4/26/2023,2023
YUBA RES (SEVIER BRG,JUAB,MUSKIE TIGER,4080,2.09,5/8/2023,2023
YUBA RES (SEVIER BRG,JUAB,WIPER,2204,8.42,7/17/2023,2023
YUBA RES (SEVIER BRG,JUAB,WIPER,1950,8.42,7/19/2023,2023
YUBA RES (SEVIER BRG,JUAB,WIPER,1950,8.42,7/19/2023,2023
YUBA RES (SEVIER BRG,JUAB,WIPER,53676,1.43,8/17/2023,2023
YUBA RES (SEVIER BRG,JUAB,WIPER,750,8.92,9/11/2023,2023
YUBA RES (SEVIER BRG,JUAB,CHANNEL CATFISH,22750,2.89,9/27/2023,2023
YUBA RES (SEVIER BRG,JUAB,CHANNEL CATFISH,22750,2.89,9/28/2023,2023
YUBA RES (SEVIER BRG,JUAB,WIPER,5014,4.41,11/16/2023,2023
ABERDUNK L FL,SEVIER,TIGER TROUT,103,2.68,6/24/2024,2024
ABES RES,SEVIER,CUTTHROAT,100,1.93,9/12/2024,2024
ACADEMY MILL RES,SANPETE,TIGER TROUT,3006,2.68,6/25/2024,2024
ADAMS RESERVOIR,DAVIS,RAINBOW,1102,9.68,3/5/2024,2024
ADAMS RESERVOIR,DAVIS,RAINBOW,1395,9.52,3/12/2024,2024
ADAMS RESERVOIR,DAVIS,RAINBOW,1201,9.52,4/3/2024,2024
ADAMS RESERVOIR,DAVIS,RAINBOW,1201,9.52,4/16/2024,2024
ADAMS RESERVOIR,DAVIS,RAINBOW,1699,9.57,5/1/2024,2024
ADAMS RESERVOIR,DAVIS,RAINBOW,1755,9.75,5/17/2024,2024
ADAMS RESERVOIR,DAVIS,WIPER,500,8.22,5/23/2024,2024
ADAMS RESERVOIR,DAVIS,RAINBOW,2001,9.75,9/25/2024,2024
ADAMS RESERVOIR,DAVIS,RAINBOW,2001,9.75,10/16/2024,2024
AMERICAN FK CR,UTAH,RAINBOW,1000,10.15,6/19/2024,2024
AMERICAN FK CR,UTAH,RAINBOW,502,10.15,6/26/2024,2024
AMERICAN FK CR,UTAH,RAINBOW,501,10.21,7/8/2024,2024
AMERICAN FK CR,UTAH,RAINBOW,499,10.22,7/23/2024,2024
AMERICAN FK CR,UTAH,RAINBOW,500,10.33,8/12/2024,2024
AMERICAN FK CR,UTAH,CUTTHROAT,4027,2.46,9/9/2024,2024
"AMERICAN FK CR, N FK",UTAH,RAINBOW,675,10.15,6/19/2024,2024
"AMERICAN FK CR, N FK",UTAH,RAINBOW,325,10.15,6/26/2024,2024
"AMERICAN FK CR, N FK",UTAH,RAINBOW,325,10.21,7/8/2024,2024
"AMERICAN FK CR, N FK",UTAH,RAINBOW,326,10.22,7/23/2024,2024
"AMERICAN FK CR, N FK",UTAH,RAINBOW,351,10.33,8/12/2024,2024
"AMERICAN FK CR, N FK",UTAH,CUTTHROAT,4027,2.46,9/9/2024,2024
"AMERICAN FK CR, N FK",UTAH,CUTTHROAT,3005,2.98,9/9/2024,2024
"AMERICAN FK CR, N FK",UTAH,CUTTHROAT,12027,2.78,10/7/2024,2024
ANDERSON MEADOW,BEAVER,TIGER TROUT,1499,10.19,6/11/2024,2024
ANDERSON MEADOW,BEAVER,RAINBOW,2000,9.95,6/12/2024,2024
ANDREWS #1,SANPETE,BROOK TROUT,175,2.71,7/1/2024,2024
ANDREWS #2,SANPETE,BROOK TROUT,50,2.71,7/1/2024,2024
ANGEL L WR-19,DUCHESNE,MUSKIE TIGER,150,5.93,6/26/2024,2024
ANNABELLA RES,SEVIER,RAINBOW,402,10.24,6/4/2024,2024
ANTIMONY L EMW,GARFIELD,RAINBOW,100,3.56,7/23/2024,2024
ANTIMONY L EMW,GARFIELD,BROOK TROUT,51,3.09,7/23/2024,2024
ASAY CR,GARFIELD,BROWN TROUT,6370,3.46,5/14/2024,2024
ASAY CR,GARFIELD,RAINBOW,802,10.65,6/5/2024,2024
ASAY CR,GARFIELD,RAINBOW,4044,3.18,7/22/2024,2024
"ASHLEY CR, S FK",UINTAH,RAINBOW,603,11.16,7/2/2024,2024
ASHLEY TWIN L GR-35,UINTAH,BROOK TROUT,2097,2.93,6/26/2024,2024
ASPEN MIRROR L,KANE,RAINBOW,522,10.19,5/13/2024,2024
ASPEN MIRROR L,KANE,RAINBOW,490,10.41,5/24/2024,2024
ASPEN MIRROR L,KANE,RAINBOW,484,10.45,6/11/2024,2024
ASPEN MIRROR L,KANE,TIGER TROUT,501,8.99,6/11/2024,2024
ASPEN MIRROR L,KANE,RAINBOW,513,10.59,6/25/2024,2024
ASPEN MIRROR L,KANE,RAINBOW,991,10.09,7/17/2024,2024
ATWINE L X-64,DUCHESNE,BROOK TROUT,1350,2.93,6/26/2024,2024
AVERETT CYN P,WASATCH,CUTTHROAT,101,7.99,8/12/2024,2024
AVINTAQUIN CR,DUCHESNE,CUTTHROAT,3500,2.04,10/23/2024,2024
BAKER L BR-45,SUMMIT,TIGER TROUT,360,2.78,7/8/2024,2024
BAKER RES,WASHINGTON,CRAPPIE BLACK,36921,1.85,5/14/2024,2024
BAKER RES,WASHINGTON,RAINBOW,3450,10.08,9/23/2024,2024
BAKER RES,WASHINGTON,RAINBOW,1438,14.06,9/24/2024,2024
BAKER RES,WASHINGTON,RAINBOW,1622,10.08,9/24/2024,2024
BAKER SP,BOX ELDER,RAINBOW,500,11.63,4/11/2024,2024
BAR M SP,BOX ELDER,RAINBOW,500,11.63,4/11/2024,2024
BARKER RES NCL,GARFIELD,BROOK TROUT,499,2.62,6/25/2024,2024
BARKER RES NCL,GARFIELD,RAINBOW,1002,9.7,7/8/2024,2024
"BARKER RES,LOWER NCL",GARFIELD,SPLAKE,95,2.65,6/25/2024,2024
"BARKER RES,LOWER NCL",GARFIELD,TIGER TROUT,105,2.68,6/25/2024,2024
"BARKER RES,LOWER NCL",GARFIELD,CUTTHROAT,706,1.69,9/26/2024,2024
BARNEY L,SEVIER,TIGER TROUT,1001,3.2,7/30/2024,2024
BARNEY L,SEVIER,CUTTHROAT,4498,1.93,9/16/2024,2024
BARTHOLOMEW PARK POND,UTAH,RAINBOW,1500,10,3/19/2024,2024
BARTHOLOMEW PARK POND,UTAH,RAINBOW,1401,9.31,4/15/2024,2024
BARTHOLOMEW PARK POND,UTAH,RAINBOW,601,9.28,4/24/2024,2024
BARTHOLOMEW PARK POND,UTAH,RAINBOW,800,9.76,5/13/2024,2024
BARTHOLOMEW PARK POND,UTAH,RAINBOW,694,9.76,5/30/2024,2024
BARTHOLOMEW PARK POND,UTAH,CUTTHROAT,501,14.38,7/23/2024,2024
BARTHOLOMEW PARK POND,UTAH,RAINBOW,900,10.6,9/4/2024,2024
BARTHOLOMEW PARK POND,UTAH,RAINBOW,1100,10.74,9/17/2024,2024
BARTHOLOMEW PARK POND,UTAH,RAINBOW,1102,12.4,9/23/2024,2024
BARTHOLOMEW PARK POND,UTAH,TIGER TROUT,1120,12.13,10/21/2024,2024
BARTHOLOMEW PARK POND,UTAH,RAINBOW,502,11.35,10/23/2024,2024
BASTIAN RES,GARFIELD,TIGER TROUT,1509,2.68,6/25/2024,2024
BATTLE CR,UTAH,CUTTHROAT,800,2.98,9/9/2024,2024
BEAR L,RICH,CUTTHROAT,101384,7.12,4/30/2024,2024
BEAR L,RICH,CUTTHROAT,5716,7.12,5/1/2024,2024
BEAR L,RICH,LAKE TROUT,15187,5.49,11/13/2024,2024
BEAR L G-7,SUMMIT,BROOK TROUT,2003,2.91,6/28/2024,2024
BEAR R,SUMMIT,RAINBOW,120,10.14,7/2/2024,2024
BEAR R,SUMMIT,RAINBOW,100,10,7/15/2024,2024
BEAVER CR,SUMMIT,RAINBOW,202,11.16,6/20/2024,2024
BEAVER CR,SUMMIT,RAINBOW,101,11.16,7/1/2024,2024
BEAVER CR,SUMMIT,RAINBOW,115,10.28,7/15/2024,2024
BEAVER CR,SUMMIT,RAINBOW,230,10.28,7/22/2024,2024
BEAVER CR,SUMMIT,RAINBOW,115,10.28,8/5/2024,2024
BEAVER CR,SUMMIT,CUTTHROAT,571,10.27,12/13/2024,2024
BEAVER DAMS NBS,WAYNE,BROOK TROUT,195,2.62,6/24/2024,2024
BEAVER L A-17,SUMMIT,BROOK TROUT,265,2.9,7/3/2024,2024
BEAVER L BR-10,SUMMIT,RAINBOW,1029,12.74,6/30/2024,2024
BEAVER R,BEAVER,RAINBOW,3020,3.68,3/20/2024,2024
BEAVER R,BEAVER,RAINBOW,504,10.91,3/20/2024,2024
BEAVER R,BEAVER,RAINBOW,504,10.09,4/18/2024,2024
BEAVER R,BEAVER,BROWN TROUT,6060,2.59,4/18/2024,2024
BEAVER R,BEAVER,BROWN TROUT,2180,2.89,4/22/2024,2024
BEAVER R,BEAVER,RAINBOW,200,9.95,5/21/2024,2024
BEAVER R,BEAVER,RAINBOW,499,10.24,5/21/2024,2024
BEAVER R,BEAVER,RAINBOW,200,9.95,6/12/2024,2024
BEAVER R,BEAVER,RAINBOW,216,9.7,7/2/2024,2024
BEAVER R,BEAVER,RAINBOW,520,9.83,7/8/2024,2024
BEAVER R,BEAVER,RAINBOW,156,9.83,7/29/2024,2024
BECKY L WR-77,DUCHESNE,BROOK TROUT,166,2.93,6/26/2024,2024
BEDGROUND L Z-46,DUCHESNE,GRAYLING ARCTIC,299,2.47,9/23/2024,2024
BEE TREE,SANPETE,BROOK TROUT,200,2.71,7/1/2024,2024
BELL CR,SALT LAKE,CUTTHROAT,4040,2.31,9/24/2024,2024
BENCH CR,WASATCH,CUTTHROAT,759,2.8,9/24/2024,2024
BENCHS POND,SANPETE,RAINBOW,999,10.44,5/30/2024,2024
BENCHS POND,SANPETE,RAINBOW,998,10.6,6/19/2024,2024
BENCHS POND,SANPETE,RAINBOW,1000,10.77,7/1/2024,2024
BENCHS POND,SANPETE,RAINBOW,1001,9.52,7/23/2024,2024
BENNIE CR,UTAH,CUTTHROAT,1016,2.46,9/9/2024,2024
BENNION CR,UTAH,CUTTHROAT,518,2.46,9/9/2024,2024
BERT L GR-62,UINTAH,GRAYLING ARCTIC,276,2.47,9/23/2024,2024
BESS L BTN,GARFIELD,BROOK TROUT,246,2.63,6/24/2024,2024
BESS L BTN,GARFIELD,GRAYLING ARCTIC,199,2.47,9/25/2024,2024
BETH L A-6,SUMMIT,BROOK TROUT,296,2.9,7/3/2024,2024
BIG DOG L X-32,DUCHESNE,GRAYLING ARCTIC,299,2.47,9/23/2024,2024
BIG ELK RES A-18,SUMMIT,TIGER TROUT,650,2.78,7/8/2024,2024
"BIG HOLLOW, UPPER",GARFIELD,TIGER TROUT,515,8.88,5/23/2024,2024
"BIG HOLLOW, UPPER",GARFIELD,SUCKER,624,6.04,6/12/2024,2024
BIG L,SEVIER,RAINBOW,2730,11.5,5/29/2024,2024
BIG L BTS,GARFIELD,BROOK TROUT,205,2.63,6/24/2024,2024
BIG SANDWASH RES,DUCHESNE,RAINBOW,5136,9.4,5/10/2024,2024
BIG SANDWASH RES,DUCHESNE,RAINBOW,2226,9.4,5/10/2024,2024
BIG SANDWASH RES,DUCHESNE,RAINBOW,4960,9.41,5/18/2024,2024
BIG SANDWASH RES,DUCHESNE,RAINBOW,1681,9.41,5/18/2024,2024
BIG SANDWASH RES,DUCHESNE,RAINBOW,2000,9.79,11/14/2024,2024
BIG SANDWASH RES,DUCHESNE,RAINBOW,1562,4.82,11/18/2024,2024
BIG SANDWASH RES,DUCHESNE,RAINBOW,3977,4.56,11/18/2024,2024
BIG SANDWASH RES,DUCHESNE,RAINBOW,315,4.15,11/18/2024,2024
BIRCH CR RES,RICH,RAINBOW,20090,3.94,6/10/2024,2024
BIRCH CR RES,RICH,RAINBOW,538,10.52,6/10/2024,2024
BIRCH CR RES,RICH,TIGER TROUT,504,9.63,6/10/2024,2024
BITTER CR,UINTAH,CUTTHROAT,1952,2.54,11/20/2024,2024
BLACK DESERT POND,WASHINGTON,CHUB,412,4.02,3/21/2024,2024
BLACKSMITH FK,CACHE,RAINBOW,500,12,6/7/2024,2024
BLANCHE L,SALT LAKE,BROOK TROUT,912,2.92,7/1/2024,2024
BLANCHE L,SALT LAKE,CUTTHROAT,4040,2.31,9/24/2024,2024
BLANDING RES NO 3,SAN JUAN,RAINBOW,1534,9.83,3/18/2024,2024
BLANDING RES NO 3,SAN JUAN,RAINBOW,747,10.24,4/15/2024,2024
BLANDING RES NO 3,SAN JUAN,RAINBOW,731,10.47,5/13/2024,2024
BLANDING RES NO 3,SAN JUAN,RAINBOW,1610,10.24,9/4/2024,2024
BLANDING RES NO 4,SAN JUAN,RAINBOW,2015,9.83,3/18/2024,2024
BLANDING RES NO 4,SAN JUAN,RAINBOW,1483,10.24,4/15/2024,2024
BLANDING RES NO 4,SAN JUAN,TIGER TROUT,4505,2.76,7/3/2024,2024
BLANDING RES NO 4,SAN JUAN,RAINBOW,1610,10.24,9/4/2024,2024
BLANDING RES NO 4,SAN JUAN,RAINBOW,600,10.65,10/21/2024,2024
BLIND L NBS,WAYNE,KOKANEE,7925,3.2,6/5/2024,2024
BLIND L NBS,WAYNE,RAINBOW,2058,2.56,6/24/2024,2024
BLIND L NBS,WAYNE,SPLAKE,257,2.65,6/24/2024,2024
BLIND L NBS,WAYNE,GRAYLING ARCTIC,398,2.47,9/25/2024,2024
BLIND L NBS,WAYNE,CUTTHROAT,2008,1.68,9/26/2024,2024
BLUE L,SANPETE,TIGER TROUT,494,2.68,6/25/2024,2024
BLUE L,SAN JUAN,RAINBOW,810,9.7,7/9/2024,2024
BLUE L,SANPETE,GRAYLING ARCTIC,299,2.47,9/25/2024,2024
BLUE L A-5,SUMMIT,BROOK TROUT,398,2.9,7/3/2024,2024
BLUE L DF-1,UINTAH,BROOK TROUT,699,2.93,6/26/2024,2024
BLUE L NCL,GARFIELD,TIGER TROUT,59,3.38,8/7/2024,2024
BLUE RIBBON #1,SANPETE,BROOK TROUT,125,2.71,7/1/2024,2024
BLUE RIBBON #2,SANPETE,BROOK TROUT,100,2.71,7/1/2024,2024
BLYTHE L Z-20,DUCHESNE,BROOK TROUT,398,2.9,7/2/2024,2024
BOBS HOLE NBS,WAYNE,TIGER TROUT,53,2.68,6/24/2024,2024
BOBS HOLE NBS,WAYNE,BROOK TROUT,194,2.62,6/24/2024,2024
BONNIE L Z-6,DUCHESNE,BROOK TROUT,602,2.9,7/2/2024,2024
BOOKER L A-35,SUMMIT,BROOK TROUT,398,2.9,7/3/2024,2024
BOULGER POND,SANPETE,RAINBOW,999,10.44,5/30/2024,2024
BOULGER POND,SANPETE,RAINBOW,998,10.6,6/19/2024,2024
BOULGER POND,SANPETE,RAINBOW,1000,10.77,7/8/2024,2024
BOULGER POND,SANPETE,RAINBOW,1001,9.52,7/23/2024,2024
BOUNTIFUL POND,DAVIS,RAINBOW,400,20.05,1/23/2024,2024
BOUNTIFUL POND,DAVIS,RAINBOW,801,10.18,2/26/2024,2024
BOUNTIFUL POND,DAVIS,RAINBOW,353,14.33,2/27/2024,2024
BOUNTIFUL POND,DAVIS,RAINBOW,1300,9.68,3/4/2024,2024
BOUNTIFUL POND,DAVIS,RAINBOW,650,9.52,3/19/2024,2024
BOUNTIFUL POND,DAVIS,RAINBOW,350,9.55,3/25/2024,2024
BOUNTIFUL POND,DAVIS,RAINBOW,1001,9.52,4/3/2024,2024
BOUNTIFUL POND,DAVIS,RAINBOW,1001,9.52,4/16/2024,2024
BOUNTIFUL POND,DAVIS,RAINBOW,1699,9.57,5/1/2024,2024
BOUNTIFUL POND,DAVIS,RAINBOW,1502,9.55,5/15/2024,2024
BOUNTIFUL POND,DAVIS,WIPER,1000,8.22,5/23/2024,2024
BOUNTIFUL POND,DAVIS,CHANNEL CATFISH,750,13.57,6/6/2024,2024
BOUNTIFUL POND,DAVIS,CHANNEL CATFISH,750,13.57,9/5/2024,2024
BOUNTIFUL POND,DAVIS,CHANNEL CATFISH,1000,13.57,9/19/2024,2024
BOUNTIFUL POND,DAVIS,RAINBOW,2000,9.93,9/23/2024,2024
BOUNTIFUL POND,DAVIS,RAINBOW,2501,10.9,10/8/2024,2024
BOUNTIFUL POND,DAVIS,RAINBOW,1099,9.75,10/16/2024,2024
BOUNTIFUL POND,DAVIS,RAINBOW,2501,11.6,10/22/2024,2024
BOUNTIFUL POND,DAVIS,RAINBOW,1800,11.6,10/29/2024,2024
BOUNTIFUL POND,DAVIS,RAINBOW,2001,9.75,10/30/2024,2024
BOURBON L BR-1,SUMMIT,BROOK TROUT,500,2.9,7/2/2024,2024
"BOWNS RES, LOWER",GARFIELD,RAINBOW,8015,3.91,5/30/2024,2024
"BOWNS RES, LOWER",GARFIELD,TIGER TROUT,2056,8.36,6/19/2024,2024
"BOX CR RES, LOWER",PIUTE,RAINBOW,1066,11.46,5/7/2024,2024
"BOX CR RES, LOWER",PIUTE,TIGER TROUT,764,3.2,7/30/2024,2024
"BOX CR RES, UPPER",PIUTE,RAINBOW,2633,11.46,5/8/2024,2024
"BOX CR RES, UPPER",PIUTE,TIGER TROUT,559,8.13,7/11/2024,2024
"BOX CR RES, UPPER",PIUTE,TIGER TROUT,700,3.44,7/11/2024,2024
"BOX CR RES, UPPER",PIUTE,SPLAKE,512,2.72,7/30/2024,2024
BOX RES,UTAH,RAINBOW,305,10.6,6/3/2024,2024
BOX RES,UTAH,RAINBOW,504,10.6,6/3/2024,2024
BR-43,SUMMIT,TIGER TROUT,197,2.78,7/8/2024,2024
BR-44,SUMMIT,TIGER TROUT,348,2.78,7/8/2024,2024
BR-50,SUMMIT,BROOK TROUT,347,2.9,7/2/2024,2024
BRAD'S SECRET,SANPETE,BROOK TROUT,125,2.71,7/1/2024,2024
BRIAN HEAD POND,IRON,RAINBOW,1000,9.95,5/21/2024,2024
BRIAN HEAD POND,IRON,TIGER TROUT,373,8.99,6/12/2024,2024
BRIAN HEAD POND,IRON,TIGER TROUT,412,9,7/1/2024,2024
BRIAN HEAD POND,IRON,RAINBOW,527,9.7,7/2/2024,2024
BRIAN HEAD POND,IRON,RAINBOW,513,9.95,8/12/2024,2024
BRIDGER L G-20,SUMMIT,RAINBOW,1800,10.77,5/29/2024,2024
BRIDGER L G-20,SUMMIT,RAINBOW,1544,11.16,6/24/2024,2024
BRIDGER L G-20,SUMMIT,RAINBOW,2300,10,7/11/2024,2024
BRIDGER L G-20,SUMMIT,BROOK TROUT,2091,3.71,7/17/2024,2024
BROOK L A-20,SUMMIT,BROOK TROUT,71,2.9,7/3/2024,2024
BROOKSIDE POND,WEBER,SUNFISH BLUEGILL,504,3.38,10/3/2024,2024
BROUGH RES,UINTAH,WIPER,21000,0.32,6/12/2024,2024
BROUGH RES,UINTAH,BROWN TROUT,1502,2.57,6/15/2024,2024
BROUGH RES,UINTAH,CHANNEL CATFISH,650,13.57,9/19/2024,2024
BROUGH RES,UINTAH,BASS LARGEMOUTH,1302,3,10/3/2024,2024
BROUGH RES,UINTAH,RAINBOW,1008,11.23,10/29/2024,2024
BROWNE L,DAGGETT,RAINBOW,1301,9.73,6/11/2024,2024
BROWNE L,DAGGETT,TIGER TROUT,499,3.29,6/12/2024,2024
BROWNE L,DAGGETT,BROOK TROUT,1500,3.18,6/12/2024,2024
BROWNE L,DAGGETT,RAINBOW,2614,6.81,9/5/2024,2024
BROWNS DRAW RES,DUCHESNE,RAINBOW,14969,3.57,5/15/2024,2024
BROWNS DRAW RES,DUCHESNE,TIGER TROUT,1304,3.17,5/29/2024,2024
BROWNS DRAW RES,DUCHESNE,BROWN TROUT,2003,2.57,6/15/2024,2024
BRUSH CR,UINTAH,CUTTHROAT,2000,5.71,6/3/2024,2024
BUCKEYE L A-3,SUMMIT,BROOK TROUT,173,2.9,7/3/2024,2024
BUD L Z-2,DUCHESNE,BROOK TROUT,561,2.9,7/2/2024,2024
"BULBERRY L, SOUTH",WAYNE,TIGER TROUT,61,2.91,7/15/2024,2024
"BULBERRY L, SOUTH",WAYNE,BROOK TROUT,107,2.96,7/15/2024,2024
BULLBERRY L#4(NORTH),WAYNE,TIGER TROUT,61,2.91,7/15/2024,2024
BULLOCK RES,UINTAH,MUSKIE TIGER,467,2,4/16/2024,2024
BULLOCK RES,UINTAH,GRASS CARP STERILE,1100,10,5/16/2024,2024
BULLOCK RES,UINTAH,WIPER,20300,0.32,6/12/2024,2024
BULLOCK RES,UINTAH,WIPER,203,2.04,7/18/2024,2024
BULLOCK RES,UINTAH,BASS LARGEMOUTH,1051,3,10/3/2024,2024
BUNKER CR,IRON,CUTTHROAT,4500,1.85,9/23/2024,2024
BURRASTON PONDS,JUAB,RAINBOW,200,17.1,2/29/2024,2024
BURRASTON PONDS,JUAB,RAINBOW,1760,10.44,3/27/2024,2024
BURRASTON PONDS,JUAB,RAINBOW,253,10.44,3/27/2024,2024
BURRASTON PONDS,JUAB,RAINBOW,1000,10.52,4/15/2024,2024
BURRASTON PONDS,JUAB,TIGER TROUT,1205,9.53,4/23/2024,2024
BURRASTON PONDS,JUAB,RAINBOW,1001,10.28,4/30/2024,2024
BURRASTON PONDS,JUAB,RAINBOW,1000,10.96,5/14/2024,2024
BURRASTON PONDS,JUAB,TIGER TROUT,512,9.63,5/14/2024,2024
BURRASTON PONDS,JUAB,RAINBOW,700,9.63,6/4/2024,2024
BURRASTON PONDS,JUAB,RAINBOW,300,10.77,6/4/2024,2024
BURRASTON PONDS,JUAB,TIGER TROUT,500,10.19,6/11/2024,2024
BURRASTON PONDS,JUAB,RAINBOW,1002,9.41,6/18/2024,2024
BURRASTON PONDS,JUAB,RAINBOW,999,9.75,7/3/2024,2024
BURRASTON PONDS,JUAB,RAINBOW,950,10.77,9/12/2024,2024
BURRASTON PONDS,JUAB,RAINBOW,950,10.77,9/12/2024,2024
BUTTERFLY L Z-1,DUCHESNE,RAINBOW,299,12.25,6/19/2024,2024
BUTTERFLY L Z-1,DUCHESNE,TIGER TROUT,302,9.87,6/20/2024,2024
BUTTERFLY L Z-1,DUCHESNE,RAINBOW,300,10,7/2/2024,2024
BUTTERFLY L Z-1,DUCHESNE,TIGER TROUT,300,10,7/3/2024,2024
BUTTERFLY L Z-1,DUCHESNE,TIGER TROUT,300,10,7/8/2024,2024
BUTTERFLY L Z-1,DUCHESNE,RAINBOW,325,10,7/8/2024,2024
BUTTERFLY L Z-1,DUCHESNE,TIGER TROUT,306,10.21,7/15/2024,2024
BUTTERFLY L Z-1,DUCHESNE,RAINBOW,300,10,7/15/2024,2024
BUTTERFLY L Z-1,DUCHESNE,RAINBOW,299,10.28,7/23/2024,2024
BUTTERFLY L Z-1,DUCHESNE,RAINBOW,322,10.28,7/29/2024,2024
BUTTERFLY L Z-1,DUCHESNE,TIGER TROUT,318,10.56,7/31/2024,2024
BUTTERFLY L Z-1,DUCHESNE,RAINBOW,311,10.28,8/5/2024,2024
BUTTERFLY L Z-1,DUCHESNE,TIGER TROUT,213,10.55,8/12/2024,2024
BUTTERFLY L Z-1,DUCHESNE,RAINBOW,311,10.28,8/14/2024,2024
BUTTERFLY L Z-1,DUCHESNE,RAINBOW,309,11.02,8/28/2024,2024
BUTTERFLY L Z-1,DUCHESNE,TIGER TROUT,280,12.13,10/21/2024,2024
CALDER RES,UINTAH,GRASS CARP STERILE,90,10,5/16/2024,2024
CALDER RES,UINTAH,RAINBOW,1599,3.89,5/20/2024,2024
CALDER RES,UINTAH,CUTTHROAT,501,5.71,6/3/2024,2024
CALDER RES,UINTAH,BROWN TROUT,1498,2.44,6/3/2024,2024
CAMP KOSTOPAULUS,SALT LAKE,RAINBOW,399,9.55,5/7/2024,2024
CANDY L GR-17,DAGGETT,CUTTHROAT,558,3.83,10/1/2024,2024
CANYON VIEW PARK PD,UTAH,RAINBOW,430,9.52,3/11/2024,2024
CANYON VIEW PARK PD,UTAH,RAINBOW,429,9.52,3/19/2024,2024
CANYON VIEW PARK PD,UTAH,RAINBOW,429,9.52,4/1/2024,2024
CANYON VIEW PARK PD,UTAH,RAINBOW,430,9.43,4/8/2024,2024
CANYON VIEW PARK PD,UTAH,RAINBOW,429,9.52,4/15/2024,2024
CANYON VIEW PARK PD,UTAH,RAINBOW,430,9.57,4/22/2024,2024
CANYON VIEW PARK PD,UTAH,WIPER,584,8.01,5/23/2024,2024
CANYON VIEW PARK PD,UTAH,RAINBOW,150,12.13,5/29/2024,2024
CARBON CNTY P,CARBON,RAINBOW,253,10.44,4/9/2024,2024
CARBON CNTY P,CARBON,RAINBOW,253,10.44,4/9/2024,2024
CARBON CNTY P,CARBON,RAINBOW,1301,10.86,5/2/2024,2024
CARBON CNTY P,CARBON,CHANNEL CATFISH,800,10.77,6/6/2024,2024
CARBON CNTY P,CARBON,RAINBOW,896,9.21,6/13/2024,2024
CARBON CNTY P,CARBON,RAINBOW,221,11.37,9/24/2024,2024
CARBON CNTY P,CARBON,RAINBOW,842,11.37,9/24/2024,2024
CAROL L W-51,SUMMIT,BROOK TROUT,265,2.9,7/2/2024,2024
CART CR,DAGGETT,RAINBOW,199,9.84,6/11/2024,2024
CART CR,DAGGETT,RAINBOW,200,10,6/27/2024,2024
CARTER CR,DAGGETT,BROOK TROUT,3794,5.29,9/10/2024,2024
CARTER CR,DAGGETT,BROOK TROUT,5127,4.43,9/10/2024,2024
CARTER CR,DAGGETT,RAINBOW,901,12.29,9/17/2024,2024
"CARTER CR, E FK",DAGGETT,CUTTHROAT,200,5.6,7/1/2024,2024
"CARTER CR, E FK",DAGGETT,CUTTHROAT,2257,3.25,10/1/2024,2024
"CARTER CR, W FK",DAGGETT,CUTTHROAT,400,5.6,7/1/2024,2024
"CARTER CR, W FK",DAGGETT,CUTTHROAT,2375,3.83,10/1/2024,2024
CASPERS POND,CACHE,RAINBOW,1000,12.1,5/29/2024,2024
CASTLE L D-14,DUCHESNE,CUTTHROAT,196,1.48,9/23/2024,2024
CASTLE L G-11,SUMMIT,TIGER TROUT,603,2.78,7/8/2024,2024
CASTLE L W-67,SUMMIT,CUTTHROAT,823,2.4,9/24/2024,2024
CATHERINE L,SALT LAKE,BROOK TROUT,1199,2.92,7/1/2024,2024
CAUSEY RES,WEBER,LAKE TROUT,7379,3.19,5/14/2024,2024
CAUSEY RES,WEBER,RAINBOW,2178,12.74,6/11/2024,2024
CAUSEY RES,WEBER,RAINBOW,2720,12.25,6/18/2024,2024
CAUSEY RES,WEBER,LAKE TROUT,1002,5.15,10/22/2024,2024
CHAIN L NO 4 U-4,DUCHESNE,CUTTHROAT,681,1.85,9/23/2024,2024
CHALK CR,MILLARD,RAINBOW,142,10.47,5/20/2024,2024
CHALK CR,MILLARD,TIGER TROUT,243,10.19,6/11/2024,2024
CHALK CR,MILLARD,RAINBOW,135,9.7,7/9/2024,2024
CHARITY L P-16,SUMMIT,BROOK TROUT,204,2.9,7/3/2024,2024
CHINA L G-21,SUMMIT,BROOK TROUT,3885,2.91,6/28/2024,2024
CHUCK L BTN,GARFIELD,BROOK TROUT,96,2.63,6/24/2024,2024
CISCO WASH,GRAND,CHUB,3649,9.97,4/22/2024,2024
CISCO WASH,GRAND,CHUB,1182,10.72,4/22/2024,2024
CISCO WASH,GRAND,CHUB,1178,10.72,4/23/2024,2024
CISCO WASH,GRAND,CHUB,3678,9.97,4/23/2024,2024
CISCO WASH,GRAND,CHUB,4895,9.07,5/22/2024,2024
CISCO WASH,GRAND,CHUB,4895,9.07,5/22/2024,2024
CISCO WASH,GRAND,CHUB,4896,9.07,5/23/2024,2024
CISCO WASH,GRAND,CHUB,3795,9.07,5/23/2024,2024
CISCO WASH,GRAND,CHUB,1925,9.07,5/24/2024,2024
CISCO WASH,GRAND,CHUB,2475,9.07,5/24/2024,2024
CISCO WASH,GRAND,CHUB,1668,9.89,11/15/2024,2024
CISCO WASH,GRAND,CHUB,1668,9.89,11/15/2024,2024
CISCO WASH,GRAND,CHUB,2320,10.18,11/21/2024,2024
CISCO WASH,GRAND,CHUB,2294,10.18,11/22/2024,2024
CISCO WASH,GRAND,CHUB,1295,10.18,11/23/2024,2024
CLEAR CR,UTAH,CUTTHROAT,805,2.46,9/9/2024,2024
CLEAR L NBS,WAYNE,TIGER TROUT,61,2.91,7/15/2024,2024
CLEGG L A-47,SUMMIT,BROOK TROUT,255,2.9,7/3/2024,2024
CLEVELAND RES,EMERY,RAINBOW,999,10.44,5/30/2024,2024
CLEVELAND RES,EMERY,RAINBOW,999,10.44,5/30/2024,2024
CLEVELAND RES,EMERY,RAINBOW,998,10.6,6/3/2024,2024
CLEVELAND RES,EMERY,RAINBOW,998,10.6,6/3/2024,2024
CLIFF L A-34,SUMMIT,CUTTHROAT,1008,2.4,9/24/2024,2024
CLINTON POND,DAVIS,RAINBOW,301,10.18,2/26/2024,2024
CLINTON POND,DAVIS,RAINBOW,238,14.33,2/27/2024,2024
CLINTON POND,DAVIS,RAINBOW,299,9.52,4/1/2024,2024
CLINTON POND,DAVIS,RAINBOW,400,9.52,4/15/2024,2024
CLINTON POND,DAVIS,RAINBOW,502,9.57,4/29/2024,2024
CLINTON POND,DAVIS,RAINBOW,500,9.75,5/20/2024,2024
CLINTON POND,DAVIS,WIPER,200,8.22,5/23/2024,2024
CLINTON POND,DAVIS,RAINBOW,299,10.44,6/3/2024,2024
CLINTON POND,DAVIS,CHANNEL CATFISH,150,13.57,6/6/2024,2024
CLINTON POND,DAVIS,RAINBOW,901,11.6,10/23/2024,2024
CLINTON POND,DAVIS,RAINBOW,901,11.6,10/29/2024,2024
COFFIN L GR-144,SUMMIT,CUTTHROAT,2008,2.26,7/15/2024,2024
COLD SPRING L,SEVIER,RAINBOW,500,9.95,6/10/2024,2024
COLD SPRING L,SEVIER,RAINBOW,507,9.83,7/23/2024,2024
COLD SPRING LAKES,BOX ELDER,RAINBOW,500,11.31,4/1/2024,2024
COLD SPRING LAKES,BOX ELDER,RAINBOW,500,11.39,4/22/2024,2024
COLD SPRING LAKES,BOX ELDER,RAINBOW,650,11.99,6/4/2024,2024
COLD SPRING LAKES,BOX ELDER,RAINBOW,500,12.53,6/27/2024,2024
COLD SPRING LAKES,BOX ELDER,RAINBOW,750,12.57,8/2/2024,2024
COLEMAN RES NBS,WAYNE,BROOK TROUT,259,2.89,7/15/2024,2024
COLEMAN RES NBS,WAYNE,RAINBOW,154,8.67,7/15/2024,2024
COMMUNITY L,SANPETE,RAINBOW,500,10.14,5/14/2024,2024
COMMUNITY L,SANPETE,RAINBOW,510,10.84,6/10/2024,2024
COMMUNITY L,SANPETE,TIGER TROUT,996,3.92,6/26/2024,2024
COMMUNITY L,SANPETE,RAINBOW,500,10.77,6/26/2024,2024
COMMUNITY L,SANPETE,RAINBOW,500,10.77,9/10/2024,2024
CONTINENT L X-121,DUCHESNE,CUTTHROAT,2695,1.48,9/23/2024,2024
COOK L BT,WAYNE,BROOK TROUT,499,2.62,6/24/2024,2024
COOK L BT,WAYNE,TIGER TROUT,518,9.55,6/26/2024,2024
COOK L BT,WAYNE,RAINBOW,502,9.83,7/16/2024,2024
CORN CR,MILLARD,RAINBOW,146,10.47,5/20/2024,2024
CORN CR,MILLARD,TIGER TROUT,243,10.19,6/11/2024,2024
CORN CR,MILLARD,RAINBOW,135,9.7,7/9/2024,2024
CORNER BEAVER #1,SANPETE,BROOK TROUT,125,2.71,7/1/2024,2024
CORNER BEAVER #2,SANPETE,BROOK TROUT,125,2.71,7/1/2024,2024
COTTONWOOD RES,UINTAH,MUSKIE TIGER,1248,2,4/16/2024,2024
COTTONWOOD RES,UINTAH,WIPER,2970,2.04,7/18/2024,2024
COVE L,SANPETE,TIGER TROUT,1001,4.45,8/5/2024,2024
COVE POND,SALT LAKE,RAINBOW,238,14.33,2/27/2024,2024
COVE POND,SALT LAKE,RAINBOW,1001,10.44,3/28/2024,2024
COVE POND,SALT LAKE,TIGER TROUT,825,9.53,4/22/2024,2024
COVE POND,SALT LAKE,RAINBOW,1200,10.86,5/2/2024,2024
COVE POND,SALT LAKE,TIGER TROUT,501,10.07,5/7/2024,2024
COVE POND,SALT LAKE,TIGER TROUT,248,9.73,5/23/2024,2024
COVE POND,SALT LAKE,RAINBOW,500,10.96,5/23/2024,2024
COVE POND,SALT LAKE,RAINBOW,500,10.77,6/4/2024,2024
COVE POND,SALT LAKE,TIGER TROUT,256,9.63,6/4/2024,2024
COVE POND,SALT LAKE,CHANNEL CATFISH,125,13.57,6/6/2024,2024
COVE POND,SALT LAKE,CHANNEL CATFISH,120,13.57,6/20/2024,2024
COVE POND,SALT LAKE,CHANNEL CATFISH,300,13.57,9/5/2024,2024
COVE POND,SALT LAKE,RAINBOW,750,10.77,9/10/2024,2024
COVE POND,SALT LAKE,CHANNEL CATFISH,375,13.57,9/19/2024,2024
COVE POND,SALT LAKE,RAINBOW,825,11.86,10/24/2024,2024
CRATER L BTS,GARFIELD,BROOK TROUT,205,2.63,6/24/2024,2024
CRATER L BTS,GARFIELD,GRAYLING ARCTIC,199,2.47,9/25/2024,2024
CRATER L X-94,DUCHESNE,SPLAKE,706,2.94,7/9/2024,2024
CRESCENT L BTS,GARFIELD,TIGER TROUT,52,2.68,6/24/2024,2024
CRESCENT L BTS,GARFIELD,CUTTHROAT,247,1.69,9/26/2024,2024
CROUSE RES,UINTAH,RAINBOW,2267,3.49,5/15/2024,2024
CROUSE RES,UINTAH,GRASS CARP STERILE,100,10,5/16/2024,2024
CROUSE RES,UINTAH,RAINBOW,1000,9.48,5/30/2024,2024
CROUSE RES,UINTAH,BROWN TROUT,1997,2.44,6/3/2024,2024
CROUSE RES,UINTAH,RAINBOW,3000,3.97,10/16/2024,2024
CRYSTAL L A-51,SUMMIT,BROOK TROUT,1000,2.9,7/3/2024,2024
CUB L BT,WAYNE,BROOK TROUT,55,2.63,6/24/2024,2024
CUBERANT NO 1 W-42,SUMMIT,BROOK TROUT,398,2.9,7/2/2024,2024
CUBERANT NO 4 W-45,SUMMIT,CUTTHROAT,3334,2.4,9/24/2024,2024
CURRANT CR,WASATCH,RAINBOW,498,10.08,6/21/2024,2024
CURRANT CR,WASATCH,RAINBOW,502,10.56,7/22/2024,2024
CURRANT CR RES,WASATCH,RAINBOW,3570,10.6,5/22/2024,2024
CURRANT CR RES,WASATCH,RAINBOW,3570,10.6,5/22/2024,2024
CURRANT CR RES,WASATCH,RAINBOW,3906,9.91,6/3/2024,2024
CURRANT CR RES,WASATCH,CUTTHROAT,3010,5.62,6/5/2024,2024
CURRANT CR RES,WASATCH,CUTTHROAT,7629,5.65,6/5/2024,2024
CURRANT CR RES,WASATCH,CUTTHROAT,351,5.9,6/29/2024,2024
CURRANT CR RES,WASATCH,TIGER TROUT,3046,6.08,10/28/2024,2024
CUTTHROAT L BR-37,SUMMIT,BROOK TROUT,398,2.9,7/2/2024,2024
D-19,DUCHESNE,BROOK TROUT,41,2.9,7/2/2024,2024
DAGGETT L GR-6,DAGGETT,CUTTHROAT,1892,3.25,10/1/2024,2024
DAGGETT L GR-6,DAGGETT,CUTTHROAT,1304,3.83,10/1/2024,2024
DALE L Z-39,DUCHESNE,BROOK TROUT,1469,2.91,6/28/2024,2024
DARK CYN L,SAN JUAN,TIGER TROUT,501,2.26,6/11/2024,2024
DARK CYN L,SAN JUAN,RAINBOW,1000,9.95,6/11/2024,2024
DARK CYN L,SAN JUAN,RAINBOW,500,9.7,7/9/2024,2024
DAYNES L Z-38,DUCHESNE,BROOK TROUT,2003,2.91,6/28/2024,2024
DEAD L BTS,GARFIELD,BROOK TROUT,96,2.63,6/24/2024,2024
DEAD L WR-29,UINTAH,GRAYLING ARCTIC,299,2.47,9/23/2024,2024
DEADMAN L GR-38,UINTAH,BROOK TROUT,1042,2.93,6/26/2024,2024
DEAN L W-35,SUMMIT,GRAYLING ARCTIC,448,2.47,9/25/2024,2024
DEAN L Z-40,DUCHESNE,BROOK TROUT,1603,2.91,6/28/2024,2024
DEEP CR L TLM,WAYNE,BROOK TROUT,205,2.63,6/25/2024,2024
DEEP L,SEVIER,RAINBOW,1461,10.24,6/4/2024,2024
DEEP L,SANPETE,BROOK TROUT,727,2.71,7/1/2024,2024
DEEP L,SANPETE,RAINBOW,1600,10.77,7/9/2024,2024
DEEP L,SANPETE,RAINBOW,500,10.77,7/9/2024,2024
DEER CR,SAN JUAN,CUTTHROAT,498,2.79,8/8/2024,2024
DEER CR,IRON,CUTTHROAT,4500,1.85,9/23/2024,2024
DEER CR L EBS,GARFIELD,TIGER TROUT,104,2.68,6/25/2024,2024
DEER CR L EBS,GARFIELD,BROOK TROUT,998,2.63,6/25/2024,2024
DEER CR L EBS,GARFIELD,CUTTHROAT,2496,1.68,9/26/2024,2024
DEER CR RES,WASATCH,RAINBOW,18956,3.3,3/6/2024,2024
DEER CR RES,WASATCH,RAINBOW,1195,10.15,5/29/2024,2024
DEER CR RES,WASATCH,RAINBOW,1195,10.15,5/29/2024,2024
DEER CR RES,WASATCH,RAINBOW,1100,10.44,5/31/2024,2024
DEER CR RES,WASATCH,RAINBOW,1100,10.44,6/3/2024,2024
DEER CR RES,WASATCH,RAINBOW,1540,10.44,6/10/2024,2024
DEER CR RES,WASATCH,RAINBOW,1320,10.44,6/10/2024,2024
DEER CR RES,WASATCH,RAINBOW,1540,10.44,6/10/2024,2024
DEER CR RES,WASATCH,RAINBOW,3752,9.52,6/11/2024,2024
DEER CR RES,WASATCH,RAINBOW,1100,10.44,6/14/2024,2024
DEER CR RES,WASATCH,RAINBOW,1100,10.44,6/14/2024,2024
DEER CR RES,WASATCH,RAINBOW,1100,10.44,6/14/2024,2024
DEER CR RES,WASATCH,RAINBOW,1100,10.44,6/14/2024,2024
DEER CR RES,WASATCH,RAINBOW,1980,10.44,6/18/2024,2024
DEER CR RES,WASATCH,RAINBOW,1980,10.44,6/18/2024,2024
DEER CR RES,WASATCH,RAINBOW,1100,10.44,6/19/2024,2024
DEER CR RES,WASATCH,RAINBOW,1100,10.44,6/19/2024,2024
DEER CR RES,WASATCH,RAINBOW,1250,10.21,8/6/2024,2024
DEER CR RES,WASATCH,RAINBOW,1581,10.14,8/7/2024,2024
DEER CR RES,WASATCH,RAINBOW,4157,10.14,8/7/2024,2024
DEER CR RES,WASATCH,RAINBOW,3776,10.03,8/13/2024,2024
DEER CR RES,WASATCH,RAINBOW,9600,9.09,8/13/2024,2024
DEER CR RES,WASATCH,RAINBOW,5400,9.09,8/14/2024,2024
DEER CR RES,WASATCH,RAINBOW,1883,9.99,8/22/2024,2024
DEER CR RES,WASATCH,RAINBOW,1883,9.99,8/22/2024,2024
DEER CR RES,WASATCH,RAINBOW,1883,9.99,8/26/2024,2024
DEER CR RES,WASATCH,RAINBOW,1883,9.99,8/26/2024,2024
DEER CR RES,WASATCH,RAINBOW,1750,10,8/30/2024,2024
DEER CR RES,WASATCH,RAINBOW,1750,10,9/3/2024,2024
DEER CR RES,WASATCH,RAINBOW,7040,11.95,10/15/2024,2024
DEER CR RES,WASATCH,RAINBOW,9988,11.95,10/15/2024,2024
DEER CR RES,WASATCH,RAINBOW,8400,10.94,10/16/2024,2024
DEER CR RES,WASATCH,RAINBOW,10080,10.94,10/16/2024,2024
DEER CR RES,WASATCH,RAINBOW,7875,11.51,11/5/2024,2024
DEER CR RES,WASATCH,RAINBOW,10440,11.51,11/5/2024,2024
DEER CR RES,WASATCH,RAINBOW,2000,10,11/19/2024,2024
DEER CR RES,WASATCH,RAINBOW,2475,9.69,11/20/2024,2024
DEER CR RES,WASATCH,RAINBOW,2475,9.69,11/20/2024,2024
DEER CR RES,WASATCH,RAINBOW,2200,9.69,11/25/2024,2024
DEER CR RES,WASATCH,RAINBOW,2200,9.69,11/25/2024,2024
DEER CR RES,WASATCH,RAINBOW,2200,9.69,12/2/2024,2024
DEER CR RES,WASATCH,RAINBOW,1100,9.69,12/2/2024,2024
DEER CR RES,WASATCH,RAINBOW,2200,9.69,12/4/2024,2024
DEER CR RES,WASATCH,RAINBOW,1444,9.69,12/6/2024,2024
DEER CR RES,WASATCH,RAINBOW,1375,9.69,12/6/2024,2024
DEER CR RES,WASATCH,RAINBOW,1375,9.69,12/6/2024,2024
DEER CR RES,WASATCH,RAINBOW,1375,9.69,12/6/2024,2024
DEER VALLEY LAKES,SUMMIT,RAINBOW,598,10.32,5/6/2024,2024
DEER VALLEY LAKES,SUMMIT,RAINBOW,303,10.24,5/14/2024,2024
DEER VALLEY LAKES,SUMMIT,RAINBOW,303,10.24,5/21/2024,2024
DEER VALLEY LAKES,SUMMIT,WIPER,1496,8.55,5/23/2024,2024
DEER VALLEY LAKES,SUMMIT,RAINBOW,900,9.91,6/13/2024,2024
DEER VALLEY LAKES,SUMMIT,RAINBOW,600,10.25,7/2/2024,2024
DEER VALLEY LAKES,SUMMIT,TIGER TROUT,3036,6.04,10/24/2024,2024
DELONG CR,IRON,CUTTHROAT,4500,1.85,9/23/2024,2024
DENISE L WR-9,DUCHESNE,BROOK TROUT,249,2.93,6/26/2024,2024
DIAMOND FK R,UTAH,BROWN TROUT,15015,3.33,5/9/2024,2024
DIAMOND FK R,UTAH,CUTTHROAT,6032,2.98,9/9/2024,2024
DIAMOND L A-22,SUMMIT,BROOK TROUT,296,2.9,7/3/2024,2024
DMAD RES,MILLARD,WALLEYE,119000,0.41,4/9/2024,2024
DMAD RES,MILLARD,WALLEYE,33500,0.41,4/9/2024,2024
DMAD RES,MILLARD,WALLEYE,17500,0.41,4/25/2024,2024
DMAD RES,MILLARD,WALLEYE,54000,0.41,4/25/2024,2024
DMAD RES,MILLARD,WALLEYE,16058,1.96,6/11/2024,2024
DONKEY L NBS,WAYNE,MUSKIE TIGER,100,5.39,6/12/2024,2024
DONS L,GRAND,RAINBOW,1038,10.47,5/20/2024,2024
DONS L,GRAND,RAINBOW,1001,9.83,7/22/2024,2024
DOUGHERTY BASIN NCL,GARFIELD,CUTTHROAT,1000,1.69,9/26/2024,2024
DRY CR,UTAH,CUTTHROAT,1523,2.78,10/7/2024,2024
DRY WASH RES,SAN JUAN,RAINBOW,1290,10.47,5/13/2024,2024
DRY WASH RES,SAN JUAN,RAINBOW,1215,9.7,7/1/2024,2024
DUCHESNE R,DUCHESNE,RAINBOW,400,10.12,6/26/2024,2024
DUCHESNE R,DUCHESNE,RAINBOW,400,10.56,7/22/2024,2024
"DUCHESNE R, N FK",DUCHESNE,RAINBOW,1000,10.12,6/26/2024,2024
"DUCHESNE R, N FK",DUCHESNE,RAINBOW,899,10.56,7/22/2024,2024
"DUCHESNE R, N FK",DUCHESNE,RAINBOW,900,10.94,8/6/2024,2024
DUCK CR,KANE,RAINBOW,245,10.41,5/24/2024,2024
DUCK CR,KANE,RAINBOW,242,10.45,6/11/2024,2024
DUCK CR,KANE,RAINBOW,268,10.59,6/25/2024,2024
DUCK CR SPRINGS,KANE,RAINBOW,653,10.19,5/13/2024,2024
DUCK CR SPRINGS,KANE,RAINBOW,674,10.41,5/24/2024,2024
DUCK CR SPRINGS,KANE,RAINBOW,666,10.45,6/11/2024,2024
DUCK CR SPRINGS,KANE,TIGER TROUT,1002,8.99,6/11/2024,2024
DUCK CR SPRINGS,KANE,RAINBOW,699,10.59,6/25/2024,2024
DUCK CR SPRINGS,KANE,RAINBOW,1169,10.09,7/17/2024,2024
DUCK CR SPRINGS,KANE,RAINBOW,139,10.09,7/18/2024,2024
DUCK FK RES,SANPETE,CUTTHROAT,1288,7.8,8/22/2024,2024
DWAIN'S POND NBS,WAYNE,BROOK TROUT,52,2.89,7/15/2024,2024
EAST CENTER OWEEP CR,DUCHESNE,CUTTHROAT,0,1.52,10/1/2024,2024
EAST CENTER OWEEP CR,DUCHESNE,CUTTHROAT,2149,1.59,10/1/2024,2024
EAST CENTER OWEEP CR,DUCHESNE,CUTTHROAT,1155,6.06,10/1/2024,2024
EAST CYN RES,MORGAN,RAINBOW,5000,10.92,4/18/2024,2024
EAST CYN RES,MORGAN,KOKANEE,55820,3.28,5/2/2024,2024
EAST CYN RES,MORGAN,WIPER,15120,2.04,7/18/2024,2024
EAST CYN RES,MORGAN,RAINBOW,6192,11.33,9/24/2024,2024
EAST CYN RES,MORGAN,RAINBOW,2322,11.33,9/24/2024,2024
EAST CYN RES,MORGAN,RAINBOW,1944,10.5,11/8/2024,2024
EAST L BTS,GARFIELD,BROOK TROUT,249,2.62,6/24/2024,2024
EAST OWEEP CR,DUCHESNE,CUTTHROAT,331,6.06,10/1/2024,2024
EAST PARK RES,UINTAH,RAINBOW,1741,11.93,5/31/2024,2024
EAST PARK RES,UINTAH,BROOK TROUT,1999,3.2,6/8/2024,2024
EAST PARK RES,UINTAH,RAINBOW,760,13.13,6/20/2024,2024
EAST PARK RES,UINTAH,RAINBOW,284,13.24,6/27/2024,2024
EAST PARK RES,UINTAH,TIGER TROUT,1030,5.05,7/30/2024,2024
EAST PARLEY'S,SANPETE,BROOK TROUT,301,2.71,7/1/2024,2024
ECHO RES,SUMMIT,RAINBOW,4251,13.19,4/29/2024,2024
ECHO RES,SUMMIT,RAINBOW,4752,12.37,4/30/2024,2024
ECHO RES,SUMMIT,RAINBOW,5023,11.33,9/23/2024,2024
ECHO RES,SUMMIT,CUTTHROAT,10004,2.47,10/25/2024,2024
ELBOW L WR-58,DUCHESNE,BROOK TROUT,2606,2.93,6/26/2024,2024
ELECTRIC L,EMERY,TIGER TROUT,10065,4.27,7/30/2024,2024
ELECTRIC L,EMERY,LAKE TROUT,252,4.3,8/6/2024,2024
ELECTRIC L,EMERY,CUTTHROAT,17324,2.16,10/31/2024,2024
EMERALD L,SANPETE,RAINBOW,999,9.75,6/18/2024,2024
EMERALD L,SANPETE,RAINBOW,999,9.41,7/16/2024,2024
EMERALD L,SANPETE,GRAYLING ARCTIC,299,2.47,9/25/2024,2024
EMERALD L D-20,DUCHESNE,BROOK TROUT,41,2.9,7/2/2024,2024
EMERY (LARSON) RES,SANPETE,TIGER TROUT,2511,2.68,6/25/2024,2024
EMIGRATION CR,SALT LAKE,CUTTHROAT,753,3.13,11/6/2024,2024
EMIGRATION CR,SALT LAKE,CUTTHROAT,753,3.13,11/6/2024,2024
"ENTERPRISE RES,LOWER",WASHINGTON,RAINBOW,3375,9.95,3/12/2024,2024
"ENTERPRISE RES,LOWER",WASHINGTON,RAINBOW,1133,10.39,3/21/2024,2024
"ENTERPRISE RES,UPPER",WASHINGTON,RAINBOW,13000,5.71,3/4/2024,2024
"ENTERPRISE RES,UPPER",WASHINGTON,RAINBOW,11180,5.71,3/6/2024,2024
"ENTERPRISE RES,UPPER",WASHINGTON,KOKANEE,9840,3.07,5/15/2024,2024
EVERMAN L Z-36,DUCHESNE,BROOK TROUT,796,2.9,7/3/2024,2024
FAIRMONT PARK SLC,SALT LAKE,RAINBOW,500,10,3/19/2024,2024
FAIRMONT PARK SLC,SALT LAKE,RAINBOW,551,9.28,4/22/2024,2024
FAIRMONT PARK SLC,SALT LAKE,RAINBOW,351,9.83,5/6/2024,2024
FAIRMONT PARK SLC,SALT LAKE,RAINBOW,352,9.76,5/15/2024,2024
FAIRMONT PARK SLC,SALT LAKE,WIPER,102,8.01,5/23/2024,2024
FAIRMONT PARK SLC,SALT LAKE,CHANNEL CATFISH,125,13.57,6/6/2024,2024
FAIRMONT PARK SLC,SALT LAKE,RAINBOW,251,10.15,6/13/2024,2024
FAIRMONT PARK SLC,SALT LAKE,CHANNEL CATFISH,120,13.57,6/20/2024,2024
FAIRMONT PARK SLC,SALT LAKE,RAINBOW,250,10.6,8/29/2024,2024
FAIRMONT PARK SLC,SALT LAKE,CHANNEL CATFISH,100,13.57,9/5/2024,2024
FAIRMONT PARK SLC,SALT LAKE,CHANNEL CATFISH,100,13.57,9/19/2024,2024
FAIRMONT PARK SLC,SALT LAKE,RAINBOW,251,10.69,10/1/2024,2024
FAIRVIEW L,SANPETE,RAINBOW,1680,10.6,6/3/2024,2024
FAIRVIEW L,SANPETE,RAINBOW,1155,10.6,6/5/2024,2024
FAIRVIEW L,SANPETE,RAINBOW,1155,10.6,6/5/2024,2024
FAITH L A-16,SUMMIT,BROOK TROUT,102,2.9,7/3/2024,2024
FALL CR,DUCHESNE,CUTTHROAT,430,1.59,10/1/2024,2024
FALL CR,DUCHESNE,CUTTHROAT,2543,1.52,10/1/2024,2024
FARMINGTON CITY RES,DAVIS,RAINBOW,300,17.1,3/18/2024,2024
FARMINGTON CITY RES,DAVIS,RAINBOW,1001,9.52,3/27/2024,2024
FARMINGTON CITY RES,DAVIS,RAINBOW,501,9.48,5/1/2024,2024
FARMINGTON CITY RES,DAVIS,RAINBOW,1105,9.95,5/8/2024,2024
FARMINGTON CITY RES,DAVIS,WIPER,300,8.55,5/23/2024,2024
FARMINGTON CITY RES,DAVIS,CHANNEL CATFISH,200,13.57,6/6/2024,2024
FARMINGTON CITY RES,DAVIS,CHANNEL CATFISH,300,13.57,9/5/2024,2024
FARMINGTON CITY RES,DAVIS,CHANNEL CATFISH,300,13.57,9/19/2024,2024
FARMINGTON CITY RES,DAVIS,TIGER TROUT,315,11.16,10/16/2024,2024
FARMINGTON CITY RES,DAVIS,RAINBOW,2000,11.95,10/17/2024,2024
FARNSWORTH L,SEVIER,RAINBOW,1008,10.09,6/24/2024,2024
FARNSWORTH L,SEVIER,TIGER TROUT,515,9,7/3/2024,2024
FARRALS POND TLM,SEVIER,TIGER TROUT,52,2.89,7/22/2024,2024
FERRON CR,EMERY,CUTTHROAT,1420,2.16,10/31/2024,2024
FERRON CR,EMERY,CUTTHROAT,36047,2.08,10/31/2024,2024
FERRON RES,SANPETE,RAINBOW,1000,10.77,7/2/2024,2024
FERRON RES,SANPETE,RAINBOW,1000,10.77,7/2/2024,2024
FERRON RES,SANPETE,BROOK TROUT,1525,3.2,7/31/2024,2024
FERRON RES,SANPETE,CUTTHROAT,999,7.8,8/22/2024,2024
FISH CR L NBS,WAYNE,TIGER TROUT,1002,2.68,6/24/2024,2024
FISH L,SEVIER,RAINBOW,2376,11.86,5/2/2024,2024
FISH L,SEVIER,RAINBOW,2368,11.86,5/2/2024,2024
FISH L,SEVIER,RAINBOW,2465,11.86,5/2/2024,2024
FISH L,SEVIER,RAINBOW,2465,11.86,5/2/2024,2024
FISH L,SEVIER,RAINBOW,2235,11.86,5/2/2024,2024
FISH L,SEVIER,RAINBOW,9645,11.8,5/6/2024,2024
FISH L,SEVIER,RAINBOW,11776,11.03,5/6/2024,2024
FISH L,SEVIER,RAINBOW,10496,11.46,5/7/2024,2024
FISH L,SEVIER,KOKANEE,13153,3.24,5/8/2024,2024
FISH L,SEVIER,KOKANEE,12870,3.27,5/8/2024,2024
FISH L,SEVIER,KOKANEE,33671,3.24,5/8/2024,2024
FISH L,SEVIER,KOKANEE,26305,3.24,5/8/2024,2024
FISH L,SEVIER,KOKANEE,24850,3.31,5/9/2024,2024
FISH L,SEVIER,KOKANEE,24850,3.31,5/9/2024,2024
FISH L,SEVIER,KOKANEE,29820,3.31,5/9/2024,2024
FISH L,SEVIER,KOKANEE,14910,3.31,5/10/2024,2024
FISH L,SEVIER,KOKANEE,49055,3.27,6/11/2024,2024
FISH L,SEVIER,RAINBOW,5093,7.17,6/12/2024,2024
FISH L,SEVIER,KOKANEE,19614,3.86,6/14/2024,2024
FISH L,SEVIER,BROWN TROUT,10870,2.59,6/14/2024,2024
FISH L,SEVIER,RAINBOW,4277,7.79,6/18/2024,2024
FISH L,SEVIER,RAINBOW,3240,8.51,6/24/2024,2024
FISH L,SEVIER,RAINBOW,3261,8.51,6/24/2024,2024
FISH L,SEVIER,RAINBOW,7578,1.94,7/8/2024,2024
FISH L,SEVIER,SPLAKE,35289,2.67,7/8/2024,2024
FISH L,SEVIER,RAINBOW,4046,3.09,7/8/2024,2024
FISH L,SEVIER,SPLAKE,35289,2.67,7/8/2024,2024
FISH L,SEVIER,RAINBOW,2744,9,7/30/2024,2024
FISH L,SEVIER,BROWN TROUT,5443,3.09,8/13/2024,2024
FISH L,SEVIER,BROOK TROUT,3144,3.31,8/13/2024,2024
FISH L,SEVIER,TIGER TROUT,14197,3.45,8/13/2024,2024
FISH L,SEVIER,RAINBOW,1145,9.14,8/13/2024,2024
FISH L,SEVIER,BROOK TROUT,12747,3.25,8/13/2024,2024
FISH L,SEVIER,BROOK TROUT,5548,3.37,8/13/2024,2024
FISH L,SEVIER,RAINBOW,2616,9.14,8/13/2024,2024
FISH L,SEVIER,BROOK TROUT,3010,3.37,8/13/2024,2024
FISH L,SEVIER,RAINBOW,24700,4.66,9/18/2024,2024
FISH L,SEVIER,RAINBOW,24700,4.66,9/25/2024,2024
FISH L,SEVIER,RAINBOW,24720,4.66,10/9/2024,2024
FISH L,SEVIER,RAINBOW,18896,4.66,10/15/2024,2024
FISH L,SEVIER,CUTTHROAT,23280,3.66,10/28/2024,2024
FISH L,SEVIER,LAKE TROUT,192,21.92,11/4/2024,2024
FISH L,SEVIER,LAKE TROUT,44,21.92,11/5/2024,2024
FISH L,SEVIER,LAKE TROUT,200,19.15,11/5/2024,2024
FIVE POINT L X-106,DUCHESNE,CUTTHROAT,3456,1.85,9/23/2024,2024
FLAMING GORGE RES,DAGGETT,RAINBOW,3780,9.13,4/14/2024,2024
FLAMING GORGE RES,DAGGETT,RAINBOW,5492,9.13,4/14/2024,2024
FLAMING GORGE RES,DAGGETT,RAINBOW,4780,9.71,4/18/2024,2024
FLAMING GORGE RES,DAGGETT,RAINBOW,5627,9.2,4/19/2024,2024
FLAMING GORGE RES,DAGGETT,RAINBOW,4688,8.81,4/19/2024,2024
FLAMING GORGE RES,DAGGETT,RAINBOW,11526,9.23,5/14/2024,2024
FLAMING GORGE RES,DAGGETT,RAINBOW,9792,9.55,5/14/2024,2024
FLAMING GORGE RES,DAGGETT,RAINBOW,11696,9.23,5/15/2024,2024
FLAMING GORGE RES,DAGGETT,RAINBOW,12355,9.1,5/15/2024,2024
FLAMING GORGE RES,DAGGETT,RAINBOW,10500,9.13,5/16/2024,2024
FLAMING GORGE RES,DAGGETT,RAINBOW,12179,9.1,5/16/2024,2024
FLAMING GORGE RES,DAGGETT,KOKANEE,53622,3.48,5/20/2024,2024
FLAMING GORGE RES,DAGGETT,KOKANEE,26811,3.48,5/20/2024,2024
FLAMING GORGE RES,DAGGETT,KOKANEE,52741,3.52,5/21/2024,2024
FLAMING GORGE RES,DAGGETT,KOKANEE,25938,3.52,5/21/2024,2024
FLAMING GORGE RES,DAGGETT,RAINBOW,6023,9,5/22/2024,2024
FLAMING GORGE RES,DAGGETT,KOKANEE,26299,3.6,5/22/2024,2024
FLAMING GORGE RES,DAGGETT,KOKANEE,52598,3.6,5/22/2024,2024
FLAMING GORGE RES,DAGGETT,KOKANEE,26268,3.6,5/23/2024,2024
FLAMING GORGE RES,DAGGETT,KOKANEE,52535,3.6,5/23/2024,2024
FLAMING GORGE RES,DAGGETT,KOKANEE,54047,3.33,5/24/2024,2024
FLAMING GORGE RES,DAGGETT,RAINBOW,2321,9.36,5/24/2024,2024
FLAMING GORGE RES,DAGGETT,KOKANEE,55461,3.47,5/25/2024,2024
FLAMING GORGE RES,DAGGETT,KOKANEE,14715,3.51,5/26/2024,2024
FLAMING GORGE RES,DAGGETT,KOKANEE,145029,3.01,6/4/2024,2024
FLAMING GORGE RES,DAGGETT,KOKANEE,147642,3.03,6/4/2024,2024
FLAMING GORGE RES,DAGGETT,BROWN TROUT,4003,2.62,6/11/2024,2024
FLAMING GORGE RES,DAGGETT,CUTTHROAT,20561,7.28,6/12/2024,2024
FLAMING GORGE RES,DAGGETT,KOKANEE,22225,3.9,6/17/2024,2024
FLAMING GORGE RES,DAGGETT,KOKANEE,19495,3.98,6/18/2024,2024
FLAMING GORGE RES,DAGGETT,CUTTHROAT,7172,8.28,6/21/2024,2024
FLAMING GORGE RES,DAGGETT,KOKANEE,2848,3.9,6/25/2024,2024
FLAMING GORGE RES,DAGGETT,KOKANEE,2358,4.06,6/25/2024,2024
FLAMING GORGE RES,DAGGETT,KOKANEE,25535,7.98,7/2/2024,2024
FLAMING GORGE RES,DAGGETT,RAINBOW,34128,1.86,7/10/2024,2024
FLAMING GORGE RES,DAGGETT,RAINBOW,4972,1.64,7/10/2024,2024
FLAMING GORGE RES,DAGGETT,RAINBOW,6400,9.09,8/13/2024,2024
FLAMING GORGE RES,DAGGETT,RAINBOW,3200,9.09,8/13/2024,2024
FLAMING GORGE RES,DAGGETT,RAINBOW,5400,9.09,8/14/2024,2024
FLAMING GORGE RES,DAGGETT,RAINBOW,14344,4.03,9/28/2024,2024
FLAMING GORGE RES,DAGGETT,RAINBOW,3399,4.43,10/16/2024,2024
FLAMING GORGE RES,DAGGETT,RAINBOW,2797,4.47,10/16/2024,2024
FLAMING GORGE RES,DAGGETT,RAINBOW,1120,12.13,10/21/2024,2024
FLAMING GORGE RES,DAGGETT,RAINBOW,1120,12.13,10/21/2024,2024
FLAMING GORGE RES,DAGGETT,RAINBOW,1120,12.13,10/21/2024,2024
FLAMING GORGE RES,DAGGETT,RAINBOW,1120,12.13,10/21/2024,2024
FLAMING GORGE RES,DAGGETT,RAINBOW,1120,12.13,10/21/2024,2024
FLAMING GORGE RES,DAGGETT,RAINBOW,1204,12.13,10/21/2024,2024
FLAMING GORGE RES,DAGGETT,RAINBOW,1120,12.13,10/21/2024,2024
FLAMING GORGE RES,DAGGETT,RAINBOW,1120,12.13,10/21/2024,2024
FLAMING GORGE RES,DAGGETT,RAINBOW,1120,12.13,10/22/2024,2024
FLAMING GORGE RES,DAGGETT,RAINBOW,1120,12.13,10/22/2024,2024
FLAMING GORGE RES,DAGGETT,RAINBOW,1120,12.13,10/22/2024,2024
FLAMING GORGE RES,DAGGETT,RAINBOW,1120,12.13,10/22/2024,2024
FLAMING GORGE RES,DAGGETT,RAINBOW,1120,12.13,10/22/2024,2024
FLAMING GORGE RES,DAGGETT,RAINBOW,1120,12.13,10/22/2024,2024
FLAMING GORGE RES,DAGGETT,RAINBOW,1120,12.13,10/22/2024,2024
FLAMING GORGE RES,DAGGETT,RAINBOW,1120,12.13,10/22/2024,2024
FLAMING GORGE RES,DAGGETT,RAINBOW,1190,12.13,10/23/2024,2024
FLAMING GORGE RES,DAGGETT,RAINBOW,1190,12.13,10/23/2024,2024
FLAMING GORGE RES,DAGGETT,RAINBOW,1190,12.13,10/23/2024,2024
FLAMING GORGE RES,DAGGETT,RAINBOW,1120,12.13,10/23/2024,2024
FLAMING GORGE RES,DAGGETT,RAINBOW,1120,12.13,10/23/2024,2024
FLAMING GORGE RES,DAGGETT,RAINBOW,1120,12.13,10/23/2024,2024
FLAMING GORGE RES,DAGGETT,RAINBOW,1120,12.13,10/23/2024,2024
FLAMING GORGE RES,DAGGETT,RAINBOW,1120,12.13,10/23/2024,2024
FLAMING GORGE RES,DAGGETT,RAINBOW,1218,12.13,10/24/2024,2024
FLAMING GORGE RES,DAGGETT,RAINBOW,1218,12.13,10/24/2024,2024
FLAMING GORGE RES,DAGGETT,RAINBOW,1218,12.13,10/24/2024,2024
FLAMING GORGE RES,DAGGETT,RAINBOW,1120,12.13,10/24/2024,2024
FLAMING GORGE RES,DAGGETT,RAINBOW,1190,12.13,10/24/2024,2024
FLAMING GORGE RES,DAGGETT,RAINBOW,1218,12.13,10/24/2024,2024
FLAMING GORGE RES,DAGGETT,RAINBOW,1169,12.13,10/24/2024,2024
FLAMING GORGE RES,DAGGETT,RAINBOW,1218,12.13,10/24/2024,2024
FLAMING GORGE RES,DAGGETT,RAINBOW,1260,12.13,10/28/2024,2024
FLAMING GORGE RES,DAGGETT,RAINBOW,1260,12.13,10/28/2024,2024
FLAMING GORGE RES,DAGGETT,RAINBOW,1260,12.13,10/28/2024,2024
FLAMING GORGE RES,DAGGETT,RAINBOW,1260,12.13,10/28/2024,2024
FLAMING GORGE RES,DAGGETT,RAINBOW,1190,12.13,10/28/2024,2024
FLAMING GORGE RES,DAGGETT,RAINBOW,1190,12.13,10/28/2024,2024
FLAMING GORGE RES,DAGGETT,RAINBOW,1190,12.13,10/28/2024,2024
FLAMING GORGE RES,DAGGETT,RAINBOW,1190,12.13,10/28/2024,2024
FLAMING GORGE RES,DAGGETT,RAINBOW,1190,12.13,10/28/2024,2024
FLAMING GORGE RES,DAGGETT,RAINBOW,1190,12.13,10/28/2024,2024
FLAMING GORGE RES,DAGGETT,RAINBOW,1190,12.13,10/28/2024,2024
FLAMING GORGE RES,DAGGETT,RAINBOW,1190,12.13,10/28/2024,2024
FLAT L NCL,GARFIELD,BROOK TROUT,97,2.62,6/25/2024,2024
FLOATING ISLAND TLM,SEVIER,TIGER TROUT,155,2.89,7/22/2024,2024
FLOATING ISLAND TLM,SEVIER,SPLAKE,158,2.94,7/22/2024,2024
FLOATING ISLAND TLM,SEVIER,CUTTHROAT,510,2.12,10/28/2024,2024
FLORENCE L,SALT LAKE,BROOK TROUT,504,2.92,7/1/2024,2024
FOREBAY POND,IRON,RAINBOW,540,10.08,5/1/2024,2024
FOREBAY POND,IRON,RAINBOW,484,10.45,6/10/2024,2024
FOREBAY POND,IRON,RAINBOW,503,10.57,7/1/2024,2024
FORSYTH RES,SEVIER,TIGER TROUT,3311,3.2,6/26/2024,2024
FORSYTH RES,SEVIER,SPLAKE,4005,2.65,7/9/2024,2024
FORSYTH RES,SEVIER,TIGER TROUT,8003,2.83,7/9/2024,2024
FORSYTH RES,SEVIER,CUTTHROAT,2192,2.18,10/23/2024,2024
FOY L,SAN JUAN,RAINBOW,1625,9.95,5/22/2024,2024
FOY L,SAN JUAN,RAINBOW,1512,9.7,7/1/2024,2024
FREMONT R,WAYNE,BROWN TROUT,1999,2.59,4/17/2024,2024
FREMONT R,WAYNE,BROWN TROUT,4000,2.59,4/17/2024,2024
FT BUENAVENTURA P,WEBER,RAINBOW,500,10,3/13/2024,2024
FT BUENAVENTURA P,WEBER,RAINBOW,500,10,3/28/2024,2024
FT BUENAVENTURA P,WEBER,RAINBOW,499,9.87,4/17/2024,2024
FT BUENAVENTURA P,WEBER,RAINBOW,502,10.24,5/14/2024,2024
FT BUENAVENTURA P,WEBER,WIPER,200,8.22,5/23/2024,2024
FT BUENAVENTURA P,WEBER,RAINBOW,999,10.24,6/4/2024,2024
FT BUENAVENTURA P,WEBER,CHANNEL CATFISH,250,13.57,6/20/2024,2024
FT BUENAVENTURA P,WEBER,RAINBOW,500,10.66,8/19/2024,2024
FT BUENAVENTURA P,WEBER,RAINBOW,500,10.66,8/29/2024,2024
FT BUENAVENTURA P,WEBER,CHANNEL CATFISH,300,13.57,9/5/2024,2024
FT BUENAVENTURA P,WEBER,CHANNEL CATFISH,300,13.57,9/19/2024,2024
FT BUENAVENTURA P,WEBER,RAINBOW,501,12.08,10/28/2024,2024
G- 13,SUMMIT,BROOK TROUT,801,2.91,6/28/2024,2024
G- 52,SUMMIT,BROOK TROUT,304,2.91,6/28/2024,2024
G- 56,SUMMIT,BROOK TROUT,146,2.91,6/28/2024,2024
G- 60,SUMMIT,TIGER TROUT,255,2.78,7/8/2024,2024
G- 61,SUMMIT,BROOK TROUT,401,2.91,6/28/2024,2024
G- 64,SUMMIT,TIGER TROUT,336,2.78,7/8/2024,2024
G- 68,SUMMIT,BROOK TROUT,408,2.9,7/9/2024,2024
G- 71,SUMMIT,BROOK TROUT,306,2.9,7/9/2024,2024
G- 74,SUMMIT,BROOK TROUT,296,2.9,7/9/2024,2024
GAIL L GR-115,SUMMIT,CUTTHROAT,347,2.26,7/15/2024,2024
GARDEN CITY HERITAGE COM,RICH,WIPER,300,8.55,5/23/2024,2024
GARDEN CITY HERITAGE COM,RICH,RAINBOW,500,12.22,5/24/2024,2024
GARDEN CITY HERITAGE COM,RICH,RAINBOW,1250,12.53,6/28/2024,2024
GARDEN CITY HERITAGE COM,RICH,RAINBOW,1250,12.88,7/22/2024,2024
GARDEN CITY HERITAGE COM,RICH,RAINBOW,1000,12.63,8/29/2024,2024
GARDEN CITY HERITAGE COM,RICH,RAINBOW,1000,10.55,10/18/2024,2024
GARKANE EAST FK,GARFIELD,TIGER TROUT,398,9.62,6/19/2024,2024
"GARKANE IMP, MAIN FK",GARFIELD,RAINBOW,529,10.24,4/17/2024,2024
"GARKANE IMP, MAIN FK",GARFIELD,TIGER TROUT,300,9.62,6/19/2024,2024
"GARKANE IMP, MAIN FK",GARFIELD,RAINBOW,504,10.09,6/26/2024,2024
GATES L,SEVIER,RAINBOW,804,10.09,6/24/2024,2024
GATES L,SEVIER,TIGER TROUT,255,3.45,8/12/2024,2024
GEM L Z-18,DUCHESNE,BROOK TROUT,204,2.9,7/3/2024,2024
GHOST POND,UINTAH,TIGER TROUT,124,5.64,9/26/2024,2024
GIGLIOTTI POND,CARBON,RAINBOW,1016,10.86,5/2/2024,2024
GIGLIOTTI POND,CARBON,RAINBOW,496,9.21,6/13/2024,2024
GIGLIOTTI POND,CARBON,RAINBOW,451,11.37,9/24/2024,2024
GLASSMANS POND,WEBER,RAINBOW,201,9.55,3/25/2024,2024
GLASSMANS POND,WEBER,RAINBOW,200,9.52,4/15/2024,2024
GLASSMANS POND,WEBER,RAINBOW,200,9.57,4/29/2024,2024
GLASSMANS POND,WEBER,RAINBOW,400,9.75,5/20/2024,2024
GLASSMANS POND,WEBER,RAINBOW,219,9.93,9/23/2024,2024
GLASSMANS POND,WEBER,RAINBOW,300,9.75,10/16/2024,2024
GLENWOOD POND,SEVIER,RAINBOW,150,9.95,3/11/2024,2024
GLENWOOD POND,SEVIER,RAINBOW,102,10.39,5/7/2024,2024
GLENWOOD POND,SEVIER,RAINBOW,100,9.95,5/30/2024,2024
GLENWOOD POND,SEVIER,RAINBOW,101,10.09,6/27/2024,2024
GLENWOOD POND,SEVIER,RAINBOW,200,9.89,9/12/2024,2024
GLENWOOD POND,SEVIER,RAINBOW,99,10.17,9/26/2024,2024
GLENWOOD POND,SEVIER,RAINBOW,130,10.65,10/23/2024,2024
GOOD SKI LAKE (21ST PO),WEBER,RAINBOW,1000,10,3/12/2024,2024
GOOD SKI LAKE (21ST PO),WEBER,RAINBOW,1001,9.87,4/17/2024,2024
GOOD SKI LAKE (21ST PO),WEBER,RAINBOW,1001,10.32,5/7/2024,2024
GOOD SKI LAKE (21ST PO),WEBER,RAINBOW,860,11.75,5/17/2024,2024
GOOD SKI LAKE (21ST PO),WEBER,CHANNEL CATFISH,350,13.57,6/20/2024,2024
GOOD SKI LAKE (21ST PO),WEBER,RAINBOW,3300,10.17,10/30/2024,2024
GOOSEBERRY RES,SANPETE,RAINBOW,1302,10.6,6/4/2024,2024
GOOSEBERRY RES,SANPETE,RAINBOW,1302,10.6,6/4/2024,2024
GOOSEBERRY RES,SANPETE,RAINBOW,1397,10.6,6/19/2024,2024
GOOSEBERRY RES,SANPETE,RAINBOW,1000,10.77,7/8/2024,2024
GOOSEBERRY RES,SANPETE,RAINBOW,1000,10.77,9/9/2024,2024
GR-104,DAGGETT,GRAYLING ARCTIC,299,2.47,9/23/2024,2024
GR-152,SUMMIT,BROOK TROUT,497,2.93,6/26/2024,2024
GR-160,SUMMIT,BROOK TROUT,255,2.91,6/28/2024,2024
GR-161,SUMMIT,GRAYLING ARCTIC,199,2.47,9/25/2024,2024
GR-163,SUMMIT,GRAYLING ARCTIC,299,2.47,9/25/2024,2024
GR-164,SUMMIT,GRAYLING ARCTIC,299,2.47,9/25/2024,2024
GR-172,SUMMIT,GRAYLING ARCTIC,148,2.47,9/25/2024,2024
GR-173,SUMMIT,BROOK TROUT,401,2.91,6/28/2024,2024
GRANTSVILLE RES,TOOELE,RAINBOW,1248,10.14,3/20/2024,2024
GRANTSVILLE RES,TOOELE,RAINBOW,1248,10.14,3/20/2024,2024
GRANTSVILLE RES,TOOELE,RAINBOW,1254,10.44,4/11/2024,2024
GRANTSVILLE RES,TOOELE,RAINBOW,1254,10.44,4/11/2024,2024
GRANTSVILLE RES,TOOELE,RAINBOW,1248,10.14,4/24/2024,2024
GRANTSVILLE RES,TOOELE,RAINBOW,1248,10.14,4/25/2024,2024
GRANTSVILLE RES,TOOELE,RAINBOW,1254,10.96,5/15/2024,2024
GRANTSVILLE RES,TOOELE,RAINBOW,1254,10.96,5/15/2024,2024
GRANTSVILLE RES,TOOELE,RAINBOW,1260,11.16,6/10/2024,2024
GRANTSVILLE RES,TOOELE,RAINBOW,1260,11.16,6/10/2024,2024
GRANTSVILLE RES,TOOELE,RAINBOW,1250,11.37,7/1/2024,2024
GRANTSVILLE RES,TOOELE,RAINBOW,1250,11.37,7/1/2024,2024
GRANTSVILLE RES,TOOELE,RAINBOW,1600,10.77,9/11/2024,2024
GRANTSVILLE RES,TOOELE,RAINBOW,1038,12.6,9/12/2024,2024
GRANTSVILLE RES,TOOELE,RAINBOW,1038,12.6,9/12/2024,2024
GRANTSVILLE RES,TOOELE,RAINBOW,1038,12.6,9/12/2024,2024
GRANTSVILLE RES,TOOELE,RAINBOW,1200,11.86,11/6/2024,2024
GRANTSVILLE RES,TOOELE,RAINBOW,1200,11.86,11/6/2024,2024
GRASS L SB,GARFIELD,BROOK TROUT,152,2.62,6/25/2024,2024
GRASS L TLM,WAYNE,BROOK TROUT,109,2.84,7/22/2024,2024
GRASSY LAKE RES,SANPETE,RAINBOW,500,10.77,6/18/2024,2024
GRASSY LAKE RES,SANPETE,RAINBOW,500,10.77,6/18/2024,2024
GRASSY LAKE RES,SANPETE,RAINBOW,500,10.96,7/3/2024,2024
GRASSY LAKE RES,SANPETE,RAINBOW,501,9.41,7/17/2024,2024
GRASSY LAKE RES,SANPETE,TIGER TROUT,2489,4.27,7/31/2024,2024
GRASSY LAKE RES,SANPETE,RAINBOW,500,10.77,9/10/2024,2024
GREEN L EBS,GARFIELD,BROOK TROUT,152,2.62,6/25/2024,2024
GREEN L NBS,WAYNE,BROOK TROUT,506,2.63,6/24/2024,2024
GREEN R,DAGGETT,RAINBOW,1981,9.8,7/3/2024,2024
GREEN R,DAGGETT,RAINBOW,2354,9.75,7/3/2024,2024
GREEN R,DAGGETT,RAINBOW,4342,9.98,7/5/2024,2024
GREEN R,DAGGETT,RAINBOW,3810,9.8,7/5/2024,2024
GREEN R,DAGGETT,RAINBOW,15023,3.91,9/28/2024,2024
GUNNISON BEND RES,MILLARD,WALLEYE,39500,0.41,4/9/2024,2024
GUNNISON BEND RES,MILLARD,WALLEYE,86000,0.41,4/9/2024,2024
GUNNISON BEND RES,MILLARD,WALLEYE,9000,0.41,4/9/2024,2024
GUNNISON BEND RES,MILLARD,WALLEYE,83500,0.41,4/25/2024,2024
GUNNISON BEND RES,MILLARD,WALLEYE,15507,1.96,6/11/2024,2024
HACKING L GR-40,UINTAH,RAINBOW,251,10.26,7/6/2024,2024
HACKING L GR-40,UINTAH,TIGER TROUT,251,3.62,7/6/2024,2024
HACKING L GR-40,UINTAH,CUTTHROAT,248,1.48,9/23/2024,2024
HALF MOON L BTS,GARFIELD,BROOK TROUT,499,2.62,6/24/2024,2024
HALLS FK,UTAH,CUTTHROAT,3005,2.98,9/9/2024,2024
HAMILTON RES,SEVIER,BROOK TROUT,255,3.25,8/12/2024,2024
HAMILTON RES,SEVIER,TIGER TROUT,103,3.45,8/12/2024,2024
HAYDEN FK,SUMMIT,RAINBOW,264,10.14,7/2/2024,2024
HAYDEN FK,SUMMIT,RAINBOW,200,10,7/15/2024,2024
HAYDEN FK,SUMMIT,RAINBOW,207,10.28,7/29/2024,2024
"HEART L, NORTH NB",WAYNE,TIGER TROUT,61,2.91,7/15/2024,2024
"HEART L, SOUTH NBS",WAYNE,TIGER TROUT,61,2.91,7/15/2024,2024
HENDRICKSON L,IRON,BROOK TROUT,998,2.63,6/25/2024,2024
HIDDEN L,GRAND,RAINBOW,1038,10.47,5/20/2024,2024
HIDDEN L,GRAND,RAINBOW,1001,9.83,7/22/2024,2024
HIDDEN L A-15,SUMMIT,BROOK TROUT,796,2.9,7/3/2024,2024
HIGHLAND GLEN PARK P,UTAH,RAINBOW,204,11.86,2/21/2024,2024
HIGHLAND GLEN PARK P,UTAH,RAINBOW,204,10.6,3/11/2024,2024
HIGHLAND GLEN PARK P,UTAH,RAINBOW,205,10.98,3/25/2024,2024
HIGHLAND GLEN PARK P,UTAH,RAINBOW,204,10.77,4/2/2024,2024
HIGHLAND GLEN PARK P,UTAH,RAINBOW,204,10.77,4/9/2024,2024
HIGHLAND GLEN PARK P,UTAH,RAINBOW,204,10.77,4/19/2024,2024
HIGHLAND GLEN PARK P,UTAH,TIGER TROUT,990,9.53,4/22/2024,2024
HIGHLAND GLEN PARK P,UTAH,RAINBOW,204,10.77,4/22/2024,2024
HIGHLAND GLEN PARK P,UTAH,RAINBOW,204,10.77,4/30/2024,2024
HIGHLAND GLEN PARK P,UTAH,RAINBOW,205,11.26,5/6/2024,2024
HIGHLAND GLEN PARK P,UTAH,RAINBOW,205,11.26,5/13/2024,2024
HIGHLAND GLEN PARK P,UTAH,TIGER TROUT,496,9.63,5/16/2024,2024
HIGHLAND GLEN PARK P,UTAH,CHANNEL CATFISH,175,13.57,6/6/2024,2024
HIGHLAND GLEN PARK P,UTAH,CHANNEL CATFISH,150,13.57,6/6/2024,2024
HIGHLAND GLEN PARK P,UTAH,TIGER TROUT,500,10.19,6/11/2024,2024
HIGHLAND GLEN PARK P,UTAH,CHANNEL CATFISH,350,13.57,6/20/2024,2024
HIGHLAND GLEN PARK P,UTAH,TIGER TROUT,450,10.46,6/25/2024,2024
HIGHLAND GLEN PARK P,UTAH,CHANNEL CATFISH,150,13.57,9/5/2024,2024
HIGHLAND GLEN PARK P,UTAH,CHANNEL CATFISH,375,13.57,9/19/2024,2024
HIGHLAND GLEN PARK P,UTAH,BASS LARGEMOUTH,205,3,10/3/2024,2024
HIGHLAND GLEN PARK P,UTAH,SUNFISH BLUEGILL,1710,3.38,10/3/2024,2024
HIGHLAND GLEN PARK P,UTAH,BROOK TROUT,175,13.71,11/20/2024,2024
HIGHLAND GLEN PARK P,UTAH,BROOK TROUT,46,13.71,11/21/2024,2024
HINKINS POND,EMERY,RAINBOW,499,10.86,5/2/2024,2024
HINKINS POND,EMERY,BROWN TROUT,501,2.53,6/1/2024,2024
"HOBBLE CR, LEFT FK",UTAH,CUTTHROAT,805,2.46,9/9/2024,2024
"HOBBLE CR, RT FK",UTAH,CUTTHROAT,3030,2.46,9/9/2024,2024
HOBBS RESERVOIR,DAVIS,RAINBOW,900,9.48,5/1/2024,2024
HOBBS RESERVOIR,DAVIS,BROWN TROUT,5000,2.5,6/2/2024,2024
HOBBS RESERVOIR,DAVIS,RAINBOW,901,11.6,10/23/2024,2024
HOBBS RESERVOIR,DAVIS,LAKE TROUT,176,20.34,11/13/2024,2024
HOBBS RESERVOIR,DAVIS,LAKE TROUT,176,20.34,11/13/2024,2024
HOBBS RESERVOIR,DAVIS,LAKE TROUT,162,21.36,11/20/2024,2024
HOBBS RESERVOIR,DAVIS,LAKE TROUT,145,21.36,11/21/2024,2024
HOLMAN CR,UTAH,CUTTHROAT,1010,2.53,10/1/2024,2024
HOLMES CR,DAVIS,CUTTHROAT,1005,3.12,11/6/2024,2024
HOLMES CR RES,DAVIS,RAINBOW,1000,10.17,2/27/2024,2024
HOLMES CR RES,DAVIS,RAINBOW,1000,10.17,2/27/2024,2024
HOLMES CR RES,DAVIS,RAINBOW,1999,9.52,3/12/2024,2024
HOLMES CR RES,DAVIS,RAINBOW,500,9.75,5/17/2024,2024
HOOP L,SUMMIT,RAINBOW,2240,12.13,5/28/2024,2024
HOOP L,SUMMIT,RAINBOW,7975,4.42,6/17/2024,2024
HOOP L,SUMMIT,TIGER TROUT,600,9.41,6/17/2024,2024
HOOP L,SUMMIT,RAINBOW,408,12.25,6/17/2024,2024
HORSESHOE L BTS,GARFIELD,BROOK TROUT,305,2.62,6/24/2024,2024
HORSESHOE L BTS,GARFIELD,TIGER TROUT,52,2.68,6/24/2024,2024
HUNTINGTON CR,EMERY,CUTTHROAT,24708,2.16,10/31/2024,2024
HUNTINGTON NORTH RES,EMERY,RAINBOW,1507,10.44,4/9/2024,2024
HUNTINGTON NORTH RES,EMERY,RAINBOW,1507,10.44,4/9/2024,2024
HUNTINGTON NORTH RES,EMERY,BROWN TROUT,1031,2.59,4/18/2024,2024
HUNTINGTON NORTH RES,EMERY,CHANNEL CATFISH,1500,13.57,6/6/2024,2024
HUNTINGTON NORTH RES,EMERY,CHANNEL CATFISH,1500,13.57,6/20/2024,2024
HUNTINGTON NORTH RES,EMERY,RAINBOW,1520,10.96,9/23/2024,2024
HUNTINGTON NORTH RES,EMERY,RAINBOW,1520,10.96,9/23/2024,2024
HUNTINGTON RES,SANPETE,WIPER,9990,2.04,7/17/2024,2024
HUNTINGTON RES,SANPETE,TIGER TROUT,10065,4.27,7/30/2024,2024
HUNTINGTON RES,SANPETE,SPLAKE,5027,2.76,8/6/2024,2024
HYRUM RES,CACHE,RAINBOW,4000,11.58,4/17/2024,2024
HYRUM RES,CACHE,RAINBOW,600,11.28,5/2/2024,2024
HYRUM RES,CACHE,WIPER,17500,0.32,6/12/2024,2024
HYRUM RES,CACHE,WIPER,15400,0.32,6/12/2024,2024
HYRUM RES,CACHE,RAINBOW,7200,10.45,10/30/2024,2024
HYRUM RES,CACHE,RAINBOW,3332,10.59,11/4/2024,2024
HYRUM RES,CACHE,RAINBOW,1666,10.59,11/4/2024,2024
HYRUM RES,CACHE,RAINBOW,3000,10.55,11/5/2024,2024
HYRUM RES,CACHE,RAINBOW,1707,10.5,11/8/2024,2024
Harrisville City Pond,WEBER,RAINBOW,800,9.52,3/27/2024,2024
Harrisville City Pond,WEBER,RAINBOW,200,11.27,8/27/2024,2024
Harrisville City Pond,WEBER,RAINBOW,299,10.9,10/8/2024,2024
INDIAN CR,WASATCH,CUTTHROAT,25500,3.23,9/25/2024,2024
INDIAN CR,WASATCH,CUTTHROAT,25500,3.23,9/25/2024,2024
INDIAN CR,WASATCH,CUTTHROAT,25500,3.23,9/25/2024,2024
INDIAN CR RES,BEAVER,RAINBOW,1012,10.24,5/13/2024,2024
INDIAN CR RES,BEAVER,TIGER TROUT,1001,9.74,6/20/2024,2024
IRON MINE L D-33,WASATCH,RAINBOW,504,12.25,6/19/2024,2024
IRON MINE L D-33,WASATCH,TIGER TROUT,544,9.21,6/19/2024,2024
ISLAND L A-57,SUMMIT,CUTTHROAT,3046,2.4,9/24/2024,2024
JACKS L A-13,SUMMIT,BROOK TROUT,122,2.9,7/3/2024,2024
JACKSON FLAT RES.,KANE,RAINBOW,23161,2.16,4/23/2024,2024
JACKSON FLAT RES.,KANE,CRAPPIE BLACK,10008,2.75,5/16/2024,2024
JACKSON FLAT RES.,KANE,CRAPPIE BLACK,274,8.54,7/1/2024,2024
JACKSON FLAT RES.,KANE,SUNFISH BLUEGILL,14,7.14,7/1/2024,2024
JACKSON FLAT RES.,KANE,CUTTHROAT,45,8.52,7/2/2024,2024
JACKSON FLAT RES.,KANE,SUNFISH BLUEGILL,307,7.11,7/2/2024,2024
JACKSON FLAT RES.,KANE,SUNFISH BLUEGILL,236,10.03,8/26/2024,2024
JACKSON FLAT RES.,KANE,CRAPPIE BLACK,38,8.98,8/26/2024,2024
JACKSON FLAT RES.,KANE,CHANNEL CATFISH,1000,10.77,9/5/2024,2024
JACKSON FLAT RES.,KANE,CHANNEL CATFISH,500,13.57,9/19/2024,2024
JACKSON FLAT RES.,KANE,RAINBOW,2650,10.56,10/7/2024,2024
JACKSON FLAT RES.,KANE,RAINBOW,101,20.05,10/9/2024,2024
JACKSON FLAT RES.,KANE,BROWN TROUT,905,14.44,10/10/2024,2024
JACKSON FLAT RES.,KANE,CHANNEL CATFISH,1980,4.81,10/31/2024,2024
JAMES L A-31,SUMMIT,BROOK TROUT,204,2.9,7/3/2024,2024
JEAN L W-58,SUMMIT,GRAYLING ARCTIC,148,2.47,9/25/2024,2024
JENSEN NATURE PARK POND,DAVIS,BROOK TROUT,320,15.21,1/22/2024,2024
JENSEN NATURE PARK POND,DAVIS,RAINBOW,599,11.16,2/21/2024,2024
JENSEN NATURE PARK POND,DAVIS,RAINBOW,300,17.1,2/28/2024,2024
JENSEN NATURE PARK POND,DAVIS,RAINBOW,599,9.68,3/4/2024,2024
JENSEN NATURE PARK POND,DAVIS,RAINBOW,684,9.52,3/18/2024,2024
JENSEN NATURE PARK POND,DAVIS,RAINBOW,600,9.52,4/1/2024,2024
JENSEN NATURE PARK POND,DAVIS,RAINBOW,516,9.52,4/15/2024,2024
JENSEN NATURE PARK POND,DAVIS,RAINBOW,502,9.57,4/29/2024,2024
JENSEN NATURE PARK POND,DAVIS,RAINBOW,500,9.75,5/20/2024,2024
JENSEN NATURE PARK POND,DAVIS,WIPER,300,8.22,5/23/2024,2024
JENSEN NATURE PARK POND,DAVIS,RAINBOW,499,10.44,6/3/2024,2024
JENSEN NATURE PARK POND,DAVIS,RAINBOW,2000,9.93,9/24/2024,2024
JENSEN NATURE PARK POND,DAVIS,TIGER TROUT,414,11.16,10/16/2024,2024
JENSEN NATURE PARK POND,DAVIS,RAINBOW,999,9.75,10/22/2024,2024
JENSEN NATURE PARK POND,DAVIS,RAINBOW,799,9.75,11/18/2024,2024
JERRY L W-28,SUMMIT,BROOK TROUT,398,2.9,7/2/2024,2024
JESSON L GR-1,SUMMIT,TIGER TROUT,634,3.64,6/26/2024,2024
JEWKES-VAN BUREN L,SANPETE,TIGER TROUT,988,4.27,7/31/2024,2024
JEWKES-VAN BUREN L,SANPETE,BROOK TROUT,1000,3.31,8/6/2024,2024
JOAN L Z-19,DUCHESNE,BROOK TROUT,500,2.9,7/3/2024,2024
JOE LAY L NCL,GARFIELD,BROOK TROUT,194,2.62,6/25/2024,2024
JOES VALLEY RES,EMERY,MUSKIE TIGER,25307,2.95,4/24/2024,2024
JOES VALLEY RES,EMERY,RAINBOW,12470,3.61,4/25/2024,2024
JOES VALLEY RES,EMERY,RAINBOW,12470,3.61,4/25/2024,2024
JOES VALLEY RES,EMERY,SPLAKE,18802,3.76,9/16/2024,2024
JOES VALLEY RES,EMERY,SPLAKE,18802,3.76,9/18/2024,2024
JOES VALLEY RES,EMERY,SPLAKE,17459,3.76,9/19/2024,2024
JOHN L A-30,SUMMIT,BROOK TROUT,296,2.9,7/3/2024,2024
JOHNSON RES,SEVIER,MUSKIE TIGER,1169,3.66,5/13/2024,2024
JOHNSON RES,SEVIER,MUSKIE TIGER,1166,3.1,5/13/2024,2024
JOHNSON RES,SEVIER,MUSKIE TIGER,1168,3.19,5/13/2024,2024
JOHNSON RES,SEVIER,MUSKIE TIGER,1010,3.96,5/20/2024,2024
JORDAN L Z-35,DUCHESNE,BROOK TROUT,1795,2.9,7/3/2024,2024
JORDAN R,SALT LAKE,CHANNEL CATFISH,200,13.57,9/5/2024,2024
JORDAN R,SALT LAKE,CHANNEL CATFISH,150,13.57,9/5/2024,2024
JORDAN R,SALT LAKE,CHANNEL CATFISH,200,13.57,9/19/2024,2024
JORDANELLE RES,WASATCH,RAINBOW,1089,12.37,4/29/2024,2024
JORDANELLE RES,WASATCH,RAINBOW,1984,13.19,4/29/2024,2024
JORDANELLE RES,WASATCH,RAINBOW,2325,12.6,4/29/2024,2024
JORDANELLE RES,WASATCH,RAINBOW,2313,12.6,4/29/2024,2024
JORDANELLE RES,WASATCH,RAINBOW,1172,13.19,4/29/2024,2024
JORDANELLE RES,WASATCH,RAINBOW,1407,12.31,4/30/2024,2024
JORDANELLE RES,WASATCH,RAINBOW,2376,12.37,4/30/2024,2024
JORDANELLE RES,WASATCH,RAINBOW,1056,12.37,4/30/2024,2024
JORDANELLE RES,WASATCH,RAINBOW,1282,12.6,4/30/2024,2024
JORDANELLE RES,WASATCH,RAINBOW,3250,12.6,4/30/2024,2024
JORDANELLE RES,WASATCH,RAINBOW,4824,12.31,5/1/2024,2024
JORDANELLE RES,WASATCH,RAINBOW,1072,12.31,5/1/2024,2024
JORDANELLE RES,WASATCH,KOKANEE,129495,2.85,5/7/2024,2024
JORDANELLE RES,WASATCH,MUSKIE TIGER,2000,4.4,6/5/2024,2024
JORDANELLE RES,WASATCH,MUSKIE TIGER,15824,6.72,7/10/2024,2024
JORDANELLE RES,WASATCH,WIPER,24840,2.04,7/18/2024,2024
JORDANELLE RES,WASATCH,RAINBOW,33916,3.12,8/19/2024,2024
JORDANELLE RES,WASATCH,RAINBOW,1634,11.33,9/24/2024,2024
JORDANELLE RES,WASATCH,RAINBOW,2924,11.33,9/25/2024,2024
JORDANELLE RES,WASATCH,RAINBOW,10002,10.84,10/2/2024,2024
JORDANELLE RES,WASATCH,SPLAKE,129969,3.97,10/17/2024,2024
JUNIOR L A-56,SUMMIT,CUTTHROAT,329,2.4,9/24/2024,2024
KATY L WR-34,DUCHESNE,CUTTHROAT,898,1.48,9/23/2024,2024
KAYSVILLE STAKE POND,DAVIS,RAINBOW,200,20.05,1/23/2024,2024
KAYSVILLE STAKE POND,DAVIS,RAINBOW,500,10.18,2/26/2024,2024
KAYSVILLE STAKE POND,DAVIS,RAINBOW,499,9.55,3/25/2024,2024
KAYSVILLE STAKE POND,DAVIS,RAINBOW,501,9.43,4/8/2024,2024
KAYSVILLE STAKE POND,DAVIS,RAINBOW,499,9.57,4/22/2024,2024
KAYSVILLE STAKE POND,DAVIS,RAINBOW,700,9.55,5/6/2024,2024
KAYSVILLE STAKE POND,DAVIS,RAINBOW,699,9.75,5/20/2024,2024
KAYSVILLE STAKE POND,DAVIS,WIPER,300,8.22,5/23/2024,2024
KAYSVILLE STAKE POND,DAVIS,CHANNEL CATFISH,252,13.57,6/6/2024,2024
KAYSVILLE STAKE POND,DAVIS,ALL TROUT,300,13.57,9/19/2024,2024
KAYSVILLE STAKE POND,DAVIS,RAINBOW,2499,9.93,9/24/2024,2024
KAYSVILLE STAKE POND,DAVIS,RAINBOW,2001,9.75,10/22/2024,2024
KAYSVILLE STAKE POND,DAVIS,RAINBOW,751,9.75,11/4/2024,2024
KENS L,SAN JUAN,RAINBOW,3250,9.95,3/11/2024,2024
KENS L,SAN JUAN,RAINBOW,759,10.24,4/16/2024,2024
KENS L,SAN JUAN,RAINBOW,3512,9.7,9/9/2024,2024
KENS L,SAN JUAN,RAINBOW,620,10.65,10/21/2024,2024
"KENTS L, LOWER",BEAVER,TIGER TROUT,126,3.76,7/9/2024,2024
"KENTS L, LOWER",BEAVER,BROOK TROUT,339,2.96,7/16/2024,2024
"KENTS L, LOWER",BEAVER,RAINBOW,300,4.62,7/16/2024,2024
"KENTS L, MIDDLE",BEAVER,RAINBOW,1001,7.7,5/23/2024,2024
"KENTS L, MIDDLE",BEAVER,RAINBOW,1024,7.81,6/11/2024,2024
"KENTS L, MIDDLE",BEAVER,RAINBOW,1013,8.51,6/26/2024,2024
"KENTS L, MIDDLE",BEAVER,RAINBOW,1083,8.54,7/8/2024,2024
"KENTS L, MIDDLE",BEAVER,TIGER TROUT,810,9.49,7/9/2024,2024
"KENTS L, MIDDLE",BEAVER,SPLAKE,802,3.03,7/16/2024,2024
"KENTS L, MIDDLE",BEAVER,RAINBOW,1876,9,7/29/2024,2024
"KENTS L, UPPER",BEAVER,TIGER TROUT,510,2.91,7/16/2024,2024
"KENTS L, UPPER",BEAVER,CUTTHROAT,3500,2.25,11/6/2024,2024
KIDNEY L X-35,DUCHESNE,CUTTHROAT,17962,1.85,9/23/2024,2024
KIDNEY POND,SALT LAKE,RAINBOW,126,16.67,1/23/2024,2024
KIDNEY POND,SALT LAKE,RAINBOW,151,9.75,2/21/2024,2024
KIDNEY POND,SALT LAKE,RAINBOW,151,9.52,4/1/2024,2024
KIDNEY POND,SALT LAKE,RAINBOW,149,9.43,4/8/2024,2024
KIDNEY POND,SALT LAKE,RAINBOW,151,9.57,4/23/2024,2024
KIDNEY POND,SALT LAKE,RAINBOW,151,9.57,4/30/2024,2024
KIDNEY POND,SALT LAKE,RAINBOW,149,9.55,5/6/2024,2024
KIDNEY POND,SALT LAKE,RAINBOW,149,9.55,5/13/2024,2024
KIDNEY POND,SALT LAKE,RAINBOW,151,9.75,5/27/2024,2024
KIDNEY POND,SALT LAKE,CHANNEL CATFISH,125,13.57,6/6/2024,2024
KIDNEY POND,SALT LAKE,CHANNEL CATFISH,120,13.57,6/20/2024,2024
KIDNEY POND,SALT LAKE,CHANNEL CATFISH,100,13.57,9/5/2024,2024
KIDNEY POND,SALT LAKE,RAINBOW,300,10,9/16/2024,2024
KIDNEY POND,SALT LAKE,RAINBOW,300,10,9/18/2024,2024
KIDNEY POND,SALT LAKE,CHANNEL CATFISH,225,13.57,9/19/2024,2024
KIDNEY POND,SALT LAKE,RAINBOW,300,9.75,9/30/2024,2024
KIDNEY POND,SALT LAKE,RAINBOW,111,16.77,11/19/2024,2024
KNIGHT IDEAL POND,CARBON,RAINBOW,357,10.86,5/2/2024,2024
KNIGHT IDEAL POND,CARBON,RAINBOW,142,10.86,5/2/2024,2024
KNIGHT IDEAL POND,CARBON,CHANNEL CATFISH,800,10.77,6/6/2024,2024
KNIGHT IDEAL POND,CARBON,RAINBOW,496,9.21,6/13/2024,2024
KNIGHT IDEAL POND,CARBON,RAINBOW,1071,11.37,9/24/2024,2024
KOLOB RES,WASHINGTON,RAINBOW,3752,9.52,6/13/2024,2024
KOLOB RES,WASHINGTON,TIGER TROUT,1015,3.44,7/12/2024,2024
KOLOB RES,WASHINGTON,RAINBOW,5003,2.95,7/12/2024,2024
KOLOB RES,WASHINGTON,RAINBOW,504,8.17,7/12/2024,2024
KOLOB RES,WASHINGTON,BROOK TROUT,502,3.37,8/15/2024,2024
KOOSHAREM RES,SEVIER,CUTTHROAT,5555,8.22,3/18/2024,2024
KOOSHAREM RES,SEVIER,RAINBOW,2162,9.55,5/7/2024,2024
KOOSHAREM RES,SEVIER,RAINBOW,2162,9.55,5/7/2024,2024
KOOSHAREM RES,SEVIER,RAINBOW,1679,9.55,5/15/2024,2024
KOOSHAREM RES,SEVIER,SPLAKE,2000,2.67,7/8/2024,2024
KOOSHAREM RES,SEVIER,TIGER TROUT,2760,3.28,7/11/2024,2024
KOOSHAREM RES,SEVIER,TIGER TROUT,2050,5.59,10/28/2024,2024
LA SAL CR,SAN JUAN,CUTTHROAT,1502,2.41,8/8/2024,2024
LA SAL CR,SAN JUAN,CUTTHROAT,1362,2.79,8/8/2024,2024
LABARON RES,BEAVER,BROOK TROUT,1034,2.89,7/16/2024,2024
LABARON RES,BEAVER,TIGER TROUT,255,2.91,7/16/2024,2024
LAKE CANYON L,DUCHESNE,CUTTHROAT,501,5.44,6/2/2024,2024
LAKE CANYON L,DUCHESNE,TIGER TROUT,601,3.31,6/2/2024,2024
LAKE CANYON L,DUCHESNE,CUTTHROAT,1001,5.2,6/2/2024,2024
LAKE CYN,DUCHESNE,CUTTHROAT,93,7.43,10/23/2024,2024
LAKE CYN,DUCHESNE,CUTTHROAT,907,2.04,10/23/2024,2024
LAKE FK R,DUCHESNE,RAINBOW,400,10.08,6/21/2024,2024
LAKE FK R,DUCHESNE,RAINBOW,401,10.14,6/25/2024,2024
LAKE FK R,DUCHESNE,RAINBOW,400,10.12,6/26/2024,2024
LAKE FK R,DUCHESNE,CUTTHROAT,212,6.06,10/1/2024,2024
LAKE FK R,DUCHESNE,CUTTHROAT,716,1.59,10/1/2024,2024
LAKETOWN RES,RICH,RAINBOW,1000,11.39,4/23/2024,2024
LAKETOWN RES,RICH,RAINBOW,1000,12.63,8/29/2024,2024
LAMBERT L LF-21,DUCHESNE,BROOK TROUT,699,2.93,6/26/2024,2024
LAMBERT MEADOW L A-2,SUMMIT,BROOK TROUT,153,2.9,7/3/2024,2024
LARVAE L WR-12,DUCHESNE,BROOK TROUT,403,2.93,6/26/2024,2024
LECONTE L Z-33,DUCHESNE,CUTTHROAT,1404,1.48,9/23/2024,2024
LEDGE L BTS,GARFIELD,BROOK TROUT,194,2.62,6/24/2024,2024
LEDGE L X-113,DUCHESNE,CUTTHROAT,310,1.48,9/23/2024,2024
LEIGH HILL RES,IRON,RAINBOW,1107,10.55,2/28/2024,2024
LEIGH HILL RES,IRON,RAINBOW,1107,10.55,2/28/2024,2024
LEIGH HILL RES,IRON,RAINBOW,788,10.55,2/29/2024,2024
LEIGH HILL RES,IRON,RAINBOW,502,16.67,4/4/2024,2024
LEIGH HILL RES,IRON,MUSKIE TIGER,29,4.79,6/6/2024,2024
LEIGH HILL RES,IRON,CHANNEL CATFISH,1000,10.77,9/5/2024,2024
LEIGH HILL RES,IRON,CHANNEL CATFISH,500,13.57,9/19/2024,2024
LEIGH HILL RES,IRON,RAINBOW,657,9.96,10/23/2024,2024
LEIGH HILL RES,IRON,RAINBOW,1364,9.96,10/23/2024,2024
LF-43,DUCHESNE,BROOK TROUT,249,2.93,6/26/2024,2024
LILLIAN L A-43,SUMMIT,BROOK TROUT,204,2.9,7/3/2024,2024
LILLY L A-58,SUMMIT,RAINBOW,299,12.25,6/19/2024,2024
LILLY L A-58,SUMMIT,TIGER TROUT,252,9.87,6/20/2024,2024
LILLY L A-58,SUMMIT,RAINBOW,360,11.16,6/25/2024,2024
LILLY L A-58,SUMMIT,RAINBOW,306,11.16,7/1/2024,2024
LILLY L A-58,SUMMIT,TIGER TROUT,250,10,7/3/2024,2024
LILLY L A-58,SUMMIT,TIGER TROUT,250,10,7/8/2024,2024
LILLY L A-58,SUMMIT,TIGER TROUT,259,10.21,7/15/2024,2024
LILLY L A-58,SUMMIT,RAINBOW,300,10,7/15/2024,2024
LILLY L A-58,SUMMIT,RAINBOW,207,10.28,7/29/2024,2024
LILLY L A-58,SUMMIT,TIGER TROUT,170,10.56,7/31/2024,2024
LILLY L A-58,SUMMIT,RAINBOW,161,10.28,8/5/2024,2024
LILLY L A-58,SUMMIT,RAINBOW,161,10.28,8/14/2024,2024
LILLY L A-58,SUMMIT,TIGER TROUT,213,10.55,8/19/2024,2024
LILLY L A-58,SUMMIT,RAINBOW,309,11.02,8/28/2024,2024
LILY L BR-11,SUMMIT,RAINBOW,1075,10.52,6/5/2024,2024
LILY L BR-11,SUMMIT,RAINBOW,864,10.14,7/2/2024,2024
LILY L BR-11,SUMMIT,RAINBOW,747,10.28,7/23/2024,2024
LILY L LOWER A-25,SUMMIT,BROOK TROUT,153,2.9,7/3/2024,2024
"LILY PAD,LOWER DG-26",DUCHESNE,BROOK TROUT,450,2.93,6/26/2024,2024
"LILY PAD,UPPER DG-25",DUCHESNE,BROOK TROUT,1102,2.93,6/26/2024,2024
"LILY PAD,UPPER DG-25",DUCHESNE,BROOK TROUT,109,2.91,6/28/2024,2024
LITTLE ANTIMONY EMW,GARFIELD,TIGER TROUT,52,2.89,7/23/2024,2024
LITTLE BLUE,SANPETE,BROOK TROUT,100,2.71,7/1/2024,2024
LITTLE BRUSH CR,UINTAH,RAINBOW,366,9.84,6/11/2024,2024
LITTLE BRUSH CR,UINTAH,RAINBOW,299,10,6/27/2024,2024
LITTLE CR RES,RICH,RAINBOW,3802,9.87,4/23/2024,2024
LITTLE CR RES,RICH,RAINBOW,2802,11,11/5/2024,2024
LITTLE CR RES,RICH,RAINBOW,1401,11,11/5/2024,2024
LITTLE DEER CR,WASATCH,CUTTHROAT,5001,2.4,9/24/2024,2024
LITTLE DEER CR L D47,WASATCH,BROOK TROUT,296,2.9,7/9/2024,2024
LITTLE DELL RES,SALT LAKE,CUTTHROAT,10298,7.25,6/11/2024,2024
LITTLE DELL RES,SALT LAKE,CUTTHROAT,10875,7.25,6/11/2024,2024
LITTLE DELL RES,SALT LAKE,BROOK TROUT,6226,3.83,7/16/2024,2024
LITTLE DELL RES,SALT LAKE,CUTTHROAT,10560,2.7,11/6/2024,2024
LITTLE DELL RES,SALT LAKE,CUTTHROAT,13541,2.7,11/6/2024,2024
LITTLE DELL RES,SALT LAKE,CUTTHROAT,2328,2.59,11/6/2024,2024
LITTLE DIAMOND CR,UTAH,CUTTHROAT,800,2.98,9/9/2024,2024
LITTLE DOG L X-33,DUCHESNE,BROOK TROUT,699,2.93,6/26/2024,2024
LITTLE MONTES RES,UINTAH,RAINBOW,250,17.1,4/10/2024,2024
LITTLE MONTES RES,UINTAH,GRASS CARP STERILE,55,10,5/16/2024,2024
LITTLE MONTES RES,UINTAH,CHANNEL CATFISH,400,13.57,9/5/2024,2024
LITTLE MONTES RES,UINTAH,CHANNEL CATFISH,400,13.57,9/5/2024,2024
LITTLE MONTES RES,UINTAH,RAINBOW,894,12.1,10/13/2024,2024
LITTLE MONTES RES,UINTAH,BROOK TROUT,282,13.71,11/20/2024,2024
LITTLE RES,BEAVER,BROWN TROUT,273,2.59,4/18/2024,2024
LITTLE RES,BEAVER,RAINBOW,503,7.7,5/23/2024,2024
LITTLE RES,BEAVER,RAINBOW,525,7.81,6/11/2024,2024
LITTLE RES,BEAVER,TIGER TROUT,857,8.73,6/14/2024,2024
LITTLE RES,BEAVER,TIGER TROUT,1150,8.73,6/14/2024,2024
LITTLE RES,BEAVER,RAINBOW,506,8.51,6/26/2024,2024
LITTLE RES,BEAVER,RAINBOW,561,8.54,7/8/2024,2024
LITTLE RES,BEAVER,RAINBOW,909,9,7/29/2024,2024
LITTLE SCOUT L EB,GARFIELD,BROOK TROUT,205,2.63,6/24/2024,2024
LLOYDS L,SAN JUAN,RAINBOW,3900,9.95,4/4/2024,2024
LLOYDS L,SAN JUAN,RAINBOW,2001,9.7,9/10/2024,2024
LOFTY L W-41,SUMMIT,CUTTHROAT,412,2.4,9/24/2024,2024
LOG POND #1,SANPETE,BROOK TROUT,125,2.71,7/1/2024,2024
LOGAN R,CACHE,RAINBOW,1000,11.99,6/6/2024,2024
LOGAN R,CACHE,RAINBOW,450,11.99,6/6/2024,2024
LOGAN R,CACHE,RAINBOW,900,11.99,6/6/2024,2024
LOGAN R,CACHE,RAINBOW,950,12.53,6/27/2024,2024
LOGAN R,CACHE,RAINBOW,950,12.53,6/27/2024,2024
LOGAN R,CACHE,RAINBOW,375,12.53,6/27/2024,2024
LOGAN R,CACHE,RAINBOW,375,12.77,7/12/2024,2024
LOGAN R,CACHE,RAINBOW,950,12.78,7/12/2024,2024
LOGAN R,CACHE,RAINBOW,950,12.78,7/12/2024,2024
LOGAN R,CACHE,RAINBOW,950,12.88,7/26/2024,2024
LOGAN R,CACHE,RAINBOW,950,12.88,7/26/2024,2024
LOGAN R,CACHE,RAINBOW,375,12.88,7/26/2024,2024
LOGAN R,CACHE,RAINBOW,950,12.19,8/8/2024,2024
LOGAN R,CACHE,RAINBOW,950,12.19,8/8/2024,2024
LOGAN R,CACHE,RAINBOW,375,12.19,8/8/2024,2024
LOGAN R,CACHE,RAINBOW,950,12.34,8/23/2024,2024
LOGAN R,CACHE,RAINBOW,375,12.34,8/23/2024,2024
LOGAN R,CACHE,RAINBOW,950,12.34,8/23/2024,2024
LOGAN R,CACHE,RAINBOW,950,12.5,9/9/2024,2024
LOGAN R,CACHE,RAINBOW,375,12.5,9/9/2024,2024
LOGAN R,CACHE,RAINBOW,950,12.5,9/9/2024,2024
LOGAN R,CACHE,RAINBOW,520,9.97,9/19/2024,2024
LOGAN R,CACHE,RAINBOW,1000,9.97,9/19/2024,2024
LOGAN R,CACHE,RAINBOW,1000,9.97,9/19/2024,2024
LOGAN R,CACHE,RAINBOW,412,9.98,10/4/2024,2024
LOGAN R,CACHE,RAINBOW,412,9.98,10/4/2024,2024
LONG PARK RES,DAGGETT,RAINBOW,100,12.25,6/7/2024,2024
LONG PARK RES,DAGGETT,BROOK TROUT,2500,3.18,6/12/2024,2024
LONG PARK RES,DAGGETT,TIGER TROUT,499,3.29,6/12/2024,2024
LONG PARK RES,DAGGETT,RAINBOW,36,13.17,6/12/2024,2024
LONG PARK RES,DAGGETT,RAINBOW,5069,6.81,9/5/2024,2024
LONG WILLOW BOTTOMS,GARFIELD,CUTTHROAT,500,1.69,9/26/2024,2024
LOST CR RES,MORGAN,RAINBOW,4500,12.6,4/30/2024,2024
LOST CR RES,MORGAN,RAINBOW,1501,12.31,5/1/2024,2024
LOST CR RES,MORGAN,CUTTHROAT,3070,9.98,5/6/2024,2024
LOST CR RES,MORGAN,KOKANEE,19594,3.3,5/6/2024,2024
LOST CR RES,MORGAN,CUTTHROAT,7399,9.98,5/8/2024,2024
LOST CR RES,MORGAN,TIGER TROUT,3024,9.63,5/16/2024,2024
LOST CR RES,MORGAN,SPLAKE,5033,3.03,7/17/2024,2024
LOST CREEK RESERVOIR,SEVIER,TIGER TROUT,5000,2.25,4/24/2024,2024
LOST CREEK RESERVOIR,SEVIER,TIGER TROUT,515,9,7/3/2024,2024
LOST L A-59,SUMMIT,RAINBOW,1156,12.25,6/17/2024,2024
LOST L A-59,SUMMIT,TIGER TROUT,1500,10,6/26/2024,2024
LOST L A-59,SUMMIT,RAINBOW,1404,11.16,7/1/2024,2024
LOST L A-59,SUMMIT,TIGER TROUT,658,10.21,7/15/2024,2024
LOST L A-59,SUMMIT,BROOK TROUT,1986,3.78,7/16/2024,2024
LOST L A-59,SUMMIT,RAINBOW,851,10.28,7/22/2024,2024
LOST L A-59,SUMMIT,TIGER TROUT,657,10.56,7/31/2024,2024
LOST L A-59,SUMMIT,TIGER TROUT,756,10.55,8/12/2024,2024
LOST L Z-29,DUCHESNE,BROOK TROUT,1506,2.91,6/28/2024,2024
LOST L(GOVERNMNT)NBS,WAYNE,BROOK TROUT,305,2.62,6/24/2024,2024
LOUDER RANGER STA,IRON,TIGER TROUT,103,9,7/1/2024,2024
LOVENIA L W-23,SUMMIT,BROOK TROUT,296,2.9,7/2/2024,2024
LOWER WPA,SANPETE,BROOK TROUT,301,2.71,7/1/2024,2024
"LYMAN L, LOWER G-25",SUMMIT,RAINBOW,822,9.91,6/4/2024,2024
"LYMAN L, LOWER G-25",SUMMIT,RAINBOW,864,11.16,6/24/2024,2024
"LYMAN L, LOWER G-25",SUMMIT,BROOK TROUT,3494,3.71,7/17/2024,2024
"LYMAN L, LOWER G-25",SUMMIT,RAINBOW,656,10.28,7/23/2024,2024
"LYMAN L, UPPER G-27",SUMMIT,RAINBOW,771,9.91,6/4/2024,2024
"LYMAN L, UPPER G-27",SUMMIT,RAINBOW,756,11.16,6/24/2024,2024
"LYMAN L, UPPER G-27",SUMMIT,BROOK TROUT,1998,3.71,7/17/2024,2024
MABA L Z-8,DUCHESNE,BROOK TROUT,296,2.9,7/2/2024,2024
MAIN CR,WASATCH,CUTTHROAT,3046,2.4,9/24/2024,2024
MAMMOTH CR,GARFIELD,RAINBOW,258,10.47,5/14/2024,2024
MAMMOTH CR,GARFIELD,BROWN TROUT,3185,3.46,5/14/2024,2024
MAMMOTH CR,GARFIELD,TIGER TROUT,501,8.99,6/12/2024,2024
MAMMOTH CR,GARFIELD,RAINBOW,260,9.83,7/18/2024,2024
MANILA CREEK PARK POND,UTAH,RAINBOW,470,9.75,2/21/2024,2024
MANILA CREEK PARK POND,UTAH,RAINBOW,470,10.18,2/26/2024,2024
MANILA CREEK PARK POND,UTAH,RAINBOW,468,9.55,3/25/2024,2024
MANILA CREEK PARK POND,UTAH,RAINBOW,468,9.55,3/27/2024,2024
MANILA CREEK PARK POND,UTAH,RAINBOW,470,9.52,4/15/2024,2024
MANILA CREEK PARK POND,UTAH,RAINBOW,470,9.57,4/22/2024,2024
MANILA CREEK PARK POND,UTAH,RAINBOW,470,9.57,4/30/2024,2024
MANILA CREEK PARK POND,UTAH,RAINBOW,468,9.55,5/6/2024,2024
MANILA CREEK PARK POND,UTAH,RAINBOW,468,9.55,5/13/2024,2024
MANILA CREEK PARK POND,UTAH,RAINBOW,470,9.75,5/27/2024,2024
MANILA CREEK PARK POND,UTAH,TIGER TROUT,594,10.19,6/11/2024,2024
MANILA CREEK PARK POND,UTAH,RAINBOW,469,10.44,6/18/2024,2024
MANILA CREEK PARK POND,UTAH,TIGER TROUT,500,10.46,6/25/2024,2024
MANILA CREEK PARK POND,UTAH,RAINBOW,469,10.44,7/8/2024,2024
MANILA CREEK PARK POND,UTAH,RAINBOW,469,10.44,7/26/2024,2024
MANILA CREEK PARK POND,UTAH,RAINBOW,688,10,8/30/2024,2024
MANILA CREEK PARK POND,UTAH,RAINBOW,690,10,9/16/2024,2024
MANILA CREEK PARK POND,UTAH,RAINBOW,689,9.75,9/28/2024,2024
MANILA CREEK PARK POND,UTAH,RAINBOW,689,9.75,10/8/2024,2024
MANNING MEADOW RES,PIUTE,CUTTHROAT,14040,1.64,9/16/2024,2024
MANTI CR,SANPETE,CUTTHROAT,12000,1.93,9/17/2024,2024
MANTUA RES,BOX ELDER,RAINBOW,5000,11.58,4/16/2024,2024
MANTUA RES,BOX ELDER,RAINBOW,2688,12.5,9/12/2024,2024
MANTUA RES,BOX ELDER,RAINBOW,2520,9.97,9/16/2024,2024
MANTUA RES,BOX ELDER,RAINBOW,250,10.55,10/18/2024,2024
MANTUA RES,BOX ELDER,RAINBOW,1304,10.55,10/22/2024,2024
MANTUA RES,BOX ELDER,RAINBOW,3246,10.17,10/28/2024,2024
MAPLE GROVE SPRINGS,MILLARD,RAINBOW,200,9.95,3/27/2024,2024
MAPLE GROVE SPRINGS,MILLARD,RAINBOW,301,10.24,5/15/2024,2024
MAPLE GROVE SPRINGS,MILLARD,RAINBOW,200,9.95,6/27/2024,2024
MAPLE GROVE SPRINGS,MILLARD,RAINBOW,324,9.7,7/11/2024,2024
MAPLE L,UTAH,MUSKIE TIGER,200,3.1,5/13/2024,2024
MAPLE L,UTAH,RAINBOW,1500,10.14,5/13/2024,2024
MAPLE L,UTAH,TIGER TROUT,496,9.73,5/22/2024,2024
MAPLE L,UTAH,RAINBOW,1001,10.44,5/22/2024,2024
MAPLE L,UTAH,WIPER,292,8.01,5/23/2024,2024
MAPLE L,UTAH,RAINBOW,998,10.6,6/3/2024,2024
MAPLE L,UTAH,RAINBOW,998,10.6,6/18/2024,2024
MAPLE L,UTAH,MUSKIE TIGER,175,6.3,7/3/2024,2024
MARSH L G-19,SUMMIT,RAINBOW,3800,10.77,5/29/2024,2024
MARY ELLEN GULCH CREEK,UTAH,CUTTHROAT,2007,2.89,10/7/2024,2024
MARY L,SALT LAKE,BROOK TROUT,5001,2.92,7/1/2024,2024
MARYS L,SANPETE,RAINBOW,795,9.41,7/17/2024,2024
MATT WARNER RES,UINTAH,RAINBOW,11878,3.52,5/15/2024,2024
MATT WARNER RES,UINTAH,RAINBOW,7787,3.49,5/15/2024,2024
MATT WARNER RES,UINTAH,GRASS CARP STERILE,325,10,5/16/2024,2024
MATT WARNER RES,UINTAH,RAINBOW,10598,3.89,5/20/2024,2024
MATT WARNER RES,UINTAH,RAINBOW,3877,9.25,5/30/2024,2024
MATT WARNER RES,UINTAH,BROWN TROUT,5249,2.44,6/3/2024,2024
MAY DAY POND,GARFIELD,TIGER TROUT,1509,2.68,6/25/2024,2024
MAYBEY POND,DAVIS,RAINBOW,199,10.18,2/26/2024,2024
MAYBEY POND,DAVIS,RAINBOW,200,9.52,4/1/2024,2024
MAYBEY POND,DAVIS,RAINBOW,99,10.44,6/3/2024,2024
MAYBEY POND,DAVIS,CHANNEL CATFISH,150,13.57,6/6/2024,2024
MAYBEY POND,DAVIS,RAINBOW,500,9.75,9/25/2024,2024
MAYOR'S POND,BOX ELDER,RAINBOW,401,9.52,3/26/2024,2024
MAYOR'S POND,BOX ELDER,RAINBOW,252,11.27,9/9/2024,2024
MAYOR'S POND,BOX ELDER,RAINBOW,500,10.17,10/24/2024,2024
MCCLELLAN RES,UTAH,RAINBOW,1197,10.6,6/3/2024,2024
MCCLELLAN RES,UTAH,RAINBOW,800,10.77,7/3/2024,2024
MCCLELLAN RES,UTAH,BROOK TROUT,1229,2.82,7/10/2024,2024
MCGATH LAKE GT,GARFIELD,BROOK TROUT,1996,2.62,6/25/2024,2024
MCPHETERS L BR-14,SUMMIT,TIGER TROUT,951,2.78,7/8/2024,2024
MEADOW CRK P,WEBER,BROOK TROUT,302,15.21,1/22/2024,2024
MEADOW CRK P,WEBER,RAINBOW,599,11.16,2/21/2024,2024
MEADOW CRK P,WEBER,RAINBOW,351,9.52,3/18/2024,2024
MEADOW CRK P,WEBER,RAINBOW,351,9.52,4/1/2024,2024
MEADOW CRK P,WEBER,RAINBOW,351,9.52,4/15/2024,2024
MEADOW CRK P,WEBER,RAINBOW,351,9.57,4/29/2024,2024
MEADOW CRK P,WEBER,RAINBOW,350,9.55,5/6/2024,2024
MEADOW CRK P,WEBER,RAINBOW,351,9.75,5/17/2024,2024
MEADOW CRK P,WEBER,RAINBOW,351,9.75,5/20/2024,2024
MEADOW CRK P,WEBER,WIPER,250,8.22,5/23/2024,2024
MEADOW CRK P,WEBER,RAINBOW,700,10.44,6/3/2024,2024
MEADOW CRK P,WEBER,CHANNEL CATFISH,200,13.57,6/6/2024,2024
MEADOW CRK P,WEBER,RAINBOW,300,12.88,7/25/2024,2024
MEADOW CRK P,WEBER,RAINBOW,755,12.13,9/17/2024,2024
MEADOW CRK P,WEBER,RAINBOW,300,17.1,10/2/2024,2024
MEADOW CRK P,WEBER,RAINBOW,600,13.57,10/7/2024,2024
MEADOW CRK P,WEBER,TIGER TROUT,432,11.16,10/16/2024,2024
MEADOW CRK P,WEBER,RAINBOW,600,13.57,10/22/2024,2024
MEADOW CRK P,WEBER,RAINBOW,265,18.12,10/28/2024,2024
MEADOW CRK P,WEBER,RAINBOW,500,13.57,11/4/2024,2024
MEADOW CRK P,WEBER,RAINBOW,500,13.57,11/19/2024,2024
MEDICINE L,SAN JUAN,RAINBOW,1025,9.95,6/11/2024,2024
MEEKS L TLM,SEVIER,RAINBOW,766,3.99,6/3/2024,2024
MEEKS L TLM,SEVIER,BROOK TROUT,273,2.84,7/22/2024,2024
MEEKS L TLM,SEVIER,CUTTHROAT,4050,2.12,10/28/2024,2024
MERCHANT VALLEY RES,BEAVER,RAINBOW,520,9.83,7/8/2024,2024
MERCHANT VALLEY RES,BEAVER,BROWN TROUT,206,5.2,7/8/2024,2024
MIDAS POND,SALT LAKE,RAINBOW,126,16.67,1/23/2024,2024
MIDAS POND,SALT LAKE,RAINBOW,275,9.75,2/21/2024,2024
MIDAS POND,SALT LAKE,RAINBOW,276,9.52,4/1/2024,2024
MIDAS POND,SALT LAKE,RAINBOW,274,9.43,4/8/2024,2024
MIDAS POND,SALT LAKE,RAINBOW,274,9.57,4/23/2024,2024
MIDAS POND,SALT LAKE,RAINBOW,274,9.57,4/30/2024,2024
MIDAS POND,SALT LAKE,RAINBOW,276,9.55,5/6/2024,2024
MIDAS POND,SALT LAKE,RAINBOW,276,9.55,5/13/2024,2024
MIDAS POND,SALT LAKE,RAINBOW,275,9.75,5/27/2024,2024
MIDAS POND,SALT LAKE,CHANNEL CATFISH,125,13.57,6/6/2024,2024
MIDAS POND,SALT LAKE,CHANNEL CATFISH,120,13.57,6/20/2024,2024
MIDAS POND,SALT LAKE,CHANNEL CATFISH,100,13.57,9/5/2024,2024
MIDAS POND,SALT LAKE,RAINBOW,300,10,9/16/2024,2024
MIDAS POND,SALT LAKE,RAINBOW,300,10,9/18/2024,2024
MIDAS POND,SALT LAKE,CHANNEL CATFISH,225,13.57,9/19/2024,2024
MIDAS POND,SALT LAKE,RAINBOW,300,9.75,9/30/2024,2024
MIDAS POND,SALT LAKE,RAINBOW,111,16.77,11/19/2024,2024
MILL CR,GRAND,BROWN TROUT,4000,2.59,4/16/2024,2024
MILL CR,SALT LAKE,CUTTHROAT,9009,3.13,10/16/2024,2024
MILL CR,SALT LAKE,CUTTHROAT,1009,2.85,10/16/2024,2024
MILL CR,SALT LAKE,CUTTHROAT,5034,3.12,11/6/2024,2024
MILL HOLLOW RES,WASATCH,RAINBOW,1501,10.24,6/17/2024,2024
MILL HOLLOW RES,WASATCH,RAINBOW,966,11.67,6/17/2024,2024
MILL HOLLOW RES,WASATCH,RAINBOW,301,11.97,6/24/2024,2024
MILL HOLLOW RES,WASATCH,RAINBOW,500,10.22,6/24/2024,2024
MILL HOLLOW RES,WASATCH,RAINBOW,500,10.06,7/8/2024,2024
MILL HOLLOW RES,WASATCH,BROOK TROUT,1530,2.9,7/10/2024,2024
MILL HOLLOW RES,WASATCH,TIGER TROUT,4640,2.78,7/10/2024,2024
MILL HOLLOW RES,WASATCH,RAINBOW,501,10.12,7/22/2024,2024
MILL HOLLOW RES,WASATCH,RAINBOW,500,10.66,8/5/2024,2024
MILL HOLLOW RES,WASATCH,TIGER TROUT,1520,11.46,8/14/2024,2024
MILL HOLLOW RES,WASATCH,RAINBOW,500,10.66,8/21/2024,2024
MILL HOLLOW RES,WASATCH,RAINBOW,500,10.66,9/10/2024,2024
MILL MEADOW RES,SEVIER,RAINBOW,1265,10.24,4/8/2024,2024
MILL MEADOW RES,SEVIER,RAINBOW,1475,9.95,4/8/2024,2024
MILL MEADOW RES,SEVIER,RAINBOW,2289,10.24,4/8/2024,2024
MILL MEADOW RES,SEVIER,MUSKIE TIGER,1008,4.53,5/28/2024,2024
MILL MEADOW RES,SEVIER,MUSKIE TIGER,1000,5.39,6/12/2024,2024
MILLER L BTN,WAYNE,TIGER TROUT,311,9.55,6/26/2024,2024
MILLER L BTN,WAYNE,RAINBOW,302,9.83,7/16/2024,2024
MILLERS FLAT RES,SANPETE,RAINBOW,20375,3.13,7/11/2024,2024
MILLERS FLAT RES,SANPETE,BROOK TROUT,500,3.31,8/6/2024,2024
MILLRACE PARK POND,SALT LAKE,RAINBOW,374,9.52,3/11/2024,2024
MILLRACE PARK POND,SALT LAKE,RAINBOW,374,9.52,4/1/2024,2024
MILLRACE PARK POND,SALT LAKE,RAINBOW,374,9.52,4/15/2024,2024
MILLRACE PARK POND,SALT LAKE,RAINBOW,376,9.57,5/1/2024,2024
MILLRACE PARK POND,SALT LAKE,CHANNEL CATFISH,150,13.57,6/6/2024,2024
MILLRACE PARK POND,SALT LAKE,CHANNEL CATFISH,134,13.57,6/20/2024,2024
MILLRACE PARK POND,SALT LAKE,CHANNEL CATFISH,150,13.57,9/5/2024,2024
MILLRACE PARK POND,SALT LAKE,CHANNEL CATFISH,300,13.57,9/19/2024,2024
MILLSITE RES,EMERY,RAINBOW,3475,9.95,4/1/2024,2024
MILLSITE RES,EMERY,RAINBOW,2525,9.95,4/3/2024,2024
MILLSITE RES,EMERY,TIGER TROUT,4947,2.19,4/15/2024,2024
MILLSITE RES,EMERY,TIGER TROUT,1496,10.91,7/11/2024,2024
MILLSITE RES,EMERY,TIGER TROUT,1496,10.91,7/11/2024,2024
MILLSITE RES,EMERY,SPLAKE,10009,2.72,7/31/2024,2024
MILLSITE RES,EMERY,TIGER TROUT,1760,5.58,9/27/2024,2024
MILLSITE RES,EMERY,CUTTHROAT,3976,2.16,10/31/2024,2024
MINERSVILLE RES,BEAVER,TIGER TROUT,4460,2.19,4/15/2024,2024
MINERSVILLE RES,BEAVER,BROWN TROUT,20301,2.59,4/18/2024,2024
MINERSVILLE RES,BEAVER,WIPER,3510,2.04,7/17/2024,2024
MINERSVILLE RES,BEAVER,RAINBOW,15180,10.08,9/23/2024,2024
MINERSVILLE RES,BEAVER,RAINBOW,6972,4.89,11/20/2024,2024
MINERSVILLE RES,BEAVER,RAINBOW,13109,4.69,11/20/2024,2024
MIRROR L Z-3,DUCHESNE,RAINBOW,748,12.25,6/19/2024,2024
MIRROR L Z-3,DUCHESNE,TIGER TROUT,1001,9.87,6/20/2024,2024
MIRROR L Z-3,DUCHESNE,RAINBOW,810,11.16,6/25/2024,2024
MIRROR L Z-3,DUCHESNE,TIGER TROUT,1000,10,6/26/2024,2024
MIRROR L Z-3,DUCHESNE,RAINBOW,800,10,7/2/2024,2024
MIRROR L Z-3,DUCHESNE,RAINBOW,800,10,7/8/2024,2024
MIRROR L Z-3,DUCHESNE,TIGER TROUT,1500,10,7/8/2024,2024
MIRROR L Z-3,DUCHESNE,RAINBOW,875,10,7/15/2024,2024
MIRROR L Z-3,DUCHESNE,BROOK TROUT,3501,3.78,7/16/2024,2024
MIRROR L Z-3,DUCHESNE,RAINBOW,759,10.28,7/22/2024,2024
MIRROR L Z-3,DUCHESNE,RAINBOW,759,10.28,7/29/2024,2024
MIRROR L Z-3,DUCHESNE,TIGER TROUT,509,10.56,7/31/2024,2024
MIRROR L Z-3,DUCHESNE,RAINBOW,460,10.28,8/5/2024,2024
MIRROR L Z-3,DUCHESNE,RAINBOW,1035,10.28,8/12/2024,2024
MIRROR L Z-3,DUCHESNE,TIGER TROUT,511,10.55,8/19/2024,2024
MIRROR L Z-3,DUCHESNE,RAINBOW,757,11.02,8/28/2024,2024
MIRROR L Z-3,DUCHESNE,TIGER TROUT,364,12.13,10/21/2024,2024
MOCASSIN L WR-53,DUCHESNE,CUTTHROAT,599,1.48,9/23/2024,2024
MONROE POND,SEVIER,RAINBOW,519,11.5,3/25/2024,2024
MONROE POND,SEVIER,RAINBOW,504,10.24,5/15/2024,2024
MONROE POND,SEVIER,RAINBOW,500,9.95,6/27/2024,2024
MONROE POND,SEVIER,TIGER TROUT,400,2.83,7/8/2024,2024
MONROE POND,SEVIER,RAINBOW,540,9.7,7/11/2024,2024
MONTICELLO L,SAN JUAN,RAINBOW,1000,9.95,5/22/2024,2024
MONTICELLO L,SAN JUAN,RAINBOW,1013,9.7,7/1/2024,2024
MONTICELLO L,SAN JUAN,TIGER TROUT,996,2.76,7/3/2024,2024
MOON L,DUCHESNE,RAINBOW,2134,12.09,5/27/2024,2024
MOON L,DUCHESNE,RAINBOW,2288,12.04,5/31/2024,2024
MOON L,DUCHESNE,RAINBOW,329,12.28,6/7/2024,2024
MOON L,DUCHESNE,TIGER TROUT,1400,10,7/2/2024,2024
MOON L,DUCHESNE,SPLAKE,6535,2.94,7/9/2024,2024
MOON L,DUCHESNE,TIGER TROUT,1501,11.46,8/27/2024,2024
MOOSE POND,DAGGETT,RAINBOW,699,9.36,5/24/2024,2024
MOOSE POND,DAGGETT,RAINBOW,693,9.6,6/7/2024,2024
MOOSE POND,DAGGETT,RAINBOW,734,11.38,9/17/2024,2024
MOOSEHORN L Z-4,DUCHESNE,RAINBOW,360,11.16,6/25/2024,2024
MOOSEHORN L Z-4,DUCHESNE,TIGER TROUT,450,10,6/26/2024,2024
MOOSEHORN L Z-4,DUCHESNE,RAINBOW,300,10,7/2/2024,2024
MOOSEHORN L Z-4,DUCHESNE,RAINBOW,325,10,7/8/2024,2024
MOOSEHORN L Z-4,DUCHESNE,TIGER TROUT,306,10.21,7/15/2024,2024
MOOSEHORN L Z-4,DUCHESNE,RAINBOW,300,10,7/15/2024,2024
MOOSEHORN L Z-4,DUCHESNE,RAINBOW,299,10.28,7/23/2024,2024
MOOSEHORN L Z-4,DUCHESNE,RAINBOW,322,10.28,7/29/2024,2024
MOOSEHORN L Z-4,DUCHESNE,TIGER TROUT,360,10.56,7/31/2024,2024
MOOSEHORN L Z-4,DUCHESNE,RAINBOW,311,10.28,8/5/2024,2024
MOOSEHORN L Z-4,DUCHESNE,TIGER TROUT,341,10.55,8/12/2024,2024
MOOSEHORN L Z-4,DUCHESNE,RAINBOW,207,10.28,8/14/2024,2024
MOOSMAN L EBS,GARFIELD,MUSKIE TIGER,50,5.39,6/12/2024,2024
MORRELL POND TLM,SEVIER,RAINBOW,760,3.99,6/3/2024,2024
MORRELL POND TLM,SEVIER,TIGER TROUT,258,2.89,7/22/2024,2024
MORRELL POND TLM,SEVIER,CUTTHROAT,2100,2.12,10/28/2024,2024
MOSS L NBS,WAYNE,TIGER TROUT,61,2.91,7/15/2024,2024
MT DELL CR,SALT LAKE,CUTTHROAT,3010,2.89,10/7/2024,2024
MT PLEASANT POND,SANPETE,RAINBOW,504,10.14,4/8/2024,2024
MT PLEASANT POND,SANPETE,RAINBOW,495,10.52,4/16/2024,2024
MT PLEASANT POND,SANPETE,TIGER TROUT,446,9.53,4/23/2024,2024
MT PLEASANT POND,SANPETE,TIGER TROUT,252,10.07,5/29/2024,2024
MT PLEASANT POND,SANPETE,RAINBOW,500,10.77,5/29/2024,2024
MT PLEASANT POND,SANPETE,RAINBOW,496,9.21,6/12/2024,2024
MT PLEASANT POND,SANPETE,BROWN TROUT,1540,5.73,7/17/2024,2024
MT PLEASANT POND,SANPETE,TIGER TROUT,499,11.46,8/28/2024,2024
MT PLEASANT POND,SANPETE,TIGER TROUT,499,11.46,8/28/2024,2024
MT PLEASANT POND,SANPETE,RAINBOW,520,10.77,9/10/2024,2024
MUD L X-66,DUCHESNE,BROOK TROUT,379,2.93,6/26/2024,2024
MYSTERY (LOST)GR-101,DAGGETT,CUTTHROAT,793,2.26,7/15/2024,2024
NAVAJO L,KANE,TIGER TROUT,2418,9.07,5/31/2024,2024
NAVAJO L,KANE,MUSKIE TIGER,1499,4.79,6/6/2024,2024
NAVAJO L,KANE,TIGER TROUT,2616,8.83,6/7/2024,2024
NAVAJO L,KANE,RAINBOW,15147,7.6,6/10/2024,2024
NAVAJO L,KANE,MUSKIE TIGER,3501,5.81,6/20/2024,2024
NAVAJO L,KANE,SPLAKE,6112,3.03,7/16/2024,2024
NAVAJO L,KANE,TIGER TROUT,4184,4.3,8/15/2024,2024
NAVAJO L,KANE,RAINBOW,8984,3.69,8/15/2024,2024
NAVAJO L,KANE,TIGER TROUT,998,11.46,8/28/2024,2024
NAVAJO L,KANE,CUTTHROAT,4230,4.07,11/5/2024,2024
NEBO CR,UTAH,CUTTHROAT,8012,2.53,10/1/2024,2024
NEFFS RES TLM,WAYNE,BROOK TROUT,195,2.62,6/25/2024,2024
NEW CANYON CR,SANPETE,CUTTHROAT,6000,1.93,9/17/2024,2024
NEW CANYON RES,SANPETE,TIGER TROUT,375,10.46,6/25/2024,2024
NEW CANYON RES,SANPETE,RAINBOW,900,10.77,6/25/2024,2024
NEWCASTLE RES,IRON,CRAPPIE BLACK,1041,8.36,5/13/2024,2024
NEWCASTLE RES,IRON,WIPER,2160,2.04,7/17/2024,2024
NEWCASTLE RES,IRON,RAINBOW,20002,7.03,9/25/2024,2024
NEWTON RES,CACHE,MUSKIE TIGER,5000,2.12,4/17/2024,2024
NEWTON RES,CACHE,MUSKIE TIGER,2000,6.3,6/27/2024,2024
NINE MILE RES,SANPETE,RAINBOW,1008,10.14,4/8/2024,2024
NINE MILE RES,SANPETE,RAINBOW,855,11.16,10/1/2024,2024
NINE MILE RES,SANPETE,RAINBOW,936,11.16,10/2/2024,2024
NINE MILE RES,SANPETE,RAINBOW,2000,10.5,11/6/2024,2024
NORTH CR,GARFIELD,CUTTHROAT,197,5.76,7/17/2024,2024
NORTH CR,GARFIELD,CUTTHROAT,205,16.55,7/19/2024,2024
NORTH CR,GARFIELD,CUTTHROAT,1980,2.65,8/21/2024,2024
NORTH CR,GARFIELD,CUTTHROAT,1893,2.9,8/21/2024,2024
NORTH CR RES,GARFIELD,CUTTHROAT,1000,2.18,10/23/2024,2024
NORTH POND,WASHINGTON,BROWN TROUT,100,4.89,9/26/2024,2024
NOTCH L W-36,SUMMIT,BROOK TROUT,1499,2.9,7/2/2024,2024
OAK CR,MILLARD,RAINBOW,142,10.47,5/20/2024,2024
OAK CR,MILLARD,TIGER TROUT,243,10.19,6/11/2024,2024
OAK CR,MILLARD,RAINBOW,135,9.7,7/9/2024,2024
OAK CR,SANPETE,CUTTHROAT,5500,1.93,9/17/2024,2024
OAKS PARK RES,UINTAH,RAINBOW,1999,9.84,6/8/2024,2024
OAKS PARK RES,UINTAH,BROOK TROUT,4000,3.2,6/8/2024,2024
OAKS PARK RES,UINTAH,RAINBOW,355,9.84,6/11/2024,2024
OAKS PARK RES,UINTAH,RAINBOW,946,10,6/27/2024,2024
OAKS PARK RES,UINTAH,TIGER TROUT,990,5.05,7/30/2024,2024
OGDEN L WR-5,DUCHESNE,CUTTHROAT,1002,1.48,9/23/2024,2024
OGDEN R,WEBER,RAINBOW,1050,11.63,4/10/2024,2024
OGDEN R,WEBER,RAINBOW,935,11.06,5/10/2024,2024
OGDEN R,WEBER,RAINBOW,1110,12.16,7/3/2024,2024
OGDEN R,WEBER,RAINBOW,1110,12.88,7/18/2024,2024
OGDEN R,WEBER,RAINBOW,1500,10.55,11/4/2024,2024
OLD FORT POND NORTH,UINTAH,RAINBOW,502,8.81,4/22/2024,2024
OLD FORT POND NORTH,UINTAH,GRASS CARP STERILE,5,10,5/16/2024,2024
OLD FORT POND NORTH,UINTAH,RAINBOW,202,9.36,5/24/2024,2024
OLD FORT POND NORTH,UINTAH,MUSKIE TIGER,5,5.93,6/26/2024,2024
OLD FORT POND NORTH,UINTAH,RAINBOW,261,12.1,10/13/2024,2024
OLD FORT POND SOUTH,UINTAH,GRASS CARP STERILE,5,10,5/16/2024,2024
OLD FORT POND SOUTH,UINTAH,CHANNEL CATFISH,200,10.77,6/6/2024,2024
OLD FORT POND SOUTH,UINTAH,CHANNEL CATFISH,150,13.57,9/5/2024,2024
OLD FORT POND SOUTH,UINTAH,CHANNEL CATFISH,150,13.57,9/5/2024,2024
OLD FORT POND SOUTH,UINTAH,BASS LARGEMOUTH,47,3,10/3/2024,2024
OLD FORT POND SOUTH,UINTAH,SUNFISH BLUEGILL,499,3.18,10/3/2024,2024
ONE FISH L GR-32,DAGGETT,BROOK TROUT,201,2.93,6/26/2024,2024
OOWAH L,GRAND,RAINBOW,2000,9.95,6/4/2024,2024
OOWAH L,GRAND,RAINBOW,1118,9.83,7/15/2024,2024
OPHIR CR,TOOELE,CUTTHROAT,1010,2.53,10/1/2024,2024
OSTLER L BR-27,SUMMIT,TIGER TROUT,1404,2.78,7/8/2024,2024
OTTER CR,PIUTE,BROWN TROUT,5225,3.03,4/23/2024,2024
OTTER CR RES,PIUTE,RAINBOW,75583,1.98,3/7/2024,2024
OTTER CR RES,PIUTE,RAINBOW,66945,1.98,3/7/2024,2024
OTTER CR RES,PIUTE,RAINBOW,4405,3.17,3/14/2024,2024
OTTER CR RES,PIUTE,RAINBOW,5130,6.38,5/28/2024,2024
OTTER CR RES,PIUTE,RAINBOW,3634,10.24,6/10/2024,2024
OTTER CR RES,PIUTE,RAINBOW,3600,9.95,7/2/2024,2024
OTTER CR RES,PIUTE,WIPER,21870,2.04,7/17/2024,2024
OTTER CR RES,PIUTE,RAINBOW,4920,6.76,9/10/2024,2024
OTTER CR RES,PIUTE,RAINBOW,5040,6.71,9/10/2024,2024
OTTER CR RES,PIUTE,RAINBOW,5040,6.71,9/10/2024,2024
OTTER CR RES,PIUTE,RAINBOW,5220,6.63,9/10/2024,2024
OTTER CR RES,PIUTE,RAINBOW,15180,10.08,9/23/2024,2024
OTTER CR RES,PIUTE,RAINBOW,40664,7.2,9/24/2024,2024
OTTER CR RES,PIUTE,RAINBOW,33320,7.2,9/24/2024,2024
OTTER CR RES,PIUTE,RAINBOW,9954,5.38,9/25/2024,2024
OTTER CR RES,PIUTE,RAINBOW,5220,7.03,9/25/2024,2024
OTTER CR RES,PIUTE,RAINBOW,2220,6.96,10/1/2024,2024
OTTER CR RES,PIUTE,RAINBOW,2220,6.96,10/1/2024,2024
OTTER CR RES,PIUTE,RAINBOW,2220,6.96,10/1/2024,2024
OTTER CR RES,PIUTE,RAINBOW,2220,6.96,10/1/2024,2024
OTTER CR RES,PIUTE,RAINBOW,2220,6.96,10/1/2024,2024
OTTER CR RES,PIUTE,RAINBOW,4810,6.96,10/2/2024,2024
OTTER CR RES,PIUTE,RAINBOW,4810,6.96,10/2/2024,2024
OTTER CR RES,PIUTE,RAINBOW,2220,6.96,10/2/2024,2024
OTTER CR RES,PIUTE,RAINBOW,2220,6.96,10/2/2024,2024
OTTER CR RES,PIUTE,RAINBOW,2220,6.96,10/2/2024,2024
OTTER CR RES,PIUTE,RAINBOW,4810,6.96,10/2/2024,2024
OTTER CR RES,PIUTE,RAINBOW,2220,6.96,10/2/2024,2024
OTTER CR RES,PIUTE,RAINBOW,2220,6.96,10/2/2024,2024
OTTER CR RES,PIUTE,RAINBOW,2220,6.96,10/8/2024,2024
OTTER CR RES,PIUTE,RAINBOW,2220,6.96,10/8/2024,2024
OTTER CR RES,PIUTE,RAINBOW,2220,6.96,10/8/2024,2024
OTTER CR RES,PIUTE,RAINBOW,2220,6.96,10/8/2024,2024
OTTER CR RES,PIUTE,RAINBOW,2220,6.96,10/8/2024,2024
OTTER CR RES,PIUTE,RAINBOW,2730,6.84,10/11/2024,2024
OTTER CR RES,PIUTE,RAINBOW,2730,6.84,10/11/2024,2024
OTTER CR RES,PIUTE,RAINBOW,2730,6.84,10/11/2024,2024
OTTER CR RES,PIUTE,RAINBOW,2730,6.84,10/11/2024,2024
OTTER CR RES,PIUTE,RAINBOW,2730,6.84,10/11/2024,2024
OTTER CR RES,PIUTE,RAINBOW,6000,6.28,10/24/2024,2024
OTTER CR RES,PIUTE,RAINBOW,3016,6.04,10/24/2024,2024
OTTER CR RES,PIUTE,RAINBOW,12640,8.87,10/24/2024,2024
OTTER CR RES,PIUTE,CUTTHROAT,23280,3.66,10/28/2024,2024
OTTER CR RES,PIUTE,RAINBOW,2590,9.06,10/30/2024,2024
OTTER CR RES,PIUTE,RAINBOW,2498,8.22,11/4/2024,2024
OTTER CR RES,PIUTE,RAINBOW,2498,8.22,11/4/2024,2024
OTTER CR RES,PIUTE,RAINBOW,2813,8.22,11/5/2024,2024
OTTER CR RES,PIUTE,RAINBOW,3150,8.22,11/5/2024,2024
OTTER CR RES,PIUTE,RAINBOW,2142,9.66,11/7/2024,2024
OTTER CR RES,PIUTE,RAINBOW,646,9.48,11/8/2024,2024
OTTER CR RES,PIUTE,RAINBOW,1525,9.84,11/8/2024,2024
OTTER CR RES,PIUTE,RAINBOW,1200,11.86,11/19/2024,2024
OTTER CR RES,PIUTE,RAINBOW,1200,11.86,11/19/2024,2024
OTTER CR RES,PIUTE,RAINBOW,1200,11.86,11/20/2024,2024
OTTER CR RES,PIUTE,RAINBOW,1200,11.86,11/20/2024,2024
OTTER CR RES,PIUTE,RAINBOW,9133,4.67,11/21/2024,2024
OTTER CR RES,PIUTE,RAINBOW,6718,4.89,11/21/2024,2024
OTTER CR RES,PIUTE,RAINBOW,98,8.56,11/22/2024,2024
OTTER CR RES,PIUTE,RAINBOW,448,9.96,11/22/2024,2024
OTTER CR RES,PIUTE,RAINBOW,842,9.45,11/22/2024,2024
OTTER CR RES,PIUTE,RAINBOW,1200,11.86,11/26/2024,2024
OTTER CR RES,PIUTE,RAINBOW,1200,11.86,11/26/2024,2024
OTTER CR RES,PIUTE,RAINBOW,1050,11.86,12/2/2024,2024
OTTER CR RES,PIUTE,RAINBOW,1200,11.86,12/2/2024,2024
OWEEP CR,DUCHESNE,CUTTHROAT,1035,6.06,10/1/2024,2024
OWEEP CR,DUCHESNE,CUTTHROAT,1647,1.59,10/1/2024,2024
OWEEP CR,DUCHESNE,CUTTHROAT,984,1.52,10/1/2024,2024
P-11,SUMMIT,BROOK TROUT,51,2.9,7/3/2024,2024
PACER L EMW,GARFIELD,BROOK TROUT,998,2.63,6/25/2024,2024
PACER L EMW,GARFIELD,TIGER TROUT,105,2.68,6/25/2024,2024
PACKARD L Z-15,DUCHESNE,BROOK TROUT,898,2.9,7/3/2024,2024
PALISADE RES,SANPETE,RAINBOW,999,10.14,3/21/2024,2024
PALISADE RES,SANPETE,RAINBOW,999,10.14,3/21/2024,2024
PALISADE RES,SANPETE,RAINBOW,1001,10.44,4/10/2024,2024
PALISADE RES,SANPETE,RAINBOW,1001,10.44,4/10/2024,2024
PALISADE RES,SANPETE,RAINBOW,998,10.6,5/7/2024,2024
PALISADE RES,SANPETE,RAINBOW,306,15.14,5/7/2024,2024
PALISADE RES,SANPETE,CRAPPIE BLACK,1992,2.75,5/15/2024,2024
PALISADE RES,SANPETE,WIPER,718,9.15,5/23/2024,2024
PALISADE RES,SANPETE,RAINBOW,750,10.77,5/29/2024,2024
PALISADE RES,SANPETE,RAINBOW,750,10.77,5/29/2024,2024
PALISADE RES,SANPETE,RAINBOW,704,9.21,6/12/2024,2024
PALISADE RES,SANPETE,TIGER TROUT,506,10.91,7/11/2024,2024
PALISADE RES,SANPETE,RAINBOW,507,9.87,7/11/2024,2024
PALISADE RES,SANPETE,TIGER TROUT,3996,5.1,8/13/2024,2024
PALISADE RES,SANPETE,SUNFISH BLUEGILL,8359,3.38,10/3/2024,2024
PANGUITCH CR,GARFIELD,RAINBOW,503,10.57,7/1/2024,2024
PANGUITCH L,GARFIELD,CUTTHROAT,4715,8.72,4/24/2024,2024
PANGUITCH L,GARFIELD,CUTTHROAT,6417,8.72,4/29/2024,2024
PANGUITCH L,GARFIELD,CUTTHROAT,6509,8.72,4/29/2024,2024
PANGUITCH L,GARFIELD,CUTTHROAT,6716,8.72,4/30/2024,2024
PANGUITCH L,GARFIELD,CUTTHROAT,676,9.98,5/8/2024,2024
PANGUITCH L,GARFIELD,RAINBOW,40163,7.17,6/11/2024,2024
PANGUITCH L,GARFIELD,TIGER TROUT,3311,3.2,6/27/2024,2024
PANGUITCH L,GARFIELD,TIGER TROUT,20002,3.4,6/27/2024,2024
PANGUITCH L,GARFIELD,WIPER,5130,2.04,7/17/2024,2024
PANGUITCH L,GARFIELD,MUSKIE TIGER,340,9.03,9/19/2024,2024
PANGUITCH L,GARFIELD,RAINBOW,1199,5,10/2/2024,2024
PANGUITCH L,GARFIELD,RAINBOW,1335,3.45,10/2/2024,2024
PANGUITCH L,GARFIELD,RAINBOW,4733,6.12,10/2/2024,2024
PANGUITCH L,GARFIELD,RAINBOW,3450,8.16,10/7/2024,2024
PANGUITCH L,GARFIELD,RAINBOW,3450,8.16,10/7/2024,2024
PANGUITCH L,GARFIELD,RAINBOW,3450,8.16,10/7/2024,2024
PANGUITCH L,GARFIELD,RAINBOW,3450,8.16,10/7/2024,2024
PANGUITCH L,GARFIELD,RAINBOW,3450,8.16,10/7/2024,2024
PANGUITCH L,GARFIELD,RAINBOW,3450,8.16,10/7/2024,2024
PANGUITCH L,GARFIELD,RAINBOW,3450,8.16,10/7/2024,2024
PANGUITCH L,GARFIELD,RAINBOW,3450,8.16,10/7/2024,2024
PANGUITCH L,GARFIELD,RAINBOW,3680,8.16,10/8/2024,2024
PANGUITCH L,GARFIELD,RAINBOW,3680,8.16,10/8/2024,2024
PANGUITCH L,GARFIELD,RAINBOW,3520,8.28,10/8/2024,2024
PANGUITCH L,GARFIELD,RAINBOW,3520,8.28,10/8/2024,2024
PANGUITCH L,GARFIELD,RAINBOW,3520,8.28,10/8/2024,2024
PANGUITCH L,GARFIELD,RAINBOW,3680,8.16,10/8/2024,2024
PANGUITCH L,GARFIELD,RAINBOW,3680,8.16,10/8/2024,2024
PANGUITCH L,GARFIELD,RAINBOW,3520,8.28,10/8/2024,2024
PANGUITCH L,GARFIELD,RAINBOW,3520,8.28,10/9/2024,2024
PANGUITCH L,GARFIELD,RAINBOW,3520,8.28,10/9/2024,2024
PANGUITCH L,GARFIELD,RAINBOW,3520,8.28,10/9/2024,2024
PANGUITCH L,GARFIELD,RAINBOW,3520,8.28,10/9/2024,2024
PANGUITCH L,GARFIELD,RAINBOW,3520,8.28,10/9/2024,2024
PANGUITCH L,GARFIELD,RAINBOW,3520,8.28,10/9/2024,2024
PANGUITCH L,GARFIELD,RAINBOW,3520,8.28,10/9/2024,2024
PANGUITCH L,GARFIELD,RAINBOW,3520,8.28,10/9/2024,2024
PANGUITCH L,GARFIELD,CUTTHROAT,27495,4.07,11/4/2024,2024
PANGUITCH L,GARFIELD,CUTTHROAT,5499,4.07,11/5/2024,2024
PARADISE RES,UINTAH,RAINBOW,100,13.52,6/5/2024,2024
PARADISE RES,UINTAH,RAINBOW,1401,9.83,6/5/2024,2024
PARAGONAH RES,IRON,TIGER TROUT,2002,8.13,7/10/2024,2024
PARAGONAH RES,IRON,CUTTHROAT,2015,1.64,9/8/2024,2024
PARLEYS CR,SALT LAKE,CUTTHROAT,4001,3.12,11/6/2024,2024
PARLEYS CR,SALT LAKE,CUTTHROAT,2010,3.12,11/6/2024,2024
PAROWAN POND,IRON,RAINBOW,751,10.55,2/29/2024,2024
PAROWAN POND,IRON,CHANNEL CATFISH,250,10.77,9/5/2024,2024
PAROWAN POND,IRON,CHANNEL CATFISH,125,13.57,9/19/2024,2024
PAROWAN POND,IRON,RAINBOW,707,9.96,10/23/2024,2024
PASS L Z-5,DUCHESNE,RAINBOW,299,12.25,6/19/2024,2024
PASS L Z-5,DUCHESNE,TIGER TROUT,499,9.87,6/20/2024,2024
PASS L Z-5,DUCHESNE,RAINBOW,360,11.16,6/25/2024,2024
PASS L Z-5,DUCHESNE,TIGER TROUT,500,10,7/3/2024,2024
PASS L Z-5,DUCHESNE,RAINBOW,325,10,7/8/2024,2024
PASS L Z-5,DUCHESNE,BROOK TROUT,510,2.9,7/10/2024,2024
PASS L Z-5,DUCHESNE,RAINBOW,300,10,7/15/2024,2024
PASS L Z-5,DUCHESNE,TIGER TROUT,259,10.21,7/15/2024,2024
PASS L Z-5,DUCHESNE,RAINBOW,299,10.28,7/23/2024,2024
PASS L Z-5,DUCHESNE,RAINBOW,322,10.28,7/29/2024,2024
PASS L Z-5,DUCHESNE,TIGER TROUT,254,10.56,7/31/2024,2024
PASS L Z-5,DUCHESNE,RAINBOW,311,10.28,8/5/2024,2024
PASS L Z-5,DUCHESNE,TIGER TROUT,426,10.55,8/12/2024,2024
PASS L Z-5,DUCHESNE,RAINBOW,425,10.28,8/14/2024,2024
PASS L Z-5,DUCHESNE,TIGER TROUT,426,10.55,8/19/2024,2024
PASS L Z-5,DUCHESNE,RAINBOW,402,11.02,8/28/2024,2024
PASS L Z-5,DUCHESNE,TIGER TROUT,280,12.13,10/21/2024,2024
PAYSON CR,UTAH,CUTTHROAT,1502,2.85,10/16/2024,2024
PAYSON CR,UTAH,CUTTHROAT,1502,2.85,10/16/2024,2024
PAYSON RES(BIG EAST),UTAH,RAINBOW,1496,10.44,5/28/2024,2024
PAYSON RES(BIG EAST),UTAH,RAINBOW,1496,10.44,5/28/2024,2024
PAYSON RES(BIG EAST),UTAH,RAINBOW,1000,10.77,6/12/2024,2024
PAYSON RES(BIG EAST),UTAH,RAINBOW,1000,10.77,6/12/2024,2024
PAYSON RES(BIG EAST),UTAH,RAINBOW,504,10.6,6/18/2024,2024
PAYSON RES(BIG EAST),UTAH,RAINBOW,500,10.77,7/3/2024,2024
PAYSON RES(BIG EAST),UTAH,BROOK TROUT,3911,2.82,7/10/2024,2024
PAYSON RES(BIG EAST),UTAH,RAINBOW,1000,10.77,9/16/2024,2024
PEAR L NBS,WAYNE,BROOK TROUT,506,2.63,6/24/2024,2024
PEARL L WR-45,UINTAH,CUTTHROAT,299,1.48,9/23/2024,2024
PELICAN L,UINTAH,MUSKIE TIGER,8970,2,4/16/2024,2024
PELICAN L,UINTAH,SUNFISH BLUEGILL,307,7.37,5/29/2024,2024
PELICAN L,UINTAH,WIPER,748,8.55,7/10/2024,2024
PELICAN SCB,UINTAH,MUSKIE TIGER,265,5.93,6/26/2024,2024
PETES HOLE,SANPETE,RAINBOW,750,10.77,6/18/2024,2024
PETES HOLE,SANPETE,RAINBOW,250,10.77,6/18/2024,2024
PETES HOLE,SANPETE,RAINBOW,998,10.96,7/3/2024,2024
PETES HOLE,SANPETE,RAINBOW,999,9.41,7/17/2024,2024
PETES HOLE,SANPETE,TIGER TROUT,4136,4.27,7/31/2024,2024
PETES HOLE,SANPETE,RAINBOW,1000,10.77,9/10/2024,2024
PETIT L A-26,SUMMIT,BROOK TROUT,133,2.9,7/3/2024,2024
PINE CR,WAYNE,BROWN TROUT,3000,2.59,4/17/2024,2024
PINE CR RES BTN,WAYNE,TIGER TROUT,52,2.68,6/24/2024,2024
PINE CR RES BTN,WAYNE,CUTTHROAT,300,1.69,9/26/2024,2024
PINE ISLAND L X-8,DUCHESNE,BROOK TROUT,8378,2.91,6/28/2024,2024
PINE L,GARFIELD,RAINBOW,3120,10.09,4/25/2024,2024
PINE L,GARFIELD,TIGER TROUT,1512,8.99,6/12/2024,2024
PINE L,GARFIELD,RAINBOW,3200,9.7,6/19/2024,2024
PINE L,GARFIELD,CUTTHROAT,2015,1.64,9/18/2024,2024
PINE VALLEY RES,WASHINGTON,RAINBOW,522,10.19,5/14/2024,2024
PINE VALLEY RES,WASHINGTON,RAINBOW,783,10.19,5/14/2024,2024
PINE VALLEY RES,WASHINGTON,TIGER TROUT,1038,8.67,5/14/2024,2024
PINE VALLEY RES,WASHINGTON,RAINBOW,1342,10.43,5/22/2024,2024
PINE VALLEY RES,WASHINGTON,RAINBOW,573,10.65,6/7/2024,2024
PINE VALLEY RES,WASHINGTON,TIGER TROUT,1003,8.83,6/7/2024,2024
PINE VALLEY RES,WASHINGTON,RAINBOW,744,10.65,6/7/2024,2024
PINE VALLEY RES,WASHINGTON,RAINBOW,1320,10.48,6/21/2024,2024
PINE VALLEY RES,WASHINGTON,RAINBOW,1305,10.19,7/2/2024,2024
PINE VALLEY RES,WASHINGTON,RAINBOW,1411,10.09,7/18/2024,2024
PINEVIEW RES,WEBER,MUSKIE TIGER,13000,2.12,4/17/2024,2024
PINEVIEW RES,WEBER,MUSKIE TIGER,3000,6.3,6/27/2024,2024
PIONEER PARK P,BOX ELDER,RAINBOW,500,10,3/28/2024,2024
PIONEER PARK P,BOX ELDER,WIPER,150,8.55,5/23/2024,2024
PIONEER PARK P,BOX ELDER,CHANNEL CATFISH,200,13.57,6/20/2024,2024
PIONEER PARK P,BOX ELDER,CHANNEL CATFISH,300,13.57,9/5/2024,2024
PIONEER PARK P,BOX ELDER,RAINBOW,1200,9.97,9/18/2024,2024
PIONEER PARK P,BOX ELDER,CHANNEL CATFISH,300,13.57,9/19/2024,2024
PIONEER PARK P,BOX ELDER,GRASS CARP STERILE,45,6.3,10/3/2024,2024
PIONEER PARK P,BOX ELDER,RAINBOW,1071,10.94,10/17/2024,2024
PIONEER PARK P,BOX ELDER,RAINBOW,501,12.08,10/28/2024,2024
PITTSBURGH L,UTAH,BROOK TROUT,996,2.92,7/1/2024,2024
PIUTE RES,PIUTE,RAINBOW,13584,3.49,3/1/2024,2024
PIUTE RES,PIUTE,RAINBOW,2001,9.29,3/14/2024,2024
PIUTE RES,PIUTE,RAINBOW,2001,9.21,3/14/2024,2024
PIUTE RES,PIUTE,RAINBOW,45103,2.16,4/23/2024,2024
PIUTE RES,PIUTE,CRAPPIE BLACK,39960,2.75,5/15/2024,2024
PIUTE RES,PIUTE,SUNFISH BLUEGILL,55,8.77,5/19/2024,2024
PIUTE RES,PIUTE,CRAPPIE BLACK,1104,8.22,5/19/2024,2024
PIUTE RES,PIUTE,BASS SMALLMOUTH,135,11.56,5/29/2024,2024
PIUTE RES,PIUTE,BASS SMALLMOUTH,109,11.56,5/30/2024,2024
PIUTE RES,PIUTE,SUNFISH BLUEGILL,40001,3.38,10/3/2024,2024
PIUTE RES,PIUTE,CRAPPIE WHITE,417,6.16,10/20/2024,2024
PIUTE RES,PIUTE,BASS WHITE,52,6.64,11/21/2024,2024
PIUTE RES,PIUTE,CRAPPIE WHITE,2315,6.64,11/21/2024,2024
PLEASANT CR L-BTS,GARFIELD,BROOK TROUT,96,2.63,6/24/2024,2024
PLEASANT CR L-BTS,GARFIELD,GRAYLING ARCTIC,398,2.47,9/25/2024,2024
POLE CANYON PARK POND,UTAH,RAINBOW,506,10.44,3/27/2024,2024
POLE CANYON PARK POND,UTAH,RAINBOW,499,10.52,4/15/2024,2024
POLE CANYON PARK POND,UTAH,RAINBOW,252,10.6,5/6/2024,2024
POLE CANYON PARK POND,UTAH,TIGER TROUT,498,10.07,5/7/2024,2024
POLE CANYON PARK POND,UTAH,RAINBOW,246,10.68,5/29/2024,2024
POLE CANYON PARK POND,UTAH,TIGER TROUT,252,10.07,5/29/2024,2024
POLE CANYON PARK POND,UTAH,RAINBOW,250,10.77,6/4/2024,2024
POLE CANYON PARK POND,UTAH,CHANNEL CATFISH,250,13.57,6/6/2024,2024
POLE CANYON PARK POND,UTAH,RAINBOW,498,9.41,6/18/2024,2024
POLE CANYON PARK POND,UTAH,CHANNEL CATFISH,250,13.57,6/20/2024,2024
POLE CANYON PARK POND,UTAH,RAINBOW,243,9.75,6/24/2024,2024
POLE CANYON PARK POND,UTAH,TIGER TROUT,450,10.46,6/25/2024,2024
POLE CANYON PARK POND,UTAH,RAINBOW,499,9.87,7/10/2024,2024
POLE CANYON PARK POND,UTAH,CHANNEL CATFISH,250,10.77,9/5/2024,2024
POLE CANYON PARK POND,UTAH,CHANNEL CATFISH,200,13.57,9/19/2024,2024
POLE CR L,DUCHESNE,TIGER TROUT,495,3.64,6/26/2024,2024
POND AT POULTER PRESERVE,WEBER,SUNFISH BLUEGILL,5070,3.38,10/3/2024,2024
PORCUPINE L,IRON,BROOK TROUT,59,2.96,7/16/2024,2024
PORCUPINE L,IRON,SPLAKE,503,3.24,8/14/2024,2024
PORCUPINE L LF-22,DUCHESNE,CUTTHROAT,299,1.48,9/23/2024,2024
PORCUPINE RES,CACHE,RAINBOW,1764,12.13,5/8/2024,2024
PORCUPINE RES,CACHE,RAINBOW,675,12.6,5/8/2024,2024
PORCUPINE RES,CACHE,RAINBOW,2345,12.13,5/9/2024,2024
PORCUPINE RES,CACHE,LAKE TROUT,7379,3.19,5/14/2024,2024
PORCUPINE RES,CACHE,RAINBOW,1232,12.13,5/15/2024,2024
POSEY L,GARFIELD,RAINBOW,639,7.88,6/19/2024,2024
POSEY L,GARFIELD,SPLAKE,95,2.65,6/25/2024,2024
POSEY L,GARFIELD,TIGER TROUT,104,2.68,6/25/2024,2024
POSEY L,GARFIELD,BROOK TROUT,305,2.62,6/25/2024,2024
POSEY L,GARFIELD,RAINBOW,602,8.54,7/8/2024,2024
POSEY L,GARFIELD,RAINBOW,629,9.11,8/7/2024,2024
POT L A-8,SUMMIT,BROOK TROUT,398,2.9,7/3/2024,2024
"POTTER L,UPPER GR-28",DAGGETT,CUTTHROAT,1502,3.83,10/1/2024,2024
POTTERS NO 1,EMERY,RAINBOW,998,10.6,6/5/2024,2024
POTTERS NO 1,EMERY,RAINBOW,1000,10.77,6/27/2024,2024
POTTERS NO 1,EMERY,RAINBOW,1001,9.52,7/23/2024,2024
POTTERS NO 1,EMERY,RAINBOW,1005,10.83,7/31/2024,2024
POTTERS NO 2,EMERY,RAINBOW,998,10.6,6/5/2024,2024
POTTERS NO 2,EMERY,RAINBOW,1000,10.77,6/27/2024,2024
POTTERS NO 2,EMERY,RAINBOW,1001,9.52,7/23/2024,2024
POTTERS NO 2,EMERY,RAINBOW,1005,10.83,7/31/2024,2024
PRICE R,UTAH,BROWN TROUT,13001,2.57,6/10/2024,2024
PRICE R,CARBON,CUTTHROAT,3692,2.16,10/31/2024,2024
PRICE R(LWR FISH CR),CARBON,BROWN TROUT,16002,2.54,6/10/2024,2024
PRIORD L BR-48,SUMMIT,TIGER TROUT,1195,2.78,7/8/2024,2024
PROVO DELTA COMM FISHERY,UTAH,SUNFISH BLUEGILL,1664,3.38,10/3/2024,2024
PROVO R,SUMMIT,RAINBOW,270,11.16,7/1/2024,2024
PROVO R,SUMMIT,RAINBOW,250,10,7/15/2024,2024
"PROVO R, LOWER, N FK",UTAH,CUTTHROAT,3030,2.46,9/9/2024,2024
"PROVO R, UPPER, S FK",WASATCH,CUTTHROAT,6051,2.4,9/24/2024,2024
"PROVO R, UPPER, S FK",WASATCH,CUTTHROAT,3019,2.41,9/24/2024,2024
PUFFER L,BEAVER,RAINBOW,3312,10.24,6/19/2024,2024
PUFFER L,BEAVER,RAINBOW,702,9.83,7/8/2024,2024
PUFFER L,BEAVER,BROOK TROUT,1034,2.89,7/16/2024,2024
PUFFER L,BEAVER,SPLAKE,539,3.03,7/16/2024,2024
PUFFER L,BEAVER,GRAYLING ARCTIC,398,2.47,9/25/2024,2024
PURPLE L GT,GARFIELD,BROOK TROUT,205,2.63,6/24/2024,2024
QUAIL CR RES,WASHINGTON,RAINBOW,11183,10.24,10/30/2024,2024
QUAIL CR RES,WASHINGTON,RAINBOW,2980,10.65,10/30/2024,2024
QUAIL CR RES,WASHINGTON,RAINBOW,8030,10.65,10/31/2024,2024
QUARTER CORNER LG103,SUMMIT,RAINBOW,900,10.77,5/30/2024,2024
R C NO 1 LAKE WR-2,DUCHESNE,CUTTHROAT,599,1.48,9/23/2024,2024
RAFT L BTN,WAYNE,BROOK TROUT,396,2.63,6/24/2024,2024
RAFT L BTN,WAYNE,GRAYLING ARCTIC,249,2.47,9/25/2024,2024
RAINBOW L U-33,DUCHESNE,TIGER TROUT,698,3.64,6/26/2024,2024
RAINBOW RES,TOOELE,RAINBOW,801,9.83,5/3/2024,2024
RAINBOW RES,TOOELE,RAINBOW,701,9.76,5/21/2024,2024
RAINBOW RES,TOOELE,RAINBOW,1500,10.15,7/2/2024,2024
RAM L GR-24,DAGGETT,CUTTHROAT,496,2.26,7/15/2024,2024
RAMONA L A-38,SUMMIT,BROOK TROUT,469,2.9,7/3/2024,2024
RANGER L FL,SEVIER,BROOK TROUT,356,3.25,8/12/2024,2024
RAZOR RIDGE P,WASHINGTON,RAINBOW,250,10.21,1/3/2024,2024
RAZOR RIDGE P,WASHINGTON,RAINBOW,148,10.41,1/3/2024,2024
RAZOR RIDGE P,WASHINGTON,RAINBOW,320,17.84,1/24/2024,2024
RAZOR RIDGE P,WASHINGTON,RAINBOW,362,10.63,1/31/2024,2024
RAZOR RIDGE P,WASHINGTON,RAINBOW,350,10.75,2/14/2024,2024
RAZOR RIDGE P,WASHINGTON,RAINBOW,369,10.55,2/27/2024,2024
RAZOR RIDGE P,WASHINGTON,RAINBOW,373,9.19,3/11/2024,2024
RAZOR RIDGE P,WASHINGTON,RAINBOW,408,9.61,3/27/2024,2024
RAZOR RIDGE P,WASHINGTON,RAINBOW,230,9.8,4/3/2024,2024
RAZOR RIDGE P,WASHINGTON,RAINBOW,383,9.87,11/12/2024,2024
RAZOR RIDGE P,WASHINGTON,RAINBOW,366,10.02,11/25/2024,2024
RAZOR RIDGE P,WASHINGTON,RAINBOW,702,10.16,12/16/2024,2024
RED BUTTE CR,SALT LAKE,CUTTHROAT,1003,2.89,10/7/2024,2024
RED BUTTE CR,SALT LAKE,CUTTHROAT,2007,2.89,10/7/2024,2024
RED BUTTE RES,SALT LAKE,CUTTHROAT,101,7.25,6/11/2024,2024
RED BUTTE RES,SALT LAKE,CUTTHROAT,3010,2.89,10/7/2024,2024
RED CASTLE L G-15,SUMMIT,TIGER TROUT,5603,2.78,7/8/2024,2024
"RED CASTLE,EAST G-17",SUMMIT,TIGER TROUT,696,2.78,7/8/2024,2024
"RED CASTLE,LOWER G12",SUMMIT,BROOK TROUT,2203,2.9,7/9/2024,2024
"RED CASTLE,UPPER G16",SUMMIT,TIGER TROUT,847,2.78,7/8/2024,2024
RED CR,DUCHESNE,CUTTHROAT,3007,4.62,4/21/2024,2024
RED CR,DUCHESNE,CUTTHROAT,1714,4.47,4/21/2024,2024
RED CR,IRON,CUTTHROAT,4550,1.64,9/8/2024,2024
RED CR RES,DUCHESNE,TIGER TROUT,5000,3.17,5/29/2024,2024
RED CR RES,DUCHESNE,RAINBOW,9420,6.83,9/4/2024,2024
RED FLEET RES,UINTAH,WALLEYE,32500,0.41,4/11/2024,2024
RED FLEET RES,UINTAH,WALLEYE,23000,0.41,4/11/2024,2024
RED FLEET RES,UINTAH,WALLEYE,26500,0.41,4/11/2024,2024
RED FLEET RES,UINTAH,WALLEYE,28500,0.41,4/11/2024,2024
RED FLEET RES,UINTAH,WALLEYE,70000,0.41,4/19/2024,2024
RED FLEET RES,UINTAH,CRAPPIE BLACK,15000,2.75,5/16/2024,2024
RED FLEET RES,UINTAH,WALLEYE,18483,2.07,5/30/2024,2024
RED FLEET RES,UINTAH,WALLEYE,31816,2.07,5/30/2024,2024
RED FLEET RES,UINTAH,WALLEYE,14289,2.25,6/10/2024,2024
RED FLEET RES,UINTAH,WALLEYE,849,1.94,6/10/2024,2024
RED FLEET RES,UINTAH,WIPER,743,2.04,7/18/2024,2024
RED FLEET RES,UINTAH,TIGER TROUT,2874,6.11,11/6/2024,2024
RED L GR-33,DAGGETT,MUSKIE TIGER,210,5.93,6/26/2024,2024
RED L GR-33,DAGGETT,TIGER TROUT,799,3.64,6/26/2024,2024
RED PINE L,SALT LAKE,CUTTHROAT,4040,2.31,9/24/2024,2024
REX RES,SEVIER,RAINBOW,4032,2.8,7/2/2024,2024
RICHES POND,SANPETE,BROOK TROUT,125,2.71,7/1/2024,2024
RICKS CR,DAVIS,CUTTHROAT,1005,3.12,11/6/2024,2024
RIDGE L BTN,GARFIELD,BROOK TROUT,55,2.63,6/24/2024,2024
RIM L BTS,GARFIELD,BROOK TROUT,305,2.62,6/24/2024,2024
RIVERFRONT POND,SALT LAKE,RAINBOW,126,16.67,1/23/2024,2024
RIVERFRONT POND,SALT LAKE,RAINBOW,116,10.6,3/18/2024,2024
RIVERFRONT POND,SALT LAKE,RAINBOW,116,10.77,4/22/2024,2024
RIVERFRONT POND,SALT LAKE,RAINBOW,114,10.77,4/30/2024,2024
RIVERFRONT POND,SALT LAKE,CHANNEL CATFISH,100,13.57,6/6/2024,2024
RIVERFRONT POND,SALT LAKE,CHANNEL CATFISH,100,13.57,6/20/2024,2024
RIVERFRONT POND,SALT LAKE,CHANNEL CATFISH,100,13.57,9/5/2024,2024
RIVERFRONT POND,SALT LAKE,RAINBOW,111,16.77,11/19/2024,2024
RIVERTON POND,SALT LAKE,RAINBOW,500,9.75,2/21/2024,2024
RIVERTON POND,SALT LAKE,RAINBOW,501,9.43,4/8/2024,2024
RIVERTON POND,SALT LAKE,RAINBOW,502,9.57,4/23/2024,2024
RIVERTON POND,SALT LAKE,RAINBOW,502,9.57,4/30/2024,2024
RIVERTON POND,SALT LAKE,RAINBOW,499,9.55,5/6/2024,2024
RIVERTON POND,SALT LAKE,CHANNEL CATFISH,350,13.57,6/6/2024,2024
RIVERTON POND,SALT LAKE,CHANNEL CATFISH,200,13.57,9/5/2024,2024
RIVERTON POND,SALT LAKE,RAINBOW,568,10,9/9/2024,2024
RIVERTON POND,SALT LAKE,RAINBOW,570,10,9/16/2024,2024
RIVERTON POND,SALT LAKE,RAINBOW,568,10,9/18/2024,2024
RIVERTON POND,SALT LAKE,CHANNEL CATFISH,100,13.57,9/19/2024,2024
RIVERTON POND,SALT LAKE,CHANNEL CATFISH,100,13.57,9/19/2024,2024
RIVERTON POND,SALT LAKE,RAINBOW,1698,10.27,10/30/2024,2024
ROAD POND,SANPETE,BROOK TROUT,50,2.71,7/1/2024,2024
ROB RES EMW,GARFIELD,CUTTHROAT,291,1.9,9/26/2024,2024
ROBB L WR-1,DUCHESNE,BROOK TROUT,320,2.93,6/26/2024,2024
ROCK CR,DUCHESNE,TIGER TROUT,268,3.26,6/7/2024,2024
ROCK CR,DUCHESNE,BROWN TROUT,201,2.46,6/7/2024,2024
ROCK CR,DUCHESNE,CUTTHROAT,300,4.36,6/7/2024,2024
ROCK CR,DUCHESNE,RAINBOW,1092,9.99,6/28/2024,2024
ROCK CR,DUCHESNE,RAINBOW,696,10.56,7/22/2024,2024
ROCK CR,DUCHESNE,RAINBOW,507,10.94,8/6/2024,2024
"ROCK CR, S FK",DUCHESNE,BROOK TROUT,931,4.85,8/19/2024,2024
ROCKPORT RES,SUMMIT,RAINBOW,2063,12.6,4/29/2024,2024
ROCKPORT RES,SUMMIT,RAINBOW,1744,13.19,4/29/2024,2024
ROCKPORT RES,SUMMIT,RAINBOW,4500,12.6,4/29/2024,2024
ROCKPORT RES,SUMMIT,KOKANEE,57084,3.33,5/3/2024,2024
ROCKPORT RES,SUMMIT,KOKANEE,23786,3.3,5/6/2024,2024
ROCKPORT RES,SUMMIT,RAINBOW,2680,12.31,9/23/2024,2024
ROCKPORT RES,SUMMIT,RAINBOW,1892,11.33,9/23/2024,2024
ROCKPORT RES,SUMMIT,RAINBOW,2408,11.33,9/23/2024,2024
ROCKPORT RES,SUMMIT,RAINBOW,905,12.31,9/23/2024,2024
ROCKPORT RES,SUMMIT,RAINBOW,5360,12.31,9/23/2024,2024
ROCKPORT RES,SUMMIT,RAINBOW,5360,12.31,9/23/2024,2024
ROOSEVELT COMM POND,UINTAH,RAINBOW,100,5.71,6/1/2024,2024
ROOSEVELT COMM POND,UINTAH,RAINBOW,276,9.18,6/1/2024,2024
ROOSEVELT COMM POND,UINTAH,BASS LARGEMOUTH,47,9.42,6/5/2024,2024
ROOSEVELT COMM POND,UINTAH,SUNFISH BLUEGILL,105,7.37,6/5/2024,2024
ROOSEVELT COMM POND,UINTAH,CHANNEL CATFISH,150,13.57,9/5/2024,2024
ROOSEVELT COMM POND,UINTAH,CHANNEL CATFISH,150,13.57,9/5/2024,2024
ROOSEVELT COMM POND,UINTAH,CHANNEL CATFISH,150,13.57,9/19/2024,2024
ROOSEVELT COMM POND,UINTAH,SUNFISH BLUEGILL,499,3.18,10/3/2024,2024
ROOSEVELT COMM POND,UINTAH,RAINBOW,517,10.34,10/27/2024,2024
ROUND L GR-131,SUMMIT,CUTTHROAT,1710,2.26,7/15/2024,2024
ROUND L NBS,WAYNE,BROOK TROUT,998,2.63,6/24/2024,2024
ROUND L NBS,WAYNE,GRAYLING ARCTIC,101,2.47,9/25/2024,2024
ROUND L TLM,WAYNE,RAINBOW,762,3.99,6/3/2024,2024
ROUND L TLM,WAYNE,BROOK TROUT,251,2.84,7/22/2024,2024
ROUND WILLOW BOTTOM,GARFIELD,CUTTHROAT,500,1.69,9/26/2024,2024
ROW L 3 GT,GARFIELD,TIGER TROUT,153,9.66,6/24/2024,2024
ROW L 3 GT,GARFIELD,RAINBOW,203,9.7,7/10/2024,2024
ROW L 7-BANANA-GT,GARFIELD,TIGER TROUT,350,9.66,6/24/2024,2024
ROW L 7-BANANA-GT,GARFIELD,RAINBOW,351,9.7,7/10/2024,2024
ROW L 8 GT,GARFIELD,TIGER TROUT,250,9.66,6/24/2024,2024
RUTH L BR-40,SUMMIT,BROOK TROUT,500,2.9,7/2/2024,2024
SALEM POND,UTAH,BROOK TROUT,327,15.21,1/22/2024,2024
SALEM POND,UTAH,RAINBOW,1001,10.44,3/27/2024,2024
SALEM POND,UTAH,RAINBOW,1001,10.44,4/10/2024,2024
SALEM POND,UTAH,RAINBOW,1001,10.44,4/10/2024,2024
SALEM POND,UTAH,TIGER TROUT,2508,9.53,4/23/2024,2024
SALEM POND,UTAH,TIGER TROUT,1499,9.53,4/29/2024,2024
SALEM POND,UTAH,RAINBOW,998,10.6,5/6/2024,2024
SALEM POND,UTAH,RAINBOW,751,10.96,5/14/2024,2024
SALEM POND,UTAH,RAINBOW,751,10.96,5/14/2024,2024
SALEM POND,UTAH,TIGER TROUT,1008,9.63,5/16/2024,2024
SALEM POND,UTAH,RAINBOW,480,12.13,5/29/2024,2024
SALEM POND,UTAH,RAINBOW,500,10.77,6/4/2024,2024
SALEM POND,UTAH,CHANNEL CATFISH,500,13.57,6/6/2024,2024
SALEM POND,UTAH,TIGER TROUT,999,10.19,6/11/2024,2024
SALEM POND,UTAH,CHANNEL CATFISH,600,13.57,6/20/2024,2024
SALEM POND,UTAH,RAINBOW,999,9.75,6/24/2024,2024
SALEM POND,UTAH,TIGER TROUT,1500,10.46,6/25/2024,2024
SALEM POND,UTAH,WIPER,1952,8.55,7/10/2024,2024
SALEM POND,UTAH,RAINBOW,499,9.87,7/10/2024,2024
SALEM POND,UTAH,CHANNEL CATFISH,400,13.57,9/5/2024,2024
SALEM POND,UTAH,RAINBOW,1250,11.37,9/9/2024,2024
SALEM POND,UTAH,RAINBOW,1250,11.37,9/9/2024,2024
SALEM POND,UTAH,BASS LARGEMOUTH,600,3,10/3/2024,2024
SALEM POND,UTAH,SUNFISH BLUEGILL,4953,3.38,10/3/2024,2024
SALEM POND,UTAH,RAINBOW,1001,12.13,10/7/2024,2024
SALEM POND,UTAH,RAINBOW,1001,12.13,10/7/2024,2024
SALEM POND,UTAH,RAINBOW,1360,11.37,11/5/2024,2024
SALEM POND,UTAH,RAINBOW,1190,11.37,11/5/2024,2024
SALINA CITY POND,SEVIER,RAINBOW,550,9.95,3/27/2024,2024
SALINA CITY POND,SEVIER,RAINBOW,440,10.39,4/24/2024,2024
SALINA CITY POND,SEVIER,RAINBOW,600,10.09,6/27/2024,2024
SALINA RES,SEVIER,RAINBOW,1000,9.95,6/10/2024,2024
SALINA RES,SEVIER,BROOK TROUT,502,3.37,8/12/2024,2024
"SALINA TWIN, EAST",SEVIER,TIGER TROUT,103,3.45,8/12/2024,2024
"SALINA TWIN, WEST",SEVIER,BROOK TROUT,104,3.37,8/12/2024,2024
SALT CR,JUAB,RAINBOW,1001,9.87,3/18/2024,2024
SALT CR,JUAB,RAINBOW,506,10.28,4/16/2024,2024
SALT CR,JUAB,RAINBOW,504,10.6,5/1/2024,2024
SALT CR,JUAB,RAINBOW,253,10.44,5/22/2024,2024
SALT CR,JUAB,RAINBOW,252,10.6,6/3/2024,2024
SALT CR,JUAB,RAINBOW,250,10.77,6/27/2024,2024
SALT CR,JUAB,RAINBOW,248,9.41,7/15/2024,2024
SALT CR,JUAB,BROWN TROUT,700,5.73,7/17/2024,2024
SALT CREEK RES.,JUAB,RAINBOW,494,9.87,3/18/2024,2024
SALT CREEK RES.,JUAB,RAINBOW,252,10.6,5/1/2024,2024
SALT CREEK RES.,JUAB,RAINBOW,253,10.44,5/22/2024,2024
SALT CREEK RES.,JUAB,RAINBOW,252,10.6,6/3/2024,2024
SALT CREEK RES.,JUAB,RAINBOW,250,10.77,6/27/2024,2024
SALT CREEK RES.,JUAB,RAINBOW,248,9.41,7/15/2024,2024
"SAND COVE RES, UPPER",WASHINGTON,RAINBOW,2500,9.8,9/30/2024,2024
SAND L WR-42,UINTAH,CUTTHROAT,403,1.48,9/23/2024,2024
SANDY COMMUNITY FISHERY,SALT LAKE,RAINBOW,499,9.52,3/11/2024,2024
SANDY COMMUNITY FISHERY,SALT LAKE,RAINBOW,499,9.52,3/18/2024,2024
SANDY COMMUNITY FISHERY,SALT LAKE,RAINBOW,200,17.1,3/27/2024,2024
SANDY COMMUNITY FISHERY,SALT LAKE,RAINBOW,499,9.52,4/1/2024,2024
SANDY COMMUNITY FISHERY,SALT LAKE,RAINBOW,501,9.43,4/8/2024,2024
SANDY COMMUNITY FISHERY,SALT LAKE,RAINBOW,502,9.57,4/23/2024,2024
SANDY COMMUNITY FISHERY,SALT LAKE,RAINBOW,502,9.57,5/1/2024,2024
SANDY COMMUNITY FISHERY,SALT LAKE,RAINBOW,499,9.55,5/6/2024,2024
SANDY COMMUNITY FISHERY,SALT LAKE,RAINBOW,499,9.55,5/13/2024,2024
SANDY COMMUNITY FISHERY,SALT LAKE,CHANNEL CATFISH,75,13.57,6/6/2024,2024
SANDY COMMUNITY FISHERY,SALT LAKE,CHANNEL CATFISH,125,13.57,6/6/2024,2024
SANDY COMMUNITY FISHERY,SALT LAKE,CHANNEL CATFISH,200,13.57,6/20/2024,2024
SANDY COMMUNITY FISHERY,SALT LAKE,CHANNEL CATFISH,300,13.57,9/5/2024,2024
SANDY COMMUNITY FISHERY,SALT LAKE,RAINBOW,1400,10,9/9/2024,2024
SANDY COMMUNITY FISHERY,SALT LAKE,RAINBOW,703,10,9/16/2024,2024
SANDY COMMUNITY FISHERY,SALT LAKE,RAINBOW,703,10,9/18/2024,2024
SANDY COMMUNITY FISHERY,SALT LAKE,CHANNEL CATFISH,300,13.57,9/19/2024,2024
SANDY COMMUNITY FISHERY,SALT LAKE,GRASS CARP STERILE,35,6.3,10/3/2024,2024
SANDY COMMUNITY FISHERY,SALT LAKE,RAINBOW,699,9.75,10/22/2024,2024
SANDY COMMUNITY FISHERY,SALT LAKE,RAINBOW,334,16.77,11/19/2024,2024
SANTAQUIN CR,UTAH,CUTTHROAT,3028,2.85,10/16/2024,2024
SCOFIELD RES,CARBON,MUSKIE TIGER,3666,2.91,5/9/2024,2024
SCOFIELD RES,CARBON,MUSKIE TIGER,3667,2.74,5/9/2024,2024
SCOFIELD RES,CARBON,MUSKIE TIGER,3667,3.14,5/9/2024,2024
SCOFIELD RES,CARBON,TIGER TROUT,2608,9.57,5/21/2024,2024
SCOFIELD RES,CARBON,TIGER TROUT,2608,9.57,5/21/2024,2024
SCOFIELD RES,CARBON,TIGER TROUT,2706,9.57,5/21/2024,2024
SCOFIELD RES,CARBON,TIGER TROUT,2608,9.57,5/21/2024,2024
SCOFIELD RES,CARBON,TIGER TROUT,2608,9.57,5/21/2024,2024
SCOFIELD RES,CARBON,TIGER TROUT,2608,9.57,5/21/2024,2024
SCOFIELD RES,CARBON,TIGER TROUT,2608,9.57,5/21/2024,2024
SCOFIELD RES,CARBON,TIGER TROUT,2608,9.57,5/21/2024,2024
SCOFIELD RES,CARBON,CUTTHROAT,13134,8.46,5/28/2024,2024
SCOFIELD RES,CARBON,CUTTHROAT,13836,8.3,5/30/2024,2024
SCOFIELD RES,CARBON,CUTTHROAT,13483,8.37,6/3/2024,2024
SCOFIELD RES,CARBON,CUTTHROAT,13452,8.38,6/5/2024,2024
SCOFIELD RES,CARBON,CUTTHROAT,13547,8.36,6/6/2024,2024
SCOFIELD RES,CARBON,WIPER,2500,8.55,7/10/2024,2024
SCOFIELD RES,CARBON,WIPER,2500,8.55,7/10/2024,2024
SCOFIELD RES,CARBON,WIPER,39960,2.04,7/17/2024,2024
SCOFIELD RES,CARBON,RAINBOW,1530,11.16,10/9/2024,2024
SCOFIELD RES,CARBON,RAINBOW,1530,11.16,10/9/2024,2024
SCOFIELD RES,CARBON,RAINBOW,1530,11.16,10/9/2024,2024
SCOFIELD RES,CARBON,RAINBOW,1530,11.16,10/9/2024,2024
SCOFIELD RES,CARBON,RAINBOW,1530,11.16,10/9/2024,2024
SCOFIELD RES,CARBON,RAINBOW,1485,11.16,10/10/2024,2024
SCOFIELD RES,CARBON,RAINBOW,1275,11.86,10/10/2024,2024
SCOFIELD RES,CARBON,RAINBOW,1290,11.86,10/10/2024,2024
SCOFIELD RES,CARBON,RAINBOW,1440,11.16,10/10/2024,2024
SCOFIELD RES,CARBON,RAINBOW,1275,11.86,10/10/2024,2024
SCOFIELD RES,CARBON,RAINBOW,1290,11.86,10/15/2024,2024
SCOFIELD RES,CARBON,RAINBOW,1320,11.86,10/15/2024,2024
SCOFIELD RES,CARBON,RAINBOW,1290,11.86,10/15/2024,2024
SCOFIELD RES,CARBON,RAINBOW,1275,11.86,10/15/2024,2024
SCOFIELD RES,CARBON,RAINBOW,1050,11.86,10/16/2024,2024
SCOFIELD RES,CARBON,RAINBOW,1275,11.86,10/16/2024,2024
SCOFIELD RES,CARBON,RAINBOW,1275,11.86,10/16/2024,2024
SCOUT L,IRON,TIGER TROUT,754,8.99,6/10/2024,2024
SCOUT L Z-12,DUCHESNE,RAINBOW,810,11.16,6/25/2024,2024
SCOUT L Z-12,DUCHESNE,BROOK TROUT,1000,2.9,7/2/2024,2024
SETTLEMENT CYN RES,TOOELE,RAINBOW,1992,10.14,4/4/2024,2024
SETTLEMENT CYN RES,TOOELE,RAINBOW,1992,10.14,4/4/2024,2024
SETTLEMENT CYN RES,TOOELE,RAINBOW,966,10.28,4/29/2024,2024
SETTLEMENT CYN RES,TOOELE,RAINBOW,966,10.28,4/29/2024,2024
SETTLEMENT CYN RES,TOOELE,RAINBOW,1000,10.96,5/16/2024,2024
SETTLEMENT CYN RES,TOOELE,RAINBOW,1000,10.96,5/16/2024,2024
SETTLEMENT CYN RES,TOOELE,RAINBOW,1458,9.75,6/24/2024,2024
SETTLEMENT CYN RES,TOOELE,RAINBOW,1458,9.75,6/24/2024,2024
SETTLEMENT CYN RES,TOOELE,WIPER,932,8.55,7/10/2024,2024
SETTLEMENT CYN RES,TOOELE,TIGER TROUT,3896,3.15,8/6/2024,2024
SETTLEMENT CYN RES,TOOELE,RAINBOW,1170,10.77,9/11/2024,2024
SETTLEMENT CYN RES,TOOELE,RAINBOW,1170,10.77,9/11/2024,2024
SETTLEMENT CYN RES,TOOELE,TIGER TROUT,5995,6.38,9/23/2024,2024
SETTLEMENT CYN RES,TOOELE,RAINBOW,825,11.86,10/23/2024,2024
SETTLEMENT CYN RES,TOOELE,RAINBOW,975,11.86,10/23/2024,2024
SEVIER R,GARFIELD,BROWN TROUT,5096,3.46,5/14/2024,2024
SEVIER R,GARFIELD,BROWN TROUT,20384,3.46,5/14/2024,2024
SEVIER R,SEVIER,RAINBOW,8415,3.64,5/22/2024,2024
SEVIER R,SEVIER,BROWN TROUT,20500,3.75,5/22/2024,2024
SEVIER R,GARFIELD,RAINBOW,19993,3.18,7/22/2024,2024
"SEVIER R, E FK",PIUTE,RAINBOW,723,11.32,3/26/2024,2024
"SEVIER R, E FK",GARFIELD,BROWN TROUT,5146,3.17,5/1/2024,2024
"SEVIER R, E FK",PIUTE,BROWN TROUT,14525,3.17,5/1/2024,2024
"SEVIER R, E FK",GARFIELD,BROWN TROUT,3154,3.17,5/1/2024,2024
"SEVIER R, E FK",PIUTE,RAINBOW,763,11.46,5/8/2024,2024
"SEVIER R, E FK",PIUTE,RAINBOW,506,10.24,7/18/2024,2024
"SEVIER R, E FK",GARFIELD,CUTTHROAT,4029,1.64,9/18/2024,2024
"SEVIER R, E FK",GARFIELD,CUTTHROAT,4030,1.64,9/18/2024,2024
"SEVIER R, E FK",PIUTE,CUTTHROAT,4030,1.64,9/18/2024,2024
SHADOW L A-52,SUMMIT,BROOK TROUT,704,2.9,7/3/2024,2024
SHALER L Z-34,DUCHESNE,CUTTHROAT,1301,1.48,9/23/2024,2024
SHEEP CR,DAGGETT,RAINBOW,373,10.36,6/25/2024,2024
SHEEP CR,DAGGETT,RAINBOW,344,9.95,7/10/2024,2024
SHEEP CR L,DAGGETT,CUTTHROAT,4009,4.6,6/20/2024,2024
"SHINGLE CR,EAST A-39",SUMMIT,TIGER TROUT,255,2.78,7/8/2024,2024
"SHINGLE CR,WEST P-60",SUMMIT,BROOK TROUT,255,2.9,7/3/2024,2024
SHINGLE MILL CR,UTAH,CUTTHROAT,508,2.98,9/9/2024,2024
SHINGLE MILL RES,SANPETE,RAINBOW,1200,10.77,7/9/2024,2024
SHORT L,GARFIELD,CUTTHROAT,300,1.69,9/26/2024,2024
SILENT VIGIL,SANPETE,BROOK TROUT,50,2.71,7/1/2024,2024
SILVER CR,UTAH,CUTTHROAT,800,2.98,9/9/2024,2024
SILVER L,UTAH,BROOK TROUT,1295,2.92,7/1/2024,2024
SILVER L,UTAH,CUTTHROAT,5018,2.41,9/24/2024,2024
SILVER L FLAT RES,UTAH,RAINBOW,1999,10.22,6/18/2024,2024
SILVER L FLAT RES,UTAH,RAINBOW,900,9.91,6/24/2024,2024
SILVER L FLAT RES,UTAH,BROOK TROUT,3994,2.92,7/1/2024,2024
SILVER L FLAT RES,UTAH,RAINBOW,901,11.97,7/8/2024,2024
SILVER L FLAT RES,UTAH,RAINBOW,900,12.32,7/16/2024,2024
SILVER L FLAT RES,UTAH,CUTTHROAT,6036,2.31,9/24/2024,2024
SILVER L-BRIGHTON,SALT LAKE,RAINBOW,1498,9.76,6/18/2024,2024
SILVER L-BRIGHTON,SALT LAKE,RAINBOW,1500,10.15,6/26/2024,2024
SILVER L-BRIGHTON,SALT LAKE,BROOK TROUT,1991,2.92,7/1/2024,2024
SILVER L-BRIGHTON,SALT LAKE,RAINBOW,1500,10.15,7/11/2024,2024
SILVER L-BRIGHTON,SALT LAKE,RAINBOW,502,10.46,7/31/2024,2024
SIX MILE CR,SANPETE,CUTTHROAT,7960,1.93,9/16/2024,2024
SIX MILE POND,SANPETE,BROOK TROUT,351,2.71,7/1/2024,2024
SIX MILE POND,SANPETE,RAINBOW,2040,9.41,7/15/2024,2024
SIXTH WATER,UTAH,CUTTHROAT,6010,2.98,9/9/2024,2024
SKUTUMPA RES,SEVIER,RAINBOW,409,10.47,5/15/2024,2024
SKUTUMPA RES,SEVIER,TIGER TROUT,255,9,7/3/2024,2024
SKUTUMPA RES,SEVIER,RAINBOW,351,9.83,7/29/2024,2024
SKYLERS POND,CACHE,RAINBOW,100,17.1,4/18/2024,2024
SKYLERS POND,CACHE,RAINBOW,300,11.39,4/22/2024,2024
SKYLERS POND,CACHE,RAINBOW,300,9.9,9/24/2024,2024
SKYLERS POND,CACHE,RAINBOW,400,10.55,10/22/2024,2024
SKYLERS POND,CACHE,RAINBOW,401,10.55,11/4/2024,2024
SKYLINE P,WASHINGTON,RAINBOW,448,10.41,1/2/2024,2024
SKYLINE P,WASHINGTON,RAINBOW,367,17.84,1/24/2024,2024
SKYLINE P,WASHINGTON,RAINBOW,482,10.63,1/30/2024,2024
SKYLINE P,WASHINGTON,RAINBOW,466,10.75,2/13/2024,2024
SKYLINE P,WASHINGTON,RAINBOW,369,10.55,2/27/2024,2024
SKYLINE P,WASHINGTON,RAINBOW,439,10.02,11/8/2024,2024
SKYLINE P,WASHINGTON,RAINBOW,427,10.02,11/25/2024,2024
SKYLINE P,WASHINGTON,RAINBOW,452,10.28,12/12/2024,2024
SKYLINE P,WASHINGTON,RAINBOW,241,8.68,12/23/2024,2024
SKYLINE P,WASHINGTON,RAINBOW,211,10.51,12/23/2024,2024
SMITH FAMILY PARK POND,WEBER,RAINBOW,799,11.16,2/21/2024,2024
SMITH FAMILY PARK POND,WEBER,RAINBOW,353,14.33,2/27/2024,2024
SMITH FAMILY PARK POND,WEBER,RAINBOW,701,9.68,3/4/2024,2024
SMITH FAMILY PARK POND,WEBER,RAINBOW,700,9.55,3/25/2024,2024
SMITH FAMILY PARK POND,WEBER,RAINBOW,700,9.43,4/8/2024,2024
SMITH FAMILY PARK POND,WEBER,RAINBOW,351,9.57,4/22/2024,2024
SMITH FAMILY PARK POND,WEBER,RAINBOW,799,9.75,5/20/2024,2024
SMITH FAMILY PARK POND,WEBER,WIPER,250,8.55,5/23/2024,2024
SMITH FAMILY PARK POND,WEBER,RAINBOW,801,11.37,6/3/2024,2024
SMITH FAMILY PARK POND,WEBER,CHANNEL CATFISH,300,13.57,6/20/2024,2024
SMITH FAMILY PARK POND,WEBER,ALL TROUT,500,13.57,9/19/2024,2024
SMITH FAMILY PARK POND,WEBER,RAINBOW,1000,9.93,9/23/2024,2024
SMITH FAMILY PARK POND,WEBER,RAINBOW,999,9.75,9/25/2024,2024
SMITH FAMILY PARK POND,WEBER,TIGER TROUT,414,11.16,10/16/2024,2024
SMITH FAMILY PARK POND,WEBER,RAINBOW,252,18.12,10/29/2024,2024
SMITH FAMILY PARK POND,WEBER,RAINBOW,999,9.75,10/30/2024,2024
SMITH FAMILY PARK POND,WEBER,RAINBOW,699,9.75,11/18/2024,2024
SMITH-MOREHOUSE RES,SUMMIT,RAINBOW,2520,12.13,5/23/2024,2024
SMITH-MOREHOUSE RES,SUMMIT,RAINBOW,2021,10.52,6/5/2024,2024
SMITH-MOREHOUSE RES,SUMMIT,RAINBOW,1454,11.16,6/20/2024,2024
SMITH-MOREHOUSE RES,SUMMIT,RAINBOW,544,12.25,6/20/2024,2024
SMITH-MOREHOUSE RES,SUMMIT,RAINBOW,2095,11.16,7/1/2024,2024
SMITH-MOREHOUSE RES,SUMMIT,RAINBOW,1575,10,7/10/2024,2024
SMITH-MOREHOUSE RES,SUMMIT,SPLAKE,503,3.03,7/17/2024,2024
SMITH-MOREHOUSE RES,SUMMIT,RAINBOW,1403,10.28,7/22/2024,2024
SMITH-MOREHOUSE RES,SUMMIT,RAINBOW,1541,10.28,8/5/2024,2024
SMITH-MOREHOUSE RES,SUMMIT,RAINBOW,1081,10.28,8/14/2024,2024
SMITH-MOREHOUSE RES,SUMMIT,CUTTHROAT,8079,2.47,10/25/2024,2024
SMITHFIELD CR,CACHE,RAINBOW,500,12.1,5/31/2024,2024
SMITHS FK PASS L G14,SUMMIT,TIGER TROUT,928,2.78,7/8/2024,2024
SNOW L,SANPETE,RAINBOW,1000,10.96,8/5/2024,2024
SNOW L GR-130,SUMMIT,CUTTHROAT,942,2.26,7/15/2024,2024
SOLDIER CR,UTAH,CUTTHROAT,2512,2.46,9/9/2024,2024
"SOLDIER CR, S FK",UTAH,CUTTHROAT,805,2.46,9/9/2024,2024
SOLITAIRE L NBS,WAYNE,CUTTHROAT,500,1.68,9/26/2024,2024
SOUP BOWL RES,SANPETE,RAINBOW,500,10.77,6/18/2024,2024
SOUP BOWL RES,SANPETE,RAINBOW,498,10.96,7/3/2024,2024
SOUP BOWL RES,SANPETE,TIGER TROUT,988,4.27,7/31/2024,2024
SOUP BOWL RES,SANPETE,RAINBOW,500,10.77,9/10/2024,2024
SOUTH EDEN RESERVOIR,RICH,TIGER TROUT,396,11.16,10/16/2024,2024
SOUTH WILLOW CR,TOOELE,CUTTHROAT,4006,2.53,10/1/2024,2024
SOWERS CR,DUCHESNE,CUTTHROAT,1010,2.08,10/22/2024,2024
SPANISH FK R,UTAH,BROWN TROUT,1960,5.73,7/17/2024,2024
SPANISH OAKS P,UTAH,RAINBOW,1001,10.28,3/6/2024,2024
SPANISH OAKS P,UTAH,RAINBOW,499,9.52,3/18/2024,2024
SPANISH OAKS P,UTAH,RAINBOW,500,9.55,3/25/2024,2024
SPANISH OAKS P,UTAH,RAINBOW,499,9.52,4/1/2024,2024
SPANISH OAKS P,UTAH,RAINBOW,501,9.43,4/8/2024,2024
SPANISH OAKS P,UTAH,RAINBOW,499,9.52,4/15/2024,2024
SPANISH OAKS P,UTAH,RAINBOW,502,9.57,4/22/2024,2024
SPANISH OAKS P,UTAH,RAINBOW,502,9.57,4/30/2024,2024
SPANISH OAKS P,UTAH,RAINBOW,500,9.55,5/7/2024,2024
SPANISH OAKS P,UTAH,RAINBOW,250,9.55,5/13/2024,2024
SPANISH OAKS P,UTAH,RAINBOW,250,9.55,5/13/2024,2024
SPANISH OAKS P,UTAH,RAINBOW,500,9.75,5/20/2024,2024
SPANISH OAKS P,UTAH,RAINBOW,500,9.75,5/27/2024,2024
SPANISH OAKS P,UTAH,RAINBOW,500,10.44,6/10/2024,2024
SPANISH OAKS P,UTAH,RAINBOW,499,10.44,6/18/2024,2024
SPANISH OAKS P,UTAH,RAINBOW,499,10.44,7/8/2024,2024
SPANISH OAKS P,UTAH,RAINBOW,500,10,7/22/2024,2024
SPANISH OAKS P,UTAH,CUTTHROAT,528,14.38,7/25/2024,2024
SPANISH OAKS P,UTAH,RAINBOW,440,10.44,8/12/2024,2024
SPANISH OAKS P,UTAH,RAINBOW,433,10,9/3/2024,2024
SPANISH OAKS P,UTAH,RAINBOW,433,10,9/17/2024,2024
SPECTACLE L A-44,SUMMIT,BROOK TROUT,326,2.9,7/3/2024,2024
SPECTACLE L BTS,GARFIELD,BROOK TROUT,347,2.62,6/24/2024,2024
SPECTACLE L BTS,GARFIELD,TIGER TROUT,52,2.68,6/24/2024,2024
SPINNERS RES,SANPETE,RAINBOW,1499,9.75,6/18/2024,2024
SPINNERS RES,SANPETE,TIGER TROUT,501,4.02,6/18/2024,2024
SPINNERS RES,SANPETE,RAINBOW,1500,10.77,7/2/2024,2024
SPINNERS RES,SANPETE,TIGER TROUT,512,4.27,7/29/2024,2024
SPIRIT L GR-3,DAGGETT,CUTTHROAT,1000,5.6,7/1/2024,2024
SPRING HILL P #1,SANPETE,RAINBOW,843,10.84,6/10/2024,2024
SPRING HILL P #1,SANPETE,RAINBOW,851,9.75,6/18/2024,2024
SPRING HILL P #1,SANPETE,BROOK TROUT,200,2.71,7/1/2024,2024
SPRING HILL P #1,SANPETE,RAINBOW,300,9.41,7/15/2024,2024
SPRING L,UTAH,RAINBOW,232,18.74,2/27/2024,2024
SPRING L,UTAH,RAINBOW,996,10.14,3/18/2024,2024
SPRING L,UTAH,RAINBOW,996,10.14,3/18/2024,2024
SPRING L,UTAH,TIGER TROUT,993,9.53,4/23/2024,2024
SPRING L,UTAH,RAINBOW,1495,10.28,4/30/2024,2024
SPRING L,UTAH,TIGER TROUT,1000,10.07,5/7/2024,2024
SPRING L,UTAH,TIGER TROUT,896,10.07,5/29/2024,2024
SPRING L,UTAH,RAINBOW,1005,10.68,5/29/2024,2024
SPRING L,UTAH,CHANNEL CATFISH,409,13.57,6/6/2024,2024
SPRING L,UTAH,CHANNEL CATFISH,500,13.57,6/20/2024,2024
SPRING L,UTAH,TIGER TROUT,500,10.46,6/25/2024,2024
SPRING L,UTAH,RAINBOW,999,9.75,6/25/2024,2024
SPRING L,UTAH,RAINBOW,1500,10.77,9/12/2024,2024
SPRING L,UTAH,BASS LARGEMOUTH,600,3,10/3/2024,2024
SPRING L,UTAH,SUNFISH BLUEGILL,3497,3.38,10/3/2024,2024
SPRING L,UTAH,RAINBOW,1050,12.13,10/8/2024,2024
SPRING L,UTAH,RAINBOW,525,11.86,10/21/2024,2024
STAR L A-42,SUMMIT,TIGER TROUT,1404,2.78,7/8/2024,2024
STARVATION RES,DUCHESNE,SUNFISH BLUEGILL,1495,3.38,10/3/2024,2024
STARVATION RES,DUCHESNE,RAINBOW,1880,10.32,11/10/2024,2024
STARVATION RES,DUCHESNE,RAINBOW,19324,2.32,11/11/2024,2024
STARVATION RES,DUCHESNE,RAINBOW,1652,10.31,11/11/2024,2024
STARVATION RES,DUCHESNE,RAINBOW,1960,10.18,11/11/2024,2024
STARVATION RES,DUCHESNE,RAINBOW,1825,10.29,11/11/2024,2024
STARVATION RES,DUCHESNE,RAINBOW,731,10.08,11/12/2024,2024
STARVATION RES,DUCHESNE,RAINBOW,10920,9.82,11/12/2024,2024
STARVATION RES,DUCHESNE,RAINBOW,9125,10.11,11/12/2024,2024
STARVATION RES,DUCHESNE,RAINBOW,1008,10.08,11/12/2024,2024
STARVATION RES,DUCHESNE,RAINBOW,538,10.11,11/12/2024,2024
STARVATION RES,DUCHESNE,RAINBOW,9640,10.24,11/13/2024,2024
STARVATION RES,DUCHESNE,RAINBOW,9560,10.26,11/13/2024,2024
STARVATION RES,DUCHESNE,RAINBOW,3800,10.31,11/13/2024,2024
STARVATION RES,DUCHESNE,RAINBOW,2200,9.79,11/14/2024,2024
STARVATION RES,DUCHESNE,RAINBOW,50,10.11,11/14/2024,2024
STARVATION RES,DUCHESNE,RAINBOW,17,13.42,11/14/2024,2024
STARVATION RES,DUCHESNE,RAINBOW,3057,9.66,11/15/2024,2024
STARVATION RES,DUCHESNE,RAINBOW,1352,10.14,11/15/2024,2024
STARVATION RES,DUCHESNE,RAINBOW,2183,9.37,11/15/2024,2024
STATE FAIR PARK POND,SALT LAKE,CHANNEL CATFISH,1030,13.57,9/5/2024,2024
STATELINE RES,SUMMIT,RAINBOW,5040,12.13,5/28/2024,2024
STATELINE RES,SUMMIT,RAINBOW,2500,10.77,5/30/2024,2024
STATELINE RES,SUMMIT,RAINBOW,2005,9.91,6/4/2024,2024
STATELINE RES,SUMMIT,TIGER TROUT,998,11.46,8/26/2024,2024
STATELINE RES,SUMMIT,LAKE TROUT,1002,5.15,10/22/2024,2024
STEED POND,DAVIS,RAINBOW,500,11.16,2/21/2024,2024
STEED POND,DAVIS,RAINBOW,238,14.33,2/27/2024,2024
STEED POND,DAVIS,RAINBOW,425,9.68,3/4/2024,2024
STEED POND,DAVIS,RAINBOW,299,9.52,3/18/2024,2024
STEED POND,DAVIS,RAINBOW,299,9.52,4/1/2024,2024
STEED POND,DAVIS,RAINBOW,299,9.52,4/15/2024,2024
STEED POND,DAVIS,RAINBOW,376,9.57,4/29/2024,2024
STEED POND,DAVIS,WIPER,150,8.22,5/23/2024,2024
STEED POND,DAVIS,CHANNEL CATFISH,150,13.57,6/6/2024,2024
STEED POND,DAVIS,RAINBOW,365,9.93,9/23/2024,2024
STEED POND,DAVIS,RAINBOW,500,9.75,10/16/2024,2024
STEED POND,DAVIS,RAINBOW,500,9.75,10/30/2024,2024
STEEL CR,SUMMIT,CUTTHROAT,214,5.58,7/17/2024,2024
STEINAKER RES,UINTAH,TIGER TROUT,1501,2.19,4/15/2024,2024
STEINAKER RES,UINTAH,RAINBOW,6592,8.56,4/22/2024,2024
STEINAKER RES,UINTAH,RAINBOW,5908,8.81,4/22/2024,2024
STEINAKER RES,UINTAH,BROWN TROUT,5001,2.29,5/19/2024,2024
STEINAKER RES,UINTAH,RAINBOW,294,12.35,10/15/2024,2024
STEINAKER RES,UINTAH,BROWN TROUT,248,5.02,10/15/2024,2024
STEINAKER RES,UINTAH,RAINBOW,726,12.87,10/15/2024,2024
STEINAKER RES,UINTAH,RAINBOW,2666,9.37,10/19/2024,2024
STEINAKER RES,UINTAH,RAINBOW,2789,9.37,10/19/2024,2024
STEINAKER RES,UINTAH,RAINBOW,2824,9.37,10/20/2024,2024
STEINAKER RES,UINTAH,RAINBOW,1263,9.26,10/20/2024,2024
STILLWATER FK,SUMMIT,RAINBOW,240,10.14,7/2/2024,2024
STILLWATER FK,SUMMIT,RAINBOW,200,10,7/15/2024,2024
STILLWATER FK,SUMMIT,RAINBOW,207,10.28,7/29/2024,2024
STILLWATER FK,SUMMIT,RAINBOW,207,10.28,8/14/2024,2024
STODDARD SLOUGH,MORGAN,RAINBOW,502,10.24,5/14/2024,2024
STONE CR,DAVIS,CUTTHROAT,1005,3.12,11/6/2024,2024
STONE L FL,SEVIER,BROOK TROUT,96,2.63,6/24/2024,2024
STRATTON P,WASHINGTON,RAINBOW,294,10.21,1/3/2024,2024
STRATTON P,WASHINGTON,RAINBOW,210,10.41,1/3/2024,2024
STRATTON P,WASHINGTON,RAINBOW,482,10.63,1/31/2024,2024
STRATTON P,WASHINGTON,RAINBOW,466,10.75,2/14/2024,2024
STRATTON P,WASHINGTON,RAINBOW,492,10.55,2/27/2024,2024
STRATTON P,WASHINGTON,RAINBOW,560,9.19,3/11/2024,2024
STRATTON P,WASHINGTON,RAINBOW,734,9.61,3/27/2024,2024
STRATTON P,WASHINGTON,RAINBOW,510,9.87,11/12/2024,2024
STRATTON P,WASHINGTON,RAINBOW,925,8.49,12/16/2024,2024
STRAWBERRY R,DUCHESNE,RAINBOW,508,9.43,6/13/2024,2024
STRAWBERRY R,WASATCH,CUTTHROAT,4003,5.9,6/29/2024,2024
STRAWBERRY R,DUCHESNE,RAINBOW,500,10.08,7/9/2024,2024
STRAWBERRY R,WASATCH,CUTTHROAT,4367,2.04,10/23/2024,2024
"STRAWBERRY R, UPPER",WASATCH,CUTTHROAT,10854,9.17,6/24/2024,2024
"STRAWBERRY R, UPPER",WASATCH,CUTTHROAT,26820,3.17,9/17/2024,2024
"STRAWBERRY R, UPPER",WASATCH,CUTTHROAT,26820,3.17,9/17/2024,2024
"STRAWBERRY R, UPPER",WASATCH,CUTTHROAT,25500,3.23,9/25/2024,2024
"STRAWBERRY R, UPPER",WASATCH,CUTTHROAT,25500,3.23,9/25/2024,2024
"STRAWBERRY R, UPPER",WASATCH,CUTTHROAT,20375,3.27,9/30/2024,2024
STRAWBERRY RES,WASATCH,KOKANEE,132376,2.38,2/26/2024,2024
STRAWBERRY RES,WASATCH,KOKANEE,132236,2.78,4/30/2024,2024
STRAWBERRY RES,WASATCH,RAINBOW,48174,9.31,5/28/2024,2024
STRAWBERRY RES,WASATCH,RAINBOW,7700,9.21,5/28/2024,2024
STRAWBERRY RES,WASATCH,RAINBOW,8400,10.6,5/30/2024,2024
STRAWBERRY RES,WASATCH,RAINBOW,7823,10.6,5/30/2024,2024
STRAWBERRY RES,WASATCH,RAINBOW,3080,9.21,6/4/2024,2024
STRAWBERRY RES,WASATCH,KOKANEE,134600,3.34,6/4/2024,2024
STRAWBERRY RES,WASATCH,RAINBOW,8303,10.68,6/4/2024,2024
STRAWBERRY RES,WASATCH,RAINBOW,2500,10.32,6/4/2024,2024
STRAWBERRY RES,WASATCH,RAINBOW,6020,10.52,6/4/2024,2024
STRAWBERRY RES,WASATCH,RAINBOW,20000,10.32,6/5/2024,2024
STRAWBERRY RES,WASATCH,RAINBOW,1979,9.82,6/5/2024,2024
STRAWBERRY RES,WASATCH,RAINBOW,5024,9.82,6/5/2024,2024
STRAWBERRY RES,WASATCH,RAINBOW,5000,10.32,6/5/2024,2024
STRAWBERRY RES,WASATCH,RAINBOW,10409,9.91,6/7/2024,2024
STRAWBERRY RES,WASATCH,RAINBOW,4016,10.28,6/19/2024,2024
STRAWBERRY RES,WASATCH,RAINBOW,4159,10.14,6/19/2024,2024
STRAWBERRY RES,WASATCH,RAINBOW,3570,10.06,6/22/2024,2024
STRAWBERRY RES,WASATCH,CUTTHROAT,9882,9.17,6/24/2024,2024
STRAWBERRY RES,WASATCH,CUTTHROAT,20736,9.17,6/24/2024,2024
STRAWBERRY RES,WASATCH,CUTTHROAT,10255,9.17,6/24/2024,2024
STRAWBERRY RES,WASATCH,CUTTHROAT,12798,9.17,6/25/2024,2024
STRAWBERRY RES,WASATCH,CUTTHROAT,10368,9.17,6/25/2024,2024
STRAWBERRY RES,WASATCH,CUTTHROAT,10255,9.17,6/25/2024,2024
STRAWBERRY RES,WASATCH,CUTTHROAT,19311,9.17,6/25/2024,2024
STRAWBERRY RES,WASATCH,CUTTHROAT,12416,8.64,6/26/2024,2024
STRAWBERRY RES,WASATCH,CUTTHROAT,4847,8.64,6/26/2024,2024
STRAWBERRY RES,WASATCH,CUTTHROAT,23765,8.64,6/26/2024,2024
STRAWBERRY RES,WASATCH,CUTTHROAT,2450,9.66,9/9/2024,2024
STRAWBERRY RES,WASATCH,CUTTHROAT,15120,10.53,9/10/2024,2024
STRAWBERRY RES,WASATCH,CUTTHROAT,69255,10.53,9/10/2024,2024
STRAWBERRY RES,WASATCH,CUTTHROAT,34020,10.53,9/10/2024,2024
STRAWBERRY RES,WASATCH,RAINBOW,5904,8.83,9/21/2024,2024
STRAWBERRY RES,WASATCH,RAINBOW,4795,8.79,9/22/2024,2024
STRAWBERRY RES,WASATCH,CUTTHROAT,50065,3.23,9/24/2024,2024
STRAWBERRY RES,WASATCH,RAINBOW,9768,9.94,10/7/2024,2024
STRAWBERRY RES,WASATCH,RAINBOW,10560,9.94,10/7/2024,2024
STRAWBERRY RES,WASATCH,RAINBOW,11240,9.73,10/7/2024,2024
STRAWBERRY RES,WASATCH,RAINBOW,9920,10.15,10/8/2024,2024
STRAWBERRY RES,WASATCH,RAINBOW,9920,10.15,10/8/2024,2024
STRAWBERRY RES,WASATCH,RAINBOW,11760,9.59,10/9/2024,2024
STRAWBERRY RES,WASATCH,RAINBOW,10840,9.85,10/10/2024,2024
STRAWBERRY RES,WASATCH,RAINBOW,10360,10,10/10/2024,2024
STRAWBERRY RES,WASATCH,RAINBOW,11480,9.82,10/21/2024,2024
STRAWBERRY RES,WASATCH,RAINBOW,11480,9.82,10/21/2024,2024
STRAWBERRY RES,WASATCH,RAINBOW,11193,9.9,10/22/2024,2024
STRAWBERRY RES,WASATCH,RAINBOW,10440,10.05,10/22/2024,2024
STRAWBERRY RES,WASATCH,RAINBOW,3591,9.99,10/23/2024,2024
STRAWBERRY RES,WASATCH,RAINBOW,6704,10.17,10/23/2024,2024
STRAWBERRY RES,WASATCH,CUTTHROAT,80036,2.9,10/24/2024,2024
STRAWBERRY RES,WASATCH,RAINBOW,1960,9.82,10/25/2024,2024
STRAWBERRY RES,WASATCH,RAINBOW,1869,10,10/25/2024,2024
STRAWBERRY RES,WASATCH,RAINBOW,1541,9.55,10/28/2024,2024
STRAWBERRY RES,WASATCH,RAINBOW,644,9.22,10/28/2024,2024
STRAWBERRY RES,WASATCH,RAINBOW,504,9.64,11/3/2024,2024
SUNSET POND,SALT LAKE,RAINBOW,249,9.52,3/18/2024,2024
SUNSET POND,SALT LAKE,RAINBOW,250,9.55,3/25/2024,2024
SUNSET POND,SALT LAKE,RAINBOW,249,9.52,4/1/2024,2024
SUNSET POND,SALT LAKE,RAINBOW,250,9.43,4/8/2024,2024
SUNSET POND,SALT LAKE,RAINBOW,249,9.52,4/15/2024,2024
SUNSET POND,SALT LAKE,RAINBOW,251,9.57,4/23/2024,2024
SUNSET POND,SALT LAKE,RAINBOW,251,9.57,4/30/2024,2024
SUNSET POND,SALT LAKE,RAINBOW,151,17.81,5/1/2024,2024
SUNSET POND,SALT LAKE,RAINBOW,351,9.75,5/17/2024,2024
SUNSET POND,SALT LAKE,CHANNEL CATFISH,50,13.57,6/6/2024,2024
SUNSET POND,SALT LAKE,CHANNEL CATFISH,120,13.57,6/20/2024,2024
SUNSET POND,SALT LAKE,CHANNEL CATFISH,300,13.57,9/5/2024,2024
SUNSET POND,SALT LAKE,GRASS CARP STERILE,15,6.3,10/3/2024,2024
SUNSET POND,SALT LAKE,SUNFISH BLUEGILL,700,2.92,10/3/2024,2024
SUNSET POND,SALT LAKE,BASS LARGEMOUTH,100,2.92,10/3/2024,2024
SURVEY L RC-20,DUCHESNE,BROOK TROUT,97,2.91,6/28/2024,2024
SURVEYORS L BTN,GARFIELD,BROOK TROUT,246,2.63,6/24/2024,2024
SURVEYORS L BTN,GARFIELD,TIGER TROUT,52,2.68,6/24/2024,2024
TALL FOUR RES,GARFIELD,CUTTHROAT,105,2.9,8/21/2024,2024
TAMARACK L GR-2,SUMMIT,TIGER TROUT,1998,3.64,6/26/2024,2024
TAMARACK L GR-2,SUMMIT,CUTTHROAT,600,5.6,7/1/2024,2024
TAMARACK L GR-2,SUMMIT,CUTTHROAT,6840,2.26,7/15/2024,2024
TEAL SP,BOX ELDER,RAINBOW,750,11.91,4/12/2024,2024
TEAL SP,BOX ELDER,RAINBOW,2100,10.17,10/23/2024,2024
TEAPOT L A-60,SUMMIT,RAINBOW,503,12.25,6/19/2024,2024
TEAPOT L A-60,SUMMIT,TIGER TROUT,499,9.87,6/20/2024,2024
TEAPOT L A-60,SUMMIT,RAINBOW,500,10,7/2/2024,2024
TEAPOT L A-60,SUMMIT,TIGER TROUT,500,10,7/3/2024,2024
TEAPOT L A-60,SUMMIT,RAINBOW,500,10,7/10/2024,2024
TEAPOT L A-60,SUMMIT,BROOK TROUT,510,2.9,7/10/2024,2024
TEAPOT L A-60,SUMMIT,RAINBOW,625,10,7/15/2024,2024
TEAPOT L A-60,SUMMIT,TIGER TROUT,212,10.21,7/15/2024,2024
TEAPOT L A-60,SUMMIT,BROOK TROUT,502,3.78,7/16/2024,2024
TEAPOT L A-60,SUMMIT,RAINBOW,322,10.28,7/29/2024,2024
TEAPOT L A-60,SUMMIT,TIGER TROUT,212,10.56,7/31/2024,2024
TEAPOT L A-60,SUMMIT,RAINBOW,207,10.28,8/5/2024,2024
TEAPOT L A-60,SUMMIT,TIGER TROUT,511,10.55,8/12/2024,2024
TEAPOT L A-60,SUMMIT,RAINBOW,311,10.28,8/14/2024,2024
TEAPOT L A-60,SUMMIT,TIGER TROUT,213,10.55,8/19/2024,2024
TEAPOT L A-60,SUMMIT,RAINBOW,505,11.02,8/28/2024,2024
THISTLE CR,UTAH,BROWN TROUT,2100,5.73,7/17/2024,2024
THISTLE CR,UTAH,CUTTHROAT,2512,2.46,9/9/2024,2024
THREE CREEKS RES,BEAVER,RAINBOW,1000,9.95,6/12/2024,2024
THREE CREEKS RES,BEAVER,TIGER TROUT,496,8.73,6/14/2024,2024
THREE MILE CR,GARFIELD,CUTTHROAT,4500,1.85,9/23/2024,2024
TIBBLE FK RES,UTAH,RAINBOW,502,10.92,4/25/2024,2024
TIBBLE FK RES,UTAH,RAINBOW,1001,9.87,4/25/2024,2024
TIBBLE FK RES,UTAH,RAINBOW,500,11.67,5/8/2024,2024
TIBBLE FK RES,UTAH,RAINBOW,1001,10.37,5/8/2024,2024
TIBBLE FK RES,UTAH,RAINBOW,1001,10.24,5/16/2024,2024
TIBBLE FK RES,UTAH,RAINBOW,500,11.67,5/16/2024,2024
TIBBLE FK RES,UTAH,RAINBOW,1000,11.67,5/21/2024,2024
TIBBLE FK RES,UTAH,RAINBOW,2301,10.22,6/18/2024,2024
TIBBLE FK RES,UTAH,RAINBOW,1301,10.25,7/8/2024,2024
TIBBLE FK RES,UTAH,RAINBOW,1302,10.12,7/16/2024,2024
TIBBLE FK RES,UTAH,RAINBOW,1100,10.12,7/29/2024,2024
TIBBLE FK RES,UTAH,RAINBOW,1002,10.66,8/12/2024,2024
TIBBLE FK RES,UTAH,RAINBOW,1002,10.66,8/27/2024,2024
TIDWELL RES,SEVIER,RAINBOW,303,3.99,6/3/2024,2024
TIDWELL RES,SEVIER,BROOK TROUT,109,2.84,7/22/2024,2024
TIE FK CR,UTAH,CUTTHROAT,2011,2.98,9/9/2024,2024
TONY GROVE L,CACHE,RAINBOW,2500,12.34,7/2/2024,2024
TONY GROVE L,CACHE,RAINBOW,2500,12.88,7/23/2024,2024
TONY GROVE L,CACHE,RAINBOW,1800,12.37,8/15/2024,2024
TOQUER L LF-25,DUCHESNE,CUTTHROAT,444,1.48,9/23/2024,2024
"TOWA P, UPPER",WASHINGTON,RAINBOW,640,10.41,1/2/2024,2024
"TOWA P, UPPER",WASHINGTON,RAINBOW,320,17.84,1/24/2024,2024
"TOWA P, UPPER",WASHINGTON,RAINBOW,603,10.63,1/30/2024,2024
"TOWA P, UPPER",WASHINGTON,RAINBOW,466,10.75,2/13/2024,2024
"TOWA P, UPPER",WASHINGTON,RAINBOW,492,10.55,2/27/2024,2024
"TOWA P, UPPER",WASHINGTON,RAINBOW,276,9.8,4/3/2024,2024
"TOWA P, UPPER",WASHINGTON,RAINBOW,400,16.67,4/4/2024,2024
"TOWA P, UPPER",WASHINGTON,RAINBOW,635,10.02,11/8/2024,2024
"TOWA P, UPPER",WASHINGTON,RAINBOW,610,10.02,11/25/2024,2024
"TOWA P, UPPER",WASHINGTON,RAINBOW,678,10.28,12/12/2024,2024
"TOWA P, UPPER",WASHINGTON,RAINBOW,211,10.51,12/23/2024,2024
"TOWA P, UPPER",WASHINGTON,RAINBOW,402,8.68,12/23/2024,2024
TOWA P. LOWER,WASHINGTON,RAINBOW,384,10.41,1/2/2024,2024
TOWA P. LOWER,WASHINGTON,RAINBOW,140,17.84,1/24/2024,2024
TOWA P. LOWER,WASHINGTON,RAINBOW,362,10.63,1/30/2024,2024
TOWA P. LOWER,WASHINGTON,RAINBOW,233,10.75,2/13/2024,2024
TOWA P. LOWER,WASHINGTON,RAINBOW,246,10.55,2/27/2024,2024
TOWA P. LOWER,WASHINGTON,RAINBOW,230,9.8,4/3/2024,2024
TOWA P. LOWER,WASHINGTON,RAINBOW,390,10.02,11/8/2024,2024
TOWA P. LOWER,WASHINGTON,RAINBOW,366,10.02,11/25/2024,2024
TOWA P. LOWER,WASHINGTON,RAINBOW,395,10.28,12/12/2024,2024
TOWA P. LOWER,WASHINGTON,RAINBOW,211,10.51,12/23/2024,2024
TOWA P. LOWER,WASHINGTON,RAINBOW,201,8.68,12/23/2024,2024
TOWNE RES,SANPETE,RAINBOW,990,10.44,5/28/2024,2024
TOWNE RES,SANPETE,RAINBOW,990,10.44,5/28/2024,2024
TRIAL L A-61,SUMMIT,RAINBOW,1224,12.25,6/17/2024,2024
TRIAL L A-61,SUMMIT,TIGER TROUT,1001,9.87,6/20/2024,2024
TRIAL L A-61,SUMMIT,RAINBOW,1260,11.16,6/26/2024,2024
TRIAL L A-61,SUMMIT,RAINBOW,1530,11.16,7/1/2024,2024
TRIAL L A-61,SUMMIT,BROOK TROUT,372,2.92,7/1/2024,2024
TRIAL L A-61,SUMMIT,TIGER TROUT,1000,10,7/3/2024,2024
TRIAL L A-61,SUMMIT,RAINBOW,1311,10.28,7/15/2024,2024
TRIAL L A-61,SUMMIT,TIGER TROUT,306,10.21,7/15/2024,2024
TRIAL L A-61,SUMMIT,BROOK TROUT,1620,3.78,7/16/2024,2024
TRIAL L A-61,SUMMIT,RAINBOW,1012,10.28,7/29/2024,2024
TRIAL L A-61,SUMMIT,TIGER TROUT,721,10.56,7/31/2024,2024
TRIAL L A-61,SUMMIT,RAINBOW,506,10.28,8/5/2024,2024
TRIAL L A-61,SUMMIT,TIGER TROUT,628,10.55,8/12/2024,2024
TRIAL L A-61,SUMMIT,RAINBOW,1150,10.28,8/12/2024,2024
TRIAL L A-61,SUMMIT,TIGER TROUT,916,10.55,8/19/2024,2024
TRIAL L A-61,SUMMIT,RAINBOW,505,11.02,8/28/2024,2024
TRIAL L A-61,SUMMIT,TIGER TROUT,364,12.13,10/21/2024,2024
TRIDENT L A-41,SUMMIT,BROOK TROUT,102,2.9,7/3/2024,2024
TROPIC RES,GARFIELD,RAINBOW,3520,10.39,4/25/2024,2024
TROPIC RES,GARFIELD,TIGER TROUT,3507,9.07,5/29/2024,2024
TROPIC RES,GARFIELD,MUSKIE TIGER,499,5.81,6/20/2024,2024
TULE L,GARFIELD,BROOK TROUT,152,2.62,6/25/2024,2024
TWELVE MILE CR,SANPETE,CUTTHROAT,6129,1.93,9/16/2024,2024
TWIN CREEK,SANPETE,CUTTHROAT,2000,1.93,9/17/2024,2024
TWIN L,SANPETE,RAINBOW,506,10.44,5/28/2024,2024
TWIN L,SANPETE,RAINBOW,506,10.44,5/28/2024,2024
TWIN L,SANPETE,TIGER TROUT,403,4.27,7/29/2024,2024
TWIN L,SALT LAKE,CUTTHROAT,4040,2.31,9/24/2024,2024
TWIN L X-49,DUCHESNE,MUSKIE TIGER,165,5.93,6/26/2024,2024
TWIN L X-49,DUCHESNE,CUTTHROAT,702,1.48,9/23/2024,2024
TWIN L X-77,DUCHESNE,GRAYLING ARCTIC,326,2.47,9/23/2024,2024
"TWIN L, LOWER A-33",SUMMIT,TIGER TROUT,302,2.78,7/8/2024,2024
"TWIN L, UPPER A-32",SUMMIT,BROOK TROUT,449,2.9,7/3/2024,2024
TWOMILE CR,SAN JUAN,CUTTHROAT,1096,2.41,8/8/2024,2024
U M CR,SEVIER,TIGER TROUT,103,3.45,8/12/2024,2024
U M CR,SEVIER,CUTTHROAT,2192,2.18,10/23/2024,2024
U- 22,DUCHESNE,BROOK TROUT,604,2.93,6/26/2024,2024
U- 75,DUCHESNE,CUTTHROAT,524,1.85,9/23/2024,2024
U- 91,DUCHESNE,CUTTHROAT,524,1.85,9/23/2024,2024
UINTA POND,DUCHESNE,RAINBOW,500,9.53,5/24/2024,2024
UINTA POND,DUCHESNE,BROOK TROUT,104,3.2,6/8/2024,2024
UINTA POND,DUCHESNE,RAINBOW,500,9.84,6/8/2024,2024
UINTA R,DUCHESNE,RAINBOW,1000,10.19,6/28/2024,2024
UINTA R,DUCHESNE,RAINBOW,999,10.48,7/21/2024,2024
UINTA R,DUCHESNE,RAINBOW,819,10.78,8/16/2024,2024
UPPER BELLS RES,SALT LAKE,CUTTHROAT,3019,2.41,9/24/2024,2024
UPPER STILLWATER RES,DUCHESNE,BROOK TROUT,3036,4.67,8/19/2024,2024
UPPER WPA,SANPETE,BROOK TROUT,276,2.71,7/1/2024,2024
UTAH L,UTAH,SUCKER,14000,10.18,7/2/2024,2024
UTAH L,UTAH,SUCKER,1106,12,9/25/2024,2024
UTAH L,UTAH,SUCKER,17,14.06,10/25/2024,2024
UTAH L,UTAH,SUCKER,1164,11.04,11/18/2024,2024
VERNON CR RES,TOOELE,RAINBOW,1104,10.14,3/21/2024,2024
VERNON CR RES,TOOELE,RAINBOW,1104,10.14,3/21/2024,2024
VERNON CR RES,TOOELE,RAINBOW,1000,10.52,4/18/2024,2024
VERNON CR RES,TOOELE,RAINBOW,1000,10.52,4/18/2024,2024
VERNON CR RES,TOOELE,RAINBOW,800,10.68,5/29/2024,2024
VERNON CR RES,TOOELE,TIGER TROUT,3025,6.18,9/24/2024,2024
VERNON CR RES,TOOELE,RAINBOW,750,11.86,10/22/2024,2024
VERNON CR RES,TOOELE,RAINBOW,1200,11.86,10/22/2024,2024
VIC'S POND,SANPETE,BROOK TROUT,75,2.71,7/1/2024,2024
VIRGINR RIVER PARK POND,WASHINGTON,RAINBOW,320,10.41,1/2/2024,2024
VIRGINR RIVER PARK POND,WASHINGTON,RAINBOW,140,17.84,1/24/2024,2024
VIRGINR RIVER PARK POND,WASHINGTON,RAINBOW,301,10.63,1/31/2024,2024
VIRGINR RIVER PARK POND,WASHINGTON,RAINBOW,233,10.75,2/14/2024,2024
VIRGINR RIVER PARK POND,WASHINGTON,RAINBOW,246,10.55,2/27/2024,2024
VIRGINR RIVER PARK POND,WASHINGTON,RAINBOW,123,9.8,4/3/2024,2024
VIRGINR RIVER PARK POND,WASHINGTON,RAINBOW,300,16.18,4/8/2024,2024
VIRGINR RIVER PARK POND,WASHINGTON,RAINBOW,319,9.87,11/12/2024,2024
VIRGINR RIVER PARK POND,WASHINGTON,RAINBOW,305,10.02,11/25/2024,2024
VIRGINR RIVER PARK POND,WASHINGTON,RAINBOW,261,8.68,12/23/2024,2024
VIRGINR RIVER PARK POND,WASHINGTON,RAINBOW,211,10.51,12/23/2024,2024
VIVIAN PARK P,UTAH,RAINBOW,498,9.28,4/8/2024,2024
VIVIAN PARK P,UTAH,RAINBOW,202,9.31,4/15/2024,2024
VIVIAN PARK P,UTAH,RAINBOW,203,9.83,5/3/2024,2024
VIVIAN PARK P,UTAH,RAINBOW,400,9.76,5/20/2024,2024
VIVIAN PARK P,UTAH,RAINBOW,399,10.15,6/26/2024,2024
VIVIAN PARK P,UTAH,RAINBOW,402,10.22,7/15/2024,2024
VIVIAN PARK P,UTAH,RAINBOW,500,10.33,7/29/2024,2024
W-16,SUMMIT,BROOK TROUT,398,2.9,7/2/2024,2024
W-52,SUMMIT,BROOK TROUT,357,2.9,7/2/2024,2024
WALL L A-29,SUMMIT,TIGER TROUT,1844,2.78,7/8/2024,2024
WALLSBURG CR,WASATCH,CUTTHROAT,101,7.25,6/11/2024,2024
WARDSWORTH CR,UTAH,CUTTHROAT,3013,2.53,10/1/2024,2024
WARNER L,GRAND,RAINBOW,1000,9.95,6/4/2024,2024
WARNER L,GRAND,RAINBOW,601,9.83,7/15/2024,2024
WASATCH MTN STATE PARK P,WASATCH,RAINBOW,500,9.27,4/9/2024,2024
WASATCH MTN STATE PARK P,WASATCH,RAINBOW,501,9.28,4/22/2024,2024
WASATCH MTN STATE PARK P,WASATCH,RAINBOW,502,10.24,5/13/2024,2024
WASATCH MTN STATE PARK P,WASATCH,RAINBOW,366,11.67,5/13/2024,2024
WASATCH MTN STATE PARK P,WASATCH,RAINBOW,435,9.76,5/20/2024,2024
WASATCH MTN STATE PARK P,WASATCH,RAINBOW,605,9.76,5/30/2024,2024
WASATCH MTN STATE PARK P,WASATCH,RAINBOW,1101,10.15,6/17/2024,2024
WASATCH MTN STATE PARK P,WASATCH,RAINBOW,1001,10.15,6/24/2024,2024
WASATCH MTN STATE PARK P,WASATCH,RAINBOW,601,10.22,6/24/2024,2024
WASATCH MTN STATE PARK P,WASATCH,RAINBOW,401,10.21,7/9/2024,2024
WASHINGTON L A-23,SUMMIT,RAINBOW,571,12.25,6/19/2024,2024
WASHINGTON L A-23,SUMMIT,TIGER TROUT,499,9.87,6/20/2024,2024
WASHINGTON L A-23,SUMMIT,RAINBOW,1170,11.16,6/26/2024,2024
WASHINGTON L A-23,SUMMIT,TIGER TROUT,800,10,7/3/2024,2024
WASHINGTON L A-23,SUMMIT,BROOK TROUT,2090,3.78,7/16/2024,2024
WATSON L A-27,SUMMIT,BROOK TROUT,296,2.9,7/3/2024,2024
WEAVER RES,GRAND,CUTTHROAT,1830,5.92,7/22/2024,2024
WEAVER RES,GRAND,CUTTHROAT,171,6.75,7/22/2024,2024
WEBER R,WEBER,RAINBOW,1400,11.06,5/9/2024,2024
WEBER R,WEBER,RAINBOW,800,12.53,6/28/2024,2024
WEBER R,SUMMIT,RAINBOW,101,11.16,7/1/2024,2024
WEBER R,SUMMIT,RAINBOW,101,11.16,7/1/2024,2024
WEBER R,SUMMIT,RAINBOW,125,10,7/10/2024,2024
WEBER R,WEBER,RAINBOW,800,12.88,7/19/2024,2024
WEBER R,SUMMIT,RAINBOW,126,10.28,7/22/2024,2024
WEBER R,SUMMIT,RAINBOW,126,10.28,7/22/2024,2024
WEBER R,SUMMIT,RAINBOW,379,10.28,8/5/2024,2024
WEBER R,SUMMIT,RAINBOW,126,10.28,8/5/2024,2024
WEBER R,SUMMIT,RAINBOW,115,10.28,8/14/2024,2024
"WEEP L, OLD LF-30",DUCHESNE,CUTTHROAT,454,1.48,9/23/2024,2024
WELLSVILLE RES,CACHE,RAINBOW,1001,9.52,3/26/2024,2024
WELLSVILLE RES,CACHE,RAINBOW,300,17.1,4/18/2024,2024
WELLSVILLE RES,CACHE,RAINBOW,1702,9.48,4/29/2024,2024
WELLSVILLE RES,CACHE,RAINBOW,1001,9.95,5/21/2024,2024
WELLSVILLE RES,CACHE,RAINBOW,500,11.99,6/7/2024,2024
WELLSVILLE RES,CACHE,RAINBOW,1300,12.5,9/12/2024,2024
WELLSVILLE RES,CACHE,SUNFISH BLUEGILL,4518,3.38,10/3/2024,2024
WELLSVILLE RES,CACHE,RAINBOW,399,18.12,10/15/2024,2024
WELLSVILLE RES,CACHE,TIGER TROUT,414,11.16,10/16/2024,2024
WELLSVILLE RES,CACHE,RAINBOW,500,10.17,10/28/2024,2024
WELLSVILLE RES,CACHE,RAINBOW,126,18.12,10/29/2024,2024
WEST CENTER OWEEP CR,DUCHESNE,CUTTHROAT,1158,6.06,10/1/2024,2024
WEST CENTER OWEEP CR,DUCHESNE,CUTTHROAT,2149,1.59,10/1/2024,2024
WEST OWEEP CR,DUCHESNE,CUTTHROAT,535,6.06,10/1/2024,2024
WHITE PINE L,SALT LAKE,CUTTHROAT,4040,2.31,9/24/2024,2024
WHITNEY RES,SUMMIT,RAINBOW,3655,10.52,6/11/2024,2024
WHITNEY RES,SUMMIT,RAINBOW,1029,12.74,6/30/2024,2024
WHITNEY RES,SUMMIT,RAINBOW,3000,10,7/10/2024,2024
WHITNEY RES,SUMMIT,TIGER TROUT,10010,4.53,8/6/2024,2024
WHITNEY RES,SUMMIT,TIGER TROUT,10010,4.53,8/6/2024,2024
WIDE HOLLOW RES,GARFIELD,TIGER TROUT,499,9.62,6/19/2024,2024
WIDE HOLLOW RES,GARFIELD,RAINBOW,2788,9.8,10/1/2024,2024
WIDE HOLLOW RES,GARFIELD,RAINBOW,1375,9.8,10/2/2024,2024
WILDER L Z-13,DUCHESNE,BROOK TROUT,398,2.9,7/3/2024,2024
WILLARD BAY RES,BOX ELDER,WALLEYE,225000,0.41,4/1/2024,2024
WILLARD BAY RES,BOX ELDER,WALLEYE,230500,0.41,4/4/2024,2024
WILLARD BAY RES,BOX ELDER,WALLEYE,14500,0.41,4/4/2024,2024
WILLARD BAY RES,BOX ELDER,WALLEYE,136000,0.41,4/10/2024,2024
WILLARD BAY RES,BOX ELDER,WALLEYE,120000,0.41,4/15/2024,2024
WILLARD BAY RES,BOX ELDER,WALLEYE,119000,0.41,4/17/2024,2024
WILLARD BAY RES,BOX ELDER,WALLEYE,206000,0.41,4/17/2024,2024
WILLARD BAY RES,BOX ELDER,WALLEYE,143500,0.41,4/17/2024,2024
WILLARD BAY RES,BOX ELDER,WALLEYE,108500,0.41,4/17/2024,2024
WILLARD BAY RES,BOX ELDER,WALLEYE,203000,0.41,4/18/2024,2024
WILLARD BAY RES,BOX ELDER,WALLEYE,153000,0.41,4/18/2024,2024
WILLARD BAY RES,BOX ELDER,WALLEYE,116000,0.41,4/18/2024,2024
WILLARD BAY RES,BOX ELDER,WALLEYE,206500,0.41,4/23/2024,2024
WILLARD BAY RES,BOX ELDER,WALLEYE,181000,0.41,4/23/2024,2024
WILLARD BAY RES,BOX ELDER,WALLEYE,193000,0.41,4/23/2024,2024
WILLARD BAY RES,BOX ELDER,WALLEYE,153000,0.41,4/25/2024,2024
WILLARD BAY RES,BOX ELDER,WIPER,2125,8.55,5/23/2024,2024
WILLARD BAY RES,BOX ELDER,WIPER,2625,8.55,5/23/2024,2024
WILLARD BAY RES,BOX ELDER,WIPER,14700,0.31,5/28/2024,2024
WILLARD BAY RES,BOX ELDER,WIPER,1000000,0.22,6/13/2024,2024
WILLARD CR POND,BOX ELDER,RAINBOW,237,8.77,3/13/2024,2024
WILLARD CR POND,BOX ELDER,RAINBOW,200,9.28,4/24/2024,2024
WILLARD CR POND,BOX ELDER,RAINBOW,102,9.76,5/15/2024,2024
WILLARD CR POND,BOX ELDER,RAINBOW,503,10.69,10/1/2024,2024
WILLARD CR POND,BOX ELDER,RAINBOW,250,10.55,11/4/2024,2024
WILLARD PEAK POND,BOX ELDER,SUNFISH BLUEGILL,4518,3.38,10/3/2024,2024
WILLARD PEAK POND,BOX ELDER,BASS LARGEMOUTH,1051,3,10/3/2024,2024
"WILLOW CR, N FK",SALT LAKE,CUTTHROAT,507,3.12,11/6/2024,2024
WILLOW CREEK POND,UTAH,RAINBOW,499,9.52,3/11/2024,2024
WILLOW CREEK POND,UTAH,RAINBOW,200,17.1,3/18/2024,2024
WILLOW CREEK POND,UTAH,RAINBOW,499,9.52,3/18/2024,2024
WILLOW CREEK POND,UTAH,RAINBOW,499,9.55,3/27/2024,2024
WILLOW CREEK POND,UTAH,RAINBOW,501,9.43,4/8/2024,2024
WILLOW CREEK POND,UTAH,RAINBOW,499,9.52,4/15/2024,2024
WILLOW CREEK POND,UTAH,RAINBOW,499,9.57,4/22/2024,2024
WILLOW CREEK POND,UTAH,RAINBOW,499,9.55,5/6/2024,2024
WILLOW CREEK POND,UTAH,CHANNEL CATFISH,125,13.57,6/6/2024,2024
WILLOW CREEK POND,UTAH,CHANNEL CATFISH,125,13.57,6/6/2024,2024
WILLOW CREEK POND,UTAH,CHANNEL CATFISH,200,13.57,6/20/2024,2024
WILLOW CREEK POND,UTAH,BASS LARGEMOUTH,298,3,10/3/2024,2024
WILLOW CREEK POND,UTAH,SUNFISH BLUEGILL,2503,3.38,10/3/2024,2024
WILLOW L,SANPETE,RAINBOW,1000,10.77,6/13/2024,2024
WILLOW L,SANPETE,TIGER TROUT,3001,4.27,7/29/2024,2024
WILLOW L,SANPETE,RAINBOW,1005,10.83,8/1/2024,2024
WILLOW L,SANPETE,RAINBOW,1000,10.77,10/8/2024,2024
WILLOW PARK PND,SALT LAKE,BROOK TROUT,327,15.21,1/22/2024,2024
WILLOW PARK PND,SALT LAKE,RAINBOW,338,11.86,2/21/2024,2024
WILLOW PARK PND,SALT LAKE,RAINBOW,338,10.6,3/11/2024,2024
WILLOW PARK PND,SALT LAKE,RAINBOW,338,10.6,3/18/2024,2024
WILLOW PARK PND,SALT LAKE,RAINBOW,338,10.77,4/2/2024,2024
WILLOW PARK PND,SALT LAKE,RAINBOW,338,10.77,4/9/2024,2024
WILLOW PARK PND,SALT LAKE,RAINBOW,838,10.77,4/19/2024,2024
WILLOW PARK PND,SALT LAKE,RAINBOW,338,10.77,4/22/2024,2024
WILLOW PARK PND,SALT LAKE,TIGER TROUT,2640,9.53,4/22/2024,2024
WILLOW PARK PND,SALT LAKE,RAINBOW,338,11.26,5/6/2024,2024
WILLOW PARK PND,SALT LAKE,TIGER TROUT,1501,10.07,5/7/2024,2024
WILLOW PARK PND,SALT LAKE,RAINBOW,357,11.26,5/13/2024,2024
WILLOW PARK PND,SALT LAKE,RAINBOW,338,11.86,5/27/2024,2024
WILLOW PARK PND,SALT LAKE,RAINBOW,338,11.37,6/3/2024,2024
WILLOW PARK PND,SALT LAKE,CHANNEL CATFISH,400,13.57,6/6/2024,2024
WILLOW PARK PND,SALT LAKE,TIGER TROUT,1013,10.19,6/11/2024,2024
WILLOW PARK PND,SALT LAKE,CHANNEL CATFISH,350,13.57,6/20/2024,2024
WILLOW PARK PND,SALT LAKE,TIGER TROUT,1000,10.46,6/25/2024,2024
WILLOW PARK PND,SALT LAKE,CHANNEL CATFISH,500,13.57,9/5/2024,2024
WILLOW PARK PND,SALT LAKE,RAINBOW,1005,10,9/16/2024,2024
WILLOW PARK PND,SALT LAKE,CHANNEL CATFISH,500,13.57,9/19/2024,2024
WILLOW PARK PND,SALT LAKE,SUNFISH BLUEGILL,3000,2.92,10/3/2024,2024
WILLOW PARK PND,SALT LAKE,BASS LARGEMOUTH,200,2.92,10/3/2024,2024
WILLOW PARK PND,SALT LAKE,RAINBOW,1800,11.51,11/4/2024,2024
WILLOW SPRING POND,WASHINGTON,RAINBOW,473,10.08,5/1/2024,2024
WILLOW SPRING POND,WASHINGTON,CRAPPIE BLACK,208,8.39,5/15/2024,2024
WILLOW SPRING POND,WASHINGTON,CHANNEL CATFISH,125,13.57,6/6/2024,2024
WILLOW SPRING POND,WASHINGTON,CHANNEL CATFISH,125,13.57,6/20/2024,2024
WILLOW SPRING POND,WASHINGTON,RAINBOW,528,10.48,6/21/2024,2024
WILLOW SPRING POND,WASHINGTON,SUNFISH BLUEGILL,90,10.03,8/27/2024,2024
WILLOW SPRING POND,WASHINGTON,CRAPPIE BLACK,118,8.97,8/27/2024,2024
WILLOW SPRING POND,WASHINGTON,RAINBOW,1063,9.8,9/30/2024,2024
WOLF CR,DUCHESNE,BROOK TROUT,1861,4.85,8/19/2024,2024
WOODS POND,IRON,RAINBOW,261,10.19,5/14/2024,2024
WOODS POND,IRON,RAINBOW,305,10.43,5/22/2024,2024
WOODS POND,IRON,RAINBOW,286,10.65,6/7/2024,2024
WOODS POND,IRON,RAINBOW,300,10.48,6/21/2024,2024
WOODS POND,IRON,RAINBOW,52,10.19,7/2/2024,2024
WOODS POND,IRON,RAINBOW,497,10.09,7/18/2024,2024
"WPA POND, UPPER",SANPETE,RAINBOW,1700,10.77,7/9/2024,2024
"WPA POND, UPPER",SANPETE,RAINBOW,100,10.77,7/9/2024,2024
WRIGLEY SPRING RES,EMERY,RAINBOW,1000,10.77,6/13/2024,2024
WRIGLEY SPRING RES,EMERY,TIGER TROUT,2013,4.27,7/29/2024,2024
WRIGLEY SPRING RES,EMERY,RAINBOW,1005,10.83,8/1/2024,2024
WRIGLEY SPRING RES,EMERY,RAINBOW,500,10.77,10/8/2024,2024
YANKEE MEADOW RES,IRON,RAINBOW,1000,10.24,5/21/2024,2024
YANKEE MEADOW RES,IRON,BROOK TROUT,2069,2.89,7/16/2024,2024
YANKEE MEADOW RES,IRON,RAINBOW,5076,4.62,7/16/2024,2024
YANKEE MEADOW RES,IRON,CUTTHROAT,3510,1.64,9/8/2024,2024
YEARNS RES,SANPETE,TIGER TROUT,504,10.07,5/8/2024,2024
YEARNS RES,SANPETE,RAINBOW,2002,9.87,5/8/2024,2024
YEARNS RES,SANPETE,RAINBOW,1501,10.37,5/20/2024,2024
YEARNS RES,SANPETE,TIGER TROUT,500,9.73,5/20/2024,2024
YEARNS RES,SANPETE,RAINBOW,998,10.6,6/3/2024,2024
YEARNS RES,SANPETE,TIGER TROUT,500,10.91,7/10/2024,2024
YEARNS RES,SANPETE,RAINBOW,700,10.77,7/10/2024,2024
YEARNS RES,SANPETE,RAINBOW,300,9.41,7/10/2024,2024
YELLOW LAKE NCL,GARFIELD,BROOK TROUT,69,2.62,6/25/2024,2024
"YELLOWPINE,LOWER W66",SUMMIT,BROOK TROUT,204,2.9,7/2/2024,2024
"YELLOWPINE,UPPER W65",SUMMIT,BROOK TROUT,296,2.9,7/2/2024,2024
YELLOWSTONE R,DUCHESNE,RAINBOW,498,10.14,6/25/2024,2024
YELLOWSTONE R,DUCHESNE,RAINBOW,1000,10.51,7/23/2024,2024
YELLOWSTONE R,DUCHESNE,RAINBOW,502,10.94,8/6/2024,2024
YUBA RES (SEVIER BRG,JUAB,WALLEYE,20500,0.41,4/4/2024,2024
YUBA RES (SEVIER BRG,JUAB,WALLEYE,5500,0.41,4/4/2024,2024
YUBA RES (SEVIER BRG,JUAB,WALLEYE,14500,0.41,4/8/2024,2024
YUBA RES (SEVIER BRG,JUAB,WALLEYE,70000,0.41,4/8/2024,2024
YUBA RES (SEVIER BRG,JUAB,WALLEYE,8000,0.41,4/10/2024,2024
YUBA RES (SEVIER BRG,JUAB,WALLEYE,52500,0.41,4/10/2024,2024
YUBA RES (SEVIER BRG,JUAB,WALLEYE,83000,0.41,4/10/2024,2024
YUBA RES (SEVIER BRG,JUAB,MUSKIE TIGER,29997,0.98,4/15/2024,2024
YUBA RES (SEVIER BRG,JUAB,MUSKIE TIGER,8000,2,4/15/2024,2024
YUBA RES (SEVIER BRG,JUAB,MUSKIE TIGER,9984,2.72,4/22/2024,2024
YUBA RES (SEVIER BRG,JUAB,MUSKIE TIGER,7018,4.55,5/30/2024,2024
YUBA RES (SEVIER BRG,JUAB,CHANNEL CATFISH,470,13.57,6/20/2024,2024
YUBA RES (SEVIER BRG,JUAB,MUSKIE TIGER,2121,6.42,7/8/2024,2024
YUBA RES (SEVIER BRG,JUAB,WIPER,50220,2.04,7/18/2024,2024
YUBA RES (SEVIER BRG,JUAB,RAINBOW,3332,10.27,10/30/2024,2024
YUBA RES (SEVIER BRG,JUAB,RAINBOW,1666,10.27,10/30/2024,2024
ABERDUNK L FL,SEVIER,TIGER TROUT,101,2.81,6/24/2025,2025
ABES L W-30,SUMMIT,CUTTHROAT,2018,2.26,9/17/2025,2025
ABES RES,SEVIER,TIGER TROUT,125,3.36,8/4/2025,2025
ACADEMY MILL RES,SANPETE,TIGER TROUT,3009,2.81,6/24/2025,2025
ADAMS RESERVOIR,DAVIS,RAINBOW,1100,9.43,3/5/2025,2025
ADAMS RESERVOIR,DAVIS,RAINBOW,1396,9.5,3/24/2025,2025
ADAMS RESERVOIR,DAVIS,RAINBOW,1202,9.63,4/7/2025,2025
ADAMS RESERVOIR,DAVIS,RAINBOW,1200,9.64,4/21/2025,2025
ADAMS RESERVOIR,DAVIS,RAINBOW,1700,9.69,5/7/2025,2025
ADAMS RESERVOIR,DAVIS,RAINBOW,1755,9.69,5/19/2025,2025
ADAMS RESERVOIR,DAVIS,RAINBOW,1999,8.94,9/25/2025,2025
ADAMS RESERVOIR,DAVIS,RAINBOW,2000,9.43,10/8/2025,2025
ALEXANDER L A-1,SUMMIT,BROOK TROUT,2300,3.01,6/25/2025,2025
AMBER'S MUDDY HOLE,SANPETE,BROOK TROUT,75,3.16,7/2/2025,2025
AMERICAN FK CR,UTAH,RAINBOW,499,9.62,5/27/2025,2025
AMERICAN FK CR,UTAH,RAINBOW,1125,10.3,6/24/2025,2025
AMERICAN FK CR,UTAH,RAINBOW,375,10.3,7/9/2025,2025
AMERICAN FK CR,UTAH,RAINBOW,499,10.75,7/22/2025,2025
AMERICAN FK CR,UTAH,RAINBOW,501,10.5,8/4/2025,2025
AMERICAN FK CR,UTAH,CUTTHROAT,4002,3.52,9/30/2025,2025
"AMERICAN FK CR, N FK",UTAH,RAINBOW,350,9.62,5/27/2025,2025
"AMERICAN FK CR, N FK",UTAH,RAINBOW,650,10.3,6/24/2025,2025
"AMERICAN FK CR, N FK",UTAH,RAINBOW,325,10.3,7/9/2025,2025
"AMERICAN FK CR, N FK",UTAH,RAINBOW,326,10.75,7/22/2025,2025
"AMERICAN FK CR, N FK",UTAH,RAINBOW,350,10.5,8/4/2025,2025
"AMERICAN FK CR, N FK",UTAH,CUTTHROAT,3008,2.23,8/13/2025,2025
"AMERICAN FK CR, N FK",UTAH,CUTTHROAT,4002,3.52,9/30/2025,2025
"AMERICAN FK CR, N FK",UTAH,CUTTHROAT,1000,2.75,10/1/2025,2025
"AMERICAN FK CR, N FK",UTAH,CUTTHROAT,668,3.34,11/6/2025,2025
"AMERICAN FK CR, N FK",UTAH,CUTTHROAT,9921,3.34,11/6/2025,2025
"AMERICAN FK CR, S FK",UTAH,CUTTHROAT,399,3.34,11/6/2025,2025
AMOEBA L X-90,DUCHESNE,CUTTHROAT,454,2.11,9/18/2025,2025
ANDERSON MEADOW,BEAVER,TIGER TROUT,1133,10.73,6/4/2025,2025
ANDERSON MEADOW,BEAVER,RAINBOW,999,10.28,6/4/2025,2025
ANDERSON MEADOW,BEAVER,RAINBOW,1001,10.51,7/17/2025,2025
ANDREWS #1,SANPETE,BROOK TROUT,175,3.16,7/2/2025,2025
ANDREWS #2,SANPETE,BROOK TROUT,51,3.16,7/2/2025,2025
ANN L WR-74,DUCHESNE,CUTTHROAT,251,2.11,9/18/2025,2025
ANNABELLA RES,SEVIER,RAINBOW,425,9.9,5/29/2025,2025
"ANSON L, LOWER GR-9",DAGGETT,CUTTHROAT,649,2.69,6/30/2025,2025
ASAY CR,GARFIELD,RAINBOW,819,10.03,5/27/2025,2025
ASAY CR,GARFIELD,BROWN TROUT,7560,4.11,5/28/2025,2025
ASAY CR,GARFIELD,RAINBOW,4000,2.86,6/23/2025,2025
"ASHLEY CR, S FK",UINTAH,RAINBOW,149,9.83,5/30/2025,2025
"ASHLEY CR, S FK",UINTAH,RAINBOW,150,10.19,6/26/2025,2025
ASPEN MIRROR L,KANE,TIGER TROUT,0,9.33,5/9/2025,2025
ASPEN MIRROR L,KANE,RAINBOW,0,9.43,5/9/2025,2025
ASPEN MIRROR L,KANE,TIGER TROUT,528,9.33,5/9/2025,2025
ASPEN MIRROR L,KANE,RAINBOW,492,9.43,5/9/2025,2025
ASPEN MIRROR L,KANE,RAINBOW,508,9.83,5/19/2025,2025
ASPEN MIRROR L,KANE,RAINBOW,238,10.67,6/13/2025,2025
ASPEN MIRROR L,KANE,RAINBOW,254,9.92,6/13/2025,2025
ASPEN MIRROR L,KANE,RAINBOW,510,10.43,7/1/2025,2025
ASPEN MIRROR L,KANE,RAINBOW,501,10.57,7/16/2025,2025
ASPEN MIRROR L,KANE,RAINBOW,502,10.96,7/30/2025,2025
AVERETT CYN P,WASATCH,CUTTHROAT,570,2.32,10/27/2025,2025
BAKER RES,WASHINGTON,RAINBOW,722,14.16,3/13/2025,2025
BAKER RES,WASHINGTON,BROWN TROUT,2001,3.37,5/13/2025,2025
BAKER RES,WASHINGTON,CRAPPIE BLACK,253,9.02,5/19/2025,2025
BAKER RES,WASHINGTON,CRAPPIE BLACK,253,9.02,5/19/2025,2025
BAKER RES,WASHINGTON,RAINBOW,3360,10.09,9/30/2025,2025
BAKER RES,WASHINGTON,RAINBOW,3174,10.24,10/27/2025,2025
BAKER SP,BOX ELDER,RAINBOW,500,10.34,4/21/2025,2025
BAR M SP,BOX ELDER,RAINBOW,500,10.34,4/21/2025,2025
BARKER RES NCL,GARFIELD,BROOK TROUT,497,2.97,6/23/2025,2025
BARKER RES NCL,GARFIELD,RAINBOW,1001,10.51,7/7/2025,2025
"BARKER RES,LOWER NCL",GARFIELD,SPLAKE,95,2.65,6/23/2025,2025
"BARKER RES,LOWER NCL",GARFIELD,TIGER TROUT,100,2.81,6/23/2025,2025
"BARKER RES,LOWER NCL",GARFIELD,CUTTHROAT,1491,2.27,8/5/2025,2025
BARNEY L,SEVIER,CUTTHROAT,5010,2.12,9/17/2025,2025
BARNEY L,SEVIER,TIGER TROUT,1001,4.05,9/17/2025,2025
BARTHOLOMEW PARK POND,UTAH,RAINBOW,802,8.99,3/5/2025,2025
BARTHOLOMEW PARK POND,UTAH,RAINBOW,701,9.03,3/18/2025,2025
BARTHOLOMEW PARK POND,UTAH,RAINBOW,702,9.02,4/2/2025,2025
BARTHOLOMEW PARK POND,UTAH,RAINBOW,700,9.31,4/14/2025,2025
BARTHOLOMEW PARK POND,UTAH,RAINBOW,1399,9.73,5/12/2025,2025
BARTHOLOMEW PARK POND,UTAH,RAINBOW,702,9.64,5/28/2025,2025
BARTHOLOMEW PARK POND,UTAH,CUTTHROAT,468,15.42,6/10/2025,2025
BARTHOLOMEW PARK POND,UTAH,CUTTHROAT,78,15.42,6/10/2025,2025
BARTHOLOMEW PARK POND,UTAH,RAINBOW,1002,10.92,8/28/2025,2025
BARTHOLOMEW PARK POND,UTAH,TIGER TROUT,500,11.26,9/8/2025,2025
BARTHOLOMEW PARK POND,UTAH,RAINBOW,380,11.29,9/15/2025,2025
BARTHOLOMEW PARK POND,UTAH,RAINBOW,351,11.88,9/23/2025,2025
BARTHOLOMEW PARK POND,UTAH,RAINBOW,381,11.95,9/30/2025,2025
BARTHOLOMEW PARK POND,UTAH,RAINBOW,1508,9.3,10/16/2025,2025
BARTHOLOMEW PARK POND,UTAH,RAINBOW,760,12.03,10/23/2025,2025
BARTHOLOMEW PARK POND,UTAH,RAINBOW,408,11.95,11/18/2025,2025
BASTIAN RES,GARFIELD,TIGER TROUT,1509,2.81,6/24/2025,2025
BATTLE CR,UTAH,CUTTHROAT,808,2.75,9/30/2025,2025
BEAR L,RICH,CUTTHROAT,7138,7.19,5/21/2025,2025
BEAR L,RICH,CUTTHROAT,24980,8.62,6/23/2025,2025
BEAR L,RICH,CUTTHROAT,13452,8.47,6/23/2025,2025
BEAR L,RICH,CUTTHROAT,27409,8.54,6/24/2025,2025
BEAR L,RICH,CUTTHROAT,6882,8.74,6/24/2025,2025
BEAR L,RICH,CUTTHROAT,14165,8.56,6/24/2025,2025
BEAR L,RICH,LAKE TROUT,21189,5.64,11/12/2025,2025
BEAR R,CACHE,MUSKIE TIGER,1400,6.3,6/23/2025,2025
BEAR R,SUMMIT,RAINBOW,247,10.52,7/3/2025,2025
BEAVER CR,SUMMIT,RAINBOW,110,10.44,6/23/2025,2025
BEAVER CR,DAGGETT,CUTTHROAT,302,7.23,6/25/2025,2025
BEAVER CR,SUMMIT,RAINBOW,98,10.14,7/1/2025,2025
BEAVER CR,SUMMIT,RAINBOW,100,10.77,7/7/2025,2025
BEAVER CR,SUMMIT,RAINBOW,99,10.44,7/14/2025,2025
BEAVER CR,SUMMIT,RAINBOW,52,12.95,8/5/2025,2025
BEAVER CR,SUMMIT,RAINBOW,52,12.95,8/5/2025,2025
BEAVER CR,SUMMIT,RAINBOW,494,10.96,8/21/2025,2025
BEAVER CR,SUMMIT,CUTTHROAT,2007,3.3,10/23/2025,2025
BEAVER DAMS NBS,WAYNE,BROOK TROUT,201,2.97,6/23/2025,2025
BEAVER L BR-10,SUMMIT,TIGER TROUT,305,11.08,7/1/2025,2025
BEAVER L BR-10,SUMMIT,RAINBOW,996,10.14,7/1/2025,2025
BEAVER R,BEAVER,RAINBOW,3082,3.84,3/25/2025,2025
BEAVER R,BEAVER,RAINBOW,511,11.91,3/25/2025,2025
BEAVER R,BEAVER,RAINBOW,504,10.04,4/17/2025,2025
BEAVER R,BEAVER,BROWN TROUT,6063,2.73,4/17/2025,2025
BEAVER R,BEAVER,BROWN TROUT,2100,3.53,5/20/2025,2025
BEAVER R,BEAVER,RAINBOW,240,10.21,5/20/2025,2025
BEAVER R,BEAVER,RAINBOW,520,9.77,5/21/2025,2025
BEAVER R,BEAVER,RAINBOW,200,10.28,6/11/2025,2025
BEAVER R,BEAVER,RAINBOW,529,10.18,6/11/2025,2025
BEAVER R,BEAVER,RAINBOW,200,10.51,7/15/2025,2025
BEAVER R,BEAVER,RAINBOW,151,9.07,8/12/2025,2025
BEE TREE,SANPETE,BROOK TROUT,151,3.16,7/2/2025,2025
BELL CR,SALT LAKE,CUTTHROAT,3039,2.26,9/17/2025,2025
BELL CR,SALT LAKE,CUTTHROAT,2001,2.75,9/30/2025,2025
BENCH CR,WASATCH,CUTTHROAT,1006,2.5,9/16/2025,2025
BENCHS POND,SANPETE,RAINBOW,998,12.34,5/27/2025,2025
BENCHS POND,SANPETE,RAINBOW,1000,9.74,6/25/2025,2025
BENCHS POND,SANPETE,RAINBOW,1003,11.07,7/14/2025,2025
BENCHS POND,SANPETE,RAINBOW,1001,10.16,7/29/2025,2025
BENNIE CR,UTAH,CUTTHROAT,1015,3.16,9/30/2025,2025
BENNION CR,UTAH,CUTTHROAT,754,3.18,9/23/2025,2025
BESS L BTN,GARFIELD,BROOK TROUT,251,2.92,6/23/2025,2025
BETH L A-6,SUMMIT,BROOK TROUT,300,3.01,6/25/2025,2025
BETSEY L X-7,DUCHESNE,CUTTHROAT,4008,1.53,9/18/2025,2025
BEUS CR,WEBER,CUTTHROAT,2258,3.22,10/29/2025,2025
BIG ELK RES A-18,SUMMIT,TIGER TROUT,650,3.8,7/2/2025,2025
"BIG HOLLOW, UPPER",GARFIELD,TIGER TROUT,510,9.93,5/23/2025,2025
BIG L,SEVIER,RAINBOW,2712,10.24,5/13/2025,2025
BIG L BTS,GARFIELD,BROOK TROUT,201,2.92,6/23/2025,2025
BIG SANDWASH RES,DUCHESNE,RAINBOW,3169,9.54,5/17/2025,2025
BIG SANDWASH RES,DUCHESNE,RAINBOW,4960,9.69,5/24/2025,2025
BIG SANDWASH RES,DUCHESNE,RAINBOW,4913,9.6,6/1/2025,2025
BIG SANDWASH RES,DUCHESNE,CUTBOW CTBL*RTWV,7453,4.55,10/29/2025,2025
BIRCH CR RES,RICH,TIGER TROUT,500,10.32,6/16/2025,2025
BIRCH CR RES,RICH,RAINBOW,500,10.77,6/16/2025,2025
BIRCH CR RES,RICH,RAINBOW,10009,3.44,6/16/2025,2025
BIRCH CR RES,RICH,RAINBOW,10009,3.44,6/16/2025,2025
BLACK DESERT POND,WASHINGTON,CHUB,92,2.84,4/10/2025,2025
BLACKSMITH FK,CACHE,RAINBOW,500,11.73,6/2/2025,2025
BLANCHE L,SALT LAKE,BROOK TROUT,909,3.01,6/25/2025,2025
BLANCHE L,SALT LAKE,CUTTHROAT,4035,2.26,9/17/2025,2025
BLANDING RES NO 3,SAN JUAN,RAINBOW,1515,10.31,3/24/2025,2025
BLANDING RES NO 3,SAN JUAN,RAINBOW,810,9.81,4/14/2025,2025
BLANDING RES NO 3,SAN JUAN,RAINBOW,756,10.21,5/19/2025,2025
BLANDING RES NO 3,SAN JUAN,RAINBOW,1602,9.3,8/27/2025,2025
BLANDING RES NO 4,SAN JUAN,RAINBOW,1759,10.31,3/24/2025,2025
BLANDING RES NO 4,SAN JUAN,RAINBOW,1742,9.81,4/14/2025,2025
BLANDING RES NO 4,SAN JUAN,RAINBOW,1260,10.21,5/19/2025,2025
BLANDING RES NO 4,SAN JUAN,TIGER TROUT,4524,3.03,7/17/2025,2025
BLANDING RES NO 4,SAN JUAN,RAINBOW,2009,9.32,8/27/2025,2025
BLANDING RES NO 4,SAN JUAN,RAINBOW,1540,10.16,10/15/2025,2025
BLIND L NBS,WAYNE,KOKANEE,4003,3.98,5/29/2025,2025
BLIND L NBS,WAYNE,RAINBOW,1999,2.31,6/23/2025,2025
BLIND L NBS,WAYNE,CUTTHROAT,1995,2,6/23/2025,2025
BLIND L TLM,WAYNE,BROOK TROUT,110,3.57,7/29/2025,2025
BLUE L,SAN JUAN,RAINBOW,811,10.28,6/18/2025,2025
BLUE L,SANPETE,TIGER TROUT,496,2.81,6/24/2025,2025
BLUE L A-5,SUMMIT,BROOK TROUT,400,3.01,6/25/2025,2025
BLUE L GT,GARFIELD,CUTTHROAT,50,2.54,8/15/2025,2025
BLUE L Z-32,DUCHESNE,TIGER TROUT,1396,3.8,7/2/2025,2025
BLUE RIBBON #1,SANPETE,BROOK TROUT,101,3.16,7/2/2025,2025
BLUE RIBBON #2,SANPETE,BROOK TROUT,101,3.16,7/2/2025,2025
BLYTHE L Z-20,DUCHESNE,BROOK TROUT,400,3.01,6/26/2025,2025
BOBS HOLE NBS,WAYNE,TIGER TROUT,45,2.81,6/23/2025,2025
BOBS HOLE NBS,WAYNE,BROOK TROUT,201,2.97,6/23/2025,2025
BOBS L G-73,SUMMIT,CUTTHROAT,1308,3.38,9/17/2025,2025
BONNIE L Z-6,DUCHESNE,BROOK TROUT,600,3.01,6/26/2025,2025
BOULGER POND,SANPETE,RAINBOW,998,12.34,5/27/2025,2025
BOULGER POND,SANPETE,RAINBOW,1000,9.74,6/25/2025,2025
BOULGER POND,SANPETE,RAINBOW,1003,11.07,7/14/2025,2025
BOULGER POND,SANPETE,RAINBOW,1001,10.16,7/29/2025,2025
BOUNTIFUL POND,DAVIS,RAINBOW,799,9.43,2/15/2025,2025
BOUNTIFUL POND,DAVIS,RAINBOW,1300,9.43,3/4/2025,2025
BOUNTIFUL POND,DAVIS,RAINBOW,1201,9.5,3/18/2025,2025
BOUNTIFUL POND,DAVIS,RAINBOW,1201,9.5,4/1/2025,2025
BOUNTIFUL POND,DAVIS,RAINBOW,327,17.33,4/16/2025,2025
BOUNTIFUL POND,DAVIS,RAINBOW,1200,9.64,4/21/2025,2025
BOUNTIFUL POND,DAVIS,RAINBOW,207,17.33,4/21/2025,2025
BOUNTIFUL POND,DAVIS,RAINBOW,1900,9.69,5/7/2025,2025
BOUNTIFUL POND,DAVIS,RAINBOW,1700,9.69,5/13/2025,2025
BOUNTIFUL POND,DAVIS,CHANNEL CATFISH,6960,6,6/5/2025,2025
BOUNTIFUL POND,DAVIS,CHANNEL CATFISH,6960,6,6/19/2025,2025
BOUNTIFUL POND,DAVIS,RAINBOW,2301,9.31,9/15/2025,2025
BOUNTIFUL POND,DAVIS,RAINBOW,2000,9.31,9/24/2025,2025
BOUNTIFUL POND,DAVIS,RAINBOW,1005,10.7,10/8/2025,2025
BOUNTIFUL POND,DAVIS,RAINBOW,2669,12.34,10/22/2025,2025
BOUNTIFUL POND,DAVIS,RAINBOW,1335,12.34,10/22/2025,2025
BOURBON L BR-1,SUMMIT,BROOK TROUT,35,3.01,6/26/2025,2025
"BOWNS RES, LOWER",GARFIELD,RAINBOW,8364,3.69,6/2/2025,2025
"BOWNS RES, LOWER",GARFIELD,TIGER TROUT,1500,10.56,6/26/2025,2025
"BOWNS RES, LOWER",GARFIELD,RAINBOW,4535,4.07,8/6/2025,2025
"BOX CR RES, LOWER",PIUTE,RAINBOW,1002,11.82,4/24/2025,2025
"BOX CR RES, UPPER",PIUTE,RAINBOW,2542,10.24,5/15/2025,2025
"BOX CR RES, UPPER",PIUTE,TIGER TROUT,1266,3.68,6/23/2025,2025
BOX RES,UTAH,RAINBOW,1008,10.32,6/3/2025,2025
BOX RES,UTAH,RAINBOW,780,9.87,7/1/2025,2025
BOX RES,UTAH,RAINBOW,800,9.87,7/8/2025,2025
BR- 2,SUMMIT,BROOK TROUT,100,3.01,6/26/2025,2025
BR-34,SUMMIT,TIGER TROUT,239,3.8,7/2/2025,2025
BR-35,SUMMIT,TIGER TROUT,137,3.8,7/2/2025,2025
BR-50,SUMMIT,BROOK TROUT,350,3.01,6/26/2025,2025
BR-55,SUMMIT,BROOK TROUT,230,3.01,6/26/2025,2025
BRAD'S SECRET,SANPETE,BROOK TROUT,151,3.16,7/2/2025,2025
BRIAN HEAD POND,IRON,RAINBOW,600,10.21,5/21/2025,2025
BRIAN HEAD POND,IRON,TIGER TROUT,748,9.93,5/21/2025,2025
BRIAN HEAD POND,IRON,RAINBOW,529,10.28,6/23/2025,2025
BRIAN HEAD POND,IRON,RAINBOW,506,10.51,7/7/2025,2025
BRIAN HEAD POND,IRON,RAINBOW,366,9.39,8/26/2025,2025
BRIDGER L G-20,SUMMIT,RAINBOW,1500,10.77,6/3/2025,2025
BRIDGER L G-20,SUMMIT,RAINBOW,1500,10.14,6/30/2025,2025
BRIDGER L G-20,SUMMIT,BROOK TROUT,2101,3.01,6/30/2025,2025
BRIDGER L G-20,SUMMIT,RAINBOW,750,10.77,7/24/2025,2025
BRIDGER L G-20,SUMMIT,RAINBOW,748,10.77,7/24/2025,2025
BRIDGER L G-20,SUMMIT,RAINBOW,500,12.77,8/13/2025,2025
BRIDGER L G-20,SUMMIT,RAINBOW,500,12.77,8/13/2025,2025
BROUGH RES,UINTAH,WIPER,320,7.83,6/9/2025,2025
BROUGH RES,UINTAH,WIPER,80,7.83,6/9/2025,2025
BROUGH RES,UINTAH,RAINBOW,236,15.17,10/16/2025,2025
BROUGH RES,UINTAH,RAINBOW,926,11.58,11/12/2025,2025
BROWN DUCK L X-31,DUCHESNE,CUTTHROAT,2445,1.53,9/18/2025,2025
BROWNE L,DAGGETT,RAINBOW,2518,4.03,5/8/2025,2025
BROWNE L,DAGGETT,CUTTHROAT,428,11.12,5/15/2025,2025
BROWNE L,DAGGETT,RAINBOW,1480,9.72,5/23/2025,2025
BROWNE L,DAGGETT,BROOK TROUT,1498,3.78,6/21/2025,2025
BROWNE L,DAGGETT,TIGER TROUT,503,3.61,6/21/2025,2025
BROWNE L,DAGGETT,CUTTHROAT,405,14.49,7/8/2025,2025
BROWNS DRAW RES,DUCHESNE,RAINBOW,15003,4.17,5/3/2025,2025
BROWNS DRAW RES,DUCHESNE,TIGER TROUT,1362,3.1,5/30/2025,2025
BROWNS DRAW RES,DUCHESNE,RAINBOW,2499,9.76,11/21/2025,2025
BUCKEYE L A-3,SUMMIT,BROOK TROUT,170,3.01,6/25/2025,2025
BUD L Z-2,DUCHESNE,BROOK TROUT,560,3.01,6/26/2025,2025
BULLOCK RES,UINTAH,MUSKIE TIGER,499,2.8,5/12/2025,2025
BULLOCK RES,UINTAH,GRASS CARP STERILE,1100,6.75,5/18/2025,2025
BULLOCK RES,UINTAH,WIPER,197,1.99,7/30/2025,2025
BUMMER L GR-22,DAGGETT,CUTTHROAT,207,2.69,6/30/2025,2025
BUNKER CR,IRON,CUTTHROAT,5040,2.09,9/16/2025,2025
BURRASTON PONDS,JUAB,RAINBOW,1020,5.38,3/11/2025,2025
BURRASTON PONDS,JUAB,RAINBOW,1020,5.38,3/11/2025,2025
BURRASTON PONDS,JUAB,RAINBOW,1254,10.28,3/17/2025,2025
BURRASTON PONDS,JUAB,RAINBOW,1254,10.28,3/17/2025,2025
BURRASTON PONDS,JUAB,RAINBOW,1007,5.19,4/7/2025,2025
BURRASTON PONDS,JUAB,RAINBOW,992,9.31,4/14/2025,2025
BURRASTON PONDS,JUAB,TIGER TROUT,1200,10.29,4/23/2025,2025
BURRASTON PONDS,JUAB,RAINBOW,1014,9.87,4/29/2025,2025
BURRASTON PONDS,JUAB,RAINBOW,998,9.87,5/14/2025,2025
BURRASTON PONDS,JUAB,TIGER TROUT,500,5.1,5/14/2025,2025
BURRASTON PONDS,JUAB,TIGER TROUT,380,11.08,6/2/2025,2025
BURRASTON PONDS,JUAB,RAINBOW,975,9.61,6/2/2025,2025
BURRASTON PONDS,JUAB,RAINBOW,999,10.01,6/24/2025,2025
BURRASTON PONDS,JUAB,RAINBOW,1000,10.49,8/11/2025,2025
BURRASTON PONDS,JUAB,RAINBOW,900,10.49,9/23/2025,2025
BUTTERFLY L Z-1,DUCHESNE,RAINBOW,78,10.6,6/17/2025,2025
BUTTERFLY L Z-1,DUCHESNE,RAINBOW,277,10.6,6/17/2025,2025
BUTTERFLY L Z-1,DUCHESNE,RAINBOW,348,10.14,6/24/2025,2025
BUTTERFLY L Z-1,DUCHESNE,TIGER TROUT,298,11.08,6/25/2025,2025
BUTTERFLY L Z-1,DUCHESNE,RAINBOW,350,10.77,7/7/2025,2025
BUTTERFLY L Z-1,DUCHESNE,RAINBOW,350,10.77,7/9/2025,2025
BUTTERFLY L Z-1,DUCHESNE,TIGER TROUT,300,11.08,7/10/2025,2025
BUTTERFLY L Z-1,DUCHESNE,BROOK TROUT,1359,3.6,7/11/2025,2025
BUTTERFLY L Z-1,DUCHESNE,RAINBOW,352,10.44,7/14/2025,2025
BUTTERFLY L Z-1,DUCHESNE,RAINBOW,350,10.77,7/21/2025,2025
BUTTERFLY L Z-1,DUCHESNE,RAINBOW,351,12.44,7/29/2025,2025
BUTTERFLY L Z-1,DUCHESNE,RAINBOW,150,12.95,8/4/2025,2025
BUTTERFLY L Z-1,DUCHESNE,RAINBOW,150,12.95,8/4/2025,2025
BUTTERFLY L Z-1,DUCHESNE,RAINBOW,312,12.44,8/11/2025,2025
BUTTERFLY L Z-1,DUCHESNE,TIGER TROUT,250,11.26,8/14/2025,2025
BUTTERFLY L Z-1,DUCHESNE,RAINBOW,300,12.77,9/2/2025,2025
BUTTERFLY L Z-1,DUCHESNE,RAINBOW,301,10.96,9/4/2025,2025
CALDER RES,UINTAH,RAINBOW,998,9.28,5/12/2025,2025
CALDER RES,UINTAH,BROWN TROUT,997,2.96,5/13/2025,2025
CALDER RES,UINTAH,GRASS CARP STERILE,145,6.75,5/18/2025,2025
CALDER RES,UINTAH,CUTTHROAT,270,5.64,5/30/2025,2025
CALDER RES,UINTAH,CUTTHROAT,231,4.89,5/30/2025,2025
CALDER RES,UINTAH,RAINBOW,5602,2.67,5/30/2025,2025
CALDER RES,UINTAH,TIGER TROUT,1473,4.67,6/30/2025,2025
CAMP KOSTOPAULUS,SALT LAKE,RAINBOW,401,10.01,5/20/2025,2025
CANDY L GR-17,DAGGETT,CUTTHROAT,207,2.69,6/30/2025,2025
CANYON VIEW PARK PD,UTAH,RAINBOW,430,9.43,3/11/2025,2025
CANYON VIEW PARK PD,UTAH,RAINBOW,858,9.5,3/25/2025,2025
CANYON VIEW PARK PD,UTAH,RAINBOW,428,9.63,4/2/2025,2025
CANYON VIEW PARK PD,UTAH,RAINBOW,428,9.63,4/14/2025,2025
CANYON VIEW PARK PD,UTAH,RAINBOW,430,9.64,4/21/2025,2025
CANYON VIEW PARK PD,UTAH,RAINBOW,101,20.05,5/21/2025,2025
CANYON VIEW PARK PD,UTAH,RAINBOW,429,9.87,6/4/2025,2025
CANYON VIEW PARK PD,UTAH,CHANNEL CATFISH,563,8.22,6/5/2025,2025
CANYON VIEW PARK PD,UTAH,CHANNEL CATFISH,813,7.27,6/19/2025,2025
CANYON VIEW PARK PD,UTAH,CHANNEL CATFISH,100,13.57,9/5/2025,2025
CANYON VIEW PARK PD,UTAH,CHANNEL CATFISH,125,13.57,9/18/2025,2025
CARBON CNTY P,CARBON,RAINBOW,499,9.21,4/8/2025,2025
CARBON CNTY P,CARBON,RAINBOW,1300,9.87,4/29/2025,2025
CARBON CNTY P,CARBON,RAINBOW,75,9.74,6/10/2025,2025
CARBON CNTY P,CARBON,RAINBOW,825,9.74,6/10/2025,2025
CARBON CNTY P,CARBON,CHANNEL CATFISH,5280,7.24,6/19/2025,2025
CARBON CNTY P,CARBON,RAINBOW,251,11.54,9/16/2025,2025
CARBON CNTY P,CARBON,RAINBOW,900,10.87,9/16/2025,2025
CARROT L U-17,DUCHESNE,BROOK TROUT,1502,3.4,7/1/2025,2025
CART CR,DAGGETT,RAINBOW,100,9.66,6/4/2025,2025
CART CR,DAGGETT,RAINBOW,99,10.19,6/26/2025,2025
CARTER CR,DAGGETT,CUTTHROAT,175,14.49,7/8/2025,2025
"CARTER CR, E FK",DAGGETT,CUTTHROAT,700,7.23,6/25/2025,2025
"CARTER CR, W FK",DAGGETT,CUTTHROAT,999,7.23,6/25/2025,2025
CASPERS POND,CACHE,RAINBOW,500,11.31,5/28/2025,2025
CASTLE L W-67,SUMMIT,CUTTHROAT,804,2.5,9/17/2025,2025
CATHERINE L,SALT LAKE,BROOK TROUT,1200,3.01,6/25/2025,2025
CAUSEY RES,WEBER,RAINBOW,1250,11.37,5/27/2025,2025
CAUSEY RES,WEBER,RAINBOW,1250,11.37,5/27/2025,2025
CAUSEY RES,WEBER,RAINBOW,1275,11.37,5/29/2025,2025
CAUSEY RES,WEBER,RAINBOW,1275,11.37,5/29/2025,2025
CAUSEY RES,WEBER,LAKE TROUT,3753,3.7,6/1/2025,2025
CAUSEY RES,WEBER,LAKE TROUT,1043,5.7,10/21/2025,2025
CEDARVIEW RES,DUCHESNE,CUTTHROAT,878,5.75,10/13/2025,2025
CHALK CR,MILLARD,RAINBOW,127,10.21,5/20/2025,2025
CHALK CR,MILLARD,TIGER TROUT,187,10.73,6/4/2025,2025
CHALK CR,MILLARD,RAINBOW,125,10.51,7/15/2025,2025
CHINA L G-21,SUMMIT,BROOK TROUT,2499,3.4,7/1/2025,2025
CHUCK L BTN,GARFIELD,BROOK TROUT,100,2.92,6/23/2025,2025
CLEAR CR,UTAH,CUTTHROAT,754,3.18,9/23/2025,2025
CLEGG L A-47,SUMMIT,BROOK TROUT,250,3.01,6/26/2025,2025
CLEMENTS RES X-74,DUCHESNE,CUTTHROAT,2852,2.11,9/18/2025,2025
CLEVELAND RES,EMERY,RAINBOW,2002,9.61,6/9/2025,2025
CLEVELAND RES,EMERY,RAINBOW,2002,9.61,6/9/2025,2025
CLIFF L G-5,SUMMIT,CUTTHROAT,2771,1.84,6/30/2025,2025
CLIFF L G-5,SUMMIT,CUTTHROAT,399,2.69,6/30/2025,2025
CLIFF L G-5,SUMMIT,CUTTHROAT,1605,3.38,9/17/2025,2025
CLIFF L WR-49,DUCHESNE,BROOK TROUT,1996,3.4,6/30/2025,2025
CLINTON POND,DAVIS,RAINBOW,301,9.43,3/4/2025,2025
CLINTON POND,DAVIS,RAINBOW,301,9.5,4/1/2025,2025
CLINTON POND,DAVIS,RAINBOW,200,17.1,4/14/2025,2025
CLINTON POND,DAVIS,RAINBOW,400,9.63,4/14/2025,2025
CLINTON POND,DAVIS,WIPER,248,7.24,4/28/2025,2025
CLINTON POND,DAVIS,RAINBOW,499,9.64,4/28/2025,2025
CLINTON POND,DAVIS,RAINBOW,501,9.69,5/19/2025,2025
CLINTON POND,DAVIS,CHANNEL CATFISH,1740,6.6,6/5/2025,2025
CLINTON POND,DAVIS,RAINBOW,1702,12.47,10/21/2025,2025
CLYDE L A-28,SUMMIT,BROOK TROUT,1600,3.01,6/25/2025,2025
COLD SPRING L,SEVIER,RAINBOW,504,10.21,5/29/2025,2025
COLD SPRING L,SEVIER,RAINBOW,499,10.51,7/16/2025,2025
COLD SPRING LAKES,BOX ELDER,RAINBOW,749,11.73,6/2/2025,2025
COLD SPRING LAKES,BOX ELDER,RAINBOW,750,11.31,6/30/2025,2025
COLD SPRING LAKES,BOX ELDER,RAINBOW,750,8.09,8/4/2025,2025
COLD SPRING LAKES,BOX ELDER,RAINBOW,750,9.22,8/25/2025,2025
COLEMAN RES NBS,WAYNE,BROOK TROUT,251,3.22,7/8/2025,2025
COLEMAN RES NBS,WAYNE,RAINBOW,159,9.73,7/9/2025,2025
COMMUNITY L,SANPETE,RAINBOW,994,11.94,4/30/2025,2025
COMMUNITY L,SANPETE,RAINBOW,504,9.87,7/9/2025,2025
COMMUNITY L,SANPETE,TIGER TROUT,1000,3.88,8/6/2025,2025
COMMUNITY L,SANPETE,RAINBOW,504,11.81,10/2/2025,2025
COMMUNITY L,SANPETE,RAINBOW,504,11.81,10/2/2025,2025
COOK L BT,WAYNE,TIGER TROUT,511,10.45,6/19/2025,2025
COOK L BT,WAYNE,BROOK TROUT,498,2.97,6/23/2025,2025
COOK L BT,WAYNE,RAINBOW,505,10.28,6/24/2025,2025
CORN CR,MILLARD,RAINBOW,127,10.21,5/20/2025,2025
CORN CR,MILLARD,TIGER TROUT,187,10.73,6/4/2025,2025
CORN CR,MILLARD,RAINBOW,125,10.51,7/15/2025,2025
CORNER BEAVER #1,SANPETE,BROOK TROUT,101,3.16,7/2/2025,2025
CORNER BEAVER #2,SANPETE,BROOK TROUT,125,3.16,7/2/2025,2025
COTTONWOOD RES,UINTAH,MUSKIE TIGER,1283,2.8,5/12/2025,2025
COTTONWOOD RES,UINTAH,WIPER,3000,1.99,7/30/2025,2025
COVE L,SANPETE,TIGER TROUT,1000,3.88,8/12/2025,2025
COVE L,SANPETE,CUTTHROAT,2061,2.32,10/22/2025,2025
COVE POND,SALT LAKE,BROWN TROUT,462,14.94,1/22/2025,2025
COVE POND,SALT LAKE,RAINBOW,1003,11.19,3/12/2025,2025
COVE POND,SALT LAKE,TIGER TROUT,800,10.29,4/21/2025,2025
COVE POND,SALT LAKE,WIPER,178,7.74,4/22/2025,2025
COVE POND,SALT LAKE,RAINBOW,219,15.87,4/24/2025,2025
COVE POND,SALT LAKE,RAINBOW,598,9.87,4/29/2025,2025
COVE POND,SALT LAKE,TIGER TROUT,500,5.1,5/14/2025,2025
COVE POND,SALT LAKE,RAINBOW,598,9.87,5/14/2025,2025
COVE POND,SALT LAKE,TIGER TROUT,177,10.15,5/29/2025,2025
COVE POND,SALT LAKE,RAINBOW,494,9.61,5/29/2025,2025
COVE POND,SALT LAKE,CHANNEL CATFISH,813,7.27,6/19/2025,2025
COVE POND,SALT LAKE,RAINBOW,1000,10.01,6/24/2025,2025
COVE POND,SALT LAKE,CHANNEL CATFISH,100,13.57,9/5/2025,2025
COVE POND,SALT LAKE,TIGER TROUT,180,12.2,9/10/2025,2025
COVE POND,SALT LAKE,RAINBOW,504,10.87,9/16/2025,2025
COVE POND,SALT LAKE,CHANNEL CATFISH,100,13.57,9/18/2025,2025
COVE POND,SALT LAKE,CHANNEL CATFISH,50,13.57,9/18/2025,2025
COVE POND,SALT LAKE,RAINBOW,504,10.67,10/6/2025,2025
COW POND,SANPETE,BROOK TROUT,51,3.16,7/2/2025,2025
CRATER L BTS,GARFIELD,BROOK TROUT,70,2.92,6/23/2025,2025
CRATER L-LOST L,SEVIER,BROOK TROUT,104,3.57,8/4/2025,2025
CRESCENT L BTS,GARFIELD,TIGER TROUT,45,2.81,6/23/2025,2025
CRESCENT L BTS,GARFIELD,CUTTHROAT,249,2,6/23/2025,2025
CRYSTAL L A-51,SUMMIT,BROOK TROUT,1000,3.01,6/25/2025,2025
CUB L BT,WAYNE,BROOK TROUT,50,2.92,6/23/2025,2025
CURRANT CR,WASATCH,RAINBOW,363,9.2,5/10/2025,2025
CURRANT CR,WASATCH,RAINBOW,351,9.36,5/29/2025,2025
CURRANT CR,WASATCH,RAINBOW,288,9.88,6/4/2025,2025
CURRANT CR RES,WASATCH,RAINBOW,5872,9.16,5/9/2025,2025
CURRANT CR RES,WASATCH,RAINBOW,5140,9.2,5/10/2025,2025
CURRANT CR RES,WASATCH,CUTTHROAT,10344,5.44,5/31/2025,2025
CURRANT CR RES,WASATCH,TIGER TROUT,1879,3.45,8/13/2025,2025
CURRANT CR RES,WASATCH,TIGER TROUT,3060,5.46,10/14/2025,2025
CURRANT CR RES,WASATCH,TIGER TROUT,2710,5.45,10/20/2025,2025
D-19,DUCHESNE,BROOK TROUT,40,3.01,6/26/2025,2025
DAGGETT L GR-6,DAGGETT,CUTTHROAT,2032,1.84,6/30/2025,2025
DARK CYN L,SAN JUAN,RAINBOW,823,10.28,6/18/2025,2025
DARK CYN L,SAN JUAN,TIGER TROUT,503,3.03,7/17/2025,2025
DARK CYN L,SAN JUAN,RAINBOW,683,10.67,7/28/2025,2025
DEAD L BTS,GARFIELD,BROOK TROUT,50,2.92,6/23/2025,2025
DEADHORSE L G-77,SUMMIT,CUTTHROAT,3232,3.38,9/17/2025,2025
DEEP CR L TLM,WAYNE,BROOK TROUT,220,3.57,7/29/2025,2025
DEEP L,SEVIER,RAINBOW,1450,9.9,5/29/2025,2025
DEEP L,SANPETE,BROOK TROUT,300,3.16,7/2/2025,2025
DEEP L,SANPETE,RAINBOW,1440,10.86,8/15/2025,2025
DEEP L,SANPETE,TIGER TROUT,800,3.88,8/15/2025,2025
DEER CR,IRON,CUTTHROAT,5040,2.09,9/16/2025,2025
DEER CR L EBS,GARFIELD,TIGER TROUT,102,2.81,6/23/2025,2025
DEER CR L EBS,GARFIELD,CUTTHROAT,2530,2,6/23/2025,2025
DEER CR L EBS,GARFIELD,BROOK TROUT,1003,2.92,6/23/2025,2025
DEER CR L EBS,GARFIELD,RAINBOW,10000,10.67,10/1/2025,2025
DEER CR RES,WASATCH,RAINBOW,6252,6.21,1/16/2025,2025
DEER CR RES,WASATCH,RAINBOW,28655,6.21,1/21/2025,2025
DEER CR RES,WASATCH,RAINBOW,8855,6.87,2/4/2025,2025
DEER CR RES,WASATCH,RAINBOW,26180,6.87,2/4/2025,2025
DEER CR RES,WASATCH,RAINBOW,68327,1.57,2/6/2025,2025
DEER CR RES,WASATCH,RAINBOW,1960,9.63,3/1/2025,2025
DEER CR RES,WASATCH,RAINBOW,596,9.43,3/12/2025,2025
DEER CR RES,WASATCH,RAINBOW,2384,9.43,3/12/2025,2025
DEER CR RES,WASATCH,RAINBOW,1460,9.5,3/19/2025,2025
DEER CR RES,WASATCH,RAINBOW,1460,9.5,3/19/2025,2025
DEER CR RES,WASATCH,RAINBOW,1460,9.5,3/26/2025,2025
DEER CR RES,WASATCH,RAINBOW,1460,9.5,3/26/2025,2025
DEER CR RES,WASATCH,RAINBOW,1400,9.63,4/9/2025,2025
DEER CR RES,WASATCH,RAINBOW,1400,9.63,4/9/2025,2025
DEER CR RES,WASATCH,RAINBOW,2100,9.63,4/15/2025,2025
DEER CR RES,WASATCH,RAINBOW,1920,9.64,4/23/2025,2025
DEER CR RES,WASATCH,RAINBOW,7040,10.33,7/8/2025,2025
DEER CR RES,WASATCH,RAINBOW,840,10.05,7/29/2025,2025
DEER CR RES,WASATCH,RAINBOW,1680,10.67,8/4/2025,2025
DEER CR RES,WASATCH,RAINBOW,2485,5.6,8/18/2025,2025
DEER CR RES,WASATCH,RAINBOW,4947,4.7,9/23/2025,2025
DEER CR RES,WASATCH,RAINBOW,10500,11.2,9/24/2025,2025
DEER CR RES,WASATCH,RAINBOW,25200,11.2,9/24/2025,2025
DEER CR RES,WASATCH,RAINBOW,2360,9.46,11/5/2025,2025
DEER CR RES,WASATCH,RAINBOW,2360,9.46,11/5/2025,2025
DEER CR RES,WASATCH,RAINBOW,2360,9.46,11/6/2025,2025
DEER CR RES,WASATCH,RAINBOW,2360,9.46,11/6/2025,2025
DEER CR RES,WASATCH,CUTTHROAT,11424,3.44,11/6/2025,2025
DEER CR RES,WASATCH,CUTTHROAT,2718,3.45,11/6/2025,2025
DEER CR RES,WASATCH,RAINBOW,2044,9.5,11/10/2025,2025
DEER CR RES,WASATCH,RAINBOW,2044,9.5,11/10/2025,2025
DEER CR RES,WASATCH,RAINBOW,2044,9.5,11/11/2025,2025
DEER CR RES,WASATCH,RAINBOW,2044,9.5,11/11/2025,2025
DEER CR RES,WASATCH,RAINBOW,2044,9.5,11/17/2025,2025
DEER CR RES,WASATCH,RAINBOW,1475,9.46,11/17/2025,2025
DEER CR RES,WASATCH,RAINBOW,1752,9.5,11/18/2025,2025
DEER CR RES,WASATCH,RAINBOW,2044,9.5,11/24/2025,2025
DEER CR RES,WASATCH,RAINBOW,1606,9.5,11/24/2025,2025
DEER CR RES,WASATCH,RAINBOW,1270,9.95,11/24/2025,2025
DEER CR RES,WASATCH,RAINBOW,1524,9.95,12/1/2025,2025
DEER CR RES,WASATCH,RAINBOW,1270,9.95,12/1/2025,2025
DEER CR RES,WASATCH,RAINBOW,1326,10.42,12/4/2025,2025
DEER CR RES,WASATCH,RAINBOW,1170,10.42,12/4/2025,2025
DEER CR RES,WASATCH,RAINBOW,1905,9.95,12/4/2025,2025
DEER L X-55,DUCHESNE,CUTTHROAT,1453,2.11,9/18/2025,2025
DEER VALLEY LAKES,SUMMIT,RAINBOW,301,9.21,4/30/2025,2025
DEER VALLEY LAKES,SUMMIT,RAINBOW,600,9.73,5/13/2025,2025
DEER VALLEY LAKES,SUMMIT,RAINBOW,301,9.78,5/22/2025,2025
DEER VALLEY LAKES,SUMMIT,RAINBOW,301,9.62,5/29/2025,2025
DEER VALLEY LAKES,SUMMIT,RAINBOW,300,10.3,6/4/2025,2025
DEER VALLEY LAKES,SUMMIT,RAINBOW,900,10.3,6/24/2025,2025
DEER VALLEY LAKES,SUMMIT,WIPER,805,8.42,7/14/2025,2025
DEER VALLEY LAKES,SUMMIT,TIGER TROUT,3060,5.46,10/14/2025,2025
DELONG CR,IRON,CUTTHROAT,5040,2.09,9/16/2025,2025
DF- 4,UINTAH,CUTTHROAT,727,2.11,9/18/2025,2025
DG- 6,DUCHESNE,CUTTHROAT,599,2.11,9/18/2025,2025
DG- 9,DUCHESNE,CUTTHROAT,999,2.11,9/18/2025,2025
DG-10,DUCHESNE,CUTTHROAT,999,2.11,9/18/2025,2025
DG-14,DUCHESNE,CUTTHROAT,200,2.11,9/18/2025,2025
DG-15,DUCHESNE,CUTTHROAT,200,2.11,9/18/2025,2025
DG-16,DUCHESNE,CUTTHROAT,200,2.11,9/18/2025,2025
DG-17,DUCHESNE,CUTTHROAT,439,2.11,9/18/2025,2025
DIAMOND FK CR,UTAH,CUTTHROAT,4016,2.24,8/13/2025,2025
DIAMOND FK R,UTAH,BROWN TROUT,18900,4.11,5/28/2025,2025
DIAMOND FK R,UTAH,CUTTHROAT,6005,3.45,11/6/2025,2025
DIVIDE L NO 1 A-36,SUMMIT,BROOK TROUT,525,3.01,6/26/2025,2025
DIVIDE L U-59,DUCHESNE,CUTTHROAT,1901,2.11,9/18/2025,2025
DMAD RES,MILLARD,WALLEYE,252300,0.69,4/15/2025,2025
DOCS L X-15,DUCHESNE,BROOK TROUT,1098,3.53,7/7/2025,2025
DONS L,GRAND,RAINBOW,1080,10.21,5/12/2025,2025
DONS L,GRAND,RAINBOW,920,10.51,7/10/2025,2025
DOUGHERTY BASIN NCL,GARFIELD,CUTTHROAT,1002,2.27,8/5/2025,2025
DRY CREEK HIGHLAND,UTAH,CUTTHROAT,2001,2.75,9/30/2025,2025
DUCHESNE R,DUCHESNE,RAINBOW,399,10.07,6/16/2025,2025
DUCHESNE R,DUCHESNE,RAINBOW,400,10.35,7/2/2025,2025
"DUCHESNE R, N FK",DUCHESNE,RAINBOW,1000,10.07,6/16/2025,2025
"DUCHESNE R, N FK",DUCHESNE,RAINBOW,1002,10.35,7/2/2025,2025
"DUCHESNE R, N FK",DUCHESNE,RAINBOW,800,10.85,7/21/2025,2025
DUCK CR,KANE,RAINBOW,290,9.83,5/19/2025,2025
DUCK CR,KANE,RAINBOW,130,9.92,6/13/2025,2025
DUCK CR,KANE,RAINBOW,123,10.67,6/13/2025,2025
DUCK CR,KANE,RAINBOW,207,10.43,7/1/2025,2025
DUCK CR SPRINGS,KANE,TIGER TROUT,1056,9.33,5/9/2025,2025
DUCK CR SPRINGS,KANE,RAINBOW,656,9.43,5/9/2025,2025
DUCK CR SPRINGS,KANE,RAINBOW,1015,9.83,5/19/2025,2025
DUCK CR SPRINGS,KANE,RAINBOW,320,10.67,6/13/2025,2025
DUCK CR SPRINGS,KANE,RAINBOW,350,9.92,6/13/2025,2025
DUCK CR SPRINGS,KANE,RAINBOW,680,10.43,7/1/2025,2025
DUCK CR SPRINGS,KANE,RAINBOW,664,10.57,7/16/2025,2025
DUCK CR SPRINGS,KANE,RAINBOW,314,10.96,7/30/2025,2025
DUCK FK CR,SANPETE,CUTTHROAT,30780,2.32,10/27/2025,2025
DUCK FK RES,SANPETE,TIGER TROUT,2160,3.78,7/29/2025,2025
DUCK FK RES,SANPETE,CUTTHROAT,2508,2.32,10/27/2025,2025
EAST CENTER OWEEP CR,DUCHESNE,CUTTHROAT,553,4.62,7/15/2025,2025
EAST CYN RES,MORGAN,RAINBOW,3000,10.06,4/9/2025,2025
EAST CYN RES,MORGAN,RAINBOW,521,12.5,4/29/2025,2025
EAST CYN RES,MORGAN,RAINBOW,4480,12.5,4/29/2025,2025
EAST CYN RES,MORGAN,KOKANEE,59784,2.71,5/22/2025,2025
EAST CYN RES,MORGAN,WIPER,10883,1.99,7/31/2025,2025
EAST CYN RES,MORGAN,RAINBOW,1332,11.91,9/23/2025,2025
EAST CYN RES,MORGAN,RAINBOW,1332,11.91,9/23/2025,2025
EAST CYN RES,MORGAN,RAINBOW,977,11.91,9/24/2025,2025
EAST CYN RES,MORGAN,RAINBOW,977,11.91,9/24/2025,2025
EAST CYN RES,MORGAN,RAINBOW,977,11.91,9/24/2025,2025
EAST CYN RES,MORGAN,RAINBOW,977,11.91,9/24/2025,2025
EAST CYN RES,MORGAN,RAINBOW,977,11.91,9/24/2025,2025
EAST CYN RES,MORGAN,RAINBOW,800,11.91,9/24/2025,2025
EAST CYN RES,MORGAN,RAINBOW,178,11.91,9/24/2025,2025
EAST L BTS,GARFIELD,BROOK TROUT,249,2.97,6/23/2025,2025
EAST OWEEP CR,DUCHESNE,CUTTHROAT,277,4.62,7/15/2025,2025
EAST PARK RES,UINTAH,RAINBOW,1538,9.83,5/30/2025,2025
EAST PARK RES,UINTAH,RAINBOW,797,10.13,6/11/2025,2025
EAST PARK RES,UINTAH,BROOK TROUT,1997,3.78,6/21/2025,2025
EAST PARK RES,UINTAH,RAINBOW,713,10.19,6/26/2025,2025
EAST PARLEY'S,SANPETE,BROOK TROUT,300,3.16,7/2/2025,2025
ECHO RES,SUMMIT,RAINBOW,1179,12.4,4/30/2025,2025
ECHO RES,SUMMIT,RAINBOW,1179,12.4,4/30/2025,2025
ECHO RES,SUMMIT,RAINBOW,1179,12.4,4/30/2025,2025
ECHO RES,SUMMIT,RAINBOW,590,12.4,4/30/2025,2025
ECHO RES,SUMMIT,RAINBOW,1650,11.49,4/30/2025,2025
ECHO RES,SUMMIT,RAINBOW,1650,11.49,4/30/2025,2025
ECHO RES,SUMMIT,RAINBOW,1568,11.49,4/30/2025,2025
ECHO RES,SUMMIT,RAINBOW,1323,11.94,9/22/2025,2025
ECHO RES,SUMMIT,RAINBOW,1323,11.94,9/22/2025,2025
ECHO RES,SUMMIT,RAINBOW,1036,11.91,9/23/2025,2025
ECHO RES,SUMMIT,RAINBOW,1036,11.91,9/23/2025,2025
ECHO RES,SUMMIT,RAINBOW,1332,11.91,9/23/2025,2025
ECHO RES,SUMMIT,RAINBOW,1332,11.91,9/23/2025,2025
ECHO RES,SUMMIT,RAINBOW,1332,11.91,9/23/2025,2025
ECHO RES,SUMMIT,RAINBOW,1332,11.91,9/23/2025,2025
ELECTRIC L,EMERY,LAKE TROUT,251,4.58,7/15/2025,2025
ELECTRIC L,EMERY,TIGER TROUT,9976,3.69,7/23/2025,2025
ELECTRIC L,EMERY,CUTTHROAT,10000,2.25,10/14/2025,2025
EMERALD L,SANPETE,RAINBOW,1008,10.32,7/22/2025,2025
EMERALD L D-20,DUCHESNE,BROOK TROUT,53,3.01,6/26/2025,2025
EMERY (LARSON) RES,SANPETE,TIGER TROUT,2491,2.81,6/24/2025,2025
"ENTERPRISE RES,LOWER",WASHINGTON,RAINBOW,1580,9.7,3/17/2025,2025
"ENTERPRISE RES,LOWER",WASHINGTON,RAINBOW,2930,9.7,3/19/2025,2025
"ENTERPRISE RES,UPPER",WASHINGTON,RAINBOW,13700,5.63,3/3/2025,2025
"ENTERPRISE RES,UPPER",WASHINGTON,RAINBOW,10960,5.63,3/5/2025,2025
"ENTERPRISE RES,UPPER",WASHINGTON,BROWN TROUT,3260,5.45,7/2/2025,2025
"ENTERPRISE RES,UPPER",WASHINGTON,RAINBOW,10480,5.5,9/18/2025,2025
EPHRAIM CR,SANPETE,CUTTHROAT,3150,2.09,9/16/2025,2025
"ERICKSON L,NORTH W26",SUMMIT,BROOK TROUT,500,3.01,6/25/2025,2025
FAIRMONT PARK SLC,SALT LAKE,RAINBOW,351,9.03,3/13/2025,2025
FAIRMONT PARK SLC,SALT LAKE,RAINBOW,351,9.02,4/2/2025,2025
FAIRMONT PARK SLC,SALT LAKE,RAINBOW,351,9.31,4/14/2025,2025
FAIRMONT PARK SLC,SALT LAKE,RAINBOW,350,9.21,4/30/2025,2025
FAIRMONT PARK SLC,SALT LAKE,RAINBOW,350,9.78,5/22/2025,2025
FAIRMONT PARK SLC,SALT LAKE,RAINBOW,250,10.3,6/4/2025,2025
FAIRMONT PARK SLC,SALT LAKE,CHANNEL CATFISH,563,8.22,6/5/2025,2025
FAIRMONT PARK SLC,SALT LAKE,RAINBOW,251,11,9/11/2025,2025
FAIRMONT PARK SLC,SALT LAKE,RAINBOW,251,12.03,10/23/2025,2025
FAIRVIEW L,SANPETE,RAINBOW,1064,12.34,5/27/2025,2025
FAIRVIEW L,SANPETE,RAINBOW,1064,12.34,5/27/2025,2025
FAIRVIEW L,SANPETE,RAINBOW,1890,9.49,5/28/2025,2025
FAITH L A-16,SUMMIT,BROOK TROUT,100,3.01,6/26/2025,2025
FARMERS L X-23,DUCHESNE,BROOK TROUT,6156,3.53,7/7/2025,2025
FARMINGTON CITY RES,DAVIS,RAINBOW,255,14.16,3/11/2025,2025
FARMINGTON CITY RES,DAVIS,CHANNEL CATFISH,900,8.22,6/5/2025,2025
FARMINGTON CITY RES,DAVIS,TIGER TROUT,82,10.7,10/9/2025,2025
FARMINGTON CITY RES,DAVIS,TIGER TROUT,233,10.7,10/9/2025,2025
FARMINGTON CITY RES,DAVIS,RAINBOW,2001,12.47,10/21/2025,2025
FARNSWORTH L,SEVIER,TIGER TROUT,509,10.56,6/24/2025,2025
FARNSWORTH L,SEVIER,RAINBOW,1024,10.35,6/26/2025,2025
FARRALS POND TLM,SEVIER,TIGER TROUT,66,3.36,7/29/2025,2025
FERRON RES,SANPETE,RAINBOW,1360,11.07,7/15/2025,2025
FERRON RES,SANPETE,RAINBOW,630,10.32,7/21/2025,2025
FERRON RES,SANPETE,BROOK TROUT,2032,3.51,7/23/2025,2025
FERRON RES,SANPETE,CUTTHROAT,2052,2.32,10/27/2025,2025
FIRE L A-14,SUMMIT,CUTTHROAT,1920,2.5,9/17/2025,2025
FISH CR L NBS,WAYNE,TIGER TROUT,1003,2.81,6/23/2025,2025
FISH L,SEVIER,RAINBOW,14880,2.15,4/28/2025,2025
FISH L,SEVIER,RAINBOW,8960,12.01,4/28/2025,2025
FISH L,SEVIER,RAINBOW,2184,12.01,4/28/2025,2025
FISH L,SEVIER,RAINBOW,8960,12.01,4/29/2025,2025
FISH L,SEVIER,RAINBOW,1750,12.01,4/29/2025,2025
FISH L,SEVIER,RAINBOW,7210,12.01,4/29/2025,2025
FISH L,SEVIER,RAINBOW,3990,12.01,4/29/2025,2025
FISH L,SEVIER,RAINBOW,990,13.15,5/12/2025,2025
FISH L,SEVIER,RAINBOW,990,13.15,5/12/2025,2025
FISH L,SEVIER,RAINBOW,990,13.15,5/12/2025,2025
FISH L,SEVIER,RAINBOW,990,13.15,5/12/2025,2025
FISH L,SEVIER,RAINBOW,990,13.15,5/12/2025,2025
FISH L,SEVIER,RAINBOW,990,13.15,5/12/2025,2025
FISH L,SEVIER,RAINBOW,550,13.15,5/12/2025,2025
FISH L,SEVIER,RAINBOW,550,13.15,5/12/2025,2025
FISH L,SEVIER,RAINBOW,990,13.15,5/13/2025,2025
FISH L,SEVIER,RAINBOW,990,13.15,5/13/2025,2025
FISH L,SEVIER,KOKANEE,18098,3.82,5/14/2025,2025
FISH L,SEVIER,KOKANEE,18098,3.82,5/14/2025,2025
FISH L,SEVIER,KOKANEE,21083,3.51,5/29/2025,2025
FISH L,SEVIER,KOKANEE,163430,2.98,5/29/2025,2025
FISH L,SEVIER,SPLAKE,8228,3.63,6/18/2025,2025
FISH L,SEVIER,SPLAKE,18389,2.92,6/18/2025,2025
FISH L,SEVIER,BROOK TROUT,10978,2.8,6/18/2025,2025
FISH L,SEVIER,SPLAKE,43837,2.92,6/18/2025,2025
FISH L,SEVIER,RAINBOW,34503,2.49,6/24/2025,2025
FISH L,SEVIER,RAINBOW,5145,4.9,7/2/2025,2025
FISH L,SEVIER,RAINBOW,14300,2.91,7/2/2025,2025
FISH L,SEVIER,RAINBOW,50050,3.29,7/9/2025,2025
FISH L,SEVIER,RAINBOW,13000,2.68,7/16/2025,2025
FISH L,SEVIER,RAINBOW,21675,3.51,7/21/2025,2025
FISH L,SEVIER,RAINBOW,22756,3.39,7/21/2025,2025
FISH L,SEVIER,RAINBOW,24220,3.31,7/21/2025,2025
FISH L,SEVIER,RAINBOW,32250,3.38,7/29/2025,2025
FISH L,SEVIER,TIGER TROUT,407,3.6,8/11/2025,2025
FISH L,SEVIER,BROWN TROUT,6462,3.13,8/11/2025,2025
FISH L,SEVIER,BROOK TROUT,6708,3.87,8/11/2025,2025
FISH L,SEVIER,CUTTHROAT,6000,2.12,9/18/2025,2025
FISH L,SEVIER,LAKE TROUT,405,22.97,9/22/2025,2025
FISH L,SEVIER,LAKE TROUT,223,22.97,9/22/2025,2025
FISH L,SEVIER,RAINBOW,7028,3.4,9/22/2025,2025
FISH L,SEVIER,RAINBOW,19965,4.75,10/17/2025,2025
FISH L,SEVIER,RAINBOW,10000,4.92,10/22/2025,2025
FISH L,SEVIER,RAINBOW,10000,4.92,10/22/2025,2025
FISH L,SEVIER,RAINBOW,4002,6.22,10/23/2025,2025
FISH L,SEVIER,RAINBOW,2930,6.39,10/23/2025,2025
FISH L,SEVIER,RAINBOW,10000,4.92,10/23/2025,2025
FISH L,SEVIER,RAINBOW,10000,4.92,10/23/2025,2025
FISH L,SEVIER,RAINBOW,10000,4.92,10/27/2025,2025
FISH L,SEVIER,RAINBOW,10000,4.92,10/27/2025,2025
FISH L,SEVIER,RAINBOW,10000,4.92,11/3/2025,2025
FISH L,SEVIER,RAINBOW,10000,4.92,11/3/2025,2025
FISH L,SEVIER,RAINBOW,6000,4.92,11/11/2025,2025
FISH L,SEVIER,RAINBOW,3000,4.92,11/11/2025,2025
FISH L,SEVIER,RAINBOW,7500,2.14,12/3/2025,2025
FISH L,SEVIER,RAINBOW,60,9.05,12/3/2025,2025
FISH L GR-125,SUMMIT,BROOK TROUT,4600,3.4,7/1/2025,2025
FLAMING GORGE RES,DAGGETT,BROWN TROUT,19293,2.12,3/23/2025,2025
FLAMING GORGE RES,DAGGETT,RAINBOW,20800,9.16,5/13/2025,2025
FLAMING GORGE RES,DAGGETT,RAINBOW,20882,9.16,5/14/2025,2025
FLAMING GORGE RES,DAGGETT,RAINBOW,5792,9.17,5/15/2025,2025
FLAMING GORGE RES,DAGGETT,RAINBOW,20963,9.16,5/15/2025,2025
FLAMING GORGE RES,DAGGETT,RAINBOW,6080,9.02,5/16/2025,2025
FLAMING GORGE RES,DAGGETT,KOKANEE,49404,3.54,5/18/2025,2025
FLAMING GORGE RES,DAGGETT,KOKANEE,25011,3.52,5/19/2025,2025
FLAMING GORGE RES,DAGGETT,CUTTHROAT,4713,7.49,5/19/2025,2025
FLAMING GORGE RES,DAGGETT,CUTTHROAT,4713,7.49,5/19/2025,2025
FLAMING GORGE RES,DAGGETT,KOKANEE,50439,3.52,5/19/2025,2025
FLAMING GORGE RES,DAGGETT,RAINBOW,22133,9.16,5/19/2025,2025
FLAMING GORGE RES,DAGGETT,RAINBOW,22637,9.16,5/20/2025,2025
FLAMING GORGE RES,DAGGETT,CUTTHROAT,19956,7.37,5/20/2025,2025
FLAMING GORGE RES,DAGGETT,CUTTHROAT,19956,7.37,5/20/2025,2025
FLAMING GORGE RES,DAGGETT,KOKANEE,48786,3.55,5/21/2025,2025
FLAMING GORGE RES,DAGGETT,KOKANEE,24390,3.55,5/21/2025,2025
FLAMING GORGE RES,DAGGETT,RAINBOW,2844,9.16,5/21/2025,2025
FLAMING GORGE RES,DAGGETT,KOKANEE,32408,3.56,5/21/2025,2025
FLAMING GORGE RES,DAGGETT,KOKANEE,16854,3.54,5/21/2025,2025
FLAMING GORGE RES,DAGGETT,RAINBOW,2844,9.16,5/21/2025,2025
FLAMING GORGE RES,DAGGETT,KOKANEE,24712,3.21,5/21/2025,2025
FLAMING GORGE RES,DAGGETT,KOKANEE,54067,3.53,5/22/2025,2025
FLAMING GORGE RES,DAGGETT,KOKANEE,26921,3.5,5/23/2025,2025
FLAMING GORGE RES,DAGGETT,KOKANEE,33642,3.57,5/26/2025,2025
FLAMING GORGE RES,DAGGETT,RAINBOW,22299,9.5,5/27/2025,2025
FLAMING GORGE RES,DAGGETT,RAINBOW,22373,9.6,5/27/2025,2025
FLAMING GORGE RES,DAGGETT,RAINBOW,16830,9.09,5/28/2025,2025
FLAMING GORGE RES,DAGGETT,RAINBOW,2013,9.49,5/28/2025,2025
FLAMING GORGE RES,DAGGETT,RAINBOW,2856,9.21,5/28/2025,2025
FLAMING GORGE RES,DAGGETT,RAINBOW,19708,9.51,5/28/2025,2025
FLAMING GORGE RES,DAGGETT,KOKANEE,533,3.63,6/2/2025,2025
FLAMING GORGE RES,DAGGETT,KOKANEE,1305,2.98,6/2/2025,2025
FLAMING GORGE RES,DAGGETT,RAINBOW,459,9.85,6/2/2025,2025
FLAMING GORGE RES,DAGGETT,RAINBOW,1253,9.21,6/2/2025,2025
FLAMING GORGE RES,DAGGETT,KOKANEE,130200,3.37,6/4/2025,2025
FLAMING GORGE RES,DAGGETT,KOKANEE,127303,3.36,6/4/2025,2025
FLAMING GORGE RES,DAGGETT,RAINBOW,4301,10.01,6/11/2025,2025
FLAMING GORGE RES,DAGGETT,RAINBOW,11655,3.41,6/20/2025,2025
FLAMING GORGE RES,DAGGETT,RAINBOW,27330,3.02,9/22/2025,2025
FLAMING GORGE RES,DAGGETT,RAINBOW,5327,3.25,10/5/2025,2025
FLAMING GORGE RES,DAGGETT,RAINBOW,2038,9.83,10/7/2025,2025
FLAMING GORGE RES,DAGGETT,RAINBOW,4937,9.15,11/4/2025,2025
FLAMING GORGE RES,DAGGETT,RAINBOW,4914,9.13,11/5/2025,2025
FLAMING GORGE RES,DAGGETT,RAINBOW,4102,9.8,11/17/2025,2025
FLAMING GORGE RES,DAGGETT,RAINBOW,3959,9.88,11/17/2025,2025
FLAMING GORGE RES,DAGGETT,RAINBOW,4292,9.62,11/18/2025,2025
FLAMING GORGE RES,DAGGETT,RAINBOW,150,10.46,11/22/2025,2025
FLAMING GORGE RES,DAGGETT,RAINBOW,49,6.37,11/22/2025,2025
FLAMING GORGE RES,DAGGETT,RAINBOW,142,9.76,11/22/2025,2025
FLAMING GORGE RES,DAGGETT,RAINBOW,2001,4.1,11/22/2025,2025
FLAMING GORGE RES,DAGGETT,RAINBOW,3002,8.31,11/22/2025,2025
FLAMING GORGE RES,DAGGETT,KOKANEE,93966,0.86,12/16/2025,2025
FLAT L NCL,GARFIELD,BROOK TROUT,96,2.97,6/23/2025,2025
FLOATING ISLAND TLM,SEVIER,SPLAKE,174,3.37,7/29/2025,2025
FLOATING ISLAND TLM,SEVIER,TIGER TROUT,165,3.36,7/29/2025,2025
FLOATING ISLAND TLM,SEVIER,CUTTHROAT,288,2.15,10/21/2025,2025
FLORENCE L,SALT LAKE,BROOK TROUT,500,3.01,6/25/2025,2025
FOREBAY POND,IRON,RAINBOW,508,9.83,5/21/2025,2025
FOREBAY POND,IRON,RAINBOW,508,9.92,6/17/2025,2025
FOREBAY POND,IRON,RAINBOW,488,10.59,7/11/2025,2025
FORSYTH RES,SEVIER,SPLAKE,4100,3.37,7/30/2025,2025
FORSYTH RES,SEVIER,TIGER TROUT,8032,3.36,7/30/2025,2025
FORSYTH RES,SEVIER,TIGER TROUT,805,4.63,10/27/2025,2025
FORSYTH RES,SEVIER,CUTTHROAT,5606,3.83,10/28/2025,2025
FORSYTH RES,SEVIER,TIGER TROUT,1098,10.42,10/28/2025,2025
FOX RES U-47,DUCHESNE,BROOK TROUT,2427,3.4,6/30/2025,2025
FOX RES U-47,DUCHESNE,BROOK TROUT,5364,3.53,7/7/2025,2025
FOY L,SAN JUAN,RAINBOW,1620,10.21,4/22/2025,2025
FOY L,SAN JUAN,RAINBOW,1506,10.35,6/26/2025,2025
FREMONT R,WAYNE,BROWN TROUT,4032,2.66,4/15/2025,2025
FREMONT R,WAYNE,BROWN TROUT,2016,2.66,4/15/2025,2025
FT BUENAVENTURA P,WEBER,RAINBOW,1499,9.99,4/30/2025,2025
FT BUENAVENTURA P,WEBER,WIPER,201,7.98,5/8/2025,2025
FT BUENAVENTURA P,WEBER,RAINBOW,1500,11.31,5/27/2025,2025
FT BUENAVENTURA P,WEBER,CHANNEL CATFISH,450,8.22,6/5/2025,2025
FT BUENAVENTURA P,WEBER,CHANNEL CATFISH,200,13.57,9/5/2025,2025
FT BUENAVENTURA P,WEBER,CHANNEL CATFISH,200,13.57,9/18/2025,2025
FT BUENAVENTURA P,WEBER,RAINBOW,1500,11.49,10/20/2025,2025
G- 80,SUMMIT,BROOK TROUT,90,3.01,6/26/2025,2025
GARDEN CITY HERITAGE COM,RICH,RAINBOW,1000,9.99,4/29/2025,2025
GARDEN CITY HERITAGE COM,RICH,RAINBOW,1000,11.73,6/4/2025,2025
GARDEN CITY HERITAGE COM,RICH,RAINBOW,1000,11.31,7/1/2025,2025
GARDEN CITY HERITAGE COM,RICH,WIPER,149,9.25,7/16/2025,2025
GARDEN CITY HERITAGE COM,RICH,RAINBOW,1000,8.09,8/4/2025,2025
GARDEN CITY HERITAGE COM,RICH,RAINBOW,1000,9.01,8/29/2025,2025
GARKANE EAST FK,GARFIELD,TIGER TROUT,425,10.56,6/26/2025,2025
"GARKANE IMP, MAIN FK",GARFIELD,RAINBOW,527,9.81,4/15/2025,2025
"GARKANE IMP, MAIN FK",GARFIELD,TIGER TROUT,311,10.56,6/26/2025,2025
"GARKANE IMP, MAIN FK",GARFIELD,RAINBOW,483,10.35,6/30/2025,2025
GATES L,SEVIER,RAINBOW,805,10.35,6/26/2025,2025
GATES L,SEVIER,TIGER TROUT,250,3.36,8/4/2025,2025
GHOST POND,UINTAH,TIGER TROUT,125,3.35,6/13/2025,2025
GIBBY L RC-30,DUCHESNE,CUTTHROAT,297,1.53,9/18/2025,2025
GIGLIOTTI POND,CARBON,RAINBOW,499,9.21,4/8/2025,2025
GIGLIOTTI POND,CARBON,RAINBOW,494,9.87,4/29/2025,2025
GIGLIOTTI POND,CARBON,RAINBOW,500,9.74,6/10/2025,2025
GIGLIOTTI POND,CARBON,RAINBOW,504,10.87,9/16/2025,2025
GLADYS L X-128,DUCHESNE,BROOK TROUT,750,3.53,7/7/2025,2025
GLASSMANS POND,WEBER,RAINBOW,301,9.5,3/24/2025,2025
GLASSMANS POND,WEBER,RAINBOW,400,9.63,4/14/2025,2025
GLASSMANS POND,WEBER,RAINBOW,301,9.64,4/28/2025,2025
GLASSMANS POND,WEBER,RAINBOW,501,9.69,5/19/2025,2025
GLASSMANS POND,WEBER,RAINBOW,501,9.43,10/7/2025,2025
GLASSMANS POND,WEBER,RAINBOW,501,9.69,10/15/2025,2025
GLENWOOD POND,SEVIER,RAINBOW,151,10.43,3/10/2025,2025
GLENWOOD POND,SEVIER,RAINBOW,202,10.21,5/15/2025,2025
GLENWOOD POND,SEVIER,RAINBOW,153,10.28,6/12/2025,2025
GLENWOOD POND,SEVIER,RAINBOW,399,10.32,10/20/2025,2025
GOOD SKI LAKE (21ST PO),WEBER,RAINBOW,1501,10.34,4/23/2025,2025
GOOD SKI LAKE (21ST PO),WEBER,RAINBOW,1500,10.9,5/14/2025,2025
GOOD SKI LAKE (21ST PO),WEBER,CHANNEL CATFISH,1350,8.22,6/5/2025,2025
GOOD SKI LAKE (21ST PO),WEBER,CHANNEL CATFISH,1950,7.27,6/19/2025,2025
GOOD SKI LAKE (21ST PO),WEBER,CHANNEL CATFISH,100,13.57,9/5/2025,2025
GOOD SKI LAKE (21ST PO),WEBER,CHANNEL CATFISH,200,13.57,9/18/2025,2025
GOOD SKI LAKE (21ST PO),WEBER,RAINBOW,1650,10.4,10/2/2025,2025
GOOD SKI LAKE (21ST PO),WEBER,RAINBOW,1650,10.53,10/6/2025,2025
GOOSEBERRY RES,SANPETE,RAINBOW,2002,9.61,6/9/2025,2025
GOOSEBERRY RES,SANPETE,RAINBOW,2000,9.74,6/26/2025,2025
GOOSEBERRY RES,SANPETE,RAINBOW,1000,11.07,7/16/2025,2025
GOOSEBERRY RES,SANPETE,RAINBOW,1050,11.54,9/23/2025,2025
GR- 31,DAGGETT,CUTTHROAT,502,2.69,6/30/2025,2025
GR-155,SUMMIT,BROOK TROUT,202,3.4,7/1/2025,2025
GR-160,SUMMIT,BROOK TROUT,250,3.01,6/26/2025,2025
GR-162,SUMMIT,BROOK TROUT,701,3.4,7/1/2025,2025
GRANTSVILLE RES,TOOELE,RAINBOW,1200,5.61,3/3/2025,2025
GRANTSVILLE RES,TOOELE,RAINBOW,1200,5.61,3/3/2025,2025
GRANTSVILLE RES,TOOELE,RAINBOW,1200,5.61,3/4/2025,2025
GRANTSVILLE RES,TOOELE,RAINBOW,1200,5.61,3/4/2025,2025
GRANTSVILLE RES,TOOELE,RAINBOW,455,10.11,3/12/2025,2025
GRANTSVILLE RES,TOOELE,RAINBOW,1350,11.9,4/21/2025,2025
GRANTSVILLE RES,TOOELE,RAINBOW,1350,11.9,4/21/2025,2025
GRANTSVILLE RES,TOOELE,RAINBOW,1160,11.68,5/15/2025,2025
GRANTSVILLE RES,TOOELE,RAINBOW,1160,11.68,5/15/2025,2025
GRANTSVILLE RES,TOOELE,BROWN TROUT,2890,3.14,6/6/2025,2025
GRANTSVILLE RES,TOOELE,RAINBOW,960,12.78,7/10/2025,2025
GRANTSVILLE RES,TOOELE,RAINBOW,960,12.78,7/10/2025,2025
GRANTSVILLE RES,TOOELE,RAINBOW,960,12.78,7/10/2025,2025
GRANTSVILLE RES,TOOELE,RAINBOW,912,12.78,7/14/2025,2025
GRANTSVILLE RES,TOOELE,RAINBOW,912,12.78,7/14/2025,2025
GRANTSVILLE RES,TOOELE,RAINBOW,800,13.58,9/17/2025,2025
GRANTSVILLE RES,TOOELE,RAINBOW,800,13.58,9/17/2025,2025
GRANTSVILLE RES,TOOELE,RAINBOW,800,10.49,9/22/2025,2025
GRANTSVILLE RES,TOOELE,RAINBOW,800,13.58,9/22/2025,2025
GRANTSVILLE RES,TOOELE,RAINBOW,400,13.58,9/22/2025,2025
GRANTSVILLE RES,TOOELE,RAINBOW,1400,10.49,9/24/2025,2025
GRANTSVILLE RES,TOOELE,RAINBOW,2432,12.47,10/20/2025,2025
GRANTSVILLE RES,TOOELE,RAINBOW,2405,10.88,10/28/2025,2025
GRASS L SB,GARFIELD,BROOK TROUT,153,2.97,6/23/2025,2025
GRASS L TLM,WAYNE,BROOK TROUT,110,3.57,7/29/2025,2025
GRASSY LAKE RES,SANPETE,TIGER TROUT,2530,2.96,6/10/2025,2025
GRASSY LAKE RES,SANPETE,RAINBOW,1008,9.87,6/10/2025,2025
GRASSY LAKE RES,SANPETE,RAINBOW,622,11.07,7/17/2025,2025
GRASSY LAKE RES,SANPETE,RAINBOW,872,11.07,7/17/2025,2025
GREEN L EBS,GARFIELD,BROOK TROUT,153,2.97,6/23/2025,2025
GREEN L NBS,WAYNE,BROOK TROUT,70,2.92,6/23/2025,2025
GREEN R,DAGGETT,CUTTHROAT,1510,7.53,6/6/2025,2025
GREEN R,DAGGETT,CUTTHROAT,1510,7.53,6/6/2025,2025
GREEN R,DAGGETT,CUTTHROAT,1510,7.53,6/6/2025,2025
GREEN R,DAGGETT,CUTTHROAT,1510,7.53,6/6/2025,2025
GREEN R,DAGGETT,RAINBOW,2142,9.99,6/24/2025,2025
GREEN R,DAGGETT,RAINBOW,2148,9.99,6/24/2025,2025
GREEN R,DAGGETT,RAINBOW,4051,10.18,6/25/2025,2025
GREEN R,DAGGETT,RAINBOW,612,10.16,6/27/2025,2025
GREEN R,DAGGETT,RAINBOW,3555,10.2,6/27/2025,2025
GROVE CR,UTAH,CUTTHROAT,1000,2.75,9/30/2025,2025
GROVE CR,UTAH,CUTTHROAT,504,3,10/16/2025,2025
GUNNISON BEND RES,MILLARD,WALLEYE,265500,0.69,4/15/2025,2025
GUNNISON BEND RES,MILLARD,WIPER,10200,2.4,9/16/2025,2025
HACKING L GR-40,UINTAH,TIGER TROUT,150,3.58,6/19/2025,2025
HACKING L GR-40,UINTAH,RAINBOW,250,9.67,6/19/2025,2025
HACKING L GR-40,UINTAH,CUTTHROAT,498,2.22,10/1/2025,2025
HALF MOON L BTS,GARFIELD,BROOK TROUT,497,2.97,6/23/2025,2025
HALLS FK,UTAH,CUTTHROAT,3008,2.23,8/13/2025,2025
HAMILTON RES,SEVIER,TIGER TROUT,105,3.36,8/4/2025,2025
HAMILTON RES,SEVIER,BROOK TROUT,253,3.57,8/4/2025,2025
HAYDEN FK,SUMMIT,RAINBOW,250,10.77,7/9/2025,2025
HAYDEN FK,SUMMIT,RAINBOW,251,10.44,7/14/2025,2025
HAYDEN FK,SUMMIT,RAINBOW,150,12.44,7/30/2025,2025
HAYSTACK L A-9,SUMMIT,BROOK TROUT,554,3.01,6/25/2025,2025
HAYSTACK L A-9,SUMMIT,BROOK TROUT,346,3.01,6/26/2025,2025
HEART L X-13,DUCHESNE,CUTTHROAT,569,1.53,9/18/2025,2025
HELLER L DG-28,DUCHESNE,CUTTHROAT,1002,1.53,9/18/2025,2025
HENDRICKSON L,IRON,BROOK TROUT,1003,2.92,6/24/2025,2025
HESSIE L G-18,SUMMIT,CUTTHROAT,2601,3.38,9/17/2025,2025
HIDDEN L,GRAND,RAINBOW,1080,10.21,5/12/2025,2025
HIDDEN L,GRAND,RAINBOW,920,10.51,7/10/2025,2025
HIGHLAND GLEN PARK P,UTAH,RAINBOW,204,10.77,3/10/2025,2025
HIGHLAND GLEN PARK P,UTAH,RAINBOW,408,10.77,3/25/2025,2025
HIGHLAND GLEN PARK P,UTAH,RAINBOW,204,10.77,4/14/2025,2025
HIGHLAND GLEN PARK P,UTAH,TIGER TROUT,1001,9.79,4/17/2025,2025
HIGHLAND GLEN PARK P,UTAH,RAINBOW,203,10.96,4/21/2025,2025
HIGHLAND GLEN PARK P,UTAH,RAINBOW,409,11.16,4/28/2025,2025
HIGHLAND GLEN PARK P,UTAH,TIGER TROUT,504,10.43,5/1/2025,2025
HIGHLAND GLEN PARK P,UTAH,RAINBOW,205,10.36,5/13/2025,2025
HIGHLAND GLEN PARK P,UTAH,TIGER TROUT,500,11.08,5/15/2025,2025
HIGHLAND GLEN PARK P,UTAH,RAINBOW,204,10.01,5/19/2025,2025
HIGHLAND GLEN PARK P,UTAH,TIGER TROUT,374,10.15,5/29/2025,2025
HIGHLAND GLEN PARK P,UTAH,CHANNEL CATFISH,1125,8.22,6/5/2025,2025
HIGHLAND GLEN PARK P,UTAH,CHANNEL CATFISH,1625,7.27,6/19/2025,2025
HIGHLAND GLEN PARK P,UTAH,CHANNEL CATFISH,180,13.57,9/5/2025,2025
HIGHLAND GLEN PARK P,UTAH,TIGER TROUT,226,11.26,9/8/2025,2025
HIGHLAND GLEN PARK P,UTAH,CHANNEL CATFISH,100,13.57,9/18/2025,2025
HIGHLAND GLEN PARK P,UTAH,RAINBOW,204,10.77,11/2/2025,2025
HINKINS POND,EMERY,RAINBOW,497,11.94,4/8/2025,2025
HINKINS POND,EMERY,BROWN TROUT,506,2.94,5/13/2025,2025
"HOBBLE CR, RT FK",UTAH,CUTTHROAT,3008,2.23,8/13/2025,2025
HOBBS RESERVOIR,DAVIS,RAINBOW,899,9.8,4/24/2025,2025
HOBBS RESERVOIR,DAVIS,BROWN TROUT,5048,2.83,5/14/2025,2025
HOBBS RESERVOIR,DAVIS,RAINBOW,900,12.47,10/21/2025,2025
HOLMES CR RES,DAVIS,RAINBOW,2000,9.43,3/5/2025,2025
HOLMES CR RES,DAVIS,RAINBOW,2001,9.5,3/25/2025,2025
HOLMES CR RES,DAVIS,RAINBOW,501,9.69,5/19/2025,2025
HOLMES CR RES,DAVIS,RAINBOW,1502,8.94,9/25/2025,2025
HOOP L,SUMMIT,RAINBOW,680,11.37,6/2/2025,2025
HOOP L,SUMMIT,RAINBOW,760,10.96,6/2/2025,2025
HOOP L,SUMMIT,TIGER TROUT,504,10.07,6/2/2025,2025
HOOP L,SUMMIT,RAINBOW,1159,10.96,6/2/2025,2025
HOOP L,SUMMIT,RAINBOW,8006,3.1,7/8/2025,2025
HOOVER L Z-10,DUCHESNE,BROOK TROUT,1400,3.01,6/25/2025,2025
HORSESHOE L BTS,GARFIELD,BROOK TROUT,297,2.97,6/23/2025,2025
HORSESHOE L BTS,GARFIELD,TIGER TROUT,45,2.81,6/23/2025,2025
HUNTINGTON NORTH RES,EMERY,RAINBOW,1360,11.19,3/17/2025,2025
HUNTINGTON NORTH RES,EMERY,RAINBOW,1360,11.19,3/17/2025,2025
HUNTINGTON NORTH RES,EMERY,BROWN TROUT,1050,2.66,4/8/2025,2025
HUNTINGTON NORTH RES,EMERY,RAINBOW,282,9.21,4/8/2025,2025
HUNTINGTON NORTH RES,EMERY,CHANNEL CATFISH,9900,7.24,6/1/2025,2025
HUNTINGTON NORTH RES,EMERY,CHANNEL CATFISH,9750,7.27,6/19/2025,2025
HUNTINGTON NORTH RES,EMERY,WIPER,10989,2.57,7/30/2025,2025
HUNTINGTON NORTH RES,EMERY,RAINBOW,1500,10.49,9/24/2025,2025
HUNTINGTON NORTH RES,EMERY,RAINBOW,1500,10.49,9/24/2025,2025
HUNTINGTON RES,SANPETE,SPLAKE,5000,3.52,7/15/2025,2025
HUNTINGTON RES,SANPETE,TIGER TROUT,9990,3.78,7/23/2025,2025
HYRUM RES,CACHE,RAINBOW,5580,10.27,3/10/2025,2025
HYRUM RES,CACHE,RAINBOW,5700,3.22,4/25/2025,2025
HYRUM RES,CACHE,WIPER,3734,1.99,7/31/2025,2025
HYRUM RES,CACHE,RAINBOW,1550,10.24,9/26/2025,2025
HYRUM RES,CACHE,RAINBOW,1550,10.24,9/26/2025,2025
HYRUM RES,CACHE,RAINBOW,2000,10.71,10/6/2025,2025
HYRUM RES,CACHE,RAINBOW,3999,10.71,10/6/2025,2025
HYRUM RES,CACHE,RAINBOW,4018,10.7,10/7/2025,2025
HYRUM RES,CACHE,RAINBOW,3349,11.14,10/22/2025,2025
Harrisville City Pond,WEBER,RAINBOW,899,12.13,4/3/2025,2025
Harrisville City Pond,WEBER,RAINBOW,400,12.47,10/21/2025,2025
INDIAN CR,WASATCH,CUTTHROAT,12008,2.26,9/22/2025,2025
INDIAN CR,WASATCH,CUTTHROAT,35100,2.9,9/30/2025,2025
INDIAN CR,WASATCH,CUTTHROAT,35100,2.9,9/30/2025,2025
INDIAN CR RES,BEAVER,RAINBOW,1040,9.77,5/21/2025,2025
INDIAN CR RES,BEAVER,TIGER TROUT,1038,9.88,5/30/2025,2025
IRON MINE L D-33,WASATCH,TIGER TROUT,504,11.08,6/24/2025,2025
IRON MINE L D-33,WASATCH,RAINBOW,504,10.14,6/24/2025,2025
ISLAND L,SANPETE,CUTTHROAT,10044,1.97,9/10/2025,2025
ISLAND L A-57,SUMMIT,CUTTHROAT,3014,2.26,9/17/2025,2025
JACKSON FLAT RES.,KANE,RAINBOW,105,16.09,4/7/2025,2025
JACKSON FLAT RES.,KANE,RAINBOW,505,12.17,10/10/2025,2025
JACKSON FLAT RES.,KANE,TIGER TROUT,506,10.55,10/10/2025,2025
JACKSON FLAT RES.,KANE,RAINBOW,2024,10.24,10/23/2025,2025
JACKSON FLAT RES.,KANE,BROWN TROUT,1176,12.77,11/17/2025,2025
JENSEN NATURE PARK POND,DAVIS,RAINBOW,255,19.26,1/30/2025,2025
JENSEN NATURE PARK POND,DAVIS,RAINBOW,599,9.43,2/15/2025,2025
JENSEN NATURE PARK POND,DAVIS,RAINBOW,602,9.43,3/4/2025,2025
JENSEN NATURE PARK POND,DAVIS,RAINBOW,686,9.5,3/17/2025,2025
JENSEN NATURE PARK POND,DAVIS,RAINBOW,599,9.5,4/1/2025,2025
JENSEN NATURE PARK POND,DAVIS,RAINBOW,400,17.1,4/10/2025,2025
JENSEN NATURE PARK POND,DAVIS,RAINBOW,815,9.63,4/14/2025,2025
JENSEN NATURE PARK POND,DAVIS,WIPER,352,7.24,4/28/2025,2025
JENSEN NATURE PARK POND,DAVIS,RAINBOW,201,9.64,4/28/2025,2025
JENSEN NATURE PARK POND,DAVIS,RAINBOW,501,9.69,5/19/2025,2025
JENSEN NATURE PARK POND,DAVIS,RAINBOW,499,9.87,6/4/2025,2025
JENSEN NATURE PARK POND,DAVIS,CHANNEL CATFISH,3480,6.6,6/5/2025,2025
JENSEN NATURE PARK POND,DAVIS,CHANNEL CATFISH,3480,6,6/19/2025,2025
JENSEN NATURE PARK POND,DAVIS,RAINBOW,2000,9.43,9/29/2025,2025
JENSEN NATURE PARK POND,DAVIS,TIGER TROUT,163,10.7,10/9/2025,2025
JENSEN NATURE PARK POND,DAVIS,TIGER TROUT,233,10.7,10/9/2025,2025
JENSEN NATURE PARK POND,DAVIS,RAINBOW,1001,9.69,10/15/2025,2025
JENSEN NATURE PARK POND,DAVIS,RAINBOW,799,9.46,11/10/2025,2025
JESSON L GR-1,SUMMIT,CUTTHROAT,1904,2.69,6/30/2025,2025
JEWKES-VAN BUREN L,SANPETE,BROOK TROUT,1000,3.48,7/15/2025,2025
JEWKES-VAN BUREN L,SANPETE,TIGER TROUT,1044,3.69,7/28/2025,2025
JOE LAY L NCL,GARFIELD,TIGER TROUT,45,2.81,6/23/2025,2025
JOE LAY L NCL,GARFIELD,BROOK TROUT,200,2.97,6/23/2025,2025
JOES VALLEY RES,EMERY,RAINBOW,12426,4.24,6/16/2025,2025
JOES VALLEY RES,EMERY,RAINBOW,12426,4.24,6/16/2025,2025
JOES VALLEY RES,EMERY,SPLAKE,15543,4.09,9/16/2025,2025
JOES VALLEY RES,EMERY,SPLAKE,15543,4.09,9/16/2025,2025
JOES VALLEY RES,EMERY,SPLAKE,24285,4.09,9/18/2025,2025
JOES VALLEY RES,EMERY,MUSKIE TIGER,1530,10.54,9/29/2025,2025
JORDAN R,SALT LAKE,CHANNEL CATFISH,500,13.57,9/5/2025,2025
JORDANELLE RES,WASATCH,KOKANEE,74466,4.04,4/9/2025,2025
JORDANELLE RES,WASATCH,KOKANEE,148932,4.04,4/9/2025,2025
JORDANELLE RES,WASATCH,RAINBOW,1300,12.44,4/28/2025,2025
JORDANELLE RES,WASATCH,RAINBOW,1300,12.44,4/28/2025,2025
JORDANELLE RES,WASATCH,RAINBOW,1300,12.44,4/28/2025,2025
JORDANELLE RES,WASATCH,RAINBOW,1300,12.44,4/28/2025,2025
JORDANELLE RES,WASATCH,RAINBOW,1200,12.77,4/28/2025,2025
JORDANELLE RES,WASATCH,RAINBOW,1200,12.77,4/28/2025,2025
JORDANELLE RES,WASATCH,RAINBOW,1200,12.77,4/28/2025,2025
JORDANELLE RES,WASATCH,RAINBOW,1200,12.77,4/28/2025,2025
JORDANELLE RES,WASATCH,RAINBOW,1203,12.44,4/28/2025,2025
JORDANELLE RES,WASATCH,RAINBOW,1203,12.44,4/28/2025,2025
JORDANELLE RES,WASATCH,RAINBOW,1235,12.44,4/28/2025,2025
JORDANELLE RES,WASATCH,RAINBOW,1235,12.44,4/28/2025,2025
JORDANELLE RES,WASATCH,RAINBOW,1650,11.49,4/29/2025,2025
JORDANELLE RES,WASATCH,RAINBOW,1650,11.49,4/29/2025,2025
JORDANELLE RES,WASATCH,RAINBOW,1650,11.49,4/29/2025,2025
JORDANELLE RES,WASATCH,RAINBOW,1650,11.49,4/29/2025,2025
JORDANELLE RES,WASATCH,MUSKIE TIGER,4956,6.07,7/3/2025,2025
JORDANELLE RES,WASATCH,MUSKIE TIGER,5499,6.46,7/3/2025,2025
JORDANELLE RES,WASATCH,RAINBOW,9999,10.75,7/30/2025,2025
JORDANELLE RES,WASATCH,WIPER,24749,1.99,7/31/2025,2025
JORDANELLE RES,WASATCH,MUSKIE TIGER,1040,8.44,8/13/2025,2025
JORDANELLE RES,WASATCH,RAINBOW,10035,4.82,9/15/2025,2025
JORDANELLE RES,WASATCH,RAINBOW,10035,4.82,9/15/2025,2025
JORDANELLE RES,WASATCH,RAINBOW,9988,4.74,9/15/2025,2025
JORDANELLE RES,WASATCH,RAINBOW,9988,4.74,9/15/2025,2025
JORDANELLE RES,WASATCH,RAINBOW,5000,11.95,9/22/2025,2025
JORDANELLE RES,WASATCH,RAINBOW,1200,11.54,9/29/2025,2025
JORDANELLE RES,WASATCH,MUSKIE TIGER,135,10.54,9/29/2025,2025
JORDANELLE RES,WASATCH,RAINBOW,1200,11.54,9/29/2025,2025
JORDANELLE RES,WASATCH,RAINBOW,651,11.81,10/9/2025,2025
JORDANELLE RES,WASATCH,RAINBOW,651,11.81,10/9/2025,2025
JORDANELLE RES,WASATCH,SPLAKE,51422,4.43,10/14/2025,2025
JORDANELLE RES,WASATCH,SPLAKE,51422,4.43,10/14/2025,2025
JORDANELLE RES,WASATCH,SPLAKE,25711,4.43,10/15/2025,2025
JORDANELLE RES,WASATCH,SPLAKE,51606,4.43,10/15/2025,2025
JORDANELLE RES,WASATCH,RAINBOW,650,12.11,10/16/2025,2025
JORDANELLE RES,WASATCH,RAINBOW,650,12.11,10/16/2025,2025
JORDANELLE RES,WASATCH,CUTTHROAT,8983,3.22,10/29/2025,2025
JORDANELLE RES,WASATCH,CUTTHROAT,4908,3.71,10/29/2025,2025
JORDANELLE RES,WASATCH,CUTTHROAT,11117,3.38,10/29/2025,2025
JORDANELLE RES,WASATCH,CUTTHROAT,747,3.22,10/29/2025,2025
JUNIOR L A-56,SUMMIT,CUTTHROAT,603,2.5,9/17/2025,2025
KABELL L GR-140,SUMMIT,CUTTHROAT,1476,2.69,6/30/2025,2025
KAMAS RES W-40,SUMMIT,TIGER TROUT,900,3.8,7/2/2025,2025
KAYSVILLE STAKE POND,DAVIS,RAINBOW,501,9.43,2/24/2025,2025
KAYSVILLE STAKE POND,DAVIS,RAINBOW,502,14.16,3/11/2025,2025
KAYSVILLE STAKE POND,DAVIS,RAINBOW,499,9.5,3/24/2025,2025
KAYSVILLE STAKE POND,DAVIS,RAINBOW,501,9.63,4/7/2025,2025
KAYSVILLE STAKE POND,DAVIS,RAINBOW,499,9.64,4/21/2025,2025
KAYSVILLE STAKE POND,DAVIS,RAINBOW,701,9.69,5/7/2025,2025
KAYSVILLE STAKE POND,DAVIS,RAINBOW,701,9.69,5/19/2025,2025
KAYSVILLE STAKE POND,DAVIS,CHANNEL CATFISH,1740,6.6,6/5/2025,2025
KAYSVILLE STAKE POND,DAVIS,RAINBOW,2501,9.43,9/29/2025,2025
KAYSVILLE STAKE POND,DAVIS,RAINBOW,2000,9.69,10/15/2025,2025
KAYSVILLE STAKE POND,DAVIS,RAINBOW,750,10.77,11/4/2025,2025
KENS L,SAN JUAN,RAINBOW,3150,10.43,3/10/2025,2025
KENS L,SAN JUAN,RAINBOW,972,10.21,4/21/2025,2025
"KENTS L, LOWER",BEAVER,RAINBOW,319,3.69,6/4/2025,2025
"KENTS L, LOWER",BEAVER,TIGER TROUT,101,3.68,6/10/2025,2025
"KENTS L, LOWER",BEAVER,BROOK TROUT,309,3.48,7/16/2025,2025
"KENTS L, MIDDLE",BEAVER,RAINBOW,1980,8.78,5/14/2025,2025
"KENTS L, MIDDLE",BEAVER,RAINBOW,1595,9.44,6/11/2025,2025
"KENTS L, MIDDLE",BEAVER,TIGER TROUT,807,3.85,7/2/2025,2025
"KENTS L, MIDDLE",BEAVER,RAINBOW,1325,9.73,7/7/2025,2025
"KENTS L, MIDDLE",BEAVER,SPLAKE,804,3.52,7/16/2025,2025
"KENTS L, MIDDLE",BEAVER,RAINBOW,1116,10.05,7/29/2025,2025
"KENTS L, UPPER",BEAVER,TIGER TROUT,503,3.03,7/16/2025,2025
"KENTS L, UPPER",BEAVER,CUTTHROAT,3500,2.25,10/15/2025,2025
"KIBAH L, EAST DF-11",UINTAH,BROOK TROUT,251,3.4,6/30/2025,2025
"KIBAH L, WEST DF-14",UINTAH,BROOK TROUT,783,3.4,6/30/2025,2025
"KIBAH L,FINGER DF-12",UINTAH,BROOK TROUT,376,3.4,6/30/2025,2025
"KIBAH L,ISLAND DF-16",UINTAH,BROOK TROUT,799,3.4,6/30/2025,2025
"KIDNEY L, WEST U-26",DUCHESNE,BROOK TROUT,2997,3.4,7/1/2025,2025
KIDNEY POND,SALT LAKE,RAINBOW,149,9.5,3/31/2025,2025
KIDNEY POND,SALT LAKE,RAINBOW,151,9.63,4/8/2025,2025
KIDNEY POND,SALT LAKE,RAINBOW,151,9.64,4/23/2025,2025
KIDNEY POND,SALT LAKE,RAINBOW,151,9.64,4/29/2025,2025
KIDNEY POND,SALT LAKE,RAINBOW,151,9.69,5/8/2025,2025
KIDNEY POND,SALT LAKE,RAINBOW,151,10.36,5/13/2025,2025
KIDNEY POND,SALT LAKE,RAINBOW,149,10.01,5/20/2025,2025
KIDNEY POND,SALT LAKE,RAINBOW,149,10.01,5/28/2025,2025
KIDNEY POND,SALT LAKE,CHANNEL CATFISH,563,8.22,6/5/2025,2025
KNIGHT IDEAL POND,CARBON,RAINBOW,497,11.94,4/8/2025,2025
KNIGHT IDEAL POND,CARBON,CHANNEL CATFISH,4897,7.24,6/5/2025,2025
KNIGHT IDEAL POND,CARBON,RAINBOW,1250,9.74,6/10/2025,2025
KNIGHT IDEAL POND,CARBON,RAINBOW,500,11.54,9/16/2025,2025
KOLOB RES,WASHINGTON,RAINBOW,511,10.67,6/9/2025,2025
KOLOB RES,WASHINGTON,RAINBOW,353,2.46,6/9/2025,2025
KOLOB RES,WASHINGTON,RAINBOW,4652,2.62,6/9/2025,2025
KOLOB RES,WASHINGTON,TIGER TROUT,1007,3.34,6/9/2025,2025
KOOSHAREM RES,SEVIER,CUTTHROAT,5088,8.14,3/27/2025,2025
KOOSHAREM RES,SEVIER,RAINBOW,2240,9.63,4/2/2025,2025
KOOSHAREM RES,SEVIER,RAINBOW,2240,9.63,4/2/2025,2025
KOOSHAREM RES,SEVIER,RAINBOW,1515,9.63,4/9/2025,2025
KOOSHAREM RES,SEVIER,SPLAKE,2002,3.5,6/9/2025,2025
KOOSHAREM RES,SEVIER,BROOK TROUT,835,13.27,10/20/2025,2025
KOOSHAREM RES,SEVIER,RAINBOW,6000,4.92,10/20/2025,2025
KOOSHAREM RES,SEVIER,TIGER TROUT,1980,5.46,10/20/2025,2025
KOOSHAREM RES,SEVIER,RAINBOW,3009,7.85,10/21/2025,2025
KOOSHAREM RES,SEVIER,RAINBOW,1947,10.39,11/5/2025,2025
LA SAL CR,SAN JUAN,CUTTHROAT,1950,2.45,7/31/2025,2025
LA SAL CR,SAN JUAN,CUTTHROAT,11040,2.88,7/31/2025,2025
LA SAL CR,SAN JUAN,CUTTHROAT,8750,2.54,8/5/2025,2025
LABARON RES,BEAVER,TIGER TROUT,251,3.03,7/16/2025,2025
LABARON RES,BEAVER,BROOK TROUT,1002,3.27,7/16/2025,2025
LAKE CANYON L,DUCHESNE,TIGER TROUT,606,3.24,5/27/2025,2025
LAKE CANYON L,DUCHESNE,CUTTHROAT,900,5.31,5/27/2025,2025
LAKE EMILY,WAYNE,BROOK TROUT,50,4.4,8/21/2025,2025
LAKE FK R,DUCHESNE,RAINBOW,402,10.07,6/16/2025,2025
LAKE FK R,DUCHESNE,RAINBOW,400,10.37,7/3/2025,2025
LAKETOWN RES,RICH,RAINBOW,1000,9.99,4/29/2025,2025
LAKETOWN RES,RICH,RAINBOW,1000,9.01,8/29/2025,2025
LEDGE L BTS,GARFIELD,BROOK TROUT,201,2.97,6/23/2025,2025
LEIGH HILL RES,IRON,RAINBOW,3000,9.7,3/20/2025,2025
LEIGH HILL RES,IRON,WIPER,2999,2.4,9/16/2025,2025
LEIGH HILL RES,IRON,RAINBOW,1004,11.61,10/6/2025,2025
LEIGH HILL RES,IRON,RAINBOW,1004,11.61,10/6/2025,2025
LF- 8,DUCHESNE,CUTTHROAT,551,2.11,9/18/2025,2025
LILLIAN L A-43,SUMMIT,BROOK TROUT,200,3.01,6/25/2025,2025
LILLY L A-58,SUMMIT,RAINBOW,500,10.6,6/17/2025,2025
LILLY L A-58,SUMMIT,RAINBOW,151,10.14,6/24/2025,2025
LILLY L A-58,SUMMIT,RAINBOW,151,10.14,6/24/2025,2025
LILLY L A-58,SUMMIT,TIGER TROUT,250,11.08,6/25/2025,2025
LILLY L A-58,SUMMIT,RAINBOW,424,10.77,7/8/2025,2025
LILLY L A-58,SUMMIT,RAINBOW,299,10.44,7/14/2025,2025
LILLY L A-58,SUMMIT,RAINBOW,299,12.44,7/29/2025,2025
LILLY L A-58,SUMMIT,RAINBOW,150,12.95,8/4/2025,2025
LILLY L A-58,SUMMIT,RAINBOW,150,12.95,8/4/2025,2025
LILLY L A-58,SUMMIT,TIGER TROUT,330,11.26,8/14/2025,2025
LILY L BR-11,SUMMIT,RAINBOW,453,11.83,6/9/2025,2025
LILY L BR-11,SUMMIT,RAINBOW,453,11.83,6/9/2025,2025
LILY L BR-11,SUMMIT,RAINBOW,849,10.52,7/3/2025,2025
LILY L BR-11,SUMMIT,RAINBOW,850,10.77,7/7/2025,2025
LILY L LOWER A-25,SUMMIT,BROOK TROUT,150,3.01,6/25/2025,2025
LINDA L LF-36,DUCHESNE,BROOK TROUT,403,3.53,7/7/2025,2025
LITTLE BLUE,SANPETE,BROOK TROUT,301,3.16,7/2/2025,2025
LITTLE BRUSH CR,UINTAH,RAINBOW,199,9.83,5/30/2025,2025
LITTLE BRUSH CR,UINTAH,RAINBOW,201,10.13,6/11/2025,2025
LITTLE BRUSH CR,UINTAH,RAINBOW,267,10.19,6/26/2025,2025
LITTLE CR RES,RICH,RAINBOW,3799,9.8,4/23/2025,2025
LITTLE CR RES,RICH,RAINBOW,2101,12.03,11/3/2025,2025
LITTLE CR RES,RICH,RAINBOW,2101,12.03,11/4/2025,2025
LITTLE DEER CR,WASATCH,CUTTHROAT,6023,2.24,8/13/2025,2025
LITTLE DELL RES,SALT LAKE,CUTTHROAT,5175,6.29,5/1/2025,2025
LITTLE DELL RES,SALT LAKE,CUTTHROAT,5175,6.29,5/1/2025,2025
LITTLE DELL RES,SALT LAKE,CUTTHROAT,4720,6.23,5/2/2025,2025
LITTLE DELL RES,SALT LAKE,CUTTHROAT,4720,6.23,5/2/2025,2025
LITTLE DELL RES,SALT LAKE,CUTTHROAT,575,6.29,5/2/2025,2025
LITTLE DELL RES,SALT LAKE,BROOK TROUT,1241,3.3,6/24/2025,2025
LITTLE DELL RES,SALT LAKE,BROOK TROUT,4986,3.85,6/24/2025,2025
LITTLE DELL RES,SALT LAKE,BROOK TROUT,9124,3.81,8/12/2025,2025
LITTLE DELL RES,SALT LAKE,CUTTHROAT,1573,3.37,10/14/2025,2025
LITTLE DELL RES,SALT LAKE,CUTTHROAT,23079,3.51,10/14/2025,2025
LITTLE DELL RES,SALT LAKE,CUTTHROAT,352,3.22,10/29/2025,2025
LITTLE MONTES RES,UINTAH,RAINBOW,399,8.97,5/3/2025,2025
LITTLE MONTES RES,UINTAH,GRASS CARP STERILE,56,6.75,5/8/2025,2025
LITTLE MONTES RES,UINTAH,RAINBOW,392,9.49,5/24/2025,2025
LITTLE MONTES RES,UINTAH,RAINBOW,141,9.36,5/29/2025,2025
LITTLE MONTES RES,UINTAH,RAINBOW,299,15.87,9/25/2025,2025
LITTLE RES,BEAVER,BROWN TROUT,258,2.73,4/17/2025,2025
LITTLE RES,BEAVER,RAINBOW,900,8.78,5/14/2025,2025
LITTLE RES,BEAVER,TIGER TROUT,1555,10.23,6/10/2025,2025
LITTLE RES,BEAVER,RAINBOW,725,9.44,6/11/2025,2025
LITTLE RES,BEAVER,TIGER TROUT,480,9.52,7/2/2025,2025
LITTLE RES,BEAVER,RAINBOW,795,9.73,7/7/2025,2025
LITTLE RES,BEAVER,RAINBOW,588,10.05,7/29/2025,2025
LLOYDS L,SAN JUAN,RAINBOW,3920,9.69,4/7/2025,2025
LLOYDS L,SAN JUAN,RAINBOW,3200,10.49,10/6/2025,2025
LLOYDS L,SAN JUAN,RAINBOW,1573,10.16,10/15/2025,2025
LOFTY L W-41,SUMMIT,CUTTHROAT,311,2.5,9/17/2025,2025
LOG POND #1,SANPETE,BROOK TROUT,276,3.16,7/2/2025,2025
LOGAN R,CACHE,RAINBOW,809,11.33,5/23/2025,2025
LOGAN R,CACHE,RAINBOW,972,11.33,5/23/2025,2025
LOGAN R,CACHE,RAINBOW,150,11.33,5/23/2025,2025
LOGAN R,CACHE,RAINBOW,972,10.96,6/11/2025,2025
LOGAN R,CACHE,RAINBOW,150,10.96,6/11/2025,2025
LOGAN R,CACHE,RAINBOW,809,10.96,6/12/2025,2025
LOGAN R,CACHE,RAINBOW,809,11.16,6/27/2025,2025
LOGAN R,CACHE,RAINBOW,150,11.16,6/27/2025,2025
LOGAN R,CACHE,RAINBOW,972,11.16,6/27/2025,2025
LOGAN R,CACHE,RAINBOW,150,11.56,7/11/2025,2025
LOGAN R,CACHE,RAINBOW,972,11.56,7/11/2025,2025
LOGAN R,CACHE,RAINBOW,809,11.54,7/11/2025,2025
LOGAN R,CACHE,RAINBOW,150,12.02,7/21/2025,2025
LOGAN R,CACHE,RAINBOW,972,12.02,7/21/2025,2025
LOGAN R,CACHE,RAINBOW,809,12.02,7/21/2025,2025
LOGAN R,CACHE,RAINBOW,972,8.41,8/8/2025,2025
LOGAN R,CACHE,RAINBOW,809,8.41,8/8/2025,2025
LOGAN R,CACHE,RAINBOW,150,8.43,8/8/2025,2025
LOGAN R,CACHE,RAINBOW,809,9.22,8/25/2025,2025
LOGAN R,CACHE,RAINBOW,972,9.21,8/25/2025,2025
LOGAN R,CACHE,RAINBOW,150,9.22,8/25/2025,2025
LOGAN R,CACHE,RAINBOW,972,9.52,9/5/2025,2025
LOGAN R,CACHE,RAINBOW,150,9.52,9/5/2025,2025
LONG PARK RES,DAGGETT,RAINBOW,4981,4.03,5/8/2025,2025
LONG PARK RES,DAGGETT,BROOK TROUT,2497,3.78,6/21/2025,2025
LONG PARK RES,DAGGETT,TIGER TROUT,503,3.61,6/21/2025,2025
LONG WILLOW BOTTOMS,GARFIELD,TIGER TROUT,248,2.81,6/23/2025,2025
LONG WILLOW BOTTOMS,GARFIELD,CUTTHROAT,489,2.27,8/5/2025,2025
LORENA L BR-46,SUMMIT,BROOK TROUT,1200,3.01,6/26/2025,2025
LOST CR RES,MORGAN,CUTTHROAT,3000,9.68,5/8/2025,2025
LOST CR RES,MORGAN,CUTTHROAT,4800,9.68,5/13/2025,2025
LOST CR RES,MORGAN,RAINBOW,1350,11.86,5/14/2025,2025
LOST CR RES,MORGAN,RAINBOW,1350,11.86,5/14/2025,2025
LOST CR RES,MORGAN,RAINBOW,1350,11.86,5/14/2025,2025
LOST CR RES,MORGAN,RAINBOW,1350,11.86,5/14/2025,2025
LOST CR RES,MORGAN,KOKANEE,20575,3.19,5/14/2025,2025
LOST CR RES,MORGAN,TIGER TROUT,1500,10,5/15/2025,2025
LOST CR RES,MORGAN,RAINBOW,600,11.86,5/15/2025,2025
LOST CR RES,MORGAN,TIGER TROUT,2000,10,5/15/2025,2025
LOST CR RES,MORGAN,TIGER TROUT,1500,10,5/15/2025,2025
LOST CR RES,MORGAN,WIPER,2198,1.99,7/31/2025,2025
LOST CR RES,MORGAN,SPLAKE,5089,3.66,8/18/2025,2025
LOST CREEK RESERVOIR,SEVIER,TIGER TROUT,509,10.56,6/24/2025,2025
LOST CREEK RESERVOIR,SEVIER,WIPER,590,9.13,7/15/2025,2025
LOST CREEK RESERVOIR,SEVIER,WIPER,161,8.42,7/15/2025,2025
LOST L A-59,SUMMIT,RAINBOW,25,10.6,6/17/2025,2025
LOST L A-59,SUMMIT,RAINBOW,977,10.6,6/17/2025,2025
LOST L A-59,SUMMIT,RAINBOW,1496,10.44,6/23/2025,2025
LOST L A-59,SUMMIT,TIGER TROUT,550,11.08,6/25/2025,2025
LOST L A-59,SUMMIT,RAINBOW,1000,10.77,7/8/2025,2025
LOST L A-59,SUMMIT,TIGER TROUT,550,11.08,7/10/2025,2025
LOST L A-59,SUMMIT,BROOK TROUT,4361,3.6,7/11/2025,2025
LOST L A-59,SUMMIT,RAINBOW,1012,10.44,7/21/2025,2025
LOST L A-59,SUMMIT,TIGER TROUT,590,11.26,8/14/2025,2025
LOST L A-59,SUMMIT,TIGER TROUT,10,11.26,8/14/2025,2025
LOST L(GOVERNMNT)NBS,WAYNE,BROOK TROUT,297,2.97,6/23/2025,2025
LOUDER RANGER STA,IRON,TIGER TROUT,107,9.21,6/4/2025,2025
LOWER WPA,SANPETE,BROOK TROUT,250,3.16,7/2/2025,2025
"LYMAN L, LOWER G-25",SUMMIT,RAINBOW,1602,10.52,7/2/2025,2025
"LYMAN L, LOWER G-25",SUMMIT,BROOK TROUT,2998,2.97,7/2/2025,2025
"LYMAN L, LOWER G-25",SUMMIT,RAINBOW,326,10.77,7/24/2025,2025
"LYMAN L, LOWER G-25",SUMMIT,RAINBOW,324,10.77,7/24/2025,2025
"LYMAN L, UPPER G-27",SUMMIT,BROOK TROUT,2496,2.97,7/2/2025,2025
MABA L Z-8,DUCHESNE,BROOK TROUT,300,3.01,6/26/2025,2025
MAIN CR,WASATCH,CUTTHROAT,3035,2.5,9/10/2025,2025
MAMMOTH CR,IRON,TIGER TROUT,1020,9.93,5/21/2025,2025
MAMMOTH CR,GARFIELD,RAINBOW,252,10.21,5/28/2025,2025
MAMMOTH CR,GARFIELD,BROWN TROUT,3780,4.11,5/28/2025,2025
MAMMOTH CR,GARFIELD,TIGER TROUT,511,9.21,6/4/2025,2025
MAMMOTH CR,IRON,TIGER TROUT,1000,3.35,6/4/2025,2025
MAMMOTH CR,GARFIELD,RAINBOW,251,10.51,7/8/2025,2025
MANILA CREEK PARK POND,UTAH,BROWN TROUT,458,14.94,1/22/2025,2025
MANILA CREEK PARK POND,UTAH,RAINBOW,468,9.43,2/24/2025,2025
MANILA CREEK PARK POND,UTAH,RAINBOW,470,9.5,3/25/2025,2025
MANILA CREEK PARK POND,UTAH,RAINBOW,470,9.63,4/2/2025,2025
MANILA CREEK PARK POND,UTAH,RAINBOW,470,9.63,4/14/2025,2025
MANILA CREEK PARK POND,UTAH,RAINBOW,469,9.64,4/22/2025,2025
MANILA CREEK PARK POND,UTAH,WIPER,226,7.74,4/22/2025,2025
MANILA CREEK PARK POND,UTAH,RAINBOW,469,9.64,4/29/2025,2025
MANILA CREEK PARK POND,UTAH,RAINBOW,470,9.69,5/8/2025,2025
MANILA CREEK PARK POND,UTAH,RAINBOW,470,9.69,5/13/2025,2025
MANILA CREEK PARK POND,UTAH,RAINBOW,468,10.01,5/19/2025,2025
MANILA CREEK PARK POND,UTAH,RAINBOW,468,10.01,5/28/2025,2025
MANILA CREEK PARK POND,UTAH,TIGER TROUT,374,10.15,5/29/2025,2025
MANILA CREEK PARK POND,UTAH,RAINBOW,1406,9.32,9/4/2025,2025
MANILA CREEK PARK POND,UTAH,RAINBOW,1403,11.08,9/8/2025,2025
MANILA CREEK PARK POND,UTAH,TIGER TROUT,273,12.2,9/8/2025,2025
MANILA CREEK PARK POND,UTAH,RAINBOW,1403,11.08,9/8/2025,2025
MANN CR,DAGGETT,CUTTHROAT,144,10.63,5/15/2025,2025
MANN CR,DAGGETT,CUTTHROAT,0,13.57,5/15/2025,2025
MANNING MEADOW RES,PIUTE,CUTTHROAT,15000,2.12,9/17/2025,2025
MANTI CR,SANPETE,CUTTHROAT,14490,2.09,9/16/2025,2025
MANTUA RES,BOX ELDER,RAINBOW,5000,9.82,3/18/2025,2025
MANTUA RES,BOX ELDER,RAINBOW,10000,10.4,9/30/2025,2025
MAPLE GROVE SPRINGS,MILLARD,RAINBOW,226,10.24,5/19/2025,2025
MAPLE GROVE SPRINGS,MILLARD,RAINBOW,200,10.18,6/18/2025,2025
MAPLE GROVE SPRINGS,MILLARD,RAINBOW,249,9.73,7/14/2025,2025
MAPLE GROVE SPRINGS,MILLARD,RAINBOW,200,10.67,7/31/2025,2025
MAPLE GROVE SPRINGS,MILLARD,RAINBOW,287,9.51,8/27/2025,2025
MAPLE L,UTAH,MUSKIE TIGER,203,3.59,5/20/2025,2025
MAPLE L,UTAH,RAINBOW,1064,12.34,5/20/2025,2025
MAPLE L,UTAH,RAINBOW,998,12.34,5/27/2025,2025
MAPLE L,UTAH,TIGER TROUT,377,10.15,5/29/2025,2025
MAPLE L,UTAH,RAINBOW,1377,9.49,5/29/2025,2025
MAPLE L,UTAH,TIGER TROUT,180,12.2,9/10/2025,2025
MAPLE L,UTAH,TIGER TROUT,120,12.2,9/10/2025,2025
MARSH L G-19,SUMMIT,RAINBOW,1900,10.77,6/3/2025,2025
MARSH L G-19,SUMMIT,RAINBOW,1900,10.77,6/3/2025,2025
MARSHALL L Z-11,DUCHESNE,BROOK TROUT,1800,3.01,6/25/2025,2025
MARY ELLEN GULCH CREEK,UTAH,CUTTHROAT,1336,3.34,11/6/2025,2025
MARY L,SALT LAKE,BROOK TROUT,5000,3.01,6/25/2025,2025
MARYS L,SANPETE,RAINBOW,798,10.32,7/21/2025,2025
MATT WARNER RES,UINTAH,RAINBOW,2904,9.16,5/8/2025,2025
MATT WARNER RES,UINTAH,RAINBOW,4099,9.28,5/12/2025,2025
MATT WARNER RES,UINTAH,BROWN TROUT,5747,2.96,5/13/2025,2025
MATT WARNER RES,UINTAH,RAINBOW,1724,3.96,5/13/2025,2025
MATT WARNER RES,UINTAH,GRASS CARP STERILE,380,6.75,5/18/2025,2025
MATT WARNER RES,UINTAH,RAINBOW,33042,2.67,5/30/2025,2025
MATT WARNER RES,UINTAH,TIGER TROUT,2474,4.32,6/30/2025,2025
MAY DAY POND,GARFIELD,TIGER TROUT,1510,2.81,6/24/2025,2025
MAYBEY POND,DAVIS,RAINBOW,200,9.43,3/4/2025,2025
MAYBEY POND,DAVIS,RAINBOW,199,9.5,4/1/2025,2025
MAYBEY POND,DAVIS,RAINBOW,99,9.87,6/4/2025,2025
MAYBEY POND,DAVIS,RAINBOW,499,9.46,9/25/2025,2025
MAYOR'S POND,BOX ELDER,RAINBOW,398,9.8,4/24/2025,2025
MAYOR'S POND,BOX ELDER,RAINBOW,251,12.47,10/21/2025,2025
MCCLELLAN RES,UTAH,RAINBOW,1197,10.32,6/3/2025,2025
MCCLELLAN RES,UTAH,RAINBOW,780,9.87,7/1/2025,2025
MCCLELLAN RES,UTAH,RAINBOW,800,9.87,7/8/2025,2025
MCCLELLAN RES,UTAH,BROOK TROUT,1197,3.19,7/23/2025,2025
MCGATH LAKE GT,GARFIELD,MUSKIE TIGER,101,6.48,7/2/2025,2025
MCPHETERS L BR-14,SUMMIT,TIGER TROUT,952,3.8,7/2/2025,2025
MEADOW CRK P,WEBER,RAINBOW,506,19.26,1/30/2025,2025
MEADOW CRK P,WEBER,RAINBOW,599,9.43,2/15/2025,2025
MEADOW CRK P,WEBER,RAINBOW,350,9.5,3/17/2025,2025
MEADOW CRK P,WEBER,RAINBOW,350,9.5,4/1/2025,2025
MEADOW CRK P,WEBER,RAINBOW,364,9.63,4/14/2025,2025
MEADOW CRK P,WEBER,WIPER,248,7.24,4/28/2025,2025
MEADOW CRK P,WEBER,RAINBOW,349,9.64,4/28/2025,2025
MEADOW CRK P,WEBER,RAINBOW,400,17.1,5/2/2025,2025
MEADOW CRK P,WEBER,RAINBOW,701,9.69,5/13/2025,2025
MEADOW CRK P,WEBER,RAINBOW,349,9.69,5/19/2025,2025
MEADOW CRK P,WEBER,RAINBOW,699,9.87,6/4/2025,2025
MEADOW CRK P,WEBER,CHANNEL CATFISH,3480,6,6/19/2025,2025
MEADOW CRK P,WEBER,RAINBOW,250,12.03,7/23/2025,2025
MEADOW CRK P,WEBER,CHANNEL CATFISH,450,13.57,9/5/2025,2025
MEADOW CRK P,WEBER,RAINBOW,452,11.86,9/25/2025,2025
MEADOW CRK P,WEBER,RAINBOW,452,11.86,9/25/2025,2025
MEADOW CRK P,WEBER,RAINBOW,452,11.86,9/25/2025,2025
MEADOW CRK P,WEBER,TIGER TROUT,163,10.7,10/9/2025,2025
MEADOW CRK P,WEBER,TIGER TROUT,233,10.7,10/9/2025,2025
MEADOW CRK P,WEBER,RAINBOW,600,11.86,10/21/2025,2025
MEADOW CRK P,WEBER,RAINBOW,500,10.77,11/4/2025,2025
MEADOW CRK P,WEBER,RAINBOW,501,11.44,11/10/2025,2025
MEDICINE L,SAN JUAN,RAINBOW,411,10.28,6/18/2025,2025
MEDICINE L,SAN JUAN,RAINBOW,599,10.67,7/28/2025,2025
MEEKS L TLM,SEVIER,RAINBOW,802,2.78,7/1/2025,2025
MEEKS L TLM,SEVIER,BROOK TROUT,275,3.57,7/29/2025,2025
MEEKS L TLM,SEVIER,TIGER TROUT,66,3.36,7/29/2025,2025
MEEKS L TLM,SEVIER,CUTTHROAT,3744,2.15,10/21/2025,2025
"MEEKS POND, UPPER TLM",SEVIER,CUTTHROAT,144,2.15,10/21/2025,2025
MERCHANT VALLEY RES,BEAVER,BROWN TROUT,350,4.22,6/4/2025,2025
MERCHANT VALLEY RES,BEAVER,RAINBOW,250,9.9,6/4/2025,2025
MERCHANT VALLEY RES,BEAVER,RAINBOW,252,9.73,7/17/2025,2025
MIDAS POND,SALT LAKE,RAINBOW,274,9.5,3/31/2025,2025
MIDAS POND,SALT LAKE,RAINBOW,274,9.63,4/8/2025,2025
MIDAS POND,SALT LAKE,RAINBOW,276,9.64,4/23/2025,2025
MIDAS POND,SALT LAKE,RAINBOW,276,9.64,4/29/2025,2025
MIDAS POND,SALT LAKE,RAINBOW,275,9.69,5/8/2025,2025
MIDAS POND,SALT LAKE,RAINBOW,275,10.36,5/13/2025,2025
MIDAS POND,SALT LAKE,RAINBOW,274,10.01,5/20/2025,2025
MIDAS POND,SALT LAKE,RAINBOW,274,10.01,5/28/2025,2025
MIDAS POND,SALT LAKE,CHANNEL CATFISH,563,8.22,6/5/2025,2025
MILK L Y-25,DUCHESNE,BROOK TROUT,1751,3.4,7/1/2025,2025
MILL CR,GRAND,BROWN TROUT,4026,2.78,4/21/2025,2025
MILL CR,SALT LAKE,CUTTHROAT,1037,2.23,8/13/2025,2025
MILL CR,SALT LAKE,CUTTHROAT,2008,2.24,8/13/2025,2025
MILL CR,SALT LAKE,CUTTHROAT,2022,3.18,9/23/2025,2025
MILL HOLLOW RES,WASATCH,RAINBOW,499,9.73,5/15/2025,2025
MILL HOLLOW RES,WASATCH,RAINBOW,502,9.62,5/29/2025,2025
MILL HOLLOW RES,WASATCH,RAINBOW,501,9.69,6/12/2025,2025
MILL HOLLOW RES,WASATCH,BROOK TROUT,1500,3.06,6/18/2025,2025
MILL HOLLOW RES,WASATCH,TIGER TROUT,555,3.31,6/18/2025,2025
MILL HOLLOW RES,WASATCH,RAINBOW,625,10.3,6/25/2025,2025
MILL HOLLOW RES,WASATCH,RAINBOW,375,10.3,7/10/2025,2025
MILL HOLLOW RES,WASATCH,RAINBOW,664,11.95,7/22/2025,2025
MILL HOLLOW RES,WASATCH,RAINBOW,500,10.75,7/22/2025,2025
MILL HOLLOW RES,WASATCH,RAINBOW,600,11.95,8/4/2025,2025
MILL HOLLOW RES,WASATCH,RAINBOW,501,10.5,8/4/2025,2025
MILL HOLLOW RES,WASATCH,RAINBOW,500,10.75,8/18/2025,2025
MILL HOLLOW RES,WASATCH,RAINBOW,499,10.81,9/2/2025,2025
MILL HOLLOW RES,WASATCH,RAINBOW,615,11,9/16/2025,2025
MILL HOLLOW RES,WASATCH,TIGER TROUT,3500,5.27,10/8/2025,2025
MILL MEADOW RES,SEVIER,RAINBOW,2481,9.69,3/31/2025,2025
MILL MEADOW RES,SEVIER,RAINBOW,2520,9.69,3/31/2025,2025
MILL MEADOW RES,SEVIER,MUSKIE TIGER,3000,2.5,5/7/2025,2025
MILL MEADOW RES,SEVIER,KOKANEE,12175,3.82,5/15/2025,2025
MILLER L BTN,WAYNE,TIGER TROUT,292,10.45,6/19/2025,2025
MILLER L BTN,WAYNE,RAINBOW,329,10.28,6/24/2025,2025
MILLERS FLAT RES,SANPETE,RAINBOW,9990,4.37,6/11/2025,2025
MILLERS FLAT RES,SANPETE,RAINBOW,9990,4.37,6/11/2025,2025
MILLERS FLAT RES,SANPETE,BROOK TROUT,500,3.48,7/15/2025,2025
MILLRACE PARK POND,SALT LAKE,RAINBOW,375,9.43,3/10/2025,2025
MILLRACE PARK POND,SALT LAKE,RAINBOW,374,9.5,3/31/2025,2025
MILLRACE PARK POND,SALT LAKE,RAINBOW,375,9.63,4/14/2025,2025
MILLRACE PARK POND,SALT LAKE,WIPER,226,7.74,4/22/2025,2025
MILLRACE PARK POND,SALT LAKE,RAINBOW,374,9.64,4/29/2025,2025
MILLRACE PARK POND,SALT LAKE,CHANNEL CATFISH,675,8.22,6/5/2025,2025
MILLSITE RES,EMERY,RAINBOW,3443,10.43,3/6/2025,2025
MILLSITE RES,EMERY,RAINBOW,2563,10.31,3/13/2025,2025
MILLSITE RES,EMERY,SPLAKE,10031,3.55,7/23/2025,2025
MILLSITE RES,EMERY,CUTTHROAT,3990,2.32,10/27/2025,2025
MINERSVILLE RES,BEAVER,WIPER,3480,2.27,7/23/2025,2025
MINERSVILLE RES,BEAVER,RAINBOW,16440,10.09,9/22/2025,2025
MINERSVILLE RES,BEAVER,RAINBOW,16368,10.09,9/22/2025,2025
MIRROR L Z-3,DUCHESNE,RAINBOW,899,10.6,6/17/2025,2025
MIRROR L Z-3,DUCHESNE,RAINBOW,902,10.44,6/23/2025,2025
MIRROR L Z-3,DUCHESNE,TIGER TROUT,630,11.08,6/23/2025,2025
MIRROR L Z-3,DUCHESNE,RAINBOW,900,10.77,7/7/2025,2025
MIRROR L Z-3,DUCHESNE,BROOK TROUT,3551,3.55,7/9/2025,2025
MIRROR L Z-3,DUCHESNE,TIGER TROUT,626,11.08,7/10/2025,2025
MIRROR L Z-3,DUCHESNE,RAINBOW,1023,10.44,7/14/2025,2025
MIRROR L Z-3,DUCHESNE,RAINBOW,772,10.44,7/14/2025,2025
MIRROR L Z-3,DUCHESNE,RAINBOW,900,10.77,7/21/2025,2025
MIRROR L Z-3,DUCHESNE,RAINBOW,650,12.44,7/28/2025,2025
MIRROR L Z-3,DUCHESNE,RAINBOW,247,12.44,7/28/2025,2025
MIRROR L Z-3,DUCHESNE,RAINBOW,391,12.95,8/5/2025,2025
MIRROR L Z-3,DUCHESNE,RAINBOW,535,12.95,8/5/2025,2025
MIRROR L Z-3,DUCHESNE,RAINBOW,949,12.95,8/18/2025,2025
MIRROR L Z-3,DUCHESNE,TIGER TROUT,627,11.46,8/20/2025,2025
MIRROR L Z-3,DUCHESNE,RAINBOW,900,12.77,9/2/2025,2025
MONROE POND,SEVIER,RAINBOW,322,11.03,3/17/2025,2025
MONROE POND,SEVIER,RAINBOW,300,10.04,4/16/2025,2025
MONROE POND,SEVIER,RAINBOW,509,10.24,5/14/2025,2025
MONROE POND,SEVIER,RAINBOW,375,10.18,6/18/2025,2025
MONROE POND,SEVIER,RAINBOW,371,9.73,7/14/2025,2025
MONROE POND,SEVIER,RAINBOW,326,10.67,7/31/2025,2025
MONROE POND,SEVIER,TIGER TROUT,409,3.36,8/4/2025,2025
MONTICELLO L,SAN JUAN,RAINBOW,1020,10.21,4/22/2025,2025
MONTICELLO L,SAN JUAN,RAINBOW,1000,10.35,6/26/2025,2025
MONTICELLO L,SAN JUAN,TIGER TROUT,1005,3.03,7/17/2025,2025
MOON L,DUCHESNE,RAINBOW,3983,9.76,5/29/2025,2025
MOON L,DUCHESNE,RAINBOW,3901,9.91,6/10/2025,2025
MOON L,DUCHESNE,TIGER TROUT,1400,11.26,7/23/2025,2025
MOON L,DUCHESNE,SPLAKE,6508,3.06,8/5/2025,2025
MOOSE POND,DAGGETT,RAINBOW,566,9.49,5/24/2025,2025
MOOSE POND,DAGGETT,RAINBOW,700,9.38,6/4/2025,2025
MOOSE POND,DAGGETT,RAINBOW,415,10.26,6/25/2025,2025
MOOSE POND,DAGGETT,CUTTHROAT,175,14.49,7/8/2025,2025
MOOSE POND,DAGGETT,RAINBOW,205,15.87,9/25/2025,2025
MOOSE POND,DAGGETT,RAINBOW,420,14.7,10/5/2025,2025
MOOSEHORN L Z-4,DUCHESNE,RAINBOW,349,10.6,6/17/2025,2025
MOOSEHORN L Z-4,DUCHESNE,RAINBOW,348,10.14,6/24/2025,2025
MOOSEHORN L Z-4,DUCHESNE,TIGER TROUT,185,11.08,6/25/2025,2025
MOOSEHORN L Z-4,DUCHESNE,TIGER TROUT,187,11.08,6/25/2025,2025
MOOSEHORN L Z-4,DUCHESNE,RAINBOW,350,10.77,7/7/2025,2025
MOOSEHORN L Z-4,DUCHESNE,RAINBOW,350,10.77,7/9/2025,2025
MOOSEHORN L Z-4,DUCHESNE,RAINBOW,352,10.44,7/14/2025,2025
MOOSEHORN L Z-4,DUCHESNE,RAINBOW,350,10.77,7/21/2025,2025
MOOSEHORN L Z-4,DUCHESNE,RAINBOW,319,12.44,7/29/2025,2025
MOOSEHORN L Z-4,DUCHESNE,RAINBOW,126,12.95,8/5/2025,2025
MOOSEHORN L Z-4,DUCHESNE,RAINBOW,126,12.95,8/5/2025,2025
MOOSEHORN L Z-4,DUCHESNE,RAINBOW,253,12.95,8/18/2025,2025
MOOSEHORN L Z-4,DUCHESNE,TIGER TROUT,361,11.46,8/20/2025,2025
MORRELL POND TLM,SEVIER,RAINBOW,802,2.78,7/1/2025,2025
MORRELL POND TLM,SEVIER,TIGER TROUT,263,3.36,7/29/2025,2025
MORRELL POND TLM,SEVIER,CUTTHROAT,2016,2.15,10/21/2025,2025
MT DELL CR,SALT LAKE,CUTTHROAT,3012,3.28,9/23/2025,2025
MT DELL RES,SALT LAKE,CUTTHROAT,25004,3.37,10/14/2025,2025
MT PLEASANT POND,SANPETE,RAINBOW,494,10.79,3/27/2025,2025
MT PLEASANT POND,SANPETE,RAINBOW,510,11.9,4/22/2025,2025
MT PLEASANT POND,SANPETE,TIGER TROUT,450,10.29,4/22/2025,2025
MT PLEASANT POND,SANPETE,TIGER TROUT,252,10.9,5/21/2025,2025
MT PLEASANT POND,SANPETE,RAINBOW,494,9.87,5/21/2025,2025
MT PLEASANT POND,SANPETE,RAINBOW,499,10.01,6/24/2025,2025
MT PLEASANT POND,SANPETE,BROWN TROUT,1630,5.45,6/29/2025,2025
MT PLEASANT POND,SANPETE,RAINBOW,500,10.49,8/11/2025,2025
MT PLEASANT POND,SANPETE,TIGER TROUT,375,12.2,9/11/2025,2025
MT PLEASANT POND,SANPETE,RAINBOW,495,13.15,9/11/2025,2025
MUTTON L GR-23,DAGGETT,CUTTHROAT,399,2.69,6/30/2025,2025
NAVAJO L,KANE,RAINBOW,8500,9.9,5/22/2025,2025
NAVAJO L,KANE,RAINBOW,4013,9.9,5/22/2025,2025
NAVAJO L,KANE,RAINBOW,4000,9.9,5/27/2025,2025
NAVAJO L,KANE,TIGER TROUT,2839,9.99,5/28/2025,2025
NAVAJO L,KANE,TIGER TROUT,1038,9.88,5/30/2025,2025
NAVAJO L,KANE,TIGER TROUT,1125,9.88,5/30/2025,2025
NAVAJO L,KANE,MUSKIE TIGER,5000,5,6/5/2025,2025
NAVAJO L,KANE,SPLAKE,6019,3.55,7/22/2025,2025
NEFFS RES TLM,WAYNE,BROOK TROUT,201,2.97,6/24/2025,2025
NEW CANYON CR,SANPETE,CUTTHROAT,9765,2.09,9/16/2025,2025
NEW CANYON RES,SANPETE,RAINBOW,1008,9.87,6/30/2025,2025
NEW CANYON RES,SANPETE,TIGER TROUT,300,12.2,9/15/2025,2025
NEWCASTLE RES,IRON,BROWN TROUT,4238,5.45,7/2/2025,2025
NEWCASTLE RES,IRON,WIPER,2000,2.57,7/30/2025,2025
NEWCASTLE RES,IRON,WIPER,2999,2.4,9/16/2025,2025
NEWCASTLE RES,IRON,RAINBOW,8178,7.52,9/24/2025,2025
NEWCASTLE RES,IRON,RAINBOW,8120,7.52,9/30/2025,2025
NEWCASTLE RES,IRON,RAINBOW,4060,7.52,10/2/2025,2025
NEWTON RES,CACHE,MUSKIE TIGER,2000,2.92,5/13/2025,2025
NINE MILE RES,SANPETE,RAINBOW,1008,11.54,3/10/2025,2025
NINE MILE RES,SANPETE,RAINBOW,1008,11.54,3/10/2025,2025
NINE MILE RES,SANPETE,CUTBOW CTBL*RTWV,2528,3.31,10/8/2025,2025
NINE MILE RES,SANPETE,RAINBOW,1280,11.3,11/13/2025,2025
NINE MILE RES,SANPETE,TIGER TROUT,1000,6.16,11/13/2025,2025
NINE MILE RES,SANPETE,RAINBOW,800,11.3,11/13/2025,2025
NORTH CR,GARFIELD,CUTTHROAT,297,14.24,5/28/2025,2025
NORTH CR,GARFIELD,CUTTHROAT,273,14.24,5/28/2025,2025
NORTH CR,GARFIELD,CUTTHROAT,3421,2.27,8/5/2025,2025
NORTH CR,GARFIELD,CUTTHROAT,1586,2.33,8/5/2025,2025
NORTH CR,JUAB,CUTTHROAT,3150,2.09,9/16/2025,2025
NORTH CR RES,GARFIELD,CUTTHROAT,1204,3.85,10/21/2025,2025
"NORTH CR, S FK",BEAVER,CUTTHROAT,1386,1.95,9/15/2025,2025
NORTH POND,WASHINGTON,BROWN TROUT,93,2.95,5/23/2025,2025
NOTCH L W-36,SUMMIT,BROOK TROUT,1000,3.01,6/26/2025,2025
OAK CR,MILLARD,RAINBOW,127,10.21,5/20/2025,2025
OAK CR,MILLARD,TIGER TROUT,187,10.73,6/4/2025,2025
OAK CR,MILLARD,RAINBOW,126,10.51,7/15/2025,2025
OAK CR,SANPETE,CUTTHROAT,8190,2.09,9/16/2025,2025
OAKS PARK RES,UINTAH,RAINBOW,1301,9.83,5/30/2025,2025
OAKS PARK RES,UINTAH,RAINBOW,1020,10.13,6/11/2025,2025
OAKS PARK RES,UINTAH,BROOK TROUT,3995,3.78,6/21/2025,2025
OAKS PARK RES,UINTAH,RAINBOW,980,10.19,6/26/2025,2025
OGDEN R,WEBER,RAINBOW,1000,9.98,4/28/2025,2025
OGDEN R,WEBER,RAINBOW,1050,11.32,5/20/2025,2025
OGDEN R,WEBER,RAINBOW,1050,11.31,7/3/2025,2025
OGDEN R,WEBER,RAINBOW,1050,9.52,9/8/2025,2025
OGDEN R,WEBER,RAINBOW,1500,10.53,10/7/2025,2025
OLD FORT POND NORTH,UINTAH,RAINBOW,394,8.95,4/24/2025,2025
OLD FORT POND NORTH,UINTAH,GRASS CARP STERILE,4,6.75,5/8/2025,2025
OLD FORT POND NORTH,UINTAH,RAINBOW,510,9.37,5/11/2025,2025
OLD FORT POND NORTH,UINTAH,RAINBOW,199,9.49,5/24/2025,2025
OLD FORT POND NORTH,UINTAH,CHANNEL CATFISH,660,7.24,6/19/2025,2025
OLD FORT POND NORTH,UINTAH,RAINBOW,200,14.7,10/5/2025,2025
OLD FORT POND NORTH,UINTAH,TIGER TROUT,100,11.4,10/7/2025,2025
OLD FORT POND SOUTH,UINTAH,CHANNEL CATFISH,614,7.24,6/5/2025,2025
OLD FORT POND SOUTH,UINTAH,MUSKIE TIGER,5,6.3,6/23/2025,2025
OLSON L W-32,SUMMIT,BROOK TROUT,700,3.01,6/25/2025,2025
OOWAH L,GRAND,RAINBOW,1657,10.28,6/2/2025,2025
OOWAH L,GRAND,RAINBOW,1443,10.51,7/9/2025,2025
OPHIR CR,TOOELE,CUTTHROAT,1009,3.44,9/30/2025,2025
OTTER CR,PIUTE,BROWN TROUT,5100,2.6,4/9/2025,2025
OTTER CR RES,PIUTE,RAINBOW,11873,1.96,3/10/2025,2025
OTTER CR RES,PIUTE,RAINBOW,374,14.16,3/19/2025,2025
OTTER CR RES,PIUTE,RAINBOW,20475,2.77,3/25/2025,2025
OTTER CR RES,PIUTE,RAINBOW,20475,2.77,3/25/2025,2025
OTTER CR RES,PIUTE,BROWN TROUT,20100,2.6,4/9/2025,2025
OTTER CR RES,PIUTE,TIGER TROUT,16526,3.28,6/11/2025,2025
OTTER CR RES,PIUTE,WIPER,19470,2.57,7/30/2025,2025
OTTER CR RES,PIUTE,RAINBOW,2328,7.22,9/3/2025,2025
OTTER CR RES,PIUTE,RAINBOW,2328,7.22,9/3/2025,2025
OTTER CR RES,PIUTE,RAINBOW,2328,7.22,9/3/2025,2025
OTTER CR RES,PIUTE,RAINBOW,2328,7.22,9/3/2025,2025
OTTER CR RES,PIUTE,RAINBOW,2328,7.22,9/3/2025,2025
OTTER CR RES,PIUTE,RAINBOW,2328,7.22,9/4/2025,2025
OTTER CR RES,PIUTE,RAINBOW,2328,7.22,9/4/2025,2025
OTTER CR RES,PIUTE,RAINBOW,4323,7.22,9/4/2025,2025
OTTER CR RES,PIUTE,RAINBOW,2328,7.22,9/4/2025,2025
OTTER CR RES,PIUTE,RAINBOW,2328,7.22,9/4/2025,2025
OTTER CR RES,PIUTE,RAINBOW,4900,7.06,9/10/2025,2025
OTTER CR RES,PIUTE,RAINBOW,4537,7.1,9/10/2025,2025
OTTER CR RES,PIUTE,RAINBOW,4900,7.06,9/10/2025,2025
OTTER CR RES,PIUTE,RAINBOW,4900,7.06,9/10/2025,2025
OTTER CR RES,PIUTE,RAINBOW,4900,7.06,9/10/2025,2025
OTTER CR RES,PIUTE,RAINBOW,4988,7.22,9/10/2025,2025
OTTER CR RES,PIUTE,RAINBOW,4537,7.1,9/22/2025,2025
OTTER CR RES,PIUTE,RAINBOW,13230,7.32,9/23/2025,2025
OTTER CR RES,PIUTE,RAINBOW,10553,7.32,9/23/2025,2025
OTTER CR RES,PIUTE,RAINBOW,27090,7.32,9/23/2025,2025
OTTER CR RES,PIUTE,RAINBOW,29768,7.32,9/23/2025,2025
OTTER CR RES,PIUTE,RAINBOW,5235,7.1,9/29/2025,2025
OTTER CR RES,PIUTE,RAINBOW,28770,8.18,10/30/2025,2025
OTTER CR RES,PIUTE,RAINBOW,17000,7.72,11/3/2025,2025
OTTER CR RES,PIUTE,RAINBOW,17000,7.72,11/3/2025,2025
OTTER CR RES,PIUTE,RAINBOW,15500,7.72,11/4/2025,2025
OTTER CR RES,PIUTE,RAINBOW,34000,7.72,11/4/2025,2025
OTTER CR RES,PIUTE,RAINBOW,480,11.3,11/4/2025,2025
OTTER CR RES,PIUTE,CUTBOW CTBL*RTWV,7760,4.83,12/8/2025,2025
OTTER CR RES,PIUTE,CUTBOW CTBL*RTWV,7760,4.83,12/8/2025,2025
OTTER CR RES,PIUTE,CUTBOW CTBL*RTWV,7760,4.83,12/8/2025,2025
OTTER CR RES,PIUTE,CUTBOW CTBL*RTWV,8237,4.83,12/8/2025,2025
OTTER L EMW,GARFIELD,BROOK TROUT,150,2.92,6/24/2025,2025
OWEEP CR,DUCHESNE,CUTTHROAT,1660,4.62,7/15/2025,2025
P-11,SUMMIT,BROOK TROUT,230,3.01,6/25/2025,2025
PACER L EMW,GARFIELD,TIGER TROUT,102,2.81,6/24/2025,2025
PACER L EMW,GARFIELD,BROOK TROUT,1003,2.92,6/24/2025,2025
PALISADE L Z-28,DUCHESNE,BROOK TROUT,1397,3.53,7/7/2025,2025
PALISADE RES,SANPETE,RAINBOW,760,10.79,3/27/2025,2025
PALISADE RES,SANPETE,RAINBOW,1254,10.79,3/27/2025,2025
PALISADE RES,SANPETE,RAINBOW,1007,10.96,4/7/2025,2025
PALISADE RES,SANPETE,RAINBOW,1007,5.19,4/7/2025,2025
PALISADE RES,SANPETE,RAINBOW,843,13.4,4/29/2025,2025
PALISADE RES,SANPETE,CRAPPIE WHITE,10001,3.14,5/7/2025,2025
PALISADE RES,SANPETE,RAINBOW,2002,9.61,5/8/2025,2025
PALISADE RES,SANPETE,RAINBOW,286,13.4,5/19/2025,2025
PALISADE RES,SANPETE,WIPER,700,7.48,6/3/2025,2025
PALISADE RES,SANPETE,RAINBOW,1203,10.01,6/24/2025,2025
PALISADE RES,SANPETE,TIGER TROUT,4050,3.78,7/30/2025,2025
PALISADE RES,SANPETE,RAINBOW,770,11.82,10/30/2025,2025
PALISADE RES,SANPETE,RAINBOW,770,11.82,10/30/2025,2025
PANGUITCH CR,GARFIELD,RAINBOW,508,9.83,5/21/2025,2025
PANGUITCH L,GARFIELD,RAINBOW,14528,10.33,3/19/2025,2025
PANGUITCH L,GARFIELD,RAINBOW,14118,10.62,3/20/2025,2025
PANGUITCH L,GARFIELD,RAINBOW,11367,9.92,3/24/2025,2025
PANGUITCH L,GARFIELD,CUTTHROAT,3025,8.04,3/26/2025,2025
PANGUITCH L,GARFIELD,CUTTHROAT,22110,8.04,3/26/2025,2025
PANGUITCH L,GARFIELD,WIPER,1681,7.77,5/12/2025,2025
PANGUITCH L,GARFIELD,WIPER,328,7.77,5/12/2025,2025
PANGUITCH L,GARFIELD,MUSKIE TIGER,3511,3.46,5/19/2025,2025
PANGUITCH L,GARFIELD,TIGER TROUT,20017,3.02,5/23/2025,2025
PANGUITCH L,GARFIELD,RAINBOW,29928,7.82,9/29/2025,2025
PANGUITCH L,GARFIELD,RAINBOW,30024,8.05,9/30/2025,2025
PANGUITCH L,GARFIELD,CUTTHROAT,27405,4.13,11/3/2025,2025
PANGUITCH L,GARFIELD,RAINBOW,4784,11.3,11/6/2025,2025
PANGUITCH L,GARFIELD,RAINBOW,5120,11.3,11/6/2025,2025
PAPOOSE L WR-52,DUCHESNE,BROOK TROUT,677,3.4,7/1/2025,2025
PARADISE RES,UINTAH,RAINBOW,1399,9.64,6/5/2025,2025
PARAGONAH RES,IRON,MUSKIE TIGER,500,5,6/5/2025,2025
PARAGONAH RES,IRON,TIGER TROUT,1003,3.55,6/17/2025,2025
PARAGONAH RES,IRON,CUTTHROAT,2003,1.96,9/9/2025,2025
PARLEYS CR,SALT LAKE,CUTTHROAT,0,2.24,8/13/2025,2025
PARLEYS CR,SALT LAKE,CUTTHROAT,6038,3.27,9/23/2025,2025
PARLEYS CR,SALT LAKE,CUTTHROAT,2013,3.27,9/23/2025,2025
PAROWAN POND,IRON,RAINBOW,375,9.7,3/20/2025,2025
PAROWAN POND,IRON,RAINBOW,504,11.79,10/20/2025,2025
PAROWAN POND,IRON,RAINBOW,199,7.91,10/20/2025,2025
PASS L Z-5,DUCHESNE,RAINBOW,500,10.6,6/17/2025,2025
PASS L Z-5,DUCHESNE,TIGER TROUT,347,11.08,6/23/2025,2025
PASS L Z-5,DUCHESNE,RAINBOW,396,10.44,6/23/2025,2025
PASS L Z-5,DUCHESNE,RAINBOW,100,10.77,7/7/2025,2025
PASS L Z-5,DUCHESNE,RAINBOW,300,10.77,7/7/2025,2025
PASS L Z-5,DUCHESNE,TIGER TROUT,349,11.08,7/10/2025,2025
PASS L Z-5,DUCHESNE,BROOK TROUT,1359,3.6,7/11/2025,2025
PASS L Z-5,DUCHESNE,RAINBOW,396,10.44,7/14/2025,2025
PASS L Z-5,DUCHESNE,RAINBOW,396,10.44,7/14/2025,2025
PASS L Z-5,DUCHESNE,RAINBOW,400,10.77,7/21/2025,2025
PASS L Z-5,DUCHESNE,RAINBOW,403,12.44,7/28/2025,2025
PASS L Z-5,DUCHESNE,RAINBOW,126,12.95,8/4/2025,2025
PASS L Z-5,DUCHESNE,RAINBOW,126,12.95,8/4/2025,2025
PASS L Z-5,DUCHESNE,RAINBOW,144,12.95,8/5/2025,2025
PASS L Z-5,DUCHESNE,TIGER TROUT,250,11.26,8/6/2025,2025
PAYSON CR,UTAH,CUTTHROAT,1504,2.23,8/13/2025,2025
PAYSON CR,UTAH,CUTTHROAT,504,3,10/15/2025,2025
"PAYSON CR, RT FK",UTAH,CUTTHROAT,1508,3.18,9/23/2025,2025
PAYSON RES(BIG EAST),UTAH,RAINBOW,999,9.49,5/28/2025,2025
PAYSON RES(BIG EAST),UTAH,RAINBOW,432,9.49,5/28/2025,2025
PAYSON RES(BIG EAST),UTAH,RAINBOW,572,12.24,5/28/2025,2025
PAYSON RES(BIG EAST),UTAH,RAINBOW,1260,10.32,6/4/2025,2025
PAYSON RES(BIG EAST),UTAH,RAINBOW,1260,10.32,6/4/2025,2025
PAYSON RES(BIG EAST),UTAH,RAINBOW,1248,9.61,6/17/2025,2025
PAYSON RES(BIG EAST),UTAH,RAINBOW,1248,9.61,6/17/2025,2025
PAYSON RES(BIG EAST),UTAH,RAINBOW,900,9.87,7/8/2025,2025
PAYSON RES(BIG EAST),UTAH,BROOK TROUT,3494,3.19,7/23/2025,2025
PEAR L NBS,WAYNE,BROOK TROUT,502,2.92,6/23/2025,2025
PELICAN L,UINTAH,WIPER,235,7.37,4/23/2025,2025
PELICAN L,UINTAH,WIPER,180,8.11,4/23/2025,2025
PELICAN L,UINTAH,MUSKIE TIGER,1000,6.3,6/23/2025,2025
PELICAN SCB,UINTAH,MUSKIE TIGER,260,6.3,6/23/2025,2025
PENNY NICKELL L U-98,DUCHESNE,CUTTHROAT,599,2.11,9/18/2025,2025
PETES HOLE,SANPETE,RAINBOW,1495,9.61,6/18/2025,2025
PETES HOLE,SANPETE,RAINBOW,500,11.07,7/17/2025,2025
PETES HOLE,SANPETE,TIGER TROUT,4292,3.69,7/28/2025,2025
PETES HOLE,SANPETE,RAINBOW,1003,11.07,9/3/2025,2025
PETIT L A-26,SUMMIT,BROOK TROUT,130,3.01,6/25/2025,2025
PINE CR,WAYNE,BROWN TROUT,3024,2.66,4/15/2025,2025
PINE CR RES BTN,WAYNE,TIGER TROUT,45,2.81,6/23/2025,2025
PINE CR RES BTN,WAYNE,CUTTHROAT,302,2.33,8/7/2025,2025
PINE L,GARFIELD,TIGER TROUT,1515,9.38,4/30/2025,2025
PINE L,GARFIELD,RAINBOW,1690,9.34,4/30/2025,2025
PINE L,GARFIELD,RAINBOW,1687,9.38,4/30/2025,2025
PINE L,GARFIELD,RAINBOW,1617,12.01,4/30/2025,2025
PINE L,GARFIELD,RAINBOW,1035,10.18,6/11/2025,2025
PINE L,GARFIELD,CUTTHROAT,4007,1.96,9/9/2025,2025
PINE VALLEY RES,WASHINGTON,RAINBOW,1352,9.34,5/2/2025,2025
PINE VALLEY RES,WASHINGTON,TIGER TROUT,505,9.38,5/2/2025,2025
PINE VALLEY RES,WASHINGTON,RAINBOW,1334,9.83,5/22/2025,2025
PINE VALLEY RES,WASHINGTON,RAINBOW,1362,10.67,6/12/2025,2025
PINE VALLEY RES,WASHINGTON,TIGER TROUT,498,10.23,6/12/2025,2025
PINEVIEW RES,WEBER,MUSKIE TIGER,10000,2.92,5/13/2025,2025
PINEVIEW RES,WEBER,MUSKIE TIGER,2000,6.3,6/23/2025,2025
PINEVIEW RES,WEBER,MUSKIE TIGER,199,11.14,9/17/2025,2025
PIONEER PARK P,BOX ELDER,RAINBOW,550,10.27,3/5/2025,2025
PIONEER PARK P,BOX ELDER,RAINBOW,550,10.83,4/22/2025,2025
PIONEER PARK P,BOX ELDER,RAINBOW,550,10.88,5/7/2025,2025
PIONEER PARK P,BOX ELDER,RAINBOW,250,11.33,5/21/2025,2025
PIONEER PARK P,BOX ELDER,RAINBOW,550,11.73,6/5/2025,2025
PIONEER PARK P,BOX ELDER,CHANNEL CATFISH,900,8.22,6/5/2025,2025
PIONEER PARK P,BOX ELDER,CHANNEL CATFISH,1300,7.27,6/19/2025,2025
PIONEER PARK P,BOX ELDER,CHANNEL CATFISH,300,13.57,9/5/2025,2025
PIONEER PARK P,BOX ELDER,CHANNEL CATFISH,200,13.57,9/18/2025,2025
PIONEER PARK P,BOX ELDER,RAINBOW,503,8.7,11/24/2025,2025
PITTSBURGH L,UTAH,BROOK TROUT,1000,3.01,6/25/2025,2025
PIUTE RES,PIUTE,RAINBOW,508,15.83,1/15/2025,2025
PIUTE RES,PIUTE,CHUB,32,7.85,5/11/2025,2025
PIUTE RES,PIUTE,ALL TROUT,35,10,5/11/2025,2025
PIUTE RES,PIUTE,CHANNEL CATFISH,27500,2.51,9/17/2025,2025
PLEASANT CR,SANPETE,CUTTHROAT,2030,1.88,9/3/2025,2025
PLEASANT CR L-BTS,GARFIELD,BROOK TROUT,96,2.97,6/23/2025,2025
POINT L WR-6,DUCHESNE,BROOK TROUT,1604,3.4,7/1/2025,2025
POLE CANYON PARK POND,UTAH,RAINBOW,513,10.79,3/27/2025,2025
POLE CANYON PARK POND,UTAH,RAINBOW,496,9.31,4/14/2025,2025
POLE CANYON PARK POND,UTAH,TIGER TROUT,500,5.1,5/14/2025,2025
POLE CANYON PARK POND,UTAH,RAINBOW,250,9.87,5/14/2025,2025
POLE CANYON PARK POND,UTAH,RAINBOW,109,20.05,5/22/2025,2025
POLE CANYON PARK POND,UTAH,RAINBOW,504,9.63,5/27/2025,2025
POLE CANYON PARK POND,UTAH,CHANNEL CATFISH,1125,8.22,6/5/2025,2025
POLE CANYON PARK POND,UTAH,CHANNEL CATFISH,1625,7.27,6/19/2025,2025
POLE CANYON PARK POND,UTAH,RAINBOW,759,10.01,6/24/2025,2025
POLE CANYON PARK POND,UTAH,RAINBOW,506,10.01,7/9/2025,2025
POLE CANYON PARK POND,UTAH,CHANNEL CATFISH,125,13.57,9/5/2025,2025
POLE CANYON PARK POND,UTAH,TIGER TROUT,225,12.2,9/10/2025,2025
POLE CANYON PARK POND,UTAH,TIGER TROUT,225,12.2,9/10/2025,2025
POLE CR,BOX ELDER,CHANNEL CATFISH,125,13.57,9/18/2025,2025
POLE CR L,DUCHESNE,TIGER TROUT,500,3.69,6/30/2025,2025
POND AT POULTER PRESERVE,WEBER,RAINBOW,301,9.71,5/7/2025,2025
POND AT POULTER PRESERVE,WEBER,RAINBOW,371,16.77,5/13/2025,2025
POND AT POULTER PRESERVE,WEBER,CHANNEL CATFISH,3480,6,6/5/2025,2025
POND AT POULTER PRESERVE,WEBER,CHANNEL CATFISH,300,13.57,9/5/2025,2025
POND AT POULTER PRESERVE,WEBER,CHANNEL CATFISH,200,13.57,9/18/2025,2025
POND AT POULTER PRESERVE,WEBER,RAINBOW,2340,12.34,10/22/2025,2025
POND AT POULTER PRESERVE,WEBER,RAINBOW,1170,12.34,10/22/2025,2025
PORCUPINE L,IRON,BROOK TROUT,59,3.51,7/22/2025,2025
PORCUPINE RES,CACHE,RAINBOW,750,11.86,5/19/2025,2025
PORCUPINE RES,CACHE,RAINBOW,1350,11.86,5/19/2025,2025
PORCUPINE RES,CACHE,RAINBOW,750,11.86,5/19/2025,2025
PORCUPINE RES,CACHE,RAINBOW,1350,11.86,5/19/2025,2025
PORCUPINE RES,CACHE,RAINBOW,1200,11.86,5/20/2025,2025
PORCUPINE RES,CACHE,RAINBOW,450,11.86,5/20/2025,2025
PORCUPINE RES,CACHE,RAINBOW,450,11.86,5/20/2025,2025
PORCUPINE RES,CACHE,RAINBOW,1200,11.86,5/20/2025,2025
PORCUPINE RES,CACHE,LAKE TROUT,3753,3.7,6/1/2025,2025
PORCUPINE RES,CACHE,SPLAKE,1764,3.66,8/18/2025,2025
POSEY L,GARFIELD,TIGER TROUT,101,2.77,6/12/2025,2025
POSEY L,GARFIELD,RAINBOW,653,9.44,6/12/2025,2025
POSEY L,GARFIELD,BROOK TROUT,300,2.86,6/12/2025,2025
POSEY L,GARFIELD,SPLAKE,100,3.51,6/12/2025,2025
POSEY L,GARFIELD,RAINBOW,946,10.33,7/9/2025,2025
POSEY L,GARFIELD,RAINBOW,202,9.73,7/9/2025,2025
"POTTER L,UPPER GR-28",DAGGETT,CUTTHROAT,900,2.69,6/30/2025,2025
POTTERS NO 1,EMERY,RAINBOW,2002,9.61,6/9/2025,2025
POTTERS NO 1,EMERY,RAINBOW,1000,9.74,6/25/2025,2025
POTTERS NO 1,EMERY,RAINBOW,1000,11.07,7/16/2025,2025
POTTERS NO 1,EMERY,RAINBOW,1008,10.32,7/22/2025,2025
POTTERS NO 2,EMERY,RAINBOW,2002,9.61,6/9/2025,2025
POTTERS NO 2,EMERY,RAINBOW,1000,9.74,6/25/2025,2025
POTTERS NO 2,EMERY,RAINBOW,1000,11.07,7/16/2025,2025
POTTERS NO 2,EMERY,RAINBOW,1008,10.32,7/22/2025,2025
POWELL L Z-30,DUCHESNE,CUTTHROAT,2565,1.53,9/18/2025,2025
POWELL L Z-30,DUCHESNE,CUTTHROAT,0,2.11,9/18/2025,2025
PRICE R,UTAH,BROWN TROUT,4994,2.94,5/13/2025,2025
PRICE R(LWR FISH CR),CARBON,BROWN TROUT,15999,2.91,5/20/2025,2025
PRICE R(LWR FISH CR),UTAH,BROWN TROUT,7999,2.91,5/20/2025,2025
PROVO DELTA COMM FISHERY,UTAH,RAINBOW,401,9.63,4/8/2025,2025
PROVO DELTA COMM FISHERY,UTAH,TIGER TROUT,374,10.15,5/29/2025,2025
PROVO DELTA COMM FISHERY,UTAH,WIPER,202,7.92,6/2/2025,2025
PROVO DELTA COMM FISHERY,UTAH,CHANNEL CATFISH,1125,8.22,6/5/2025,2025
PROVO DELTA COMM FISHERY,UTAH,CHANNEL CATFISH,300,13.57,9/5/2025,2025
PROVO DELTA COMM FISHERY,UTAH,TIGER TROUT,300,12.2,9/10/2025,2025
PROVO DELTA COMM FISHERY,UTAH,CHANNEL CATFISH,400,13.57,9/18/2025,2025
PROVO DELTA COMM FISHERY,UTAH,RAINBOW,1500,4.37,10/8/2025,2025
PROVO DELTA COMM FISHERY,UTAH,RAINBOW,1413,6.52,10/8/2025,2025
PROVO R,SUMMIT,RAINBOW,250,10.6,6/17/2025,2025
PROVO R,SUMMIT,CHANNEL CATFISH,1625,7.27,6/19/2025,2025
PROVO R,SUMMIT,RAINBOW,249,10.44,7/14/2025,2025
"PROVO R, LOWER, N FK",UTAH,CUTTHROAT,1555,3.28,9/23/2025,2025
"PROVO R, LOWER, N FK",UTAH,CUTTHROAT,1456,3.27,9/23/2025,2025
"PROVO R, LOWER, S FK",UTAH,CUTTHROAT,3008,2.23,8/13/2025,2025
"PROVO R, UPPER, S FK",WASATCH,CUTTHROAT,5031,2.23,8/13/2025,2025
"PROVO R, UPPER, S FK",WASATCH,CUTTHROAT,3017,2.5,9/16/2025,2025
PUFFER L,BEAVER,RAINBOW,1012,10.18,6/12/2025,2025
PUFFER L,BEAVER,RAINBOW,3036,10.33,6/24/2025,2025
PUFFER L,BEAVER,SPLAKE,505,3.52,7/16/2025,2025
PUFFER L,BEAVER,BROOK TROUT,1002,3.27,7/16/2025,2025
PURPLE L GT,GARFIELD,BROOK TROUT,201,2.92,6/23/2025,2025
PYRAMID L Z-17,DUCHESNE,BROOK TROUT,1500,3.01,6/26/2025,2025
QUAIL CR RES,WASHINGTON,RAINBOW,13545,10.32,10/20/2025,2025
QUAIL CR RES,WASHINGTON,RAINBOW,6825,10.32,10/21/2025,2025
QUAIL CR RES,WASHINGTON,RAINBOW,4680,12.11,11/5/2025,2025
QUAIL CR RES,WASHINGTON,RAINBOW,4628,12.11,11/5/2025,2025
QUARTER CORNER LG103,SUMMIT,RAINBOW,920,10.77,6/3/2025,2025
QUEANT L WR-4,DUCHESNE,BROOK TROUT,1448,3.4,6/30/2025,2025
QUEANT L WR-4,DUCHESNE,BROOK TROUT,1448,3.4,7/1/2025,2025
RAFT L BTN,WAYNE,BROOK TROUT,401,2.92,6/23/2025,2025
RAINBOW RES,TOOELE,RAINBOW,802,9.73,5/13/2025,2025
RAINBOW RES,TOOELE,RAINBOW,701,9.78,5/20/2025,2025
RAINBOW RES,TOOELE,RAINBOW,702,9.97,6/19/2025,2025
RAINBOW RES,TOOELE,RAINBOW,800,10.3,6/30/2025,2025
RAINBOW RES,TOOELE,CUTTHROAT,3024,3.45,11/6/2025,2025
RAM L GR-24,DAGGETT,CUTTHROAT,251,2.69,6/30/2025,2025
RANGER L FL,SEVIER,BROOK TROUT,303,3.57,8/4/2025,2025
RAZOR RIDGE P,WASHINGTON,RAINBOW,354,9.06,1/7/2025,2025
RAZOR RIDGE P,WASHINGTON,RAINBOW,366,9.65,1/16/2025,2025
RAZOR RIDGE P,WASHINGTON,RAINBOW,411,9.87,2/5/2025,2025
RAZOR RIDGE P,WASHINGTON,RAINBOW,362,10.3,2/18/2025,2025
RAZOR RIDGE P,WASHINGTON,RAINBOW,363,8.47,3/4/2025,2025
RAZOR RIDGE P,WASHINGTON,RAINBOW,365,17.22,3/12/2025,2025
RAZOR RIDGE P,WASHINGTON,RAINBOW,380,8.98,3/21/2025,2025
RAZOR RIDGE P,WASHINGTON,RAINBOW,311,9.02,4/7/2025,2025
RAZOR RIDGE P,WASHINGTON,RAINBOW,246,7.87,11/4/2025,2025
RAZOR RIDGE P,WASHINGTON,RAINBOW,191,12.17,11/4/2025,2025
RAZOR RIDGE P,WASHINGTON,RAINBOW,364,8.7,11/25/2025,2025
RAZOR RIDGE P,WASHINGTON,RAINBOW,373,9.17,12/9/2025,2025
RAZOR RIDGE P,WASHINGTON,RAINBOW,365,9.49,12/23/2025,2025
RED BELLY L GR-51,UINTAH,CUTTHROAT,606,2.11,9/18/2025,2025
RED BUTTE CR,SALT LAKE,CUTTHROAT,100,7.93,8/13/2025,2025
RED BUTTE RES,SALT LAKE,CUTTHROAT,4016,2.24,8/13/2025,2025
RED CASTLE L G-15,SUMMIT,TIGER TROUT,698,3.79,7/1/2025,2025
RED CASTLE L G-15,SUMMIT,TIGER TROUT,4901,3.8,7/2/2025,2025
"RED CASTLE,EAST G-17",SUMMIT,TIGER TROUT,698,3.69,6/30/2025,2025
"RED CASTLE,LOWER G12",SUMMIT,BROOK TROUT,2200,3.01,6/26/2025,2025
"RED CASTLE,UPPER G16",SUMMIT,TIGER TROUT,849,3.8,7/2/2025,2025
RED CR,IRON,CUTTHROAT,4990,1.96,9/9/2025,2025
RED CR RES,DUCHESNE,RAINBOW,4502,3.86,5/1/2025,2025
RED CR RES,DUCHESNE,TIGER TROUT,1004,3.33,6/4/2025,2025
RED FLEET RES,UINTAH,BROWN TROUT,0,2.12,3/23/2025,2025
RED FLEET RES,UINTAH,RAINBOW,8330,2.73,3/23/2025,2025
RED FLEET RES,UINTAH,CRAPPIE WHITE,12996,3.26,5/7/2025,2025
RED FLEET RES,UINTAH,WALLEYE,16690,2.99,6/18/2025,2025
RED FLEET RES,UINTAH,WALLEYE,16587,2.87,6/18/2025,2025
RED FLEET RES,UINTAH,WALLEYE,33020,2.97,6/23/2025,2025
RED FLEET RES,UINTAH,WIPER,748,1.99,7/30/2025,2025
RED FLEET RES,UINTAH,WIPER,743,2.57,7/30/2025,2025
RED FLEET RES,UINTAH,TIGER TROUT,1001,5.9,10/20/2025,2025
RED FLEET RES,UINTAH,WALLEYE,321,9.33,12/17/2025,2025
RED PINE L,SALT LAKE,CUTTHROAT,3039,2.26,9/17/2025,2025
"RED PINE L, UPPER",SALT LAKE,CUTTHROAT,2018,2.26,9/17/2025,2025
REDMOND L,SEVIER,WIPER,2295,2.4,9/16/2025,2025
REIDS L W-38,SUMMIT,BROOK TROUT,250,3.01,6/26/2025,2025
REX RES,SEVIER,RAINBOW,4020,2.64,6/30/2025,2025
RICHES POND,SANPETE,BROOK TROUT,251,3.16,7/2/2025,2025
RIDGE L BTN,GARFIELD,BROOK TROUT,50,2.92,6/23/2025,2025
RIM L BTS,GARFIELD,BROOK TROUT,297,2.97,6/23/2025,2025
RIVERFRONT POND,SALT LAKE,RAINBOW,116,10.77,3/17/2025,2025
RIVERFRONT POND,SALT LAKE,RAINBOW,116,10.96,4/21/2025,2025
RIVERFRONT POND,SALT LAKE,WIPER,202,7.74,4/22/2025,2025
RIVERFRONT POND,SALT LAKE,RAINBOW,115,11.16,4/28/2025,2025
RIVERFRONT POND,SALT LAKE,CHANNEL CATFISH,450,8.22,6/5/2025,2025
RIVERTON POND,SALT LAKE,RAINBOW,499,9.5,3/17/2025,2025
RIVERTON POND,SALT LAKE,RAINBOW,501,9.63,4/8/2025,2025
RIVERTON POND,SALT LAKE,RAINBOW,499,9.64,4/23/2025,2025
RIVERTON POND,SALT LAKE,RAINBOW,499,9.64,4/29/2025,2025
RIVERTON POND,SALT LAKE,RAINBOW,501,9.69,5/8/2025,2025
RIVERTON POND,SALT LAKE,RAINBOW,500,10.01,5/20/2025,2025
RIVERTON POND,SALT LAKE,CHANNEL CATFISH,1125,8.22,6/5/2025,2025
RIVERTON POND,SALT LAKE,CHANNEL CATFISH,1625,7.27,6/19/2025,2025
ROAD POND,SANPETE,BROOK TROUT,101,3.16,7/2/2025,2025
ROB RES EMW,GARFIELD,CUTTHROAT,265,1.96,9/9/2025,2025
ROCK CR,DUCHESNE,RAINBOW,498,10.09,6/13/2025,2025
ROCK CR,DUCHESNE,RAINBOW,650,10.37,7/3/2025,2025
"ROCK CR, S FK",DUCHESNE,BROOK TROUT,1120,6.01,9/4/2025,2025
ROCK L A-10,SUMMIT,TIGER TROUT,399,3.8,7/2/2025,2025
"ROCK L, LOWER WR-17",DUCHESNE,TIGER TROUT,1871,3.71,7/7/2025,2025
"ROCK L, MIDDLE WR-16",DUCHESNE,CUTTHROAT,400,2.11,9/18/2025,2025
"ROCK L, UPPER WR-14",DUCHESNE,CUTTHROAT,1671,2.11,9/18/2025,2025
ROCKPORT RES,SUMMIT,KOKANEE,54190,3.18,4/9/2025,2025
ROCKPORT RES,SUMMIT,KOKANEE,27176,3.18,4/9/2025,2025
ROCKPORT RES,SUMMIT,RAINBOW,1485,11.49,4/29/2025,2025
ROCKPORT RES,SUMMIT,RAINBOW,1200,12.77,4/29/2025,2025
ROCKPORT RES,SUMMIT,RAINBOW,1452,11.49,4/29/2025,2025
ROCKPORT RES,SUMMIT,RAINBOW,495,11.49,4/29/2025,2025
ROCKPORT RES,SUMMIT,RAINBOW,720,12.77,4/29/2025,2025
ROCKPORT RES,SUMMIT,RAINBOW,1200,12.77,4/29/2025,2025
ROCKPORT RES,SUMMIT,RAINBOW,1452,11.49,4/29/2025,2025
ROCKPORT RES,SUMMIT,RAINBOW,1323,11.94,9/22/2025,2025
ROCKPORT RES,SUMMIT,RAINBOW,1360,11.94,9/22/2025,2025
ROCKPORT RES,SUMMIT,RAINBOW,1397,11.94,9/22/2025,2025
ROCKPORT RES,SUMMIT,RAINBOW,1397,11.94,9/22/2025,2025
ROCKPORT RES,SUMMIT,RAINBOW,1397,11.94,9/22/2025,2025
ROCKPORT RES,SUMMIT,RAINBOW,1397,11.94,9/22/2025,2025
ROCKPORT RES,SUMMIT,RAINBOW,1323,11.94,9/22/2025,2025
ROCKPORT RES,SUMMIT,RAINBOW,1323,11.94,9/22/2025,2025
ROCKPORT RES,SUMMIT,RAINBOW,1323,11.94,9/22/2025,2025
ROCKPORT RES,SUMMIT,RAINBOW,1323,11.94,9/22/2025,2025
ROOSEVELT COMM POND,UINTAH,WIPER,53,7.37,4/23/2025,2025
ROOSEVELT COMM POND,UINTAH,RAINBOW,158,8.95,4/24/2025,2025
ROOSEVELT COMM POND,UINTAH,RAINBOW,163,9.54,5/17/2025,2025
ROOSEVELT COMM POND,UINTAH,RAINBOW,150,9.49,5/24/2025,2025
ROOSEVELT COMM POND,UINTAH,RAINBOW,201,14.64,10/10/2025,2025
ROSEBUD JUNE SUCKER 1,BOX ELDER,SUCKER,3517,6.51,6/26/2025,2025
ROUND L NBS,WAYNE,BROOK TROUT,1003,2.92,6/23/2025,2025
ROUND L TLM,WAYNE,RAINBOW,802,2.78,7/1/2025,2025
ROUND L TLM,WAYNE,BROOK TROUT,275,3.57,7/29/2025,2025
ROUND WILLOW BOTTOM,GARFIELD,TIGER TROUT,248,2.81,6/23/2025,2025
ROUND WILLOW BOTTOM,GARFIELD,CUTTHROAT,489,2.27,8/5/2025,2025
ROW L 3 GT,GARFIELD,RAINBOW,200,10.28,6/25/2025,2025
ROW L 3 GT,GARFIELD,TIGER TROUT,151,10.35,6/27/2025,2025
ROW L 7-BANANA-GT,GARFIELD,RAINBOW,353,10.28,6/25/2025,2025
ROW L 7-BANANA-GT,GARFIELD,TIGER TROUT,352,10.35,6/27/2025,2025
ROW L 8 GT,GARFIELD,TIGER TROUT,250,10.35,6/27/2025,2025
RUTH L BR-40,SUMMIT,BROOK TROUT,500,3.01,6/26/2025,2025
SALEM POND,UTAH,BROOK TROUT,113,14.46,1/13/2025,2025
SALEM POND,UTAH,BROOK TROUT,798,14.46,1/13/2025,2025
SALEM POND,UTAH,RAINBOW,1003,11.19,3/13/2025,2025
SALEM POND,UTAH,RAINBOW,1003,11.19,3/13/2025,2025
SALEM POND,UTAH,RAINBOW,1007,5.19,4/3/2025,2025
SALEM POND,UTAH,RAINBOW,992,9.31,4/14/2025,2025
SALEM POND,UTAH,TIGER TROUT,261,9.79,4/17/2025,2025
SALEM POND,UTAH,TIGER TROUT,2262,9.79,4/17/2025,2025
SALEM POND,UTAH,WIPER,501,8.62,4/21/2025,2025
SALEM POND,UTAH,RAINBOW,200,17.1,4/25/2025,2025
SALEM POND,UTAH,TIGER TROUT,996,10.43,5/1/2025,2025
SALEM POND,UTAH,RAINBOW,504,11.2,5/13/2025,2025
SALEM POND,UTAH,RAINBOW,1300,9.61,5/13/2025,2025
SALEM POND,UTAH,TIGER TROUT,1000,11.08,5/15/2025,2025
SALEM POND,UTAH,RAINBOW,378,16.09,5/18/2025,2025
SALEM POND,UTAH,RAINBOW,151,13.4,5/18/2025,2025
SALEM POND,UTAH,RAINBOW,1196,9.61,5/29/2025,2025
SALEM POND,UTAH,CHANNEL CATFISH,2310,7.24,6/1/2025,2025
SALEM POND,UTAH,CHANNEL CATFISH,3088,7.27,6/19/2025,2025
SALEM POND,UTAH,RAINBOW,1000,10.01,6/24/2025,2025
SALEM POND,UTAH,RAINBOW,1012,10.01,7/9/2025,2025
SALEM POND,UTAH,RAINBOW,1020,11.08,9/4/2025,2025
SALEM POND,UTAH,RAINBOW,1020,11.08,9/4/2025,2025
SALEM POND,UTAH,CHANNEL CATFISH,500,13.57,9/5/2025,2025
SALEM POND,UTAH,TIGER TROUT,1250,11.26,9/8/2025,2025
SALEM POND,UTAH,TIGER TROUT,390,12.2,9/15/2025,2025
SALEM POND,UTAH,CHANNEL CATFISH,500,13.57,9/18/2025,2025
SALEM POND,UTAH,RAINBOW,1522,18.12,9/30/2025,2025
SALEM POND,UTAH,RAINBOW,129,19.45,9/30/2025,2025
SALEM POND,UTAH,RAINBOW,1800,12.77,10/1/2025,2025
SALEM POND,UTAH,RAINBOW,475,10.67,10/6/2025,2025
SALEM POND,UTAH,RAINBOW,1520,10.67,10/6/2025,2025
SALINA CITY POND,SEVIER,RAINBOW,513,10.31,3/13/2025,2025
SALINA CITY POND,SEVIER,RAINBOW,537,9.58,4/30/2025,2025
SALINA CITY POND,SEVIER,RAINBOW,452,10.28,6/3/2025,2025
SALINA RES,SEVIER,RAINBOW,1008,10.21,5/29/2025,2025
SALINA RES,SEVIER,BROOK TROUT,505,3.57,8/4/2025,2025
"SALINA TWIN, EAST",SEVIER,TIGER TROUT,105,3.36,8/4/2025,2025
"SALINA TWIN, WEST",SEVIER,BROOK TROUT,104,3.57,8/4/2025,2025
SALT CR,JUAB,RAINBOW,1005,11.67,3/27/2025,2025
SALT CR,JUAB,RAINBOW,497,11.94,4/16/2025,2025
SALT CR,JUAB,RAINBOW,500,9.49,5/29/2025,2025
SALT CR,JUAB,BROWN TROUT,571,5.45,6/29/2025,2025
SALT CR,JUAB,RAINBOW,255,11.07,8/14/2025,2025
SALT CREEK RES.,JUAB,RAINBOW,497,11.94,4/16/2025,2025
SALT CREEK RES.,JUAB,RAINBOW,500,9.49,5/29/2025,2025
SALT CREEK RES.,JUAB,RAINBOW,600,9.87,7/8/2025,2025
SALT CREEK RES.,JUAB,RAINBOW,255,11.07,8/14/2025,2025
"SAND COVE RES, UPPER",WASHINGTON,RAINBOW,3360,10.09,10/13/2025,2025
SANDY COMMUNITY FISHERY,SALT LAKE,RAINBOW,501,9.43,3/10/2025,2025
SANDY COMMUNITY FISHERY,SALT LAKE,RAINBOW,499,9.5,3/17/2025,2025
SANDY COMMUNITY FISHERY,SALT LAKE,RAINBOW,500,9.5,3/31/2025,2025
SANDY COMMUNITY FISHERY,SALT LAKE,RAINBOW,501,9.63,4/8/2025,2025
SANDY COMMUNITY FISHERY,SALT LAKE,RAINBOW,501,9.63,4/14/2025,2025
SANDY COMMUNITY FISHERY,SALT LAKE,RAINBOW,25,17.1,4/16/2025,2025
SANDY COMMUNITY FISHERY,SALT LAKE,RAINBOW,175,15.87,4/16/2025,2025
SANDY COMMUNITY FISHERY,SALT LAKE,RAINBOW,499,9.64,4/23/2025,2025
SANDY COMMUNITY FISHERY,SALT LAKE,RAINBOW,499,9.64,4/29/2025,2025
SANDY COMMUNITY FISHERY,SALT LAKE,RAINBOW,501,9.69,5/8/2025,2025
SANDY COMMUNITY FISHERY,SALT LAKE,RAINBOW,500,10.36,5/13/2025,2025
SANDY COMMUNITY FISHERY,SALT LAKE,RAINBOW,202,20.05,5/20/2025,2025
SANDY COMMUNITY FISHERY,SALT LAKE,RAINBOW,499,9.87,6/4/2025,2025
SANDY COMMUNITY FISHERY,SALT LAKE,CHANNEL CATFISH,900,8.22,6/5/2025,2025
SANDY COMMUNITY FISHERY,SALT LAKE,CHANNEL CATFISH,1300,7.27,6/19/2025,2025
SANDY COMMUNITY FISHERY,SALT LAKE,RAINBOW,701,9.4,9/4/2025,2025
SANDY COMMUNITY FISHERY,SALT LAKE,RAINBOW,699,10.24,9/8/2025,2025
SANDY COMMUNITY FISHERY,SALT LAKE,RAINBOW,701,9.31,9/16/2025,2025
SANDY COMMUNITY FISHERY,SALT LAKE,RAINBOW,701,9.43,9/23/2025,2025
SANDY COMMUNITY FISHERY,SALT LAKE,RAINBOW,700,9.43,10/7/2025,2025
SANTAQUIN CR,UTAH,RAINBOW,901,11.07,7/16/2025,2025
SANTAQUIN CR,UTAH,CUTTHROAT,1960,3.18,9/23/2025,2025
SANTAQUIN CR,UTAH,CUTTHROAT,504,3,10/14/2025,2025
SCOFIELD RES,CARBON,TIGER TROUT,15708,9.91,5/12/2025,2025
SCOFIELD RES,CARBON,TIGER TROUT,10304,9.91,5/12/2025,2025
SCOFIELD RES,CARBON,CUTTHROAT,42120,7.07,5/14/2025,2025
SCOFIELD RES,CARBON,CUTTHROAT,24098,7.07,5/15/2025,2025
SCOFIELD RES,CARBON,CUTTHROAT,1863,7.07,5/21/2025,2025
SCOFIELD RES,CARBON,MUSKIE TIGER,5588,4.32,5/28/2025,2025
SCOFIELD RES,CARBON,WIPER,1620,7.94,7/17/2025,2025
SCOFIELD RES,CARBON,WIPER,1300,7.94,7/21/2025,2025
SCOFIELD RES,CARBON,WIPER,40053,2.28,8/2/2025,2025
SCOFIELD RES,CARBON,RAINBOW,15640,9.69,10/27/2025,2025
SCOFIELD RES,CARBON,RAINBOW,12920,10.67,10/28/2025,2025
SCOFIELD RES,CARBON,RAINBOW,14288,10.67,10/29/2025,2025
SCOUT L,IRON,TIGER TROUT,750,9.21,6/5/2025,2025
SCOUT L Z-12,DUCHESNE,RAINBOW,437,10.14,6/24/2025,2025
SCOUT L Z-12,DUCHESNE,RAINBOW,437,10.14,6/24/2025,2025
SCOUT L Z-12,DUCHESNE,BROOK TROUT,1003,2.84,7/8/2025,2025
SCOUT L Z-12,DUCHESNE,RAINBOW,850,10.77,7/8/2025,2025
SCOW L BR-12,SUMMIT,BROOK TROUT,1700,3.01,6/26/2025,2025
SEA LION L RC-11,DUCHESNE,CUTTHROAT,787,2.11,9/18/2025,2025
SETTLEMENT CYN RES,TOOELE,RAINBOW,455,10.11,3/12/2025,2025
SETTLEMENT CYN RES,TOOELE,RAINBOW,1330,11,3/31/2025,2025
SETTLEMENT CYN RES,TOOELE,RAINBOW,1330,5.19,3/31/2025,2025
SETTLEMENT CYN RES,TOOELE,RAINBOW,1330,5.19,3/31/2025,2025
SETTLEMENT CYN RES,TOOELE,RAINBOW,2015,9.31,4/14/2025,2025
SETTLEMENT CYN RES,TOOELE,RAINBOW,838,13.4,4/22/2025,2025
SETTLEMENT CYN RES,TOOELE,RAINBOW,988,9.72,5/19/2025,2025
SETTLEMENT CYN RES,TOOELE,RAINBOW,988,9.72,5/19/2025,2025
SETTLEMENT CYN RES,TOOELE,RAINBOW,1512,9.49,6/2/2025,2025
SETTLEMENT CYN RES,TOOELE,RAINBOW,0,9.49,6/2/2025,2025
SETTLEMENT CYN RES,TOOELE,WIPER,810,9.31,7/8/2025,2025
SETTLEMENT CYN RES,TOOELE,RAINBOW,750,12.78,7/15/2025,2025
SETTLEMENT CYN RES,TOOELE,RAINBOW,750,12.78,7/15/2025,2025
SETTLEMENT CYN RES,TOOELE,RAINBOW,1377,11.08,9/8/2025,2025
SETTLEMENT CYN RES,TOOELE,RAINBOW,1377,11.08,9/8/2025,2025
SETTLEMENT CYN RES,TOOELE,RAINBOW,1256,9.75,10/7/2025,2025
SETTLEMENT CYN RES,TOOELE,RAINBOW,1256,9.75,10/7/2025,2025
SETTLEMENT CYN RES,TOOELE,RAINBOW,1256,9.75,10/7/2025,2025
SETTLEMENT CYN RES,TOOELE,RAINBOW,1256,9.75,10/7/2025,2025
SETTLEMENT CYN RES,TOOELE,TIGER TROUT,3060,5.46,10/15/2025,2025
SETTLEMENT CYN RES,TOOELE,TIGER TROUT,3060,5.46,10/15/2025,2025
SEVIER R,SEVIER,RAINBOW,16128,1.62,2/3/2025,2025
SEVIER R,SEVIER,RAINBOW,15709,1.53,2/3/2025,2025
SEVIER R,SEVIER,BROWN TROUT,30012,1.02,2/3/2025,2025
SEVIER R,SEVIER,BROWN TROUT,15416,2.73,4/16/2025,2025
SEVIER R,GARFIELD,BROWN TROUT,5040,3.08,5/1/2025,2025
SEVIER R,GARFIELD,BROWN TROUT,20160,3.08,5/1/2025,2025
SEVIER R,GARFIELD,RAINBOW,4691,4.31,5/27/2025,2025
SEVIER R,SEVIER,RAINBOW,7580,3.69,6/3/2025,2025
SEVIER R,GARFIELD,RAINBOW,20001,2.86,6/23/2025,2025
"SEVIER R, E FK",PIUTE,RAINBOW,495,11.11,3/19/2025,2025
"SEVIER R, E FK",PIUTE,BROWN TROUT,14640,2.78,4/22/2025,2025
"SEVIER R, E FK",GARFIELD,BROWN TROUT,3000,2.8,4/23/2025,2025
"SEVIER R, E FK",GARFIELD,BROWN TROUT,5000,2.97,4/23/2025,2025
"SEVIER R, E FK",PIUTE,RAINBOW,508,10.24,5/15/2025,2025
"SEVIER R, E FK",PIUTE,RAINBOW,1007,9.73,7/8/2025,2025
"SEVIER R, E FK",GARFIELD,CUTTHROAT,6003,1.9,9/4/2025,2025
"SEVIER R, E FK",PIUTE,CUTTHROAT,6003,1.9,9/4/2025,2025
"SEVIER R, E FK",GARFIELD,CUTTHROAT,6003,1.9,9/4/2025,2025
"SEVIER R, E FK",PIUTE,CUTTHROAT,4990,1.96,9/9/2025,2025
"SEVIER R, E FK",GARFIELD,CUTTHROAT,5100,2.12,9/18/2025,2025
"SEVIER R, E FK",GARFIELD,CUTTHROAT,5100,2.12,9/18/2025,2025
SHADOW L A-52,SUMMIT,BROOK TROUT,700,3.01,6/25/2025,2025
SHEEP CR,DAGGETT,RAINBOW,491,9.49,5/24/2025,2025
SHEEP CR,DAGGETT,KOKANEE,0,3.63,6/2/2025,2025
SHEEP CR,DAGGETT,KOKANEE,0,2.98,6/2/2025,2025
SHEEP CR,DAGGETT,RAINBOW,210,9.66,6/4/2025,2025
SHEEP CR L,DAGGETT,CUTTHROAT,4347,5.64,10/2/2025,2025
SHINGLE MILL RES,SANPETE,RAINBOW,720,10.86,8/4/2025,2025
SHORT L,GARFIELD,CUTTHROAT,300,2.65,8/20/2025,2025
SILENT VIGIL,SANPETE,BROOK TROUT,51,3.16,7/2/2025,2025
SILVER L,UTAH,BROOK TROUT,1300,3.01,6/25/2025,2025
SILVER L,UTAH,CUTTHROAT,3011,3.71,9/10/2025,2025
SILVER L FLAT RES,UTAH,RAINBOW,1002,9.62,5/27/2025,2025
SILVER L FLAT RES,UTAH,RAINBOW,1000,10.3,6/4/2025,2025
SILVER L FLAT RES,UTAH,RAINBOW,900,10.3,6/24/2025,2025
SILVER L FLAT RES,UTAH,RAINBOW,1950,10.3,6/30/2025,2025
SILVER L FLAT RES,UTAH,GRAYLING ARCTIC,473,7.12,6/30/2025,2025
SILVER L FLAT RES,UTAH,GRAYLING ARCTIC,438,8.04,6/30/2025,2025
SILVER L FLAT RES,UTAH,BROOK TROUT,4008,3.01,6/30/2025,2025
SILVER L FLAT RES,UTAH,CUTTHROAT,6747,3.71,9/10/2025,2025
SILVER L-BRIGHTON,SALT LAKE,RAINBOW,2320,9.49,6/12/2025,2025
SILVER L-BRIGHTON,SALT LAKE,BROOK TROUT,2000,3.01,6/25/2025,2025
SILVER L-BRIGHTON,SALT LAKE,RAINBOW,1500,10.3,7/1/2025,2025
SILVER L-BRIGHTON,SALT LAKE,RAINBOW,750,10.3,7/15/2025,2025
SILVER L-BRIGHTON,SALT LAKE,RAINBOW,502,10.75,7/28/2025,2025
SIX MILE CR,SANPETE,CUTTHROAT,5040,2.09,9/16/2025,2025
SIX MILE CR,SANPETE,CUTTHROAT,7200,2.12,9/17/2025,2025
SIX MILE POND,SANPETE,RAINBOW,1508,9.61,6/19/2025,2025
SIX MILE POND,SANPETE,BROOK TROUT,250,3.16,7/2/2025,2025
SIXTH WATER,UTAH,CUTTHROAT,3010,3.16,9/30/2025,2025
SIXTH WATER,UTAH,CUTTHROAT,504,3,10/14/2025,2025
SKUTUMPA RES,SEVIER,RAINBOW,492,10.21,5/21/2025,2025
SKUTUMPA RES,SEVIER,TIGER TROUT,255,10.56,6/24/2025,2025
SKUTUMPA RES,SEVIER,RAINBOW,275,10.51,7/16/2025,2025
SKYLERS POND,CACHE,RAINBOW,300,10.83,4/22/2025,2025
SKYLERS POND,CACHE,RAINBOW,300,10.89,5/7/2025,2025
SKYLERS POND,CACHE,RAINBOW,400,10.53,10/8/2025,2025
SKYLINE P,WASHINGTON,RAINBOW,443,9.06,1/7/2025,2025
SKYLINE P,WASHINGTON,RAINBOW,440,9.65,1/16/2025,2025
SKYLINE P,WASHINGTON,RAINBOW,411,9.87,2/4/2025,2025
SKYLINE P,WASHINGTON,RAINBOW,434,10.3,2/18/2025,2025
SKYLINE P,WASHINGTON,RAINBOW,365,17.22,3/12/2025,2025
SKYLINE P,WASHINGTON,RAINBOW,246,7.87,11/4/2025,2025
SKYLINE P,WASHINGTON,RAINBOW,153,12.17,11/4/2025,2025
SKYLINE P,WASHINGTON,RAINBOW,455,8.7,11/25/2025,2025
SKYLINE P,WASHINGTON,RAINBOW,435,9.17,12/9/2025,2025
SKYLINE P,WASHINGTON,RAINBOW,450,9.49,12/23/2025,2025
SMITH FAMILY PARK POND,WEBER,RAINBOW,1499,9.43,3/5/2025,2025
SMITH FAMILY PARK POND,WEBER,RAINBOW,260,14.16,3/11/2025,2025
SMITH FAMILY PARK POND,WEBER,RAINBOW,701,9.5,3/24/2025,2025
SMITH FAMILY PARK POND,WEBER,RAINBOW,700,9.63,4/7/2025,2025
SMITH FAMILY PARK POND,WEBER,RAINBOW,349,9.64,4/21/2025,2025
SMITH FAMILY PARK POND,WEBER,RAINBOW,800,9.69,5/7/2025,2025
SMITH FAMILY PARK POND,WEBER,WIPER,201,7.98,5/8/2025,2025
SMITH FAMILY PARK POND,WEBER,RAINBOW,801,9.87,6/4/2025,2025
SMITH FAMILY PARK POND,WEBER,CHANNEL CATFISH,1950,7.27,6/19/2025,2025
SMITH FAMILY PARK POND,WEBER,CHANNEL CATFISH,450,13.57,9/5/2025,2025
SMITH FAMILY PARK POND,WEBER,RAINBOW,1001,9.31,9/24/2025,2025
SMITH FAMILY PARK POND,WEBER,RAINBOW,1001,9.43,10/7/2025,2025
SMITH FAMILY PARK POND,WEBER,TIGER TROUT,233,10.7,10/9/2025,2025
SMITH FAMILY PARK POND,WEBER,TIGER TROUT,163,10.7,10/9/2025,2025
SMITH FAMILY PARK POND,WEBER,RAINBOW,1001,9.69,10/28/2025,2025
SMITH FAMILY PARK POND,WEBER,RAINBOW,900,9.46,11/10/2025,2025
SMITH-MOREHOUSE RES,SUMMIT,RAINBOW,795,11.86,5/22/2025,2025
SMITH-MOREHOUSE RES,SUMMIT,RAINBOW,795,11.86,5/22/2025,2025
SMITH-MOREHOUSE RES,SUMMIT,RAINBOW,801,11.83,6/10/2025,2025
SMITH-MOREHOUSE RES,SUMMIT,RAINBOW,801,11.83,6/10/2025,2025
SMITH-MOREHOUSE RES,SUMMIT,RAINBOW,800,10.14,7/1/2025,2025
SMITH-MOREHOUSE RES,SUMMIT,RAINBOW,802,10.14,7/1/2025,2025
SMITH-MOREHOUSE RES,SUMMIT,RAINBOW,800,10.14,7/1/2025,2025
SMITH-MOREHOUSE RES,SUMMIT,RAINBOW,800,10.14,7/1/2025,2025
SMITH-MOREHOUSE RES,SUMMIT,RAINBOW,750,10.77,7/7/2025,2025
SMITH-MOREHOUSE RES,SUMMIT,RAINBOW,850,10.77,7/7/2025,2025
SMITH-MOREHOUSE RES,SUMMIT,RAINBOW,803,10.44,7/14/2025,2025
SMITH-MOREHOUSE RES,SUMMIT,RAINBOW,803,10.44,7/14/2025,2025
SMITH-MOREHOUSE RES,SUMMIT,RAINBOW,798,10.96,7/15/2025,2025
SMITH-MOREHOUSE RES,SUMMIT,RAINBOW,798,10.96,7/15/2025,2025
SMITH-MOREHOUSE RES,SUMMIT,RAINBOW,900,10.77,7/21/2025,2025
SMITH-MOREHOUSE RES,SUMMIT,RAINBOW,900,10.77,7/21/2025,2025
SMITH-MOREHOUSE RES,SUMMIT,SPLAKE,1786,3.48,8/6/2025,2025
SMITH-MOREHOUSE RES,SUMMIT,RAINBOW,152,10.96,8/19/2025,2025
SMITHFIELD CR,CACHE,RAINBOW,250,11.31,5/28/2025,2025
SMITHS FK PASS L G14,SUMMIT,TIGER TROUT,849,3.8,7/2/2025,2025
SNOW L,SANPETE,RAINBOW,1003,11.07,7/17/2025,2025
SOLITAIRE L NBS,WAYNE,TIGER TROUT,147,2.81,6/23/2025,2025
SOLITAIRE L NBS,WAYNE,CUTTHROAT,499,2,6/23/2025,2025
SONNY L X-12,DUCHESNE,BROOK TROUT,400,3.01,6/25/2025,2025
SOUP BOWL RES,SANPETE,RAINBOW,754,9.61,6/18/2025,2025
SOUP BOWL RES,SANPETE,RAINBOW,250,11.07,7/17/2025,2025
SOUP BOWL RES,SANPETE,TIGER TROUT,1044,3.69,7/28/2025,2025
SOUP BOWL RES,SANPETE,RAINBOW,510,11.07,9/3/2025,2025
SOUTH EDEN RESERVOIR,RICH,TIGER TROUT,193,11.4,10/8/2025,2025
SOUTH EDEN RESERVOIR,RICH,TIGER TROUT,207,11.4,10/8/2025,2025
SOUTH WILLOW CR,TOOELE,CUTTHROAT,4034,3.16,9/30/2025,2025
SOUTH WILLOW L,TOOELE,CUTTHROAT,2001,2.75,9/30/2025,2025
SPANISH FK R,UTAH,BROWN TROUT,1875,5.45,7/1/2025,2025
SPANISH OAKS P,UTAH,RAINBOW,1002,9.43,3/5/2025,2025
SPANISH OAKS P,UTAH,RAINBOW,500,9.5,3/17/2025,2025
SPANISH OAKS P,UTAH,RAINBOW,500,9.5,3/24/2025,2025
SPANISH OAKS P,UTAH,RAINBOW,499,9.5,3/25/2025,2025
SPANISH OAKS P,UTAH,RAINBOW,501,9.63,4/2/2025,2025
SPANISH OAKS P,UTAH,RAINBOW,501,9.63,4/14/2025,2025
SPANISH OAKS P,UTAH,RAINBOW,499,9.64,4/21/2025,2025
SPANISH OAKS P,UTAH,RAINBOW,999,9.64,4/28/2025,2025
SPANISH OAKS P,UTAH,RAINBOW,501,9.69,5/13/2025,2025
SPANISH OAKS P,UTAH,RAINBOW,500,10.01,5/19/2025,2025
SPANISH OAKS P,UTAH,RAINBOW,101,20.05,5/21/2025,2025
SPANISH OAKS P,UTAH,RAINBOW,500,10.01,5/28/2025,2025
SPANISH OAKS P,UTAH,RAINBOW,500,9.71,6/24/2025,2025
SPANISH OAKS P,UTAH,RAINBOW,577,13.9,7/14/2025,2025
SPANISH OAKS P,UTAH,RAINBOW,435,9.87,8/12/2025,2025
SPANISH OAKS P,UTAH,RAINBOW,435,9.87,8/27/2025,2025
SPANISH OAKS P,UTAH,RAINBOW,1499,9.32,9/3/2025,2025
SPANISH OAKS P,UTAH,RAINBOW,333,19.26,9/22/2025,2025
SPANISH OAKS P,UTAH,RAINBOW,433,9.43,9/23/2025,2025
SPANISH OAKS P,UTAH,RAINBOW,280,19.26,9/24/2025,2025
SPECTACLE L A-44,SUMMIT,BROOK TROUT,330,3.01,6/25/2025,2025
SPECTACLE L BTS,GARFIELD,BROOK TROUT,354,2.97,6/23/2025,2025
SPECTACLE L BTS,GARFIELD,TIGER TROUT,44,2.81,6/23/2025,2025
SPIDER L X-109,DUCHESNE,BROOK TROUT,2000,3.4,7/1/2025,2025
SPINNERS RES,SANPETE,RAINBOW,1500,9.87,7/7/2025,2025
SPINNERS RES,SANPETE,TIGER TROUT,500,3.88,7/28/2025,2025
SPIRIT L GR-3,DAGGETT,TIGER TROUT,609,11.08,7/8/2025,2025
SPIRIT L GR-3,DAGGETT,CUTTHROAT,175,14.49,7/8/2025,2025
SPRING CR,WASATCH,CUTTHROAT,110,2.5,9/10/2025,2025
SPRING HILL P #1,SANPETE,RAINBOW,840,9.87,6/30/2025,2025
SPRING HILL P #1,SANPETE,BROOK TROUT,201,3.16,7/2/2025,2025
SPRING L,UTAH,RAINBOW,1003,5.38,3/12/2025,2025
SPRING L,UTAH,RAINBOW,1003,5.38,3/12/2025,2025
SPRING L,UTAH,TIGER TROUT,1001,9.79,4/17/2025,2025
SPRING L,UTAH,WIPER,300,8.62,4/21/2025,2025
SPRING L,UTAH,RAINBOW,1508,9.87,4/29/2025,2025
SPRING L,UTAH,TIGER TROUT,1000,11.08,5/15/2025,2025
SPRING L,UTAH,RAINBOW,1008,9.63,5/27/2025,2025
SPRING L,UTAH,CHANNEL CATFISH,1980,7.24,6/1/2025,2025
SPRING L,UTAH,CHANNEL CATFISH,2275,7.27,6/19/2025,2025
SPRING L,UTAH,RAINBOW,1000,10.01,6/24/2025,2025
SPRING L,UTAH,CHANNEL CATFISH,900,13.57,9/5/2025,2025
SPRING L,UTAH,TIGER TROUT,524,11.26,9/8/2025,2025
SPRING L,UTAH,RAINBOW,748,11.08,9/9/2025,2025
SPRING L,UTAH,RAINBOW,748,11.08,9/9/2025,2025
SPRING L,UTAH,TIGER TROUT,225,12.2,9/10/2025,2025
SPRING L,UTAH,CHANNEL CATFISH,800,13.57,9/18/2025,2025
SPRING L,UTAH,RAINBOW,1500,10.49,9/25/2025,2025
STANSBURY LAKE,TOOELE,CHANNEL CATFISH,945,8.22,6/5/2025,2025
STANSBURY LAKE,TOOELE,CHANNEL CATFISH,550,13.57,9/5/2025,2025
STANSBURY LAKE,TOOELE,CHANNEL CATFISH,600,13.57,9/18/2025,2025
STARVATION RES,DUCHESNE,RAINBOW,2016,6.15,1/11/2025,2025
STARVATION RES,DUCHESNE,RAINBOW,3804,10.09,10/30/2025,2025
STARVATION RES,DUCHESNE,RAINBOW,3765,10.17,10/30/2025,2025
STARVATION RES,DUCHESNE,RAINBOW,3633,10.13,11/3/2025,2025
STARVATION RES,DUCHESNE,RAINBOW,10152,9.77,11/14/2025,2025
STARVATION RES,DUCHESNE,RAINBOW,4350,9.57,11/14/2025,2025
STARVATION RES,DUCHESNE,RAINBOW,9900,9.85,11/14/2025,2025
STARVATION RES,DUCHESNE,RAINBOW,4191,9.69,11/14/2025,2025
STARVATION RES,DUCHESNE,RAINBOW,781,9.75,11/15/2025,2025
STARVATION RES,DUCHESNE,RAINBOW,4439,9.53,11/25/2025,2025
STATELINE RES,SUMMIT,RAINBOW,1600,10.77,6/2/2025,2025
STATELINE RES,SUMMIT,RAINBOW,1600,10.77,6/2/2025,2025
STATELINE RES,SUMMIT,RAINBOW,1600,10.77,6/2/2025,2025
STATELINE RES,SUMMIT,RAINBOW,1600,10.77,6/2/2025,2025
STATELINE RES,SUMMIT,RAINBOW,1600,10.77,6/3/2025,2025
STATELINE RES,SUMMIT,RAINBOW,1600,10.77,6/3/2025,2025
STATELINE RES,SUMMIT,LAKE TROUT,1043,5.7,10/21/2025,2025
STEED POND,DAVIS,RAINBOW,501,9.43,2/15/2025,2025
STEED POND,DAVIS,RAINBOW,426,9.43,3/4/2025,2025
STEED POND,DAVIS,RAINBOW,301,9.5,3/17/2025,2025
STEED POND,DAVIS,RAINBOW,301,9.5,4/1/2025,2025
STEED POND,DAVIS,RAINBOW,374,9.64,4/28/2025,2025
STEED POND,DAVIS,WIPER,198,7.24,4/28/2025,2025
STEED POND,DAVIS,CHANNEL CATFISH,2900,6.6,6/5/2025,2025
STEED POND,DAVIS,CHANNEL CATFISH,2320,6,6/19/2025,2025
STEED POND,DAVIS,CHANNEL CATFISH,350,13.57,9/5/2025,2025
STEED POND,DAVIS,RAINBOW,499,9.46,9/25/2025,2025
STEED POND,DAVIS,RAINBOW,501,9.43,10/8/2025,2025
STEED POND,DAVIS,RAINBOW,501,9.69,10/28/2025,2025
STEINAKER RES,UINTAH,RAINBOW,3375,8.22,4/1/2025,2025
STEINAKER RES,UINTAH,RAINBOW,3375,8.22,4/1/2025,2025
STEINAKER RES,UINTAH,RAINBOW,3593,8.05,4/7/2025,2025
STEINAKER RES,UINTAH,RAINBOW,2160,8.16,4/7/2025,2025
STEINAKER RES,UINTAH,RAINBOW,4500,4.02,5/11/2025,2025
STEINAKER RES,UINTAH,BROWN TROUT,5006,2.96,5/13/2025,2025
STEINAKER RES,UINTAH,RAINBOW,4439,8.65,10/21/2025,2025
STEINAKER RES,UINTAH,CUTBOW CTBL*RTWV,2770,4.68,11/3/2025,2025
STEINAKER RES,UINTAH,RAINBOW,1816,9.04,11/3/2025,2025
STEWART L X-79,DUCHESNE,CUTTHROAT,951,2.11,9/18/2025,2025
STILLWATER FK,SUMMIT,RAINBOW,200,10.77,7/9/2025,2025
STILLWATER FK,SUMMIT,RAINBOW,200,10.44,7/14/2025,2025
STILLWATER FK,SUMMIT,RAINBOW,202,12.44,7/30/2025,2025
STILLWATER FK,SUMMIT,RAINBOW,195,12.44,8/11/2025,2025
STODDARD SLOUGH,MORGAN,RAINBOW,499,9.62,5/29/2025,2025
STONE L FL,SEVIER,BROOK TROUT,101,2.92,6/24/2025,2025
STRATTON P,WASHINGTON,RAINBOW,885,9.06,1/7/2025,2025
STRATTON P,WASHINGTON,RAINBOW,959,9.87,2/5/2025,2025
STRATTON P,WASHINGTON,RAINBOW,265,10.3,2/18/2025,2025
STRATTON P,WASHINGTON,RAINBOW,453,8.47,3/4/2025,2025
STRATTON P,WASHINGTON,RAINBOW,1026,8.98,3/21/2025,2025
STRATTON P,WASHINGTON,RAINBOW,492,7.87,11/4/2025,2025
STRATTON P,WASHINGTON,RAINBOW,455,8.7,11/25/2025,2025
STRATTON P,WASHINGTON,RAINBOW,467,9.17,12/9/2025,2025
STRATTON P,WASHINGTON,RAINBOW,450,9.49,12/23/2025,2025
STRAWBERRY R,WASATCH,CUTTHROAT,3988,5.39,5/28/2025,2025
STRAWBERRY R,DUCHESNE,RAINBOW,500,10.31,6/26/2025,2025
"STRAWBERRY R, UPPER",WASATCH,CUTTHROAT,9874,2.73,9/22/2025,2025
"STRAWBERRY R, UPPER",WASATCH,CUTTHROAT,47047,2.26,9/22/2025,2025
"STRAWBERRY R, UPPER",WASATCH,CUTTHROAT,35100,2.9,9/30/2025,2025
"STRAWBERRY R, UPPER",WASATCH,CUTTHROAT,20475,2.9,10/2/2025,2025
"STRAWBERRY R, UPPER",WASATCH,CUTTHROAT,8250,3.51,10/2/2025,2025
"STRAWBERRY R, UPPER",WASATCH,CUTTHROAT,21000,3.44,10/6/2025,2025
"STRAWBERRY R, UPPER",WASATCH,CUTTHROAT,21000,3.44,10/6/2025,2025
STRAWBERRY RES,WASATCH,KOKANEE,132260,2.64,3/4/2025,2025
STRAWBERRY RES,WASATCH,KOKANEE,107640,3.17,4/28/2025,2025
STRAWBERRY RES,WASATCH,KOKANEE,26910,3.17,4/28/2025,2025
STRAWBERRY RES,WASATCH,KOKANEE,133723,3.83,6/3/2025,2025
STRAWBERRY RES,WASATCH,RAINBOW,1600,10.77,6/4/2025,2025
STRAWBERRY RES,WASATCH,RAINBOW,1700,10.77,6/4/2025,2025
STRAWBERRY RES,WASATCH,RAINBOW,1840,10.28,6/4/2025,2025
STRAWBERRY RES,WASATCH,RAINBOW,1725,10.28,6/4/2025,2025
STRAWBERRY RES,WASATCH,RAINBOW,1886,10.28,6/4/2025,2025
STRAWBERRY RES,WASATCH,RAINBOW,1840,10.28,6/4/2025,2025
STRAWBERRY RES,WASATCH,RAINBOW,1840,10.28,6/4/2025,2025
STRAWBERRY RES,WASATCH,RAINBOW,1840,10.28,6/4/2025,2025
STRAWBERRY RES,WASATCH,RAINBOW,1840,10.28,6/4/2025,2025
STRAWBERRY RES,WASATCH,RAINBOW,1886,10.28,6/4/2025,2025
STRAWBERRY RES,WASATCH,RAINBOW,1840,10.28,6/4/2025,2025
STRAWBERRY RES,WASATCH,RAINBOW,1840,10.28,6/4/2025,2025
STRAWBERRY RES,WASATCH,RAINBOW,1840,10.28,6/4/2025,2025
STRAWBERRY RES,WASATCH,RAINBOW,1700,10.77,6/4/2025,2025
STRAWBERRY RES,WASATCH,RAINBOW,1600,10.77,6/4/2025,2025
STRAWBERRY RES,WASATCH,RAINBOW,1840,10.28,6/4/2025,2025
STRAWBERRY RES,WASATCH,RAINBOW,1600,10.77,6/4/2025,2025
STRAWBERRY RES,WASATCH,RAINBOW,1600,10.77,6/4/2025,2025
STRAWBERRY RES,WASATCH,RAINBOW,1000,10.77,6/5/2025,2025
STRAWBERRY RES,WASATCH,RAINBOW,1600,10.77,6/5/2025,2025
STRAWBERRY RES,WASATCH,RAINBOW,1700,10.77,6/5/2025,2025
STRAWBERRY RES,WASATCH,RAINBOW,1700,10.77,6/5/2025,2025
STRAWBERRY RES,WASATCH,RAINBOW,1700,10.77,6/5/2025,2025
STRAWBERRY RES,WASATCH,RAINBOW,1700,10.77,6/5/2025,2025
STRAWBERRY RES,WASATCH,RAINBOW,1600,10.77,6/5/2025,2025
STRAWBERRY RES,WASATCH,RAINBOW,1600,10.77,6/5/2025,2025
STRAWBERRY RES,WASATCH,RAINBOW,1700,10.77,6/5/2025,2025
STRAWBERRY RES,WASATCH,RAINBOW,1600,10.77,6/5/2025,2025
STRAWBERRY RES,WASATCH,RAINBOW,77407,9.59,6/9/2025,2025
STRAWBERRY RES,WASATCH,RAINBOW,20770,9.59,6/10/2025,2025
STRAWBERRY RES,WASATCH,CUTTHROAT,14023,8.7,6/25/2025,2025
STRAWBERRY RES,WASATCH,CUTTHROAT,27724,8.7,6/25/2025,2025
STRAWBERRY RES,WASATCH,CUTTHROAT,12043,8.74,6/25/2025,2025
STRAWBERRY RES,WASATCH,CUTTHROAT,11424,8.88,6/25/2025,2025
STRAWBERRY RES,WASATCH,CUTTHROAT,28786,8.77,6/26/2025,2025
STRAWBERRY RES,WASATCH,CUTTHROAT,12162,8.77,6/26/2025,2025
STRAWBERRY RES,WASATCH,CUTTHROAT,29999,8.19,7/2/2025,2025
STRAWBERRY RES,WASATCH,RAINBOW,15132,4.69,9/2/2025,2025
STRAWBERRY RES,WASATCH,RAINBOW,15132,4.69,9/3/2025,2025
STRAWBERRY RES,WASATCH,RAINBOW,15132,4.69,9/4/2025,2025
STRAWBERRY RES,WASATCH,CUTTHROAT,38740,10.26,9/10/2025,2025
STRAWBERRY RES,WASATCH,CUTTHROAT,76756,10.26,9/10/2025,2025
STRAWBERRY RES,WASATCH,CUTTHROAT,8578,10.26,9/10/2025,2025
STRAWBERRY RES,WASATCH,RAINBOW,9862,11.88,9/23/2025,2025
STRAWBERRY RES,WASATCH,RAINBOW,1376,11.33,9/24/2025,2025
STRAWBERRY RES,WASATCH,RAINBOW,1376,11.33,9/24/2025,2025
STRAWBERRY RES,WASATCH,RAINBOW,1376,11.33,9/24/2025,2025
STRAWBERRY RES,WASATCH,RAINBOW,1170,11.33,9/29/2025,2025
STRAWBERRY RES,WASATCH,RAINBOW,1402,11.33,9/29/2025,2025
STRAWBERRY RES,WASATCH,RAINBOW,1445,11.37,10/1/2025,2025
STRAWBERRY RES,WASATCH,RAINBOW,340,11.37,10/1/2025,2025
STRAWBERRY RES,WASATCH,CUTTHROAT,54462,3.12,10/1/2025,2025
STRAWBERRY RES,WASATCH,CUTTHROAT,15024,3.12,10/1/2025,2025
STRAWBERRY RES,WASATCH,RAINBOW,9468,9.72,10/6/2025,2025
STRAWBERRY RES,WASATCH,RAINBOW,18001,9.9,10/6/2025,2025
STRAWBERRY RES,WASATCH,RAINBOW,1733,10.45,10/6/2025,2025
STRAWBERRY RES,WASATCH,RAINBOW,6992,10.06,10/6/2025,2025
STRAWBERRY RES,WASATCH,RAINBOW,18739,9.77,10/6/2025,2025
STRAWBERRY RES,WASATCH,RAINBOW,10466,10.69,10/7/2025,2025
STRAWBERRY RES,WASATCH,RAINBOW,5635,10.25,10/7/2025,2025
STRAWBERRY RES,WASATCH,RAINBOW,19602,9.95,10/7/2025,2025
STRAWBERRY RES,WASATCH,RAINBOW,8460,10.39,10/7/2025,2025
STRAWBERRY RES,WASATCH,RAINBOW,2951,10.51,10/7/2025,2025
STRAWBERRY RES,WASATCH,RAINBOW,9504,10,10/8/2025,2025
STRAWBERRY RES,WASATCH,RAINBOW,9576,9.97,10/8/2025,2025
STRAWBERRY RES,WASATCH,RAINBOW,9837,9.87,10/8/2025,2025
STRAWBERRY RES,WASATCH,RAINBOW,7317,9.91,10/8/2025,2025
STRAWBERRY RES,WASATCH,RAINBOW,719,9.97,10/21/2025,2025
STRAWBERRY RES,WASATCH,RAINBOW,833,10.29,10/21/2025,2025
STRAWBERRY RES,WASATCH,RAINBOW,470,10.21,11/15/2025,2025
STRAWBERRY RES TRIBS,WASATCH,KOKANEE,20000,0.94,12/3/2025,2025
STRAWBERRY RES TRIBS,WASATCH,KOKANEE,100000,0.94,12/3/2025,2025
SUNSET POND,SALT LAKE,RAINBOW,251,9.5,3/17/2025,2025
SUNSET POND,SALT LAKE,RAINBOW,502,9.5,3/25/2025,2025
SUNSET POND,SALT LAKE,RAINBOW,249,9.63,4/8/2025,2025
SUNSET POND,SALT LAKE,RAINBOW,249,9.63,4/14/2025,2025
SUNSET POND,SALT LAKE,WIPER,168,7.74,4/22/2025,2025
SUNSET POND,SALT LAKE,RAINBOW,251,9.64,4/22/2025,2025
SUNSET POND,SALT LAKE,RAINBOW,251,9.64,4/29/2025,2025
SUNSET POND,SALT LAKE,RAINBOW,249,10.01,5/28/2025,2025
SUNSET POND,SALT LAKE,CHANNEL CATFISH,563,8.22,6/5/2025,2025
SUNSET POND,SALT LAKE,CHANNEL CATFISH,50,13.57,9/5/2025,2025
SURVEY L RC-20,DUCHESNE,BROOK TROUT,1001,3.53,7/7/2025,2025
SURVEYORS L BTN,GARFIELD,TIGER TROUT,45,2.81,6/23/2025,2025
SURVEYORS L BTN,GARFIELD,BROOK TROUT,251,2.92,6/23/2025,2025
TALL FOUR RES,GARFIELD,CUTTHROAT,98,2.27,8/5/2025,2025
TAMARACK L GR-2,SUMMIT,CUTTHROAT,6004,1.84,6/30/2025,2025
TEAL L BR-32,SUMMIT,TIGER TROUT,701,3.8,7/2/2025,2025
TEAL SP,BOX ELDER,RAINBOW,750,10.35,4/21/2025,2025
TEAPOT L A-60,SUMMIT,RAINBOW,452,10.6,6/17/2025,2025
TEAPOT L A-60,SUMMIT,TIGER TROUT,347,11.08,6/23/2025,2025
TEAPOT L A-60,SUMMIT,RAINBOW,452,10.52,7/3/2025,2025
TEAPOT L A-60,SUMMIT,RAINBOW,450,10.77,7/8/2025,2025
TEAPOT L A-60,SUMMIT,TIGER TROUT,349,11.08,7/10/2025,2025
TEAPOT L A-60,SUMMIT,BROOK TROUT,1359,3.6,7/11/2025,2025
TEAPOT L A-60,SUMMIT,RAINBOW,451,10.44,7/14/2025,2025
TEAPOT L A-60,SUMMIT,RAINBOW,451,10.44,7/14/2025,2025
TEAPOT L A-60,SUMMIT,RAINBOW,224,12.95,8/4/2025,2025
TEAPOT L A-60,SUMMIT,RAINBOW,224,12.95,8/4/2025,2025
TEAPOT L A-60,SUMMIT,TIGER TROUT,250,11.26,8/6/2025,2025
TEAPOT L A-60,SUMMIT,RAINBOW,448,12.95,8/18/2025,2025
TEAPOT L A-60,SUMMIT,RAINBOW,401,10.96,9/4/2025,2025
TEDS L WR-44,UINTAH,BROOK TROUT,996,3.4,7/1/2025,2025
"TEEPEE L,LOWER GR-29",DAGGETT,CUTTHROAT,399,2.69,6/30/2025,2025
THISTLE CR,UTAH,BROWN TROUT,2201,5.45,7/1/2025,2025
THISTLE CR,UTAH,CUTTHROAT,2502,3.16,9/30/2025,2025
THREE CREEKS RES,BEAVER,RAINBOW,506,10.18,6/12/2025,2025
THREE MILE CR,GARFIELD,CUTTHROAT,5040,2.09,9/16/2025,2025
TIBBLE FK RES,UTAH,RAINBOW,1503,9.8,4/21/2025,2025
TIBBLE FK RES,UTAH,RAINBOW,999,9.56,5/8/2025,2025
TIBBLE FK RES,UTAH,RAINBOW,1002,9.62,5/27/2025,2025
TIBBLE FK RES,UTAH,RAINBOW,1000,10.3,6/4/2025,2025
TIBBLE FK RES,UTAH,RAINBOW,1300,10.3,6/24/2025,2025
TIBBLE FK RES,UTAH,RAINBOW,1300,10.3,6/30/2025,2025
TIBBLE FK RES,UTAH,RAINBOW,1300,10.3,7/14/2025,2025
TIBBLE FK RES,UTAH,RAINBOW,1002,10.92,7/30/2025,2025
TIBBLE FK RES,UTAH,RAINBOW,593,12.44,7/30/2025,2025
TIBBLE FK RES,UTAH,RAINBOW,1001,10.75,8/11/2025,2025
TIBBLE FK RES,UTAH,RAINBOW,1000,11.95,8/11/2025,2025
TIBBLE FK RES,UTAH,RAINBOW,501,12.53,8/25/2025,2025
TIBBLE FK RES,UTAH,RAINBOW,1000,10.92,8/25/2025,2025
TIBBLE FK RES,UTAH,CUTTHROAT,2690,3.66,10/23/2025,2025
TIBBLE FK RES,UTAH,CUTTHROAT,3321,3.74,10/23/2025,2025
TIDWELL RES,SEVIER,RAINBOW,344,2.78,7/1/2025,2025
TIDWELL RES,SEVIER,BROOK TROUT,110,3.57,7/29/2025,2025
TIE FK CR,UTAH,CUTTHROAT,945,3.45,11/6/2025,2025
TIE FK CR,UTAH,CUTTHROAT,561,3.34,11/6/2025,2025
TONY GROVE L,CACHE,RAINBOW,1698,11.51,6/11/2025,2025
TONY GROVE L,CACHE,RAINBOW,1700,11.3,7/2/2025,2025
TONY GROVE L,CACHE,RAINBOW,1152,12.02,7/21/2025,2025
TONY GROVE L,CACHE,RAINBOW,2248,9.01,8/27/2025,2025
"TOWA P, UPPER",WASHINGTON,RAINBOW,620,9.06,1/7/2025,2025
"TOWA P, UPPER",WASHINGTON,RAINBOW,659,9.65,1/16/2025,2025
"TOWA P, UPPER",WASHINGTON,RAINBOW,617,9.87,2/4/2025,2025
"TOWA P, UPPER",WASHINGTON,RAINBOW,566,10.3,2/18/2025,2025
"TOWA P, UPPER",WASHINGTON,RAINBOW,365,17.22,3/12/2025,2025
"TOWA P, UPPER",WASHINGTON,RAINBOW,300,9.02,3/27/2025,2025
"TOWA P, UPPER",WASHINGTON,RAINBOW,105,16.09,3/27/2025,2025
"TOWA P, UPPER",WASHINGTON,RAINBOW,153,12.17,11/4/2025,2025
"TOWA P, UPPER",WASHINGTON,RAINBOW,492,7.87,11/4/2025,2025
"TOWA P, UPPER",WASHINGTON,RAINBOW,637,8.7,11/25/2025,2025
"TOWA P, UPPER",WASHINGTON,RAINBOW,622,9.17,12/9/2025,2025
"TOWA P, UPPER",WASHINGTON,RAINBOW,633,9.49,12/23/2025,2025
TOWA P. LOWER,WASHINGTON,RAINBOW,354,9.06,1/7/2025,2025
TOWA P. LOWER,WASHINGTON,RAINBOW,366,9.65,1/16/2025,2025
TOWA P. LOWER,WASHINGTON,RAINBOW,411,9.87,2/4/2025,2025
TOWA P. LOWER,WASHINGTON,RAINBOW,0,9.87,2/4/2025,2025
TOWA P. LOWER,WASHINGTON,RAINBOW,301,10.3,2/18/2025,2025
TOWA P. LOWER,WASHINGTON,RAINBOW,246,7.87,11/4/2025,2025
TOWA P. LOWER,WASHINGTON,RAINBOW,153,12.17,11/4/2025,2025
TOWA P. LOWER,WASHINGTON,RAINBOW,364,8.7,11/25/2025,2025
TOWA P. LOWER,WASHINGTON,RAINBOW,373,9.17,12/9/2025,2025
TOWA P. LOWER,WASHINGTON,RAINBOW,393,9.49,12/23/2025,2025
TOWNE RES,SANPETE,RAINBOW,994,11.94,4/30/2025,2025
TOWNE RES,SANPETE,RAINBOW,994,11.94,4/30/2025,2025
TRIAL L A-61,SUMMIT,RAINBOW,1606,10.44,6/23/2025,2025
TRIAL L A-61,SUMMIT,TIGER TROUT,504,11.08,6/23/2025,2025
TRIAL L A-61,SUMMIT,RAINBOW,1500,10.14,7/1/2025,2025
TRIAL L A-61,SUMMIT,RAINBOW,750,10.77,7/7/2025,2025
TRIAL L A-61,SUMMIT,RAINBOW,750,10.77,7/7/2025,2025
TRIAL L A-61,SUMMIT,TIGER TROUT,500,11.08,7/10/2025,2025
TRIAL L A-61,SUMMIT,BROOK TROUT,759,3.6,7/11/2025,2025
TRIAL L A-61,SUMMIT,RAINBOW,242,10.44,7/21/2025,2025
TRIAL L A-61,SUMMIT,RAINBOW,1254,10.44,7/21/2025,2025
TRIAL L A-61,SUMMIT,BROOK TROUT,916,3.19,7/23/2025,2025
TRIAL L A-61,SUMMIT,RAINBOW,748,12.44,7/28/2025,2025
TRIAL L A-61,SUMMIT,RAINBOW,748,12.44,7/28/2025,2025
TRIAL L A-61,SUMMIT,TIGER TROUT,500,11.26,7/30/2025,2025
TRIAL L A-61,SUMMIT,TIGER TROUT,500,11.26,8/6/2025,2025
TRIAL L A-61,SUMMIT,RAINBOW,1053,12.44,8/11/2025,2025
TRIAL L A-61,SUMMIT,RAINBOW,546,12.44,8/11/2025,2025
TRIDENT L A-41,SUMMIT,BROOK TROUT,100,3.01,6/25/2025,2025
TROPIC RES,GARFIELD,TIGER TROUT,1818,9.38,4/29/2025,2025
TROPIC RES,GARFIELD,TIGER TROUT,1697,9.38,4/29/2025,2025
TROPIC RES,GARFIELD,RAINBOW,3504,10.21,4/30/2025,2025
TULE L,GARFIELD,BROOK TROUT,154,2.97,6/24/2025,2025
TWELVE MILE CR,SANPETE,CUTTHROAT,7998,1.97,9/10/2025,2025
TWIN CREEK,SANPETE,CUTTHROAT,4104,1.88,9/3/2025,2025
TWIN CREEK,SANPETE,CUTTHROAT,1575,2.09,9/16/2025,2025
TWIN L,SANPETE,TIGER TROUT,405,4.77,9/15/2025,2025
TWIN L,SALT LAKE,CUTTHROAT,4035,2.26,9/17/2025,2025
U M CR,SEVIER,TIGER TROUT,105,3.36,8/4/2025,2025
U M CR,SEVIER,CUTTHROAT,5009,2.88,8/26/2025,2025
U- 50,DUCHESNE,BROOK TROUT,900,3.4,6/30/2025,2025
UINTA POND,DUCHESNE,RAINBOW,500,9.25,5/9/2025,2025
UINTA POND,DUCHESNE,RAINBOW,501,9.54,5/25/2025,2025
UINTA POND,DUCHESNE,BROOK TROUT,102,3.57,6/11/2025,2025
UINTA R,DUCHESNE,RAINBOW,987,10.01,6/11/2025,2025
UINTA R,DUCHESNE,RAINBOW,546,10.11,7/4/2025,2025
UINTA R,DUCHESNE,RAINBOW,387,10.31,7/4/2025,2025
UINTA R,DUCHESNE,RAINBOW,880,9.43,8/30/2025,2025
UINTAH L X-131,DUCHESNE,BROOK TROUT,632,3.53,7/7/2025,2025
UPPER BELLS RES,SALT LAKE,CUTTHROAT,2018,2.26,9/17/2025,2025
UPPER STILLWATER RES,DUCHESNE,BROOK TROUT,3001,3.63,6/13/2025,2025
UPPER WPA,SANPETE,BROOK TROUT,300,3.16,7/2/2025,2025
UTAH L,UTAH,SUCKER,2058,5.2,3/18/2025,2025
UTAH L,UTAH,SUCKER,10471,13.2,5/29/2025,2025
UTAH L,UTAH,SUCKER,19,14.88,6/25/2025,2025
VERNON CR RES,TOOELE,RAINBOW,1105,11.19,3/18/2025,2025
VERNON CR RES,TOOELE,RAINBOW,1105,11.19,3/18/2025,2025
VERNON CR RES,TOOELE,RAINBOW,1008,9.21,4/10/2025,2025
VERNON CR RES,TOOELE,RAINBOW,1008,9.21,4/10/2025,2025
VERNON CR RES,TOOELE,RAINBOW,810,9.49,6/2/2025,2025
VERNON CR RES,TOOELE,RAINBOW,1000,11.3,11/13/2025,2025
VERNON CR RES,TOOELE,TIGER TROUT,2000,6.16,11/13/2025,2025
VERNON CR RES,TOOELE,RAINBOW,1000,11.3,11/13/2025,2025
VIC'S POND,SANPETE,BROOK TROUT,51,3.16,7/2/2025,2025
VIRGINR RIVER PARK POND,WASHINGTON,RAINBOW,354,9.06,1/7/2025,2025
VIRGINR RIVER PARK POND,WASHINGTON,RAINBOW,366,9.65,1/16/2025,2025
VIRGINR RIVER PARK POND,WASHINGTON,RAINBOW,343,9.87,2/5/2025,2025
VIRGINR RIVER PARK POND,WASHINGTON,RAINBOW,337,10.3,2/18/2025,2025
VIRGINR RIVER PARK POND,WASHINGTON,RAINBOW,300,16.09,4/7/2025,2025
VIRGINR RIVER PARK POND,WASHINGTON,RAINBOW,300,9.02,4/7/2025,2025
VIRGINR RIVER PARK POND,WASHINGTON,RAINBOW,191,12.17,11/4/2025,2025
VIRGINR RIVER PARK POND,WASHINGTON,RAINBOW,246,7.87,11/4/2025,2025
VIRGINR RIVER PARK POND,WASHINGTON,RAINBOW,364,8.7,11/25/2025,2025
VIRGINR RIVER PARK POND,WASHINGTON,RAINBOW,311,9.17,12/9/2025,2025
VIRGINR RIVER PARK POND,WASHINGTON,RAINBOW,309,9.49,12/23/2025,2025
VIVIAN PARK P,UTAH,RAINBOW,505,9.02,4/2/2025,2025
VIVIAN PARK P,UTAH,RAINBOW,201,9.31,4/14/2025,2025
VIVIAN PARK P,UTAH,RAINBOW,201,9.8,4/21/2025,2025
VIVIAN PARK P,UTAH,RAINBOW,400,9.78,5/20/2025,2025
VIVIAN PARK P,UTAH,RAINBOW,400,10.3,6/24/2025,2025
VIVIAN PARK P,UTAH,RAINBOW,400,10.3,7/14/2025,2025
VIVIAN PARK P,UTAH,RAINBOW,550,10.75,7/28/2025,2025
W-59,SUMMIT,BROOK TROUT,200,3.01,6/25/2025,2025
W-62,SUMMIT,BROOK TROUT,200,3.01,6/25/2025,2025
WALL L A-29,SUMMIT,TIGER TROUT,1852,3.8,7/2/2025,2025
WARDSWORTH CR,UTAH,CUTTHROAT,1398,2.75,9/30/2025,2025
WARNER L,GRAND,RAINBOW,823,10.28,6/2/2025,2025
WARNER L,GRAND,RAINBOW,777,10.51,7/9/2025,2025
WASATCH MTN STATE PARK P,WASATCH,RAINBOW,505,9.02,4/2/2025,2025
WASATCH MTN STATE PARK P,WASATCH,RAINBOW,500,9.31,4/14/2025,2025
WASATCH MTN STATE PARK P,WASATCH,RAINBOW,600,9.73,5/15/2025,2025
WASATCH MTN STATE PARK P,WASATCH,RAINBOW,599,9.78,5/23/2025,2025
WASATCH MTN STATE PARK P,WASATCH,RAINBOW,602,9.62,5/29/2025,2025
WASATCH MTN STATE PARK P,WASATCH,RAINBOW,340,11.37,6/2/2025,2025
WASATCH MTN STATE PARK P,WASATCH,RAINBOW,272,11.37,6/2/2025,2025
WASATCH MTN STATE PARK P,WASATCH,RAINBOW,600,10.3,6/4/2025,2025
WASATCH MTN STATE PARK P,WASATCH,CUTTHROAT,273,15.42,6/10/2025,2025
WASATCH MTN STATE PARK P,WASATCH,RAINBOW,1002,9.97,6/19/2025,2025
WASATCH MTN STATE PARK P,WASATCH,RAINBOW,1000,10.3,6/24/2025,2025
WASATCH MTN STATE PARK P,WASATCH,RAINBOW,500,10.3,7/10/2025,2025
WASHINGTON L A-23,SUMMIT,GRAYLING ARCTIC,1652,6.77,6/19/2025,2025
WASHINGTON L A-23,SUMMIT,GRAYLING ARCTIC,614,7.81,6/19/2025,2025
WASHINGTON L A-23,SUMMIT,GRAYLING ARCTIC,1636,7.25,6/19/2025,2025
WASHINGTON L A-23,SUMMIT,RAINBOW,1496,10.44,6/23/2025,2025
WASHINGTON L A-23,SUMMIT,RAINBOW,1500,10.14,7/1/2025,2025
WASHINGTON L A-23,SUMMIT,BROOK TROUT,1003,3.6,7/11/2025,2025
WASHINGTON L A-23,SUMMIT,RAINBOW,1045,10.44,7/15/2025,2025
WASHINGTON L A-23,SUMMIT,RAINBOW,1045,10.44,7/15/2025,2025
WASHINGTON L A-23,SUMMIT,BROOK TROUT,1004,3.19,7/23/2025,2025
WATSON L A-27,SUMMIT,BROOK TROUT,300,3.01,6/25/2025,2025
WEAVER RES,GRAND,CUTTHROAT,2195,5.61,7/9/2025,2025
WEBER R,WEBER,RAINBOW,1050,9.99,4/28/2025,2025
WEBER R,WEBER,RAINBOW,1000,11.33,5/19/2025,2025
WEBER R,WEBER,RAINBOW,1000,11.31,6/30/2025,2025
WEBER R,SUMMIT,RAINBOW,99,10.44,7/14/2025,2025
WEBER R,SUMMIT,RAINBOW,99,10.44,7/14/2025,2025
WEBER R,SUMMIT,RAINBOW,99,10.44,7/14/2025,2025
WEBER R,SUMMIT,RAINBOW,152,10.96,8/19/2025,2025
WEBER R,SUMMIT,RAINBOW,152,10.96,8/19/2025,2025
WEBER R,SUMMIT,RAINBOW,152,10.96,8/19/2025,2025
WEBER R,SUMMIT,CUTTHROAT,2007,3.3,10/23/2025,2025
WELLSVILLE RES,CACHE,RAINBOW,1400,12.13,4/3/2025,2025
WELLSVILLE RES,CACHE,RAINBOW,1601,12.82,4/16/2025,2025
WELLSVILLE RES,CACHE,RAINBOW,700,10.91,5/22/2025,2025
WELLSVILLE RES,CACHE,CUTTHROAT,400,17.88,6/11/2025,2025
WELLSVILLE RES,CACHE,CUTTHROAT,312,18.12,6/17/2025,2025
WELLSVILLE RES,CACHE,CUTTHROAT,125,17.88,6/18/2025,2025
WELLSVILLE RES,CACHE,RAINBOW,1300,10.4,10/1/2025,2025
WELLSVILLE RES,CACHE,TIGER TROUT,207,11.4,10/8/2025,2025
WELLSVILLE RES,CACHE,TIGER TROUT,193,11.4,10/8/2025,2025
WELLSVILLE RES,CACHE,RAINBOW,1005,10.7,10/8/2025,2025
WEST CENTER OWEEP CR,DUCHESNE,CUTTHROAT,553,4.62,7/15/2025,2025
WEST OWEEP CR,DUCHESNE,CUTTHROAT,277,4.62,7/15/2025,2025
WEYMAN CR,DAGGETT,CUTTHROAT,302,7.23,6/25/2025,2025
WHITE PINE L,SALT LAKE,CUTTHROAT,1544,2.26,9/17/2025,2025
WHITE PINE L,SALT LAKE,CUTTHROAT,1463,2.5,9/17/2025,2025
WHITNEY RES,SUMMIT,RAINBOW,831,11.83,6/9/2025,2025
WHITNEY RES,SUMMIT,RAINBOW,831,11.83,6/9/2025,2025
WHITNEY RES,SUMMIT,RAINBOW,1500,10.14,7/1/2025,2025
WHITNEY RES,SUMMIT,RAINBOW,1505,10.52,7/3/2025,2025
WHITNEY RES,SUMMIT,RAINBOW,1500,10.77,7/7/2025,2025
WHITNEY RES,SUMMIT,RAINBOW,750,10.77,7/22/2025,2025
WHITNEY RES,SUMMIT,RAINBOW,750,10.77,7/22/2025,2025
WHITNEY RES,SUMMIT,CUTTHROAT,30204,2.65,9/30/2025,2025
WIDE HOLLOW RES,GARFIELD,CRAPPIE WHITE,1998,3.56,5/7/2025,2025
WIDE HOLLOW RES,GARFIELD,TIGER TROUT,502,10.66,10/21/2025,2025
WIDE HOLLOW RES,GARFIELD,RAINBOW,2300,10.24,10/22/2025,2025
WIDE HOLLOW RES,GARFIELD,RAINBOW,1702,10.24,10/29/2025,2025
WILLARD BAY RES,BOX ELDER,WALLEYE,744861,0.69,4/7/2025,2025
WILLARD BAY RES,BOX ELDER,WALLEYE,857189,0.69,4/8/2025,2025
WILLARD BAY RES,BOX ELDER,WALLEYE,587175,0.69,4/10/2025,2025
WILLARD BAY RES,BOX ELDER,WALLEYE,311250,0.69,4/14/2025,2025
WILLARD BAY RES,BOX ELDER,WIPER,1680,8.53,5/5/2025,2025
WILLARD BAY RES,BOX ELDER,WIPER,2415,8.03,5/7/2025,2025
WILLARD BAY RES,BOX ELDER,WIPER,906,7.98,5/8/2025,2025
WILLARD BAY RES,BOX ELDER,WIPER,191000,0.46,5/27/2025,2025
WILLARD BAY RES,BOX ELDER,CHANNEL CATFISH,2275,7.27,6/19/2025,2025
WILLOW CREEK POND,UTAH,RAINBOW,501,9.43,3/10/2025,2025
WILLOW CREEK POND,UTAH,RAINBOW,499,9.5,3/17/2025,2025
WILLOW CREEK POND,UTAH,RAINBOW,499,9.5,3/31/2025,2025
WILLOW CREEK POND,UTAH,RAINBOW,501,9.63,4/8/2025,2025
WILLOW CREEK POND,UTAH,RAINBOW,501,9.63,4/14/2025,2025
WILLOW CREEK POND,UTAH,RAINBOW,499,9.64,4/22/2025,2025
WILLOW CREEK POND,UTAH,RAINBOW,501,9.69,5/8/2025,2025
WILLOW CREEK POND,UTAH,CHANNEL CATFISH,900,8.22,6/5/2025,2025
WILLOW CREEK POND,UTAH,CHANNEL CATFISH,1300,7.27,6/19/2025,2025
WILLOW CREEK POND,UTAH,CHANNEL CATFISH,200,13.57,9/5/2025,2025
WILLOW CREEK POND,UTAH,CHANNEL CATFISH,150,13.57,9/18/2025,2025
WILLOW L,SANPETE,RAINBOW,1508,9.61,6/18/2025,2025
WILLOW L,SANPETE,RAINBOW,504,10.32,7/21/2025,2025
WILLOW L,SANPETE,TIGER TROUT,3000,3.88,7/28/2025,2025
WILLOW L,SANPETE,RAINBOW,1008,11.81,10/2/2025,2025
WILLOW PARK PND,SALT LAKE,BROOK TROUT,764,14.46,1/13/2025,2025
WILLOW PARK PND,SALT LAKE,BROOK TROUT,105,14.46,1/13/2025,2025
WILLOW PARK PND,SALT LAKE,BROWN TROUT,458,14.94,1/22/2025,2025
WILLOW PARK PND,SALT LAKE,BROWN TROUT,458,14.94,1/22/2025,2025
WILLOW PARK PND,SALT LAKE,RAINBOW,338,10.77,3/10/2025,2025
WILLOW PARK PND,SALT LAKE,RAINBOW,338,10.77,3/17/2025,2025
WILLOW PARK PND,SALT LAKE,RAINBOW,338,10.77,3/29/2025,2025
WILLOW PARK PND,SALT LAKE,RAINBOW,1501,9.5,3/29/2025,2025
WILLOW PARK PND,SALT LAKE,RAINBOW,338,10.77,4/14/2025,2025
WILLOW PARK PND,SALT LAKE,TIGER TROUT,1200,10.29,4/21/2025,2025
WILLOW PARK PND,SALT LAKE,RAINBOW,340,10.96,4/21/2025,2025
WILLOW PARK PND,SALT LAKE,RAINBOW,340,11.16,4/28/2025,2025
WILLOW PARK PND,SALT LAKE,TIGER TROUT,1440,10.43,5/1/2025,2025
WILLOW PARK PND,SALT LAKE,RAINBOW,169,10.36,5/13/2025,2025
WILLOW PARK PND,SALT LAKE,RAINBOW,169,10.36,5/13/2025,2025
WILLOW PARK PND,SALT LAKE,RAINBOW,339,10.01,5/20/2025,2025
WILLOW PARK PND,SALT LAKE,TIGER TROUT,1470,10.9,5/20/2025,2025
WILLOW PARK PND,SALT LAKE,TIGER TROUT,1470,10.9,5/20/2025,2025
WILLOW PARK PND,SALT LAKE,RAINBOW,339,10.01,5/28/2025,2025
WILLOW PARK PND,SALT LAKE,RAINBOW,339,12.77,6/4/2025,2025
WILLOW PARK PND,SALT LAKE,CHANNEL CATFISH,1463,8.22,6/5/2025,2025
WILLOW PARK PND,SALT LAKE,RAINBOW,225,17.1,6/11/2025,2025
WILLOW PARK PND,SALT LAKE,RAINBOW,175,17.1,6/11/2025,2025
WILLOW PARK PND,SALT LAKE,RAINBOW,250,9.4,9/4/2025,2025
WILLOW PARK PND,SALT LAKE,TIGER TROUT,1000,11.26,9/8/2025,2025
WILLOW PARK PND,SALT LAKE,RAINBOW,251,9.31,9/16/2025,2025
WILLOW PARK PND,SALT LAKE,RAINBOW,282,19.45,9/30/2025,2025
WILLOW PARK PND,SALT LAKE,RAINBOW,282,19.45,10/1/2025,2025
WILLOW PARK PND,SALT LAKE,RAINBOW,250,9.43,10/7/2025,2025
WILLOW PARK PND,SALT LAKE,RAINBOW,250,9.69,10/15/2025,2025
WILLOW PARK PND,SALT LAKE,RAINBOW,338,10.77,11/2/2025,2025
WILLOW SPRING POND,WASHINGTON,RAINBOW,233,14.16,3/12/2025,2025
WILLOW SPRING POND,WASHINGTON,RAINBOW,322,11.03,3/17/2025,2025
WILLOW SPRING POND,WASHINGTON,RAINBOW,712,10.24,5/13/2025,2025
WILLOW SPRING POND,WASHINGTON,TIGER TROUT,510,9.93,5/22/2025,2025
WILLOW SPRING POND,WASHINGTON,CHANNEL CATFISH,563,8.22,6/5/2025,2025
WILLOW SPRING POND,WASHINGTON,CHANNEL CATFISH,813,7.27,6/19/2025,2025
WILLOW SPRING POND,WASHINGTON,RAINBOW,516,10.09,10/2/2025,2025
WOLF CR,DUCHESNE,BROOK TROUT,2239,6.01,9/4/2025,2025
WOODS POND,IRON,RAINBOW,328,9.43,5/7/2025,2025
WOODS POND,IRON,RAINBOW,290,9.83,5/22/2025,2025
WOODS POND,IRON,RAINBOW,282,9.92,6/13/2025,2025
WOODS POND,IRON,RAINBOW,304,10.43,7/1/2025,2025
WOODS POND,IRON,RAINBOW,292,10.57,7/15/2025,2025
WOODS POND,IRON,RAINBOW,209,10.96,8/1/2025,2025
"WPA POND, UPPER",SANPETE,RAINBOW,720,10.86,8/4/2025,2025
WRIGLEY SPRING RES,EMERY,RAINBOW,1378,9.61,6/18/2025,2025
WRIGLEY SPRING RES,EMERY,RAINBOW,378,10.32,7/21/2025,2025
WRIGLEY SPRING RES,EMERY,TIGER TROUT,2000,3.88,7/28/2025,2025
WRIGLEY SPRING RES,EMERY,RAINBOW,756,11.81,10/2/2025,2025
WYMAN L Z-14,DUCHESNE,BROOK TROUT,550,3.01,6/26/2025,2025
X- 22,DUCHESNE,CUTTHROAT,878,2.11,9/18/2025,2025
X- 26,DUCHESNE,BROOK TROUT,397,3.4,7/1/2025,2025
X- 60,DUCHESNE,CUTTHROAT,787,2.11,9/18/2025,2025
X- 78,DUCHESNE,CUTTHROAT,1701,2.11,9/18/2025,2025
X- 84,DUCHESNE,BROOK TROUT,319,3.4,7/1/2025,2025
X- 85,DUCHESNE,BROOK TROUT,389,3.4,7/1/2025,2025
X-105,DUCHESNE,CUTTHROAT,999,2.11,9/18/2025,2025
YANKEE MEADOW RES,IRON,RAINBOW,1050,10.49,5/21/2025,2025
YANKEE MEADOW RES,IRON,RAINBOW,5135,3.69,6/3/2025,2025
YANKEE MEADOW RES,IRON,BROOK TROUT,2009,3.41,7/22/2025,2025
YANKEE MEADOW RES,IRON,CUTTHROAT,4007,1.96,9/9/2025,2025
YEARNS RES,SANPETE,RAINBOW,994,11.94,4/16/2025,2025
YEARNS RES,SANPETE,RAINBOW,994,11.94,4/16/2025,2025
YEARNS RES,SANPETE,TIGER TROUT,504,10.9,5/21/2025,2025
YEARNS RES,SANPETE,RAINBOW,892,12.34,5/21/2025,2025
YEARNS RES,SANPETE,TIGER TROUT,390,10.15,6/12/2025,2025
YEARNS RES,SANPETE,RAINBOW,989,10.01,6/12/2025,2025
YEARNS RES,SANPETE,RAINBOW,1020,11.07,8/20/2025,2025
YEARNS RES,SANPETE,TIGER TROUT,375,11.86,9/11/2025,2025
YELLOW LAKE NCL,GARFIELD,BROOK TROUT,77,2.97,6/23/2025,2025
YELLOW LAKE NCL,GARFIELD,TIGER TROUT,45,2.81,6/23/2025,2025
"YELLOWPINE,LOWER W66",SUMMIT,BROOK TROUT,200,3.01,6/25/2025,2025
YELLOWSTONE R,DUCHESNE,RAINBOW,498,10.09,6/13/2025,2025
YELLOWSTONE R,DUCHESNE,RAINBOW,721,10.37,7/3/2025,2025
YELLOWSTONE R,DUCHESNE,RAINBOW,537,10.85,7/21/2025,2025
YELLOWSTONE R,DUCHESNE,RAINBOW,250,10.77,7/23/2025,2025
YUBA RES (SEVIER BRG,JUAB,WALLEYE,368100,0.69,4/8/2025,2025
YUBA RES (SEVIER BRG,JUAB,WALLEYE,168400,0.69,4/15/2025,2025
YUBA RES (SEVIER BRG,JUAB,WALLEYE,65556,0.69,4/15/2025,2025
YUBA RES (SEVIER BRG,JUAB,MUSKIE TIGER,4000,2.32,5/6/2025,2025
YUBA RES (SEVIER BRG,JUAB,WIPER,30000,2.27,7/23/2025,2025
YUBA RES (SEVIER BRG,JUAB,WIPER,20040,2.27,7/23/2025,2025
ABERDUNK L FL,SEVIER,TIGER TROUT,95,2.87,7/14/2026,2026
ACADEMY MILL RES,SANPETE,TIGER TROUT,3014,2.87,7/14/2026,2026
ADAMS RESERVOIR,DAVIS,RAINBOW,835,9.5,3/24/2026,2026
ADAMS RESERVOIR,DAVIS,RAINBOW,1077,9.46,4/3/2026,2026
ADAMS RESERVOIR,DAVIS,RAINBOW,594,9.64,4/13/2026,2026
ADAMS RESERVOIR,DAVIS,RAINBOW,2087,9.48,4/23/2026,2026
ADAMS RESERVOIR,DAVIS,RAINBOW,2095,9.57,5/6/2026,2026
ADAMS RESERVOIR,DAVIS,RAINBOW,1670,9.46,5/20/2026,2026
ADAMS RESERVOIR,DAVIS,WALLEYE,400,4.58,7/14/2026,2026
AMBER'S MUDDY HOLE,SANPETE,BROOK TROUT,388,2.71,6/30/2026,2026
AMERICAN FK CR,UTAH,RAINBOW,500,10.57,6/1/2026,2026
AMERICAN FK CR,UTAH,RAINBOW,499,11.15,6/11/2026,2026
AMERICAN FK CR,UTAH,RAINBOW,500,11.22,6/23/2026,2026
AMERICAN FK CR,UTAH,RAINBOW,499,10.7,7/8/2026,2026
AMERICAN FK CR,UTAH,RAINBOW,499,9.98,7/20/2026,2026
AMERICAN FK CR,UTAH,RAINBOW,501,11.93,8/3/2026,2026
"AMERICAN FK CR, N FK",UTAH,RAINBOW,351,10.57,6/1/2026,2026
"AMERICAN FK CR, N FK",UTAH,RAINBOW,324,11.15,6/11/2026,2026
"AMERICAN FK CR, N FK",UTAH,RAINBOW,326,11.22,6/23/2026,2026
"AMERICAN FK CR, N FK",UTAH,RAINBOW,325,10.7,7/8/2026,2026
"AMERICAN FK CR, N FK",UTAH,RAINBOW,326,9.98,7/20/2026,2026
"AMERICAN FK CR, N FK",UTAH,RAINBOW,350,11.93,8/3/2026,2026
AMLEN L X-99,DUCHESNE,BROOK TROUT,597,3.52,7/20/2026,2026
ANDERSON MEADOW,BEAVER,RAINBOW,1162,10.44,5/28/2026,2026
ANDERSON MEADOW,BEAVER,TIGER TROUT,1505,9.89,6/3/2026,2026
ANDERSON MEADOW,BEAVER,RAINBOW,839,10.54,6/17/2026,2026
ANDREWS #1,SANPETE,BROOK TROUT,150,2.71,6/30/2026,2026
ANNABELLA RES,SEVIER,RAINBOW,403,9.83,4/30/2026,2026
"ANSON L, LOWER GR-9",DAGGETT,CUTTHROAT,659,1.98,7/15/2026,2026
ANTIMONY L EMW,GARFIELD,BROOK TROUT,54,2.85,7/8/2026,2026
ANTIMONY L EMW,GARFIELD,RAINBOW,105,3.28,8/19/2026,2026
ASAY CR,GARFIELD,BROWN TROUT,6018,3.28,5/6/2026,2026
ASAY CR,GARFIELD,RAINBOW,4004,4.45,5/7/2026,2026
ASAY CR,GARFIELD,RAINBOW,809,9.66,6/12/2026,2026
"ASHLEY CR, S FK",UINTAH,RAINBOW,300,11.05,6/8/2026,2026
"ASHLEY CR, S FK",UINTAH,RAINBOW,299,11.89,6/30/2026,2026
ASHLEY TWIN L GR-35,UINTAH,BROOK TROUT,2097,3.51,7/15/2026,2026
ASPEN MIRROR L,KANE,TIGER TROUT,502,9.29,5/12/2026,2026
ASPEN MIRROR L,KANE,RAINBOW,540,9.03,5/21/2026,2026
ASPEN MIRROR L,KANE,RAINBOW,516,9.65,6/4/2026,2026
ASPEN MIRROR L,KANE,RAINBOW,543,9.75,6/16/2026,2026
ASPEN MIRROR L,KANE,RAINBOW,215,9.74,7/1/2026,2026
ASPEN MIRROR L,KANE,RAINBOW,282,9.8,7/1/2026,2026
ASPEN MIRROR L,KANE,RAINBOW,945,9.94,7/23/2026,2026
BAKER L BR-45,SUMMIT,TIGER TROUT,360,3.19,7/24/2026,2026
BARKER RES NCL,GARFIELD,RAINBOW,1012,10.54,6/16/2026,2026
BARKER RES NCL,GARFIELD,BROOK TROUT,498,2.93,7/13/2026,2026
"BARKER RES,LOWER NCL",GARFIELD,TIGER TROUT,95,2.87,7/13/2026,2026
"BARKER RES,LOWER NCL",GARFIELD,SPLAKE,104,2.82,7/13/2026,2026
"BARKER RES,LOWER NCL",GARFIELD,CUTTHROAT,1009,2.37,8/18/2026,2026
BARNEY L,SEVIER,TIGER TROUT,1000,3.03,7/28/2026,2026
BARTHOLOMEW PARK POND,UTAH,RAINBOW,802,8.94,3/11/2026,2026
BARTHOLOMEW PARK POND,UTAH,RAINBOW,699,10.07,4/1/2026,2026
BARTHOLOMEW PARK POND,UTAH,RAINBOW,1402,9.82,4/9/2026,2026
BARTHOLOMEW PARK POND,UTAH,TIGER TROUT,207,9.35,4/15/2026,2026
BARTHOLOMEW PARK POND,UTAH,TIGER TROUT,294,9.35,4/15/2026,2026
BARTHOLOMEW PARK POND,UTAH,RAINBOW,701,10.09,4/27/2026,2026
BARTHOLOMEW PARK POND,UTAH,RAINBOW,500,10.33,5/7/2026,2026
BARTHOLOMEW PARK POND,UTAH,RAINBOW,365,11.02,5/7/2026,2026
BARTHOLOMEW PARK POND,UTAH,RAINBOW,535,10.57,6/2/2026,2026
BARTHOLOMEW PARK POND,UTAH,TIGER TROUT,500,10.09,6/9/2026,2026
BARTHOLOMEW PARK POND,UTAH,CUTTHROAT,240,16.82,6/22/2026,2026
BARTHOLOMEW PARK POND,UTAH,CUTTHROAT,240,16.82,6/22/2026,2026
BASTIAN RES,GARFIELD,TIGER TROUT,1502,2.87,7/14/2026,2026
BEAR L,RICH,CUTTHROAT,8926,7.77,4/28/2026,2026
BEAR L,RICH,CUTTHROAT,17873,7.8,5/4/2026,2026
BEAR L,RICH,CUTTHROAT,19478,7.64,5/4/2026,2026
BEAR L,RICH,CUTTHROAT,18896,7.77,5/5/2026,2026
BEAR L,RICH,CUTTHROAT,4326,7.44,5/5/2026,2026
BEAR L,RICH,CUTTHROAT,13335,7.76,5/5/2026,2026
BEAR L G-7,SUMMIT,BROOK TROUT,2003,3.48,7/15/2026,2026
BEAR R,CACHE,MUSKIE TIGER,998,2.45,4/29/2026,2026
BEAR R,SUMMIT,RAINBOW,99,10.5,6/30/2026,2026
BEAR R,SUMMIT,RAINBOW,150,10.77,7/20/2026,2026
BEAVER CR,SUMMIT,RAINBOW,101,10.14,6/10/2026,2026
BEAVER CR,SUMMIT,RAINBOW,100,9.82,6/23/2026,2026
BEAVER CR,GRAND,CUTTHROAT,5569,2.3,6/24/2026,2026
BEAVER CR,GRAND,CUTTHROAT,842,2.48,6/24/2026,2026
BEAVER CR,SUMMIT,RAINBOW,198,10.98,7/13/2026,2026
BEAVER CR,SUMMIT,RAINBOW,99,10.5,8/3/2026,2026
BEAVER DAMS NBS,WAYNE,BROOK TROUT,200,2.93,7/13/2026,2026
BEAVER L A-17,SUMMIT,BROOK TROUT,270,3.03,7/23/2026,2026
BEAVER L BR-10,SUMMIT,RAINBOW,1001,10.14,6/1/2026,2026
BEAVER R,BEAVER,RAINBOW,533,9.83,3/16/2026,2026
BEAVER R,BEAVER,BROWN TROUT,6003,2.43,4/6/2026,2026
BEAVER R,BEAVER,RAINBOW,3000,3.95,4/6/2026,2026
BEAVER R,BEAVER,RAINBOW,520,9.83,4/21/2026,2026
BEAVER R,BEAVER,BROWN TROUT,2006,3.28,5/4/2026,2026
BEAVER R,BEAVER,RAINBOW,156,10.12,5/14/2026,2026
BEAVER R,BEAVER,RAINBOW,508,9.47,5/14/2026,2026
BEAVER R,BEAVER,RAINBOW,504,9.59,6/17/2026,2026
BEAVER R,BEAVER,RAINBOW,103,10.54,6/17/2026,2026
BEAVER R,BEAVER,RAINBOW,115,10.54,6/30/2026,2026
BEE TREE,SANPETE,BROOK TROUT,225,2.71,6/30/2026,2026
BENCHS POND,SANPETE,RAINBOW,999,9.75,4/21/2026,2026
BENCHS POND,SANPETE,RAINBOW,1003,9.03,5/20/2026,2026
BENCHS POND,SANPETE,RAINBOW,999,9.75,6/16/2026,2026
BENCHS POND,SANPETE,RAINBOW,999,10.44,6/25/2026,2026
BENNION L GR-134,SUMMIT,BROOK TROUT,769,3.45,7/16/2026,2026
BESS L BTN,GARFIELD,BROOK TROUT,247,2.77,7/14/2026,2026
BETH L A-6,SUMMIT,BROOK TROUT,300,3.03,7/23/2026,2026
BIG ELK RES A-18,SUMMIT,TIGER TROUT,650,3.19,7/24/2026,2026
BIG L,SEVIER,RAINBOW,2700,10.09,4/9/2026,2026
BIG L BTS,GARFIELD,BROOK TROUT,200,2.77,7/14/2026,2026
BIG SANDWASH RES,DUCHESNE,RAINBOW,1120,11.6,5/18/2026,2026
BIG SANDWASH RES,DUCHESNE,RAINBOW,1120,11.6,5/18/2026,2026
BIG SANDWASH RES,DUCHESNE,RAINBOW,948,11.75,5/19/2026,2026
BIG SANDWASH RES,DUCHESNE,RAINBOW,948,11.75,5/19/2026,2026
BIG SANDWASH RES,DUCHESNE,RAINBOW,948,11.75,5/19/2026,2026
BIG SANDWASH RES,DUCHESNE,RAINBOW,948,11.75,5/19/2026,2026
BIG SANDWASH RES,DUCHESNE,RAINBOW,400,13.1,5/21/2026,2026
BIG SANDWASH RES,DUCHESNE,WALLEYE,425,4.58,7/16/2026,2026
BIRCH CR RES,RICH,RAINBOW,20016,4.11,6/22/2026,2026
BIRCH CR RES,RICH,TIGER TROUT,500,10.46,6/22/2026,2026
BIRCH CR RES,RICH,RAINBOW,502,9.82,6/22/2026,2026
BLACK L X-132,DUCHESNE,BROOK TROUT,1181,3.52,7/20/2026,2026
BLACKSMITH FK,CACHE,RAINBOW,500,11.12,6/11/2026,2026
BLANCHE L,SALT LAKE,CUTTHROAT,4016,2.04,7/22/2026,2026
BLANCHE L,SALT LAKE,BROOK TROUT,910,3.03,7/22/2026,2026
BLANDING RES NO 3,SAN JUAN,RAINBOW,1500,10.94,4/7/2026,2026
BLANDING RES NO 3,SAN JUAN,RAINBOW,1500,10.12,5/18/2026,2026
BLANDING RES NO 4,SAN JUAN,RAINBOW,1680,10.94,4/7/2026,2026
BLANDING RES NO 4,SAN JUAN,RAINBOW,1820,10.12,5/18/2026,2026
BLANDING RES NO 4,SAN JUAN,RAINBOW,1456,10.12,5/27/2026,2026
BLANDING RES NO 4,SAN JUAN,TIGER TROUT,4506,3.03,7/27/2026,2026
BLIND L NBS,WAYNE,KOKANEE,3981,3.5,4/28/2026,2026
BLIND L NBS,WAYNE,KOKANEE,4208,3.5,4/28/2026,2026
BLIND L NBS,WAYNE,CUTTHROAT,1003,1.61,7/13/2026,2026
BLIND L NBS,WAYNE,CUTTHROAT,1002,2.05,7/13/2026,2026
BLIND L NBS,WAYNE,RAINBOW,2088,2.42,7/13/2026,2026
BLUBBER CR,KANE,CUTTHROAT,30,11.26,7/15/2026,2026
BLUE L,SAN JUAN,RAINBOW,806,10.44,6/1/2026,2026
BLUE L,SANPETE,TIGER TROUT,497,2.87,7/14/2026,2026
BLUE L A-5,SUMMIT,BROOK TROUT,400,3.03,7/23/2026,2026
BLUE L NCL,GARFIELD,TIGER TROUT,53,2.87,7/15/2026,2026
BLUE RIBBON #1,SANPETE,BROOK TROUT,100,2.71,6/30/2026,2026
BLUE RIBBON #2,SANPETE,BROOK TROUT,100,2.71,6/30/2026,2026
BLYTHE L Z-20,DUCHESNE,BROOK TROUT,400,3.03,7/24/2026,2026
BOBS HOLE NBS,WAYNE,BROOK TROUT,199,2.93,7/13/2026,2026
BOBS HOLE NBS,WAYNE,TIGER TROUT,53,2.87,7/13/2026,2026
BONNIE L Z-6,DUCHESNE,BROOK TROUT,600,3.03,7/24/2026,2026
BOULGER POND,SANPETE,RAINBOW,996,9.84,5/4/2026,2026
BOULGER POND,SANPETE,RAINBOW,1003,9.03,5/20/2026,2026
BOULGER POND,SANPETE,RAINBOW,999,9.75,6/18/2026,2026
BOULGER POND,SANPETE,RAINBOW,999,10.44,6/25/2026,2026
BOUNTIFUL POND,DAVIS,BROWN TROUT,979,14.44,1/13/2026,2026
BOUNTIFUL POND,DAVIS,RAINBOW,499,9.42,2/17/2026,2026
BOUNTIFUL POND,DAVIS,RAINBOW,499,9.46,3/16/2026,2026
BOUNTIFUL POND,DAVIS,RAINBOW,1399,9.5,3/24/2026,2026
BOUNTIFUL POND,DAVIS,RAINBOW,1499,9.46,4/3/2026,2026
BOUNTIFUL POND,DAVIS,RAINBOW,250,17.1,4/20/2026,2026
BOUNTIFUL POND,DAVIS,RAINBOW,250,17.1,4/21/2026,2026
BOUNTIFUL POND,DAVIS,RAINBOW,1899,9.48,4/23/2026,2026
BOUNTIFUL POND,DAVIS,RAINBOW,1250,10.14,5/13/2026,2026
BOUNTIFUL POND,DAVIS,RAINBOW,1251,9.46,5/20/2026,2026
BOURBON L BR-1,SUMMIT,BROOK TROUT,35,3.03,7/23/2026,2026
BOWDEN L U-32,DUCHESNE,BROOK TROUT,450,3.52,7/20/2026,2026
"BOWNS RES, LOWER",GARFIELD,RAINBOW,4028,3.19,5/5/2026,2026
"BOWNS RES, LOWER",GARFIELD,TIGER TROUT,938,9.96,6/11/2026,2026
"BOWNS RES, LOWER",GARFIELD,TIGER TROUT,1070,10.73,6/11/2026,2026
"BOWNS RES, LOWER",GARFIELD,CUTBOW CTBL*RTWV,4028,5.6,8/17/2026,2026
"BOX CR RES, LOWER",PIUTE,RAINBOW,1008,10.09,4/9/2026,2026
"BOX CR RES, LOWER",PIUTE,TIGER TROUT,750,3.03,7/28/2026,2026
"BOX CR RES, UPPER",PIUTE,RAINBOW,312,10.09,4/9/2026,2026
BR-24,SUMMIT,TIGER TROUT,250,3.19,7/24/2026,2026
BR-43,SUMMIT,TIGER TROUT,200,3.19,7/24/2026,2026
BR-50,SUMMIT,BROOK TROUT,350,3.03,7/23/2026,2026
BRAD'S SECRET,SANPETE,BROOK TROUT,200,2.71,6/30/2026,2026
BRIAN HEAD POND,IRON,RAINBOW,780,9.83,5/20/2026,2026
BRIAN HEAD POND,IRON,TIGER TROUT,375,10.19,5/20/2026,2026
BRIAN HEAD POND,IRON,TIGER TROUT,378,10.16,6/30/2026,2026
BRIAN HEAD POND,IRON,RAINBOW,700,9.95,7/9/2026,2026
BRIAN HEAD POND,IRON,RAINBOW,705,10.16,8/12/2026,2026
BRIDGER L G-20,SUMMIT,RAINBOW,1502,9.82,6/18/2026,2026
BRIDGER L G-20,SUMMIT,BROOK TROUT,2091,3.53,6/20/2026,2026
BRIDGER L G-20,SUMMIT,RAINBOW,1502,10.5,7/6/2026,2026
BRIDGER L G-20,SUMMIT,RAINBOW,1500,10.77,7/14/2026,2026
BRIDGER L G-20,SUMMIT,RAINBOW,1002,10.98,7/29/2026,2026
BROADHEAD L D-40,WASATCH,BROOK TROUT,450,3.03,7/24/2026,2026
BROOK L A-20,SUMMIT,BROOK TROUT,75,3.03,7/23/2026,2026
BROOK L U-54,DUCHESNE,BROOK TROUT,994,3.51,7/15/2026,2026
BROOKS CYN,SANPETE,WIPER,500,11.84,6/17/2026,2026
BROUGH RES,UINTAH,WIPER,512,8.86,6/24/2026,2026
BROWNE L,DAGGETT,RAINBOW,1300,11.05,6/8/2026,2026
BROWNE L,DAGGETT,TIGER TROUT,1001,3.42,6/10/2026,2026
BROWNE L,DAGGETT,BROOK TROUT,2000,3.29,6/10/2026,2026
BROWNE L,DAGGETT,RAINBOW,2997,3.28,6/10/2026,2026
BROWNS DRAW RES,DUCHESNE,RAINBOW,13506,2.82,5/25/2026,2026
BROWNS DRAW RES,DUCHESNE,TIGER TROUT,1305,3.18,5/25/2026,2026
BROWNS DRAW RES,DUCHESNE,BROWN TROUT,2000,3.03,5/29/2026,2026
BRUSH CR,UINTAH,CUTTHROAT,1779,5.65,6/9/2026,2026
BUCKEYE L A-3,SUMMIT,BROOK TROUT,170,3.03,7/23/2026,2026
BUD L Z-2,DUCHESNE,BROOK TROUT,560,3.03,7/24/2026,2026
"BULBERRY L, SOUTH",WAYNE,TIGER TROUT,51,2.75,7/7/2026,2026
"BULBERRY L, SOUTH",WAYNE,BROOK TROUT,101,2.85,7/7/2026,2026
BULLBERRY L#4(NORTH),WAYNE,TIGER TROUT,51,2.75,7/7/2026,2026
BULLOCK RES,UINTAH,MUSKIE TIGER,499,2.6,4/27/2026,2026
BURRASTON PONDS,JUAB,RAINBOW,109,12.74,3/18/2026,2026
BURRASTON PONDS,JUAB,RAINBOW,200,18.74,3/18/2026,2026
BURRASTON PONDS,JUAB,RAINBOW,2125,10,3/26/2026,2026
BURRASTON PONDS,JUAB,TIGER TROUT,1103,8.59,3/30/2026,2026
BURRASTON PONDS,JUAB,RAINBOW,504,8.86,4/8/2026,2026
BURRASTON PONDS,JUAB,TIGER TROUT,608,8.59,4/20/2026,2026
BURRASTON PONDS,JUAB,RAINBOW,497,11.08,5/18/2026,2026
BURRASTON PONDS,JUAB,TIGER TROUT,497,10.12,6/1/2026,2026
BURRASTON PONDS,JUAB,RAINBOW,96,11.6,6/2/2026,2026
BURRASTON PONDS,JUAB,RAINBOW,1280,11.6,6/2/2026,2026
BURRASTON PONDS,JUAB,RAINBOW,1001,9.87,6/15/2026,2026
BURRASTON PONDS,JUAB,RAINBOW,506,10.28,7/6/2026,2026
BUTTERFLY L Z-1,DUCHESNE,TIGER TROUT,298,9.89,6/3/2026,2026
BUTTERFLY L Z-1,DUCHESNE,RAINBOW,300,10.14,6/8/2026,2026
BUTTERFLY L Z-1,DUCHESNE,RAINBOW,302,10.14,6/10/2026,2026
BUTTERFLY L Z-1,DUCHESNE,RAINBOW,602,9.82,6/24/2026,2026
BUTTERFLY L Z-1,DUCHESNE,BROOK TROUT,496,2.99,6/24/2026,2026
BUTTERFLY L Z-1,DUCHESNE,RAINBOW,300,10.5,6/29/2026,2026
BUTTERFLY L Z-1,DUCHESNE,RAINBOW,149,10.98,7/8/2026,2026
BUTTERFLY L Z-1,DUCHESNE,RAINBOW,149,10.98,7/8/2026,2026
BUTTERFLY L Z-1,DUCHESNE,TIGER TROUT,297,11.67,7/14/2026,2026
BUTTERFLY L Z-1,DUCHESNE,RAINBOW,300,10.77,7/16/2026,2026
BUTTERFLY L Z-1,DUCHESNE,RAINBOW,300,10.77,7/20/2026,2026
BUTTERFLY L Z-1,DUCHESNE,RAINBOW,300,10.77,7/27/2026,2026
BUTTERFLY L Z-1,DUCHESNE,RAINBOW,300,10.5,8/3/2026,2026
BUTTERFLY L Z-1,DUCHESNE,RAINBOW,250,10.77,8/12/2026,2026
BUTTERFLY L Z-1,DUCHESNE,RAINBOW,201,11.24,8/24/2026,2026
CAMP KOSTOPAULUS,SALT LAKE,RAINBOW,399,9.55,5/5/2026,2026
CANDY L GR-17,DAGGETT,CUTTHROAT,220,1.98,7/15/2026,2026
CANYON VIEW PARK PD,UTAH,RAINBOW,428,9.46,3/10/2026,2026
CANYON VIEW PARK PD,UTAH,RAINBOW,428,9.46,3/16/2026,2026
CANYON VIEW PARK PD,UTAH,RAINBOW,430,10,6/2/2026,2026
CARBON CNTY P,CARBON,RAINBOW,506,10.52,3/24/2026,2026
CARBON CNTY P,CARBON,RAINBOW,999,11.06,4/30/2026,2026
CARBON CNTY P,CARBON,RAINBOW,503,11.86,6/4/2026,2026
CARBON CNTY P,CARBON,CHANNEL CATFISH,300,6.8,6/8/2026,2026
CARBON CNTY P,CARBON,RAINBOW,1599,10.28,7/9/2026,2026
CARBON CNTY P,CARBON,WALLEYE,50,4.58,7/14/2026,2026
CAROL L W-51,SUMMIT,BROOK TROUT,270,3.03,7/23/2026,2026
CART CR,DAGGETT,RAINBOW,200,11.05,6/8/2026,2026
CART CR,DAGGETT,RAINBOW,198,11.89,6/30/2026,2026
CASPERS POND,CACHE,RAINBOW,325,11.13,6/11/2026,2026
CASTLE L G-11,SUMMIT,TIGER TROUT,600,3.19,7/25/2026,2026
CASTLE L W-67,SUMMIT,CUTTHROAT,826,2.59,7/22/2026,2026
CATHERINE L,SALT LAKE,BROOK TROUT,1200,3.03,7/22/2026,2026
CAUSEY RES,WEBER,RAINBOW,1056,11.6,5/12/2026,2026
CAUSEY RES,WEBER,RAINBOW,1056,11.6,5/12/2026,2026
CAUSEY RES,WEBER,RAINBOW,1056,11.6,5/13/2026,2026
CAUSEY RES,WEBER,RAINBOW,1056,11.6,5/13/2026,2026
CAUSEY RES,WEBER,TIGER TROUT,1992,10.6,7/13/2026,2026
CHALK CR,SUMMIT,RAINBOW,101,11.6,5/18/2026,2026
CHALK CR,MILLARD,RAINBOW,130,10.12,5/19/2026,2026
CHALK CR,MILLARD,TIGER TROUT,251,9.89,6/3/2026,2026
CHALK CR,MILLARD,RAINBOW,126,10.54,6/29/2026,2026
CHARITY L P-16,SUMMIT,BROOK TROUT,200,3.03,7/23/2026,2026
CHINA L G-21,SUMMIT,BROOK TROUT,3895,3.48,7/15/2026,2026
CHUCK L BTN,GARFIELD,BROOK TROUT,106,2.77,7/13/2026,2026
CLEAR L NBS,WAYNE,TIGER TROUT,51,2.75,7/7/2026,2026
CLEGG L A-47,SUMMIT,BROOK TROUT,250,3.03,7/23/2026,2026
CLEVELAND L WR-7,DUCHESNE,BROOK TROUT,2443,3.48,7/15/2026,2026
CLEVELAND RES,EMERY,RAINBOW,999,9.75,4/21/2026,2026
CLEVELAND RES,EMERY,RAINBOW,3013,9.84,5/4/2026,2026
CLIFF L A-34,SUMMIT,CUTTHROAT,1004,2.04,7/23/2026,2026
CLIFF L WR-49,DUCHESNE,TIGER TROUT,2002,4.08,7/21/2026,2026
CLINTON POND,DAVIS,RAINBOW,344,9.69,4/7/2026,2026
CLINTON POND,DAVIS,RAINBOW,575,9.43,4/22/2026,2026
CLINTON POND,DAVIS,RAINBOW,689,9.55,5/4/2026,2026
CLINTON POND,DAVIS,RAINBOW,690,9.46,5/19/2026,2026
COLD SPRING L,SEVIER,RAINBOW,520,10.12,5/19/2026,2026
COLD SPRING L,SEVIER,RAINBOW,483,10.54,6/23/2026,2026
COLD SPRING LAKES,BOX ELDER,RAINBOW,314,11.12,6/11/2026,2026
COLD SPRING LAKES,BOX ELDER,RAINBOW,627,10.82,6/22/2026,2026
COLEMAN RES NBS,WAYNE,RAINBOW,151,9.83,5/11/2026,2026
COLEMAN RES NBS,WAYNE,BROOK TROUT,250,2.69,7/7/2026,2026
COLOROW (ASPEN) X-63,DUCHESNE,BROOK TROUT,805,3.52,7/20/2026,2026
COMMUNITY L,SANPETE,TIGER TROUT,990,2.96,5/13/2026,2026
COMMUNITY L,SANPETE,RAINBOW,500,10,5/13/2026,2026
COMMUNITY L,SANPETE,RAINBOW,500,9.75,5/21/2026,2026
COMMUNITY L,SANPETE,RAINBOW,504,9.63,6/16/2026,2026
COMMUNITY L,SANPETE,RAINBOW,250,10.77,7/7/2026,2026
COOK L BT,WAYNE,TIGER TROUT,504,9.67,5/26/2026,2026
COOK L BT,WAYNE,RAINBOW,506,10.54,6/24/2026,2026
COOK L BT,WAYNE,BROOK TROUT,499,2.93,7/13/2026,2026
CORN CR,MILLARD,RAINBOW,130,10.12,5/19/2026,2026
CORN CR,MILLARD,TIGER TROUT,251,9.89,6/3/2026,2026
CORN CR,MILLARD,RAINBOW,126,10.54,6/29/2026,2026
CORNER BEAVER #2,SANPETE,BROOK TROUT,200,2.71,6/30/2026,2026
COTTONWOOD RES,UINTAH,MUSKIE TIGER,1250,2.6,4/27/2026,2026
COVE L,SANPETE,TIGER TROUT,989,4.05,7/8/2026,2026
COVE POND,SALT LAKE,RAINBOW,805,10.28,3/11/2026,2026
COVE POND,SALT LAKE,RAINBOW,143,14.94,3/19/2026,2026
COVE POND,SALT LAKE,RAINBOW,10,18.74,3/19/2026,2026
COVE POND,SALT LAKE,RAINBOW,504,8.86,4/8/2026,2026
COVE POND,SALT LAKE,TIGER TROUT,805,9.35,4/15/2026,2026
COVE POND,SALT LAKE,TIGER TROUT,504,8.59,4/20/2026,2026
COVE POND,SALT LAKE,TIGER TROUT,494,9.09,4/29/2026,2026
COVE POND,SALT LAKE,RAINBOW,1302,11.04,4/29/2026,2026
COVE POND,SALT LAKE,CHANNEL CATFISH,400,6.8,6/8/2026,2026
COVE POND,SALT LAKE,RAINBOW,994,9.81,6/9/2026,2026
COVE POND,SALT LAKE,RAINBOW,506,10.28,7/6/2026,2026
COW POND,SANPETE,BROOK TROUT,50,2.71,6/30/2026,2026
CRATER L BTS,GARFIELD,BROOK TROUT,200,2.77,7/14/2026,2026
CRATER L X-94,DUCHESNE,SPLAKE,500,2.95,7/22/2026,2026
CRESCENT L BTS,GARFIELD,TIGER TROUT,53,2.87,7/13/2026,2026
CRESCENT L BTS,GARFIELD,CUTTHROAT,250,2.6,7/13/2026,2026
CRYSTAL L A-51,SUMMIT,BROOK TROUT,1000,3.03,7/23/2026,2026
CUB L BT,WAYNE,BROOK TROUT,47,2.77,7/13/2026,2026
CUBERANT NO 3 W-44,SUMMIT,BROOK TROUT,400,3.03,7/23/2026,2026
CUBERANT NO 4 W-45,SUMMIT,CUTTHROAT,3313,2.04,7/22/2026,2026
CURRANT CR,WASATCH,CUTTHROAT,1503,5.27,5/13/2026,2026
CURRANT CR,WASATCH,RAINBOW,497,10.41,5/14/2026,2026
CURRANT CR,WASATCH,RAINBOW,500,11.38,6/5/2026,2026
CURRANT CR RES,WASATCH,CUTTHROAT,4794,5.03,4/24/2026,2026
CURRANT CR RES,WASATCH,CUTTHROAT,6261,5.27,5/13/2026,2026
CURRANT CR RES,WASATCH,RAINBOW,9000,10,5/26/2026,2026
CURRANT CR RES,WASATCH,TIGER TROUT,6502,3.36,6/5/2026,2026
CUTLER RES,CACHE,WALLEYE,39,8.01,3/17/2026,2026
CUTLER RES,CACHE,WALLEYE,9000,0.31,4/1/2026,2026
D-19,DUCHESNE,BROOK TROUT,40,3.03,7/24/2026,2026
D-26,DUCHESNE,BROOK TROUT,300,3.03,7/23/2026,2026
DAGGETT CR,DAGGETT,CUTTHROAT,1202,3.54,8/4/2026,2026
DAGGETT L GR-6,DAGGETT,CUTTHROAT,2013,1.98,7/15/2026,2026
DARK CYN L,SAN JUAN,RAINBOW,1007,10.44,6/1/2026,2026
DARK CYN L,SAN JUAN,RAINBOW,506,10.54,7/6/2026,2026
DARK CYN L,SAN JUAN,TIGER TROUT,400,2.75,7/6/2026,2026
DEAD L BTS,GARFIELD,BROOK TROUT,106,2.77,7/14/2026,2026
DEEP CR L TLM,WAYNE,BROOK TROUT,200,2.77,7/14/2026,2026
DEEP L,SEVIER,RAINBOW,1456,9.83,4/30/2026,2026
DEEP L,SANPETE,BROOK TROUT,476,2.71,6/30/2026,2026
DEER CR L EBS,GARFIELD,CUTTHROAT,1026,2.05,7/13/2026,2026
DEER CR L EBS,GARFIELD,CUTTHROAT,1474,1.61,7/13/2026,2026
DEER CR L EBS,GARFIELD,BROOK TROUT,999,2.77,7/13/2026,2026
DEER CR RES,WASATCH,RAINBOW,4128,13.24,1/12/2026,2026
DEER CR RES,WASATCH,RAINBOW,2542,9.42,3/2/2026,2026
DEER CR RES,WASATCH,RAINBOW,2542,9.42,3/2/2026,2026
DEER CR RES,WASATCH,RAINBOW,1545,9.32,3/3/2026,2026
DEER CR RES,WASATCH,RAINBOW,2641,9.46,3/11/2026,2026
DEER CR RES,WASATCH,RAINBOW,2641,9.46,3/11/2026,2026
DEER CR RES,WASATCH,RAINBOW,2803,9.46,3/11/2026,2026
DEER CR RES,WASATCH,RAINBOW,1322,9.46,3/17/2026,2026
DEER CR RES,WASATCH,RAINBOW,1322,9.46,3/17/2026,2026
DEER CR RES,WASATCH,RAINBOW,750,9.46,3/18/2026,2026
DEER CR RES,WASATCH,RAINBOW,9536,9.49,5/28/2026,2026
DEER CR RES,WASATCH,RAINBOW,8940,9.49,5/28/2026,2026
DEER CR RES,WASATCH,RAINBOW,1002,10.8,6/24/2026,2026
DEER CR RES,WASATCH,RAINBOW,1997,10.48,6/24/2026,2026
DEER VALLEY LAKES,SUMMIT,RAINBOW,301,10.09,4/27/2026,2026
DEER VALLEY LAKES,SUMMIT,RAINBOW,301,10.33,5/6/2026,2026
DEER VALLEY LAKES,SUMMIT,RAINBOW,304,10.33,5/11/2026,2026
DEER VALLEY LAKES,SUMMIT,RAINBOW,600,10.44,5/21/2026,2026
DEER VALLEY LAKES,SUMMIT,RAINBOW,600,10.57,6/2/2026,2026
DEER VALLEY LAKES,SUMMIT,RAINBOW,311,10.57,6/10/2026,2026
DEER VALLEY LAKES,SUMMIT,RAINBOW,300,11.49,6/17/2026,2026
DEER VALLEY LAKES,SUMMIT,RAINBOW,301,11.22,6/22/2026,2026
DIAMOND FK CR,UTAH,CUTTHROAT,5025,2.22,6/22/2026,2026
DIAMOND FK R,UTAH,BROWN TROUT,17564,3.22,6/10/2026,2026
DOLLAR L G-2,SUMMIT,TIGER TROUT,1000,3.19,7/25/2026,2026
DONS L,GRAND,RAINBOW,1008,9.59,4/20/2026,2026
DONS L,GRAND,RAINBOW,994,10.54,6/22/2026,2026
DOUGHERTY BASIN NCL,GARFIELD,CUTTHROAT,1002,2.05,7/13/2026,2026
DUCHESNE R,DUCHESNE,RAINBOW,400,11.38,6/11/2026,2026
DUCHESNE R,DUCHESNE,RAINBOW,400,11.4,7/1/2026,2026
"DUCHESNE R, N FK",DUCHESNE,RAINBOW,462,10.93,6/11/2026,2026
"DUCHESNE R, N FK",DUCHESNE,RAINBOW,332,11.38,6/11/2026,2026
"DUCHESNE R, N FK",DUCHESNE,RAINBOW,799,11.4,7/1/2026,2026
"DUCHESNE R, N FK",DUCHESNE,RAINBOW,708,12.18,7/22/2026,2026
DUCK CR,KANE,RAINBOW,360,9.03,5/21/2026,2026
DUCK CR,KANE,RAINBOW,221,9.65,6/4/2026,2026
DUCK CR,KANE,RAINBOW,172,9.75,6/16/2026,2026
DUCK CR SPRINGS,KANE,RAINBOW,599,11.19,3/23/2026,2026
DUCK CR SPRINGS,KANE,TIGER TROUT,1000,9.29,5/12/2026,2026
DUCK CR SPRINGS,KANE,RAINBOW,720,9.03,5/21/2026,2026
DUCK CR SPRINGS,KANE,RAINBOW,664,9.65,6/4/2026,2026
DUCK CR SPRINGS,KANE,RAINBOW,715,9.75,6/16/2026,2026
DUCK CR SPRINGS,KANE,RAINBOW,358,9.74,7/1/2026,2026
DUCK CR SPRINGS,KANE,RAINBOW,353,9.8,7/1/2026,2026
DUCK CR SPRINGS,KANE,RAINBOW,608,9.94,7/23/2026,2026
DUCK FK RES,SANPETE,TIGER TROUT,1960,3.71,6/24/2026,2026
DWAIN'S POND NBS,WAYNE,BROOK TROUT,50,2.69,7/7/2026,2026
EAST CYN RES,MORGAN,KOKANEE,33009,2.91,3/20/2026,2026
EAST CYN RES,MORGAN,KOKANEE,34303,2.99,3/25/2026,2026
EAST CYN RES,MORGAN,RAINBOW,2000,10.06,4/8/2026,2026
EAST L BTS,GARFIELD,BROOK TROUT,249,2.93,7/13/2026,2026
EAST PARK RES,UINTAH,RAINBOW,160,12.98,5/21/2026,2026
EAST PARK RES,UINTAH,BROOK TROUT,500,3.29,6/10/2026,2026
EAST PARLEY'S,SANPETE,BROOK TROUT,325,2.71,6/30/2026,2026
ECHO RES,SUMMIT,RAINBOW,661,11.73,5/18/2026,2026
ECHO RES,SUMMIT,RAINBOW,661,11.73,5/18/2026,2026
ECHO RES,SUMMIT,RAINBOW,960,11.6,5/18/2026,2026
ECHO RES,SUMMIT,RAINBOW,859,11.6,5/18/2026,2026
ECHO RES,SUMMIT,RAINBOW,1440,11.6,5/18/2026,2026
ECHO RES,SUMMIT,RAINBOW,1440,11.6,5/18/2026,2026
ECHO RES,SUMMIT,RAINBOW,1440,11.6,5/18/2026,2026
ECHO RES,SUMMIT,RAINBOW,1440,11.6,5/18/2026,2026
ELECTRIC L,EMERY,TIGER TROUT,9900,2.96,5/12/2026,2026
ELECTRIC L,EMERY,LAKE TROUT,250,4.7,7/20/2026,2026
ELKHORN L W-64,SUMMIT,BROOK TROUT,100,3.03,7/23/2026,2026
EMERALD L,SANPETE,BROOK TROUT,54,3.03,7/23/2026,2026
EMERY (LARSON) RES,SANPETE,TIGER TROUT,2506,2.87,7/14/2026,2026
"ENTERPRISE RES,LOWER",WASHINGTON,RAINBOW,2503,10.09,4/8/2026,2026
"ENTERPRISE RES,UPPER",WASHINGTON,CUTBOW CTBL*RTWV,135,12.4,2/5/2026,2026
"ENTERPRISE RES,UPPER",WASHINGTON,RAINBOW,10000,5.82,3/18/2026,2026
"ENTERPRISE RES,UPPER",WASHINGTON,CUTBOW CTBL*RTWV,10032,5.6,8/18/2026,2026
FAIRMONT PARK SLC,SALT LAKE,RAINBOW,350,8.94,3/11/2026,2026
FAIRMONT PARK SLC,SALT LAKE,RAINBOW,349,10.07,4/1/2026,2026
FAIRMONT PARK SLC,SALT LAKE,RAINBOW,701,10.09,4/27/2026,2026
FAIRMONT PARK SLC,SALT LAKE,RAINBOW,352,10.22,5/12/2026,2026
FAIRMONT PARK SLC,SALT LAKE,RAINBOW,251,10.57,6/2/2026,2026
FAIRVIEW L,SANPETE,RAINBOW,3996,9.75,4/26/2026,2026
FAITH L A-16,SUMMIT,BROOK TROUT,100,3.03,7/23/2026,2026
FARMINGTON CITY RES,DAVIS,RAINBOW,250,17.1,3/20/2026,2026
FARMINGTON CITY RES,DAVIS,RAINBOW,60,20.27,3/20/2026,2026
FARMINGTON CITY RES,DAVIS,RAINBOW,150,20.27,3/20/2026,2026
FARMINGTON CITY RES,DAVIS,RAINBOW,701,9.91,4/28/2026,2026
FARMINGTON CITY RES,DAVIS,RAINBOW,700,10.77,5/11/2026,2026
FARMINGTON CITY RES,DAVIS,RAINBOW,600,10.83,6/1/2026,2026
FARNSWORTH L,SEVIER,TIGER TROUT,499,9.75,6/17/2026,2026
FARRALS POND TLM,SEVIER,TIGER TROUT,43,3.07,8/4/2026,2026
FERN L X-5,DUCHESNE,BROOK TROUT,1450,3.03,7/24/2026,2026
FERRON RES,SANPETE,RAINBOW,1999,10.6,5/27/2026,2026
FERRON RES,SANPETE,BROOK TROUT,1514,3.11,7/21/2026,2026
FISH CR L NBS,WAYNE,TIGER TROUT,1005,2.87,7/13/2026,2026
FISH L,SEVIER,KOKANEE,93518,2.43,3/12/2026,2026
FISH L,SEVIER,KOKANEE,73530,2.17,3/12/2026,2026
FISH L,SEVIER,KOKANEE,49173,2.73,3/23/2026,2026
FISH L,SEVIER,KOKANEE,51632,2.73,3/23/2026,2026
FISH L,SEVIER,KOKANEE,42765,2.73,3/23/2026,2026
FISH L,SEVIER,KOKANEE,9016,2.73,3/23/2026,2026
FISH L,SEVIER,KOKANEE,37008,2.73,3/23/2026,2026
FISH L,SEVIER,KOKANEE,25689,2.72,3/25/2026,2026
FISH L,SEVIER,RAINBOW,40316,1.78,4/6/2026,2026
FISH L,SEVIER,RAINBOW,8179,1.92,4/6/2026,2026
FISH L,SEVIER,RAINBOW,7150,9.83,4/13/2026,2026
FISH L,SEVIER,RAINBOW,9815,9.83,4/13/2026,2026
FISH L,SEVIER,RAINBOW,9620,9.83,4/13/2026,2026
FISH L,SEVIER,RAINBOW,7488,10.09,4/13/2026,2026
FISH L,SEVIER,RAINBOW,9438,2.58,4/21/2026,2026
FISH L,SEVIER,KOKANEE,1036,3.5,4/28/2026,2026
FISH L,SEVIER,CUTBOW CTBL*RTWV,19106,1.32,4/30/2026,2026
FISH L,SEVIER,CUTTHROAT,13839,7.66,5/6/2026,2026
FISH L,SEVIER,RAINBOW,22800,4.44,5/19/2026,2026
FISH L,SEVIER,RAINBOW,100351,1.33,5/28/2026,2026
FISH L,SEVIER,CUTBOW CTBL*RTWV,11760,2.09,6/1/2026,2026
FISH L,SEVIER,BROWN TROUT,15360,3.8,6/1/2026,2026
FISH L,SEVIER,RAINBOW,1021,1.46,6/10/2026,2026
FISH L,SEVIER,RAINBOW,49745,1.25,6/10/2026,2026
FISH L,SEVIER,RAINBOW,15572,10.67,6/11/2026,2026
FISH L,SEVIER,RAINBOW,12679,3.94,6/17/2026,2026
FISH L,SEVIER,SPLAKE,36337,2.46,6/22/2026,2026
FISH L,SEVIER,BROOK TROUT,2107,2.61,6/22/2026,2026
FISH L,SEVIER,BROOK TROUT,1100,2.64,6/22/2026,2026
FISH L,SEVIER,SPLAKE,35031,2.46,6/22/2026,2026
FISH L,SEVIER,RAINBOW,27120,1.76,6/24/2026,2026
FISH L,SEVIER,RAINBOW,3840,10.09,7/8/2026,2026
FISH L,SEVIER,RAINBOW,3960,10.09,7/8/2026,2026
FISH L,SEVIER,TIGER TROUT,14300,4.02,7/9/2026,2026
FISH L,SEVIER,TIGER TROUT,17600,4.02,7/9/2026,2026
FISH L,SEVIER,CUTBOW CTBL*RTWV,43050,1.68,7/9/2026,2026
FISH L,SEVIER,RAINBOW,50193,3.29,7/9/2026,2026
FISH L,SEVIER,RAINBOW,46575,2.37,7/16/2026,2026
FISH L,SEVIER,BROOK TROUT,3470,3.19,7/29/2026,2026
FISH L,SEVIER,RAINBOW,20673,3.12,7/29/2026,2026
FISH L,SEVIER,BROOK TROUT,12608,3.1,7/29/2026,2026
FISH L,SEVIER,SPLAKE,19946,3.15,7/29/2026,2026
FISH L,SEVIER,BROOK TROUT,4878,3.04,7/30/2026,2026
FISH L,SEVIER,BROOK TROUT,6000,3.14,8/4/2026,2026
FISH L,SEVIER,RAINBOW,1552,11.28,8/12/2026,2026
FISH L,SEVIER,RAINBOW,3104,11.28,8/12/2026,2026
FISH L,SEVIER,RAINBOW,1764,10.51,8/18/2026,2026
FISH L,SEVIER,RAINBOW,3600,10.51,8/18/2026,2026
FLAMING GORGE RES,DAGGETT,KOKANEE,70219,1.64,2/2/2026,2026
FLAMING GORGE RES,DAGGETT,KOKANEE,25000,2.45,3/9/2026,2026
FLAMING GORGE RES,DAGGETT,RAINBOW,2907,9.01,3/27/2026,2026
FLAMING GORGE RES,DAGGETT,RAINBOW,11628,9.01,3/27/2026,2026
FLAMING GORGE RES,DAGGETT,RAINBOW,2907,9.01,3/27/2026,2026
FLAMING GORGE RES,DAGGETT,RAINBOW,2400,9.56,3/30/2026,2026
FLAMING GORGE RES,DAGGETT,RAINBOW,2233,9.67,3/30/2026,2026
FLAMING GORGE RES,DAGGETT,RAINBOW,1763,9.69,3/30/2026,2026
FLAMING GORGE RES,DAGGETT,RAINBOW,1763,9.69,3/30/2026,2026
FLAMING GORGE RES,DAGGETT,RAINBOW,1763,9.69,3/30/2026,2026
FLAMING GORGE RES,DAGGETT,RAINBOW,1763,9.69,3/30/2026,2026
FLAMING GORGE RES,DAGGETT,RAINBOW,2907,9.01,3/31/2026,2026
FLAMING GORGE RES,DAGGETT,RAINBOW,2736,9.01,3/31/2026,2026
FLAMING GORGE RES,DAGGETT,RAINBOW,9975,9.73,3/31/2026,2026
FLAMING GORGE RES,DAGGETT,RAINBOW,9900,9.85,3/31/2026,2026
FLAMING GORGE RES,DAGGETT,RAINBOW,2907,9.01,3/31/2026,2026
FLAMING GORGE RES,DAGGETT,RAINBOW,1368,9.01,3/31/2026,2026
FLAMING GORGE RES,DAGGETT,RAINBOW,2907,9.01,3/31/2026,2026
FLAMING GORGE RES,DAGGETT,RAINBOW,2907,9.01,3/31/2026,2026
FLAMING GORGE RES,DAGGETT,RAINBOW,2736,9.01,3/31/2026,2026
FLAMING GORGE RES,DAGGETT,RAINBOW,2736,9.01,3/31/2026,2026
FLAMING GORGE RES,DAGGETT,RAINBOW,10800,9.56,4/1/2026,2026
FLAMING GORGE RES,DAGGETT,RAINBOW,9720,9.91,4/1/2026,2026
FLAMING GORGE RES,DAGGETT,RAINBOW,2472,9.47,4/2/2026,2026
FLAMING GORGE RES,DAGGETT,RAINBOW,10268,9.54,4/2/2026,2026
FLAMING GORGE RES,DAGGETT,RAINBOW,2416,9.54,4/2/2026,2026
FLAMING GORGE RES,DAGGETT,RAINBOW,53070,9.13,4/8/2026,2026
FLAMING GORGE RES,DAGGETT,RAINBOW,53003,9.1,4/8/2026,2026
FLAMING GORGE RES,DAGGETT,KOKANEE,20654,3.91,5/20/2026,2026
FLAMING GORGE RES,DAGGETT,KOKANEE,41307,3.91,5/20/2026,2026
FLAMING GORGE RES,DAGGETT,KOKANEE,9098,3.89,5/21/2026,2026
FLAMING GORGE RES,DAGGETT,RAINBOW,3337,11.27,5/30/2026,2026
FLAMING GORGE RES,DAGGETT,RAINBOW,1317,11.03,6/9/2026,2026
FLAMING GORGE RES,DAGGETT,RAINBOW,1800,11.36,6/12/2026,2026
FLAMING GORGE RES,DAGGETT,RAINBOW,996,12.01,7/19/2026,2026
FLAMING GORGE RES,DAGGETT,RAINBOW,644,12.03,7/21/2026,2026
FLOATING ISLAND TLM,SEVIER,TIGER TROUT,130,3.07,8/4/2026,2026
FLOATING ISLAND TLM,SEVIER,SPLAKE,120,3.13,8/4/2026,2026
FLORENCE L,SALT LAKE,BROOK TROUT,500,3.03,7/22/2026,2026
FOREBAY POND,IRON,RAINBOW,490,10.7,3/16/2026,2026
FOREBAY POND,IRON,RAINBOW,504,9.03,5/20/2026,2026
FOREBAY POND,IRON,RAINBOW,508,9.8,6/30/2026,2026
FOY L,SAN JUAN,RAINBOW,1601,10.09,4/8/2026,2026
FOY L,SAN JUAN,RAINBOW,1498,9.87,4/23/2026,2026
FREMONT R,WAYNE,BROWN TROUT,4000,2.97,4/22/2026,2026
FREMONT R,WAYNE,BROWN TROUT,2000,2.97,4/22/2026,2026
FT BUENAVENTURA P,WEBER,RAINBOW,500,11.73,4/29/2026,2026
G- 13,SUMMIT,BROOK TROUT,804,3.51,7/15/2026,2026
G- 52,SUMMIT,BROOK TROUT,300,3.51,7/15/2026,2026
G- 61,SUMMIT,BROOK TROUT,402,3.51,7/15/2026,2026
G- 64,SUMMIT,TIGER TROUT,340,3.19,7/25/2026,2026
G- 67,SUMMIT,BROOK TROUT,770,3.03,7/23/2026,2026
G- 68,SUMMIT,BROOK TROUT,410,3.03,7/23/2026,2026
G- 82,SUMMIT,BROOK TROUT,190,3.03,7/23/2026,2026
GAIL L GR-115,SUMMIT,CUTTHROAT,512,1.98,7/15/2026,2026
GARDEN CITY HERITAGE COM,RICH,RAINBOW,500,11.73,4/28/2026,2026
GARDEN CITY HERITAGE COM,RICH,RAINBOW,500,10.96,6/29/2026,2026
GARDEN CITY HERITAGE COM,RICH,RAINBOW,1000,11.7,8/7/2026,2026
GARKANE EAST FK,GARFIELD,TIGER TROUT,414,9.75,6/18/2026,2026
"GARKANE IMP, MAIN FK",GARFIELD,RAINBOW,560,9.87,4/23/2026,2026
"GARKANE IMP, MAIN FK",GARFIELD,RAINBOW,440,10.54,6/17/2026,2026
"GARKANE IMP, MAIN FK",GARFIELD,TIGER TROUT,300,9.75,6/18/2026,2026
GATES L,SEVIER,RAINBOW,806,10.13,6/2/2026,2026
GATES L,SEVIER,TIGER TROUT,251,3.37,8/11/2026,2026
GEM L Z-18,DUCHESNE,BROOK TROUT,200,3.03,7/23/2026,2026
GIGLIOTTI POND,CARBON,RAINBOW,1011,10.52,3/24/2026,2026
GIGLIOTTI POND,CARBON,RAINBOW,503,11.86,6/4/2026,2026
GLASSMANS POND,WEBER,RAINBOW,226,9.69,4/7/2026,2026
GLASSMANS POND,WEBER,RAINBOW,375,9.43,4/22/2026,2026
GLASSMANS POND,WEBER,RAINBOW,451,9.55,5/4/2026,2026
GLASSMANS POND,WEBER,RAINBOW,451,9.46,5/19/2026,2026
GLENWOOD POND,SEVIER,RAINBOW,300,9.95,3/30/2026,2026
GLENWOOD POND,SEVIER,RAINBOW,201,10.12,5/12/2026,2026
GOOD SKI LAKE (21ST PO),WEBER,RAINBOW,501,11.73,4/27/2026,2026
GOOD SKI LAKE (21ST PO),WEBER,RAINBOW,500,10.9,5/20/2026,2026
GOOSEBERRY RES,SANPETE,RAINBOW,2000,10,5/4/2026,2026
GOOSEBERRY RES,SANPETE,RAINBOW,2997,9.75,6/16/2026,2026
GOOSEBERRY RES,SANPETE,RAINBOW,998,10.28,7/14/2026,2026
GOVERNORS L Z-24,DUCHESNE,BROOK TROUT,3600,3.03,7/24/2026,2026
GR-152,SUMMIT,BROOK TROUT,497,3.51,7/15/2026,2026
GR-154,SUMMIT,BROOK TROUT,197,3.51,7/15/2026,2026
GR-160,SUMMIT,BROOK TROUT,252,3.51,7/15/2026,2026
GR-173,SUMMIT,BROOK TROUT,402,3.51,7/15/2026,2026
GRANTSVILLE RES,TOOELE,RAINBOW,1502,10.6,3/16/2026,2026
GRANTSVILLE RES,TOOELE,RAINBOW,1502,10.6,3/16/2026,2026
GRANTSVILLE RES,TOOELE,RAINBOW,2007,11.24,4/14/2026,2026
GRANTSVILLE RES,TOOELE,RAINBOW,948,14.56,5/5/2026,2026
GRANTSVILLE RES,TOOELE,RAINBOW,690,12.74,5/6/2026,2026
GRANTSVILLE RES,TOOELE,RAINBOW,114,14.56,5/6/2026,2026
GRANTSVILLE RES,TOOELE,RAINBOW,872,12.74,5/6/2026,2026
GRANTSVILLE RES,TOOELE,RAINBOW,2240,12.13,5/11/2026,2026
GRANTSVILLE RES,TOOELE,RAINBOW,2304,12.02,5/18/2026,2026
GRANTSVILLE RES,TOOELE,RAINBOW,1959,11.86,5/26/2026,2026
GRANTSVILLE RES,TOOELE,RAINBOW,2380,12.13,6/8/2026,2026
GRANTSVILLE RES,TOOELE,RAINBOW,819,12.44,6/23/2026,2026
GRASS L SB,GARFIELD,BROOK TROUT,149,2.93,7/13/2026,2026
GRASS L SB,GARFIELD,BROOK TROUT,76,3.1,8/4/2026,2026
GRASSY LAKE RES,SANPETE,TIGER TROUT,2860,2.96,5/12/2026,2026
GRASSY LAKE RES,SANPETE,RAINBOW,994,9.63,6/16/2026,2026
GRASSY LAKE RES,SANPETE,RAINBOW,500,10.77,7/8/2026,2026
GRASSY LAKE RES,SANPETE,RAINBOW,499,10.28,7/20/2026,2026
GREEN L EBS,GARFIELD,BROOK TROUT,149,2.93,7/13/2026,2026
GREEN L NBS,WAYNE,BROOK TROUT,505,2.77,7/13/2026,2026
GREEN R,DAGGETT,RAINBOW,2884,11.19,3/2/2026,2026
GREEN R,DAGGETT,RAINBOW,4872,11.41,3/9/2026,2026
GREEN R,DAGGETT,RAINBOW,4758,11.3,3/9/2026,2026
GREEN R,DAGGETT,CHUB,4339,8.44,4/15/2026,2026
GREEN R,DAGGETT,CHUB,8,8.21,4/15/2026,2026
GREEN R,DAGGETT,CHUB,4022,8.21,4/15/2026,2026
GREEN R,DAGGETT,RAINBOW,1328,12.01,7/19/2026,2026
GREEN R,DAGGETT,RAINBOW,1675,12.03,7/21/2026,2026
GUNNISON BEND RES,MILLARD,WALLEYE,45500,0.19,4/2/2026,2026
GUNNISON BEND RES,MILLARD,WALLEYE,134000,0.19,4/2/2026,2026
HACKING L GR-40,UINTAH,TIGER TROUT,150,3.77,6/30/2026,2026
HACKING L GR-40,UINTAH,RAINBOW,250,11.89,6/30/2026,2026
HALF MOON L BTS,GARFIELD,BROOK TROUT,498,2.93,7/13/2026,2026
HALLS FK,UTAH,CUTTHROAT,3036,2.22,6/22/2026,2026
HAMILTON RES,SEVIER,BROOK TROUT,252,3.23,8/11/2026,2026
HAMILTON RES,SEVIER,TIGER TROUT,101,3.37,8/11/2026,2026
HAYDEN FK,SUMMIT,RAINBOW,251,10.5,6/30/2026,2026
HAYDEN FK,SUMMIT,RAINBOW,200,10.77,7/14/2026,2026
HAYDEN FK,SUMMIT,RAINBOW,200,10.77,7/27/2026,2026
HAYDEN L BR-36,SUMMIT,TIGER TROUT,450,3.19,7/25/2026,2026
"HEART L, NORTH NB",WAYNE,TIGER TROUT,51,2.75,7/7/2026,2026
"HEART L, SOUTH NBS",WAYNE,TIGER TROUT,51,2.75,7/7/2026,2026
HELEN L X-126,DUCHESNE,BROOK TROUT,845,3.52,7/20/2026,2026
HENDRICKSON L,IRON,BROOK TROUT,998,2.77,7/14/2026,2026
HIDDEN L,GRAND,RAINBOW,1050,9.59,4/20/2026,2026
HIDDEN L,GRAND,RAINBOW,950,10.54,6/22/2026,2026
HIDDEN L A-15,SUMMIT,BROOK TROUT,800,3.03,7/23/2026,2026
HIDDEN L DG-27,DUCHESNE,BROOK TROUT,1199,3.51,7/15/2026,2026
HIDDEN L GR-149,SUMMIT,BROOK TROUT,698,3.45,7/16/2026,2026
HIGHLAND GLEN PARK P,UTAH,BROOK TROUT,288,15.92,1/21/2026,2026
HIGHLAND GLEN PARK P,UTAH,RAINBOW,205,10.44,3/10/2026,2026
HIGHLAND GLEN PARK P,UTAH,RAINBOW,19,18.74,3/19/2026,2026
HIGHLAND GLEN PARK P,UTAH,RAINBOW,244,14.94,3/19/2026,2026
HIGHLAND GLEN PARK P,UTAH,RAINBOW,205,10.44,3/23/2026,2026
HIGHLAND GLEN PARK P,UTAH,TIGER TROUT,1205,8.79,3/31/2026,2026
HIGHLAND GLEN PARK P,UTAH,RAINBOW,204,9.46,4/3/2026,2026
HIGHLAND GLEN PARK P,UTAH,RAINBOW,204,10.77,4/8/2026,2026
HIGHLAND GLEN PARK P,UTAH,RAINBOW,205,10.44,4/13/2026,2026
HIGHLAND GLEN PARK P,UTAH,TIGER TROUT,302,8.59,4/20/2026,2026
HIGHLAND GLEN PARK P,UTAH,RAINBOW,205,10.44,4/22/2026,2026
HIGHLAND GLEN PARK P,UTAH,RAINBOW,408,10.77,4/29/2026,2026
HIGHLAND GLEN PARK P,UTAH,TIGER TROUT,496,9.73,5/7/2026,2026
HIGHLAND GLEN PARK P,UTAH,RAINBOW,205,11.26,5/12/2026,2026
HIGHLAND GLEN PARK P,UTAH,RAINBOW,204,11.86,5/19/2026,2026
HIGHLAND GLEN PARK P,UTAH,TIGER TROUT,455,10.12,6/1/2026,2026
HIGHLAND GLEN PARK P,UTAH,TIGER TROUT,500,10.09,6/9/2026,2026
HIGHLAND GLEN PARK P,UTAH,RAINBOW,500,10.77,6/12/2026,2026
HINKINS POND,EMERY,BROWN TROUT,501,2.97,5/27/2026,2026
HINKINS POND,EMERY,RAINBOW,1002,9.41,6/4/2026,2026
"HOBBLE CR, RT FK",UTAH,CUTTHROAT,3036,2.22,6/22/2026,2026
HOBBS RESERVOIR,DAVIS,RAINBOW,300,17.1,4/10/2026,2026
HOBBS RESERVOIR,DAVIS,RAINBOW,699,9.24,4/14/2026,2026
HOBBS RESERVOIR,DAVIS,BROWN TROUT,5000,2.86,5/26/2026,2026
HOLMES CR RES,DAVIS,RAINBOW,999,9.5,3/24/2026,2026
HOLMES CR RES,DAVIS,RAINBOW,1501,9.64,4/13/2026,2026
HONEYMOON L NB,WAYNE,TIGER TROUT,148,2.87,7/13/2026,2026
HONEYMOON L NB,WAYNE,BROOK TROUT,50,2.93,7/13/2026,2026
HOOK L X-81,DUCHESNE,BROOK TROUT,1047,3.52,7/20/2026,2026
HOOP L,SUMMIT,RAINBOW,1096,10.03,6/15/2026,2026
HOOP L,SUMMIT,RAINBOW,1503,10.03,6/15/2026,2026
HOOP L,SUMMIT,RAINBOW,7992,4.83,7/6/2026,2026
HOOP L,SUMMIT,TIGER TROUT,500,11.12,7/28/2026,2026
HORSESHOE L BTS,GARFIELD,TIGER TROUT,53,2.87,7/13/2026,2026
HORSESHOE L BTS,GARFIELD,BROOK TROUT,299,2.93,7/13/2026,2026
HORSESHOE L RC-38,DUCHESNE,BROOK TROUT,148,3.52,7/20/2026,2026
HUNTINGTON NORTH RES,EMERY,RAINBOW,1801,9.75,3/24/2026,2026
HUNTINGTON NORTH RES,EMERY,RAINBOW,1445,9.75,3/24/2026,2026
HUNTINGTON NORTH RES,EMERY,BROWN TROUT,1000,2.97,4/28/2026,2026
HUNTINGTON RES,SANPETE,TIGER TROUT,9900,2.96,5/12/2026,2026
HUNTINGTON RES,SANPETE,SPLAKE,5004,2.99,7/20/2026,2026
HYRUM RES,CACHE,RAINBOW,5580,9.89,2/9/2026,2026
HYRUM RES,CACHE,RAINBOW,648,8.05,3/18/2026,2026
HYRUM RES,CACHE,RAINBOW,350,15.29,4/23/2026,2026
HYRUM RES,CACHE,BROWN TROUT,2100,3.35,5/12/2026,2026
Harrisville City Pond,WEBER,RAINBOW,240,9.24,4/14/2026,2026
Harrisville City Pond,WEBER,RAINBOW,200,9.91,4/28/2026,2026
Harrisville City Pond,WEBER,RAINBOW,201,10.77,5/11/2026,2026
Harrisville City Pond,WEBER,RAINBOW,160,10.83,6/1/2026,2026
INDIAN CR RES,BEAVER,RAINBOW,1040,9.83,4/21/2026,2026
INDIAN CR RES,BEAVER,TIGER TROUT,1016,10.14,6/1/2026,2026
IRON MINE L D-33,WASATCH,RAINBOW,502,9.75,6/16/2026,2026
IRON MINE L D-33,WASATCH,TIGER TROUT,504,10.07,7/9/2026,2026
ISLAND L A-57,SUMMIT,CUTTHROAT,3012,2.04,7/22/2026,2026
ISLAND L G-9,SUMMIT,TIGER TROUT,1000,3.19,7/25/2026,2026
JACK L X-133,DUCHESNE,BROOK TROUT,201,3.52,7/20/2026,2026
JACKS L A-13,SUMMIT,BROOK TROUT,120,3.03,7/23/2026,2026
JACKSON FLAT RES.,KANE,RAINBOW,407,14.68,4/8/2026,2026
JACOBS VALLEY RES,GARFIELD,TIGER TROUT,995,10.73,6/10/2026,2026
JAMES L A-31,SUMMIT,BROOK TROUT,200,3.03,7/23/2026,2026
JEAN L Z-41,DUCHESNE,BROOK TROUT,2000,3.03,7/24/2026,2026
JENSEN NATURE PARK POND,DAVIS,BROWN TROUT,382,14.44,1/13/2026,2026
JENSEN NATURE PARK POND,DAVIS,RAINBOW,499,9.46,3/16/2026,2026
JENSEN NATURE PARK POND,DAVIS,RAINBOW,600,9.69,4/7/2026,2026
JENSEN NATURE PARK POND,DAVIS,RAINBOW,180,20.27,4/7/2026,2026
JENSEN NATURE PARK POND,DAVIS,RAINBOW,501,9.43,4/22/2026,2026
JENSEN NATURE PARK POND,DAVIS,RAINBOW,1200,9.55,5/4/2026,2026
JENSEN NATURE PARK POND,DAVIS,RAINBOW,699,9.46,5/19/2026,2026
JENSEN NATURE PARK POND,DAVIS,RAINBOW,500,10.77,6/1/2026,2026
JERRY L W-28,SUMMIT,BROOK TROUT,400,3.03,7/23/2026,2026
JESSON L GR-1,SUMMIT,CUTTHROAT,1903,1.98,7/15/2026,2026
JEWKES-VAN BUREN L,SANPETE,TIGER TROUT,989,4.05,7/9/2026,2026
JEWKES-VAN BUREN L,SANPETE,BROOK TROUT,1015,3.11,7/20/2026,2026
JILL L X-111,DUCHESNE,BROOK TROUT,268,3.52,7/20/2026,2026
JOAN L Z-19,DUCHESNE,BROOK TROUT,500,3.03,7/23/2026,2026
JOE LAY L NCL,GARFIELD,BROOK TROUT,199,2.93,7/13/2026,2026
JOES VALLEY RES,EMERY,MUSKIE TIGER,808,7.62,6/22/2026,2026
JOES VALLEY RES,EMERY,MUSKIE TIGER,800,7.36,6/22/2026,2026
JOES VALLEY RES,EMERY,RAINBOW,25029,2.9,6/23/2026,2026
JORDAN L Z-35,DUCHESNE,BROOK TROUT,1800,3.03,7/24/2026,2026
JORDANELLE RES,WASATCH,KOKANEE,188870,3.11,4/20/2026,2026
JORDANELLE RES,WASATCH,KOKANEE,23100,3.3,4/20/2026,2026
JORDANELLE RES,WASATCH,KOKANEE,38885,3.11,4/20/2026,2026
JORDANELLE RES,WASATCH,RAINBOW,1550,11.73,5/19/2026,2026
JORDANELLE RES,WASATCH,RAINBOW,1395,11.73,5/19/2026,2026
JORDANELLE RES,WASATCH,RAINBOW,1395,11.73,5/19/2026,2026
JORDANELLE RES,WASATCH,RAINBOW,1550,11.73,5/19/2026,2026
JORDANELLE RES,WASATCH,RAINBOW,1260,12.13,5/20/2026,2026
JORDANELLE RES,WASATCH,RAINBOW,1260,12.13,5/20/2026,2026
JORDANELLE RES,WASATCH,RAINBOW,1260,12.13,5/20/2026,2026
JORDANELLE RES,WASATCH,RAINBOW,1854,10.67,5/20/2026,2026
JORDANELLE RES,WASATCH,RAINBOW,1854,10.67,5/20/2026,2026
JORDANELLE RES,WASATCH,RAINBOW,1854,10.67,5/20/2026,2026
JORDANELLE RES,WASATCH,RAINBOW,1854,10.67,5/20/2026,2026
JORDANELLE RES,WASATCH,RAINBOW,1260,12.13,5/20/2026,2026
JORDANELLE RES,WASATCH,RAINBOW,945,12.13,5/20/2026,2026
JORDANELLE RES,WASATCH,RAINBOW,347,11.75,5/20/2026,2026
JORDANELLE RES,WASATCH,RAINBOW,1386,11.75,5/20/2026,2026
JORDANELLE RES,WASATCH,RAINBOW,1386,11.75,5/20/2026,2026
JORDANELLE RES,WASATCH,RAINBOW,675,10.96,5/21/2026,2026
JORDANELLE RES,WASATCH,RAINBOW,675,10.96,5/21/2026,2026
JORDANELLE RES,WASATCH,MUSKIE TIGER,2503,8.79,7/9/2026,2026
JORDANELLE RES,WASATCH,MUSKIE TIGER,1031,8.79,7/9/2026,2026
KAYSVILLE STAKE POND,DAVIS,RAINBOW,200,9.42,2/17/2026,2026
KAYSVILLE STAKE POND,DAVIS,RAINBOW,201,9.46,3/16/2026,2026
KAYSVILLE STAKE POND,DAVIS,RAINBOW,701,9.69,4/7/2026,2026
KAYSVILLE STAKE POND,DAVIS,RAINBOW,158,20.27,4/10/2026,2026
KAYSVILLE STAKE POND,DAVIS,RAINBOW,263,17.1,4/10/2026,2026
KAYSVILLE STAKE POND,DAVIS,RAINBOW,849,9.43,4/22/2026,2026
KAYSVILLE STAKE POND,DAVIS,RAINBOW,399,9.55,5/4/2026,2026
KAYSVILLE STAKE POND,DAVIS,RAINBOW,1050,9.46,5/19/2026,2026
"KENTS L, LOWER",BEAVER,RAINBOW,388,2.34,4/15/2026,2026
"KENTS L, LOWER",BEAVER,TIGER TROUT,105,3.37,6/1/2026,2026
"KENTS L, MIDDLE",BEAVER,RAINBOW,2045,9.47,5/28/2026,2026
"KENTS L, MIDDLE",BEAVER,TIGER TROUT,807,3.37,6/1/2026,2026
"KENTS L, MIDDLE",BEAVER,RAINBOW,3770,9.47,6/11/2026,2026
"KENTS L, MIDDLE",BEAVER,RAINBOW,196,9.59,6/17/2026,2026
KIDNEY POND,SALT LAKE,BROOK TROUT,146,15.92,1/21/2026,2026
KIDNEY POND,SALT LAKE,RAINBOW,131,14.94,3/19/2026,2026
KIDNEY POND,SALT LAKE,RAINBOW,19,18.74,3/19/2026,2026
KIDNEY POND,SALT LAKE,RAINBOW,150,9.46,4/3/2026,2026
KIDNEY POND,SALT LAKE,RAINBOW,151,9.69,4/7/2026,2026
KIDNEY POND,SALT LAKE,RAINBOW,220,9.64,4/13/2026,2026
KIDNEY POND,SALT LAKE,RAINBOW,83,9.69,4/27/2026,2026
KIDNEY POND,SALT LAKE,RAINBOW,149,9.55,5/5/2026,2026
KIDNEY POND,SALT LAKE,RAINBOW,149,10.12,5/11/2026,2026
KIDNEY POND,SALT LAKE,RAINBOW,150,9.46,5/21/2026,2026
KIDNEY POND,SALT LAKE,RAINBOW,150,9.46,5/27/2026,2026
KIDNEY POND,SALT LAKE,CHANNEL CATFISH,160,6.79,6/8/2026,2026
KNIGHT IDEAL POND,CARBON,RAINBOW,504,9.97,4/30/2026,2026
KNIGHT IDEAL POND,CARBON,RAINBOW,498,9.41,6/4/2026,2026
KNIGHT IDEAL POND,CARBON,CHANNEL CATFISH,300,6.8,6/8/2026,2026
KNIGHT IDEAL POND,CARBON,RAINBOW,500,10.77,7/9/2026,2026
KOLOB RES,WASHINGTON,RAINBOW,4995,6.06,5/28/2026,2026
KOLOB RES,WASHINGTON,RAINBOW,5025,3.94,5/28/2026,2026
KOLOB RES,WASHINGTON,CUTBOW CTBL*RTWV,11600,2.1,5/28/2026,2026
KOOSHAREM RES,SEVIER,RAINBOW,3001,9.32,3/3/2026,2026
KOOSHAREM RES,SEVIER,RAINBOW,3001,9.32,3/3/2026,2026
LA SAL CR,SAN JUAN,CUTTHROAT,5916,1.88,6/24/2026,2026
LAKE CANYON L,DUCHESNE,CUTTHROAT,15150,5.33,5/28/2026,2026
LAKE CANYON L,DUCHESNE,TIGER TROUT,603,3.25,5/28/2026,2026
LAKE CYN,DUCHESNE,CUTTHROAT,363,5.82,6/24/2026,2026
LAKE FK R,DUCHESNE,RAINBOW,803,10.93,6/11/2026,2026
LAKETOWN RES,RICH,RAINBOW,500,11.73,4/28/2026,2026
LAKETOWN RES,RICH,RAINBOW,749,11.7,7/27/2026,2026
LAMB L GR-19,DAGGETT,CUTTHROAT,512,1.98,7/15/2026,2026
LAMBERT MEADOW L A-2,SUMMIT,BROOK TROUT,150,3.03,7/23/2026,2026
LARVAE L WR-12,DUCHESNE,BROOK TROUT,400,3.62,7/27/2026,2026
LEDGE L BTS,GARFIELD,BROOK TROUT,249,2.93,7/13/2026,2026
LEIGH HILL RES,IRON,RAINBOW,980,10.7,3/16/2026,2026
LEIGH HILL RES,IRON,RAINBOW,1035,10.5,3/17/2026,2026
LEIGH HILL RES,IRON,RAINBOW,986,10.5,3/17/2026,2026
LF-16,DUCHESNE,BROOK TROUT,201,3.52,7/20/2026,2026
LIGHTNING L X-127,DUCHESNE,BROOK TROUT,700,3.03,7/24/2026,2026
LILLIAN L A-43,SUMMIT,BROOK TROUT,200,3.03,7/23/2026,2026
LILLY L A-58,SUMMIT,TIGER TROUT,251,9.89,6/3/2026,2026
LILLY L A-58,SUMMIT,RAINBOW,86,10.14,6/8/2026,2026
LILLY L A-58,SUMMIT,RAINBOW,240,10.14,6/8/2026,2026
LILLY L A-58,SUMMIT,RAINBOW,301,9.82,6/24/2026,2026
LILLY L A-58,SUMMIT,RAINBOW,300,10.5,6/29/2026,2026
LILLY L A-58,SUMMIT,RAINBOW,300,10.77,7/16/2026,2026
LILLY L A-58,SUMMIT,RAINBOW,301,10.98,7/29/2026,2026
LILLY L A-58,SUMMIT,RAINBOW,300,10.77,8/10/2026,2026
LILLY L A-58,SUMMIT,RAINBOW,299,11.24,8/24/2026,2026
LILLY L U-23,DUCHESNE,BROOK TROUT,804,3.51,7/15/2026,2026
LILY L BR-11,SUMMIT,RAINBOW,1001,10.14,6/1/2026,2026
LILY L BR-11,SUMMIT,RAINBOW,850,9.82,6/25/2026,2026
LILY L BR-11,SUMMIT,RAINBOW,752,10.77,7/20/2026,2026
LILY L LOWER A-25,SUMMIT,BROOK TROUT,150,3.03,7/23/2026,2026
LILY L S-15,DUCHESNE,BROOK TROUT,0,3.52,7/20/2026,2026
LILY L S-15,DUCHESNE,BROOK TROUT,2004,3.48,7/20/2026,2026
LILY PAD L X-2,DUCHESNE,BROOK TROUT,1000,3.03,7/24/2026,2026
LITTLE ANTIMONY EMW,GARFIELD,TIGER TROUT,51,2.75,7/8/2026,2026
LITTLE ANTIMONY EMW,GARFIELD,RAINBOW,112,2.61,7/22/2026,2026
LITTLE BLUE,SANPETE,BROOK TROUT,100,2.71,6/30/2026,2026
LITTLE BRUSH CR,UINTAH,RAINBOW,364,11.05,6/8/2026,2026
LITTLE BRUSH CR,UINTAH,RAINBOW,299,11.89,6/30/2026,2026
LITTLE CR RES,RICH,RAINBOW,3801,9.82,4/8/2026,2026
LITTLE DEER CR L D47,WASATCH,BROOK TROUT,300,3.03,7/24/2026,2026
LITTLE DELL RES,SALT LAKE,CUTTHROAT,1591,6.62,5/13/2026,2026
LITTLE DELL RES,SALT LAKE,CUTTHROAT,2603,6.58,5/13/2026,2026
LITTLE DELL RES,SALT LAKE,CUTTHROAT,9030,6.93,5/20/2026,2026
LITTLE DELL RES,SALT LAKE,CUTTHROAT,3509,6.93,5/20/2026,2026
LITTLE DELL RES,SALT LAKE,CUTTHROAT,3147,6.43,5/27/2026,2026
LITTLE DELL RES,SALT LAKE,BROOK TROUT,6960,3.3,6/25/2026,2026
LITTLE HIDDEN L W-21,SUMMIT,BROOK TROUT,500,3.03,7/23/2026,2026
LITTLE MONTES RES,UINTAH,RAINBOW,591,12.01,5/28/2026,2026
LITTLE MONTES RES,UINTAH,RAINBOW,60,11.28,5/28/2026,2026
LITTLE RES,BEAVER,RAINBOW,2015,9.83,4/15/2026,2026
LITTLE SCOUT L EB,GARFIELD,BROOK TROUT,106,2.77,7/14/2026,2026
LLOYDS L,SAN JUAN,RAINBOW,3600,10.09,4/7/2026,2026
LLOYDS L,SAN JUAN,RAINBOW,300,10.09,4/8/2026,2026
LODGEPOLE L X-3,DUCHESNE,BROOK TROUT,1700,3.03,7/24/2026,2026
LOFTY L W-41,SUMMIT,CUTTHROAT,330,2.59,7/22/2026,2026
LOG POND #1,SANPETE,BROOK TROUT,75,2.71,6/30/2026,2026
LOGAN R,CACHE,RAINBOW,300,10.9,5/20/2026,2026
LOGAN R,CACHE,RAINBOW,200,10.87,5/20/2026,2026
LOGAN R,CACHE,RAINBOW,600,10.89,5/20/2026,2026
LOGAN R,CACHE,RAINBOW,165,11.1,6/12/2026,2026
LOGAN R,CACHE,RAINBOW,350,11.12,6/12/2026,2026
LOGAN R,CACHE,RAINBOW,585,11.12,6/12/2026,2026
LOGAN R,CACHE,RAINBOW,585,10.95,7/2/2026,2026
LOGAN R,CACHE,RAINBOW,350,10.96,7/2/2026,2026
LOGAN R,CACHE,RAINBOW,165,10.96,7/2/2026,2026
LOGAN R,CACHE,RAINBOW,350,11.7,7/20/2026,2026
LOGAN R,CACHE,RAINBOW,585,11.7,7/20/2026,2026
LOGAN R,CACHE,RAINBOW,165,11.7,7/20/2026,2026
LOGAN R,CACHE,RAINBOW,198,11.7,7/22/2026,2026
LOGAN R,CACHE,RAINBOW,387,11.7,7/22/2026,2026
LOGAN R,CACHE,RAINBOW,661,11.7,7/22/2026,2026
LOGAN R,CACHE,RAINBOW,300,11.7,8/7/2026,2026
LOGAN R,CACHE,RAINBOW,947,11.7,8/7/2026,2026
LOGAN R,CACHE,RAINBOW,1248,11.7,8/7/2026,2026
LONG PARK RES,DAGGETT,RAINBOW,1001,3.28,6/10/2026,2026
LONG WILLOW BOTTOMS,GARFIELD,TIGER TROUT,127,2.87,7/13/2026,2026
LONG WILLOW BOTTOMS,GARFIELD,CUTTHROAT,500,2.05,7/13/2026,2026
LOST CR RES,MORGAN,KOKANEE,22554,2.95,4/22/2026,2026
LOST CR RES,MORGAN,CUTTHROAT,7540,10.03,4/27/2026,2026
LOST CR RES,MORGAN,CUTTHROAT,2900,10.03,4/27/2026,2026
LOST CR RES,MORGAN,CUTTHROAT,3205,10.03,4/27/2026,2026
LOST CR RES,MORGAN,TIGER TROUT,2744,9.26,5/11/2026,2026
LOST CR RES,MORGAN,RAINBOW,1395,11.73,5/18/2026,2026
LOST CR RES,MORGAN,RAINBOW,1395,11.73,5/18/2026,2026
LOST CR RES,MORGAN,RAINBOW,1395,11.73,5/18/2026,2026
LOST CR RES,MORGAN,RAINBOW,1395,11.73,5/18/2026,2026
LOST CR RES,MORGAN,RAINBOW,427,11.73,5/19/2026,2026
LOST CR RES,MORGAN,SPLAKE,3527,2.71,6/24/2026,2026
LOST CREEK RESERVOIR,SEVIER,TIGER TROUT,499,9.75,6/17/2026,2026
LOST L,GARFIELD,TIGER TROUT,549,9.89,6/3/2026,2026
LOST L A-59,SUMMIT,RAINBOW,2252,10.14,6/8/2026,2026
LOST L A-59,SUMMIT,BROOK TROUT,2001,2.99,6/24/2026,2026
LOST L A-59,SUMMIT,RAINBOW,2249,10.5,6/30/2026,2026
LOST L A-59,SUMMIT,TIGER TROUT,549,11.67,7/14/2026,2026
LOST L(GOVERNMNT)NBS,WAYNE,BROOK TROUT,299,2.93,7/13/2026,2026
LOUDER RANGER STA,IRON,TIGER TROUT,101,10.73,6/9/2026,2026
LOWER WPA,SANPETE,BROOK TROUT,200,2.71,6/30/2026,2026
"LYMAN L, LOWER G-25",SUMMIT,RAINBOW,802,9.75,6/16/2026,2026
"LYMAN L, LOWER G-25",SUMMIT,BROOK TROUT,2987,3.53,6/20/2026,2026
"LYMAN L, LOWER G-25",SUMMIT,RAINBOW,1452,10.98,7/13/2026,2026
"LYMAN L, UPPER G-27",SUMMIT,BROOK TROUT,2489,3.53,6/20/2026,2026
MABA L Z-8,DUCHESNE,BROOK TROUT,300,3.03,7/24/2026,2026
MAMMOTH CR,GARFIELD,BROWN TROUT,3046,3.28,5/6/2026,2026
MAMMOTH CR,GARFIELD,RAINBOW,260,10.12,5/18/2026,2026
MAMMOTH CR,GARFIELD,TIGER TROUT,500,10.19,5/20/2026,2026
MAMMOTH CR,GARFIELD,RAINBOW,242,10.54,6/23/2026,2026
MANILA CREEK PARK POND,UTAH,RAINBOW,469,9.42,2/23/2026,2026
MANILA CREEK PARK POND,UTAH,RAINBOW,19,18.74,3/19/2026,2026
MANILA CREEK PARK POND,UTAH,RAINBOW,244,14.94,3/19/2026,2026
MANILA CREEK PARK POND,UTAH,RAINBOW,469,9.62,3/23/2026,2026
MANILA CREEK PARK POND,UTAH,TIGER TROUT,601,8.79,3/31/2026,2026
MANILA CREEK PARK POND,UTAH,RAINBOW,470,9.69,4/8/2026,2026
MANILA CREEK PARK POND,UTAH,RAINBOW,469,9.64,4/13/2026,2026
MANILA CREEK PARK POND,UTAH,RAINBOW,469,10.44,4/22/2026,2026
MANILA CREEK PARK POND,UTAH,RAINBOW,470,9.69,4/27/2026,2026
MANILA CREEK PARK POND,UTAH,RAINBOW,468,9.55,5/4/2026,2026
MANILA CREEK PARK POND,UTAH,RAINBOW,470,10.12,5/11/2026,2026
MANILA CREEK PARK POND,UTAH,RAINBOW,470,9.46,5/20/2026,2026
MANILA CREEK PARK POND,UTAH,RAINBOW,470,9.46,5/26/2026,2026
MANILA CREEK PARK POND,UTAH,RAINBOW,468,10,6/1/2026,2026
MANILA CREEK PARK POND,UTAH,RAINBOW,470,10.77,6/5/2026,2026
MANILA CREEK PARK POND,UTAH,TIGER TROUT,500,10.09,6/9/2026,2026
MANILA CREEK PARK POND,UTAH,RAINBOW,470,9.69,6/29/2026,2026
MANILA CREEK PARK POND,UTAH,RAINBOW,1242,10.28,7/6/2026,2026
MANILA CREEK PARK POND,UTAH,RAINBOW,500,10.96,7/28/2026,2026
MANTUA RES,BOX ELDER,RAINBOW,5000,9.82,2/9/2026,2026
MAPLE GROVE SPRINGS,MILLARD,RAINBOW,200,9.83,4/16/2026,2026
MAPLE GROVE SPRINGS,MILLARD,RAINBOW,203,9.47,5/14/2026,2026
MAPLE GROVE SPRINGS,MILLARD,RAINBOW,203,9.47,6/10/2026,2026
MAPLE GROVE SPRINGS,MILLARD,RAINBOW,247,10.16,7/20/2026,2026
MAPLE L,UTAH,MUSKIE TIGER,448,1.98,4/22/2026,2026
MAPLE L,UTAH,RAINBOW,600,10,5/13/2026,2026
MAPLE L,UTAH,RAINBOW,1500,10,5/13/2026,2026
MAPLE L,UTAH,TIGER TROUT,500,9.17,5/13/2026,2026
MAPLE L,UTAH,RAINBOW,1080,9.75,5/21/2026,2026
MAPLE L,UTAH,TIGER TROUT,497,10.12,6/1/2026,2026
MAPLE L,UTAH,MUSKIE TIGER,112,7.96,6/22/2026,2026
MAPLE L,UTAH,WIPER,500,8.86,6/23/2026,2026
MAPLE L,UTAH,RAINBOW,1320,10.77,7/7/2026,2026
MARSH L G-19,SUMMIT,RAINBOW,3802,9.82,6/18/2026,2026
MARY L,SALT LAKE,BROOK TROUT,5000,3.03,7/22/2026,2026
MARYS L,SANPETE,RAINBOW,800,10.77,7/8/2026,2026
MATT WARNER RES,UINTAH,BROWN TROUT,3929,3.12,5/27/2026,2026
MAY DAY POND,GARFIELD,TIGER TROUT,1502,2.87,7/14/2026,2026
MAYBEY POND,DAVIS,RAINBOW,201,9.69,4/7/2026,2026
MAYBEY POND,DAVIS,RAINBOW,301,9.43,4/22/2026,2026
MAYOR'S POND,BOX ELDER,RAINBOW,399,9.32,4/14/2026,2026
MCCLELLAN RES,UTAH,RAINBOW,2000,10,5/5/2026,2026
MCCLELLAN RES,UTAH,BROOK TROUT,1202,3.26,6/29/2026,2026
MCPHETERS L BR-14,SUMMIT,TIGER TROUT,950,3.19,7/24/2026,2026
MEADOW CRK P,WEBER,BROWN TROUT,299,14.44,1/13/2026,2026
MEADOW CRK P,WEBER,RAINBOW,200,9.42,2/17/2026,2026
MEADOW CRK P,WEBER,RAINBOW,203,20.27,3/13/2026,2026
MEADOW CRK P,WEBER,RAINBOW,201,9.46,3/16/2026,2026
MEADOW CRK P,WEBER,RAINBOW,501,9.69,4/7/2026,2026
MEADOW CRK P,WEBER,RAINBOW,700,9.43,4/22/2026,2026
MEADOW CRK P,WEBER,RAINBOW,499,9.55,5/4/2026,2026
MEADOW CRK P,WEBER,RAINBOW,799,9.46,5/19/2026,2026
MEADOW CRK P,WEBER,RAINBOW,500,10.77,6/1/2026,2026
MEADOW L W-27,SUMMIT,TIGER TROUT,2200,3.19,7/25/2026,2026
MEDICINE L,SAN JUAN,RAINBOW,533,10.44,6/1/2026,2026
MEDICINE L,SAN JUAN,RAINBOW,506,10.54,7/6/2026,2026
MEEKS L TLM,SEVIER,RAINBOW,768,3.72,5/11/2026,2026
MEEKS L TLM,SEVIER,BROOK TROUT,185,3.1,8/4/2026,2026
MERCHANT VALLEY RES,BEAVER,RAINBOW,250,9.95,5/4/2026,2026
MERCHANT VALLEY RES,BEAVER,BROWN TROUT,223,3.28,5/4/2026,2026
MERCHANT VALLEY RES,BEAVER,RAINBOW,252,9.59,6/17/2026,2026
MID L X-42,DUCHESNE,BROOK TROUT,497,3.52,7/20/2026,2026
MIDAS POND,SALT LAKE,BROOK TROUT,143,15.92,1/21/2026,2026
MIDAS POND,SALT LAKE,RAINBOW,19,18.74,3/19/2026,2026
MIDAS POND,SALT LAKE,RAINBOW,131,14.94,3/19/2026,2026
MIDAS POND,SALT LAKE,RAINBOW,274,9.46,4/3/2026,2026
MIDAS POND,SALT LAKE,RAINBOW,275,9.69,4/7/2026,2026
MIDAS POND,SALT LAKE,RAINBOW,279,9.64,4/13/2026,2026
MIDAS POND,SALT LAKE,RAINBOW,275,9.69,4/27/2026,2026
MIDAS POND,SALT LAKE,RAINBOW,276,9.55,5/5/2026,2026
MIDAS POND,SALT LAKE,RAINBOW,275,10.12,5/11/2026,2026
MIDAS POND,SALT LAKE,RAINBOW,274,9.46,5/21/2026,2026
MIDAS POND,SALT LAKE,RAINBOW,274,9.46,5/27/2026,2026
MIDAS POND,SALT LAKE,CHANNEL CATFISH,200,6.81,6/8/2026,2026
MILL CR,SALT LAKE,CUTTHROAT,201,16.22,5/13/2026,2026
MILL CR,GRAND,BROWN TROUT,4016,3.8,5/27/2026,2026
MILL HOLLOW RES,WASATCH,RAINBOW,365,11.02,5/13/2026,2026
MILL HOLLOW RES,WASATCH,RAINBOW,506,10.33,5/13/2026,2026
MILL HOLLOW RES,WASATCH,RAINBOW,800,12.03,6/3/2026,2026
MILL HOLLOW RES,WASATCH,RAINBOW,599,11.49,6/17/2026,2026
MILL HOLLOW RES,WASATCH,RAINBOW,801,11.22,6/23/2026,2026
MILL HOLLOW RES,WASATCH,BROOK TROUT,1503,2.97,7/6/2026,2026
MILL HOLLOW RES,WASATCH,TIGER TROUT,3335,3.35,7/6/2026,2026
MILL HOLLOW RES,WASATCH,TIGER TROUT,515,3.27,7/6/2026,2026
MILL HOLLOW RES,WASATCH,RAINBOW,501,10.54,7/6/2026,2026
MILL HOLLOW RES,WASATCH,RAINBOW,500,9.98,7/21/2026,2026
MILL HOLLOW RES,WASATCH,TIGER TROUT,688,3.36,7/27/2026,2026
MILL HOLLOW RES,WASATCH,RAINBOW,500,12.53,8/4/2026,2026
MILL HOLLOW RES,WASATCH,RAINBOW,501,12.4,8/17/2026,2026
MILL MEADOW RES,SEVIER,BROOK TROUT,69,15.92,2/9/2026,2026
MILL MEADOW RES,SEVIER,RAINBOW,2588,10.24,3/5/2026,2026
MILL MEADOW RES,SEVIER,RAINBOW,2415,10.24,3/5/2026,2026
MILL MEADOW RES,SEVIER,KOKANEE,5019,2.72,3/25/2026,2026
MILL MEADOW RES,SEVIER,KOKANEE,5106,2.95,4/23/2026,2026
MILL MEADOW RES,SEVIER,MUSKIE TIGER,3000,3.15,5/4/2026,2026
MILLER L BTN,WAYNE,TIGER TROUT,302,9.67,5/26/2026,2026
MILLER L BTN,WAYNE,RAINBOW,299,10.54,6/24/2026,2026
MILLERS FLAT RES,SANPETE,RAINBOW,20085,2.9,6/23/2026,2026
MILLERS FLAT RES,SANPETE,BROOK TROUT,6399,3.62,6/29/2026,2026
MILLERS FLAT RES,SANPETE,BROOK TROUT,516,3.11,7/20/2026,2026
MILLRACE PARK POND,SALT LAKE,RAINBOW,375,9.46,3/10/2026,2026
MILLRACE PARK POND,SALT LAKE,RAINBOW,375,9.46,4/3/2026,2026
MILLRACE PARK POND,SALT LAKE,RAINBOW,374,9.64,4/13/2026,2026
MILLRACE PARK POND,SALT LAKE,RAINBOW,374,9.69,4/27/2026,2026
MILLSITE RES,EMERY,RAINBOW,3900,9.95,3/24/2026,2026
MILLSITE RES,EMERY,RAINBOW,3000,9.95,3/24/2026,2026
MILLSITE RES,EMERY,TIGER TROUT,4950,2.96,5/12/2026,2026
MILLSITE RES,EMERY,SPLAKE,5004,2.71,7/21/2026,2026
MIRROR L Z-3,DUCHESNE,RAINBOW,430,10.14,6/8/2026,2026
MIRROR L Z-3,DUCHESNE,RAINBOW,408,10.14,6/8/2026,2026
MIRROR L Z-3,DUCHESNE,BROOK TROUT,3485,3.53,6/20/2026,2026
MIRROR L Z-3,DUCHESNE,RAINBOW,1503,9.82,6/23/2026,2026
MIRROR L Z-3,DUCHESNE,RAINBOW,750,10.5,6/29/2026,2026
MIRROR L Z-3,DUCHESNE,RAINBOW,750,10.98,7/8/2026,2026
MIRROR L Z-3,DUCHESNE,TIGER TROUT,630,10.07,7/9/2026,2026
MIRROR L Z-3,DUCHESNE,RAINBOW,750,10.77,7/15/2026,2026
MIRROR L Z-3,DUCHESNE,RAINBOW,822,10.77,7/20/2026,2026
MIRROR L Z-3,DUCHESNE,TIGER TROUT,624,10.6,7/21/2026,2026
MIRROR L Z-3,DUCHESNE,RAINBOW,750,10.77,7/27/2026,2026
MIRROR L Z-3,DUCHESNE,RAINBOW,752,10.5,8/3/2026,2026
MIRROR L Z-3,DUCHESNE,RAINBOW,750,10.77,8/12/2026,2026
MIRROR L Z-3,DUCHESNE,RAINBOW,750,11.24,8/24/2026,2026
MONROE POND,SEVIER,BROOK TROUT,180,15.92,2/10/2026,2026
MONROE POND,SEVIER,BROWN TROUT,141,14.44,2/10/2026,2026
MONROE POND,SEVIER,RAINBOW,520,9.83,3/12/2026,2026
MONROE POND,SEVIER,RAINBOW,450,9.83,4/16/2026,2026
MONROE POND,SEVIER,RAINBOW,406,9.47,5/14/2026,2026
MONROE POND,SEVIER,RAINBOW,406,9.47,6/10/2026,2026
MONROE POND,SEVIER,TIGER TROUT,511,2.75,7/6/2026,2026
MONROE POND,SEVIER,RAINBOW,600,10.09,7/8/2026,2026
MONTICELLO L,SAN JUAN,RAINBOW,1020,10.09,4/8/2026,2026
MONTICELLO L,SAN JUAN,RAINBOW,980,9.87,4/23/2026,2026
MONTICELLO L,SAN JUAN,TIGER TROUT,1000,3.03,7/27/2026,2026
MOON L,DUCHESNE,RAINBOW,2470,10.96,5/22/2026,2026
MOON L,DUCHESNE,RAINBOW,992,10.96,5/26/2026,2026
MOON L,DUCHESNE,RAINBOW,991,10.67,5/26/2026,2026
MOON L,DUCHESNE,RAINBOW,3211,11.4,6/6/2026,2026
MOON L,DUCHESNE,SPLAKE,6660,2.47,6/17/2026,2026
MOON L,DUCHESNE,TIGER TROUT,1404,10.6,7/13/2026,2026
MOON L,DUCHESNE,WALLEYE,1125,4.58,7/16/2026,2026
MOOSE POND,DAGGETT,RAINBOW,0,10.85,5/21/2026,2026
MOOSE POND,DAGGETT,RAINBOW,752,10.85,5/21/2026,2026
MOOSE POND,DAGGETT,RAINBOW,733,11.14,6/3/2026,2026
MOOSE POND,DAGGETT,RAINBOW,275,11.62,6/25/2026,2026
MOOSEHORN L Z-4,DUCHESNE,RAINBOW,602,9.82,6/24/2026,2026
MOOSEHORN L Z-4,DUCHESNE,RAINBOW,300,10.5,6/29/2026,2026
MOOSEHORN L Z-4,DUCHESNE,RAINBOW,301,10.98,7/8/2026,2026
MOOSEHORN L Z-4,DUCHESNE,TIGER TROUT,364,10.07,7/9/2026,2026
MOOSEHORN L Z-4,DUCHESNE,TIGER TROUT,144,11.67,7/14/2026,2026
MOOSEHORN L Z-4,DUCHESNE,RAINBOW,300,10.77,7/16/2026,2026
MOOSEHORN L Z-4,DUCHESNE,RAINBOW,300,10.77,7/20/2026,2026
MOOSEHORN L Z-4,DUCHESNE,TIGER TROUT,206,10.6,7/21/2026,2026
MOOSEHORN L Z-4,DUCHESNE,RAINBOW,301,10.98,7/29/2026,2026
MOOSEHORN L Z-4,DUCHESNE,RAINBOW,300,10.77,8/12/2026,2026
MOOSEHORN L Z-4,DUCHESNE,RAINBOW,220,10.77,8/17/2026,2026
MORRELL POND TLM,SEVIER,RAINBOW,768,3.72,5/11/2026,2026
MORRELL POND TLM,SEVIER,TIGER TROUT,208,3.07,8/4/2026,2026
MOSS L NBS,WAYNE,TIGER TROUT,51,2.75,7/7/2026,2026
MT PLEASANT POND,SANPETE,RAINBOW,1001,10.28,3/12/2026,2026
MT PLEASANT POND,SANPETE,RAINBOW,506,10.52,3/23/2026,2026
MT PLEASANT POND,SANPETE,RAINBOW,512,9.21,4/16/2026,2026
MT PLEASANT POND,SANPETE,TIGER TROUT,760,9.09,4/29/2026,2026
MT PLEASANT POND,SANPETE,RAINBOW,503,11.04,4/29/2026,2026
MT PLEASANT POND,SANPETE,BROWN TROUT,1200,3.8,5/21/2026,2026
MT PLEASANT POND,SANPETE,TIGER TROUT,248,10.12,6/1/2026,2026
MT PLEASANT POND,SANPETE,RAINBOW,495,11.86,6/4/2026,2026
MT PLEASANT POND,SANPETE,TIGER TROUT,196,10.07,7/7/2026,2026
MYSTERY (LOST)GR-101,DAGGETT,CUTTHROAT,805,1.98,7/15/2026,2026
NAVAJO L,KANE,CUTTHROAT,1523,10.03,4/28/2026,2026
NAVAJO L,KANE,RAINBOW,8320,9.87,4/28/2026,2026
NAVAJO L,KANE,RAINBOW,7683,9.87,4/30/2026,2026
NAVAJO L,KANE,TIGER TROUT,1612,9.67,5/6/2026,2026
NAVAJO L,KANE,TIGER TROUT,1612,9.67,5/6/2026,2026
NAVAJO L,KANE,TIGER TROUT,1650,9.29,5/11/2026,2026
NAVAJO L,KANE,TIGER TROUT,1617,9.29,5/11/2026,2026
NAVAJO L,KANE,MUSKIE TIGER,999,4.94,5/28/2026,2026
NAVAJO L,KANE,MUSKIE TIGER,3800,5,5/28/2026,2026
NAVAJO L,KANE,CUTTHROAT,546,15.04,6/19/2026,2026
NAVAJO L,KANE,SPLAKE,6085,2.66,6/23/2026,2026
NAVAJO L,KANE,CUTTHROAT,182,14.01,7/2/2026,2026
NAVAJO L,KANE,CUTTHROAT,208,14.01,7/2/2026,2026
NEFFS RES TLM,WAYNE,BROOK TROUT,200,2.93,7/14/2026,2026
NEIL L W-31,SUMMIT,BROOK TROUT,55,3.03,7/23/2026,2026
NEWTON RES,CACHE,MUSKIE TIGER,999,2.45,4/29/2026,2026
NINE MILE RES,SANPETE,RAINBOW,1001,10.28,3/12/2026,2026
NINE MILE RES,SANPETE,RAINBOW,992,9.21,4/16/2026,2026
NORTH CR,GARFIELD,DACE,200,2.32,4/8/2026,2026
NORTH CR,GARFIELD,CUTTHROAT,2480,1.99,8/18/2026,2026
NORTH CR,GARFIELD,CUTTHROAT,2748,2.37,8/18/2026,2026
NORTH CR RES,GARFIELD,TIGER TROUT,200,4.92,7/27/2026,2026
NORTH POND,WASHINGTON,BROWN TROUT,352,3.08,6/2/2026,2026
NOTCH L W-36,SUMMIT,BROOK TROUT,1000,3.03,7/23/2026,2026
OAK CR,MILLARD,RAINBOW,130,10.12,5/19/2026,2026
OAK CR,MILLARD,TIGER TROUT,251,9.89,6/3/2026,2026
OAK CR,MILLARD,RAINBOW,126,10.54,6/29/2026,2026
OGDEN R,WEBER,RAINBOW,400,11.73,4/29/2026,2026
OGDEN R,WEBER,RAINBOW,400,10.91,6/18/2026,2026
OLD FORT POND NORTH,UINTAH,RAINBOW,250,12.49,4/13/2026,2026
OOWAH L,GRAND,RAINBOW,1820,10.12,5/27/2026,2026
OOWAH L,GRAND,RAINBOW,1300,10.54,7/1/2026,2026
OTTER CR,PIUTE,BROWN TROUT,5015,3.28,5/4/2026,2026
OTTER CR RES,PIUTE,RAINBOW,10241,4.9,2/24/2026,2026
OTTER CR RES,PIUTE,RAINBOW,9800,7.06,4/13/2026,2026
OTTER CR RES,PIUTE,RAINBOW,8400,7.06,4/13/2026,2026
OTTER CR RES,PIUTE,RAINBOW,7350,7.06,4/14/2026,2026
OTTER L EMW,GARFIELD,BROOK TROUT,153,2.77,7/14/2026,2026
P-11,SUMMIT,BROOK TROUT,230,3.03,7/23/2026,2026
PACER L EMW,GARFIELD,BROOK TROUT,998,2.77,7/14/2026,2026
PACER L EMW,GARFIELD,TIGER TROUT,95,2.87,7/14/2026,2026
PALISADE RES,SANPETE,RAINBOW,1001,10.28,3/10/2026,2026
PALISADE RES,SANPETE,RAINBOW,1001,10.28,3/10/2026,2026
PALISADE RES,SANPETE,RAINBOW,1000,10.52,3/23/2026,2026
PALISADE RES,SANPETE,RAINBOW,992,9.21,4/16/2026,2026
PALISADE RES,SANPETE,RAINBOW,1584,11.16,5/6/2026,2026
PALISADE RES,SANPETE,TIGER TROUT,3955,2.94,5/11/2026,2026
PALISADE RES,SANPETE,RAINBOW,1200,11.6,6/2/2026,2026
PALISADE RES,SANPETE,RAINBOW,1617,9.81,6/9/2026,2026
PANGUITCH CR,GARFIELD,RAINBOW,504,9.03,5/20/2026,2026
PANGUITCH L,GARFIELD,RAINBOW,16284,10.19,3/3/2026,2026
PANGUITCH L,GARFIELD,RAINBOW,23432,10.36,3/4/2026,2026
PANGUITCH L,GARFIELD,CUTTHROAT,6000,8.36,3/9/2026,2026
PANGUITCH L,GARFIELD,CUTTHROAT,22075,8.36,3/16/2026,2026
PANGUITCH L,GARFIELD,CUTTHROAT,3300,8.36,3/16/2026,2026
PANGUITCH L,GARFIELD,MUSKIE TIGER,5000,1.98,4/22/2026,2026
PANGUITCH L,GARFIELD,TIGER TROUT,10081,3.18,5/26/2026,2026
PANGUITCH L,GARFIELD,TIGER TROUT,10002,3.25,5/26/2026,2026
PANGUITCH L,GARFIELD,TIGER TROUT,2802,3.37,8/11/2026,2026
PANGUITCH L,GARFIELD,SPLAKE,7976,3.14,8/11/2026,2026
PANGUITCH L,GARFIELD,BROOK TROUT,50,3.23,8/11/2026,2026
PARADISE RES,UINTAH,RAINBOW,980,11.14,6/3/2026,2026
PARAGONAH RES,IRON,TIGER TROUT,2017,3.37,6/3/2026,2026
PAROWAN POND,IRON,RAINBOW,392,10.7,3/16/2026,2026
PAROWAN POND,IRON,CHANNEL CATFISH,188,6.8,6/8/2026,2026
PASS L Z-5,DUCHESNE,RAINBOW,350,10.14,6/1/2026,2026
PASS L Z-5,DUCHESNE,TIGER TROUT,348,9.89,6/3/2026,2026
PASS L Z-5,DUCHESNE,BROOK TROUT,496,2.99,6/24/2026,2026
PASS L Z-5,DUCHESNE,RAINBOW,602,9.82,6/24/2026,2026
PASS L Z-5,DUCHESNE,RAINBOW,300,10.5,6/29/2026,2026
PASS L Z-5,DUCHESNE,RAINBOW,301,10.98,7/8/2026,2026
PASS L Z-5,DUCHESNE,TIGER TROUT,351,11.67,7/14/2026,2026
PASS L Z-5,DUCHESNE,RAINBOW,300,10.77,7/16/2026,2026
PASS L Z-5,DUCHESNE,RAINBOW,300,10.77,7/20/2026,2026
PASS L Z-5,DUCHESNE,RAINBOW,299,10.98,7/29/2026,2026
PASS L Z-5,DUCHESNE,RAINBOW,300,10.77,8/12/2026,2026
PASS L Z-5,DUCHESNE,RAINBOW,300,10.77,8/17/2026,2026
PAUL L DF-18,UINTAH,BROOK TROUT,1103,3.51,7/15/2026,2026
PAYSON RES(BIG EAST),UTAH,RAINBOW,2000,10,5/5/2026,2026
PAYSON RES(BIG EAST),UTAH,RAINBOW,1998,9.75,5/21/2026,2026
PAYSON RES(BIG EAST),UTAH,RAINBOW,999,9.75,6/16/2026,2026
PAYSON RES(BIG EAST),UTAH,BROOK TROUT,3511,3.26,6/29/2026,2026
PAYSON RES(BIG EAST),UTAH,RAINBOW,340,10.77,7/7/2026,2026
PAYSON RES(BIG EAST),UTAH,RAINBOW,1660,10.77,7/7/2026,2026
PEAR L NBS,WAYNE,BROOK TROUT,505,2.77,7/13/2026,2026
PELICAN L,UINTAH,MUSKIE TIGER,735,6.34,6/11/2026,2026
PELICAN L,UINTAH,WIPER,500,8.86,6/24/2026,2026
PELICAN POND,CACHE,WIPER,500,11.84,6/17/2026,2026
PENNY SPRINGS PARK POND,UTAH,RAINBOW,501,9.69,4/8/2026,2026
PENNY SPRINGS PARK POND,UTAH,RAINBOW,499,9.82,4/13/2026,2026
PENNY SPRINGS PARK POND,UTAH,RAINBOW,500,10.77,6/2/2026,2026
PENNY SPRINGS PARK POND,UTAH,WIPER,100,9.11,6/17/2026,2026
PETES HOLE,SANPETE,TIGER TROUT,4290,2.96,5/12/2026,2026
PETES HOLE,SANPETE,RAINBOW,999,9.75,5/21/2026,2026
PETES HOLE,SANPETE,RAINBOW,994,9.63,6/16/2026,2026
PETES HOLE,SANPETE,RAINBOW,1000,10.28,7/20/2026,2026
PETIT L A-26,SUMMIT,BROOK TROUT,130,3.03,7/23/2026,2026
PINE CR,WAYNE,BROWN TROUT,3000,2.97,4/22/2026,2026
PINE CR RES BTN,WAYNE,CUTTHROAT,300,2.6,7/13/2026,2026
PINE L,GARFIELD,RAINBOW,3510,9.83,4/15/2026,2026
PINE L,GARFIELD,TIGER TROUT,1501,9.67,5/6/2026,2026
PINE L,GARFIELD,RAINBOW,2494,9.47,6/10/2026,2026
PINEVIEW RES,WEBER,MUSKIE TIGER,4994,2.45,4/29/2026,2026
PINTO L X-22,DUCHESNE,BROOK TROUT,5100,3.03,7/24/2026,2026
PIONEER PARK P,BOX ELDER,RAINBOW,850,11.73,5/1/2026,2026
PIONEER PARK P,BOX ELDER,RAINBOW,850,10.9,5/20/2026,2026
PIONEER PARK P,BOX ELDER,CHANNEL CATFISH,400,6.57,6/5/2026,2026
PITTSBURGH L,UTAH,BROOK TROUT,1000,3.03,7/22/2026,2026
PIUTE RES,PIUTE,BASS WHITE,188,9.75,5/17/2026,2026
PIUTE RES,PIUTE,BASS WHITE,139,8.14,5/24/2026,2026
PLEASANT CR L-BTS,GARFIELD,BROOK TROUT,80,2.93,7/14/2026,2026
POLE CANYON PARK POND,UTAH,RAINBOW,253,10.28,3/17/2026,2026
POLE CANYON PARK POND,UTAH,RAINBOW,253,10.28,3/17/2026,2026
POLE CANYON PARK POND,UTAH,TIGER TROUT,608,8.59,3/30/2026,2026
POLE CANYON PARK POND,UTAH,RAINBOW,0,8.86,4/8/2026,2026
POLE CANYON PARK POND,UTAH,RAINBOW,504,8.86,4/8/2026,2026
POLE CANYON PARK POND,UTAH,TIGER TROUT,167,8.59,4/20/2026,2026
POLE CANYON PARK POND,UTAH,TIGER TROUT,230,8.59,4/20/2026,2026
POLE CANYON PARK POND,UTAH,RAINBOW,497,11.08,5/18/2026,2026
POLE CANYON PARK POND,UTAH,RAINBOW,504,11.6,6/2/2026,2026
POLE CANYON PARK POND,UTAH,TIGER TROUT,208,10.09,6/9/2026,2026
POLE CANYON PARK POND,UTAH,RAINBOW,1001,9.87,6/15/2026,2026
POLE CR L,DUCHESNE,TIGER TROUT,499,4.03,7/27/2026,2026
POND AT POULTER PRESERVE,WEBER,RAINBOW,200,9.42,2/17/2026,2026
POND AT POULTER PRESERVE,WEBER,RAINBOW,325,17.1,3/12/2026,2026
POND AT POULTER PRESERVE,WEBER,RAINBOW,201,9.46,3/16/2026,2026
POND AT POULTER PRESERVE,WEBER,RAINBOW,250,9.43,4/22/2026,2026
POND AT POULTER PRESERVE,WEBER,RAINBOW,350,9.55,5/4/2026,2026
PORCUPINE L,IRON,BROOK TROUT,57,2.61,6/23/2026,2026
PORCUPINE RES,CACHE,RAINBOW,1120,11.6,5/18/2026,2026
PORCUPINE RES,CACHE,RAINBOW,1705,11.73,5/18/2026,2026
PORCUPINE RES,CACHE,RAINBOW,1386,11.75,5/19/2026,2026
PORCUPINE RES,CACHE,RAINBOW,1386,11.75,5/19/2026,2026
PORCUPINE RES,CACHE,RAINBOW,931,10.96,5/21/2026,2026
PORCUPINE RES,CACHE,RAINBOW,931,10.96,5/21/2026,2026
PORCUPINE RES,CACHE,LAKE TROUT,7564,4.1,6/24/2026,2026
PORCUPINE RES,CACHE,SPLAKE,1763,2.71,6/24/2026,2026
POSEY L,GARFIELD,RAINBOW,1001,9.83,4/23/2026,2026
POSEY L,GARFIELD,RAINBOW,798,9.59,6/17/2026,2026
POSEY L,GARFIELD,SPLAKE,104,2.82,7/13/2026,2026
POSEY L,GARFIELD,BROOK TROUT,299,2.93,7/13/2026,2026
POSEY L,GARFIELD,TIGER TROUT,96,2.87,7/13/2026,2026
POT L A-8,SUMMIT,BROOK TROUT,400,3.03,7/23/2026,2026
"POTTER L,UPPER GR-28",DAGGETT,CUTTHROAT,805,1.98,7/15/2026,2026
POTTERS NO 1,EMERY,RAINBOW,2006,9.03,5/19/2026,2026
POTTERS NO 1,EMERY,RAINBOW,1008,9.63,6/29/2026,2026
POTTERS NO 1,EMERY,RAINBOW,1000,10.28,7/14/2026,2026
POTTERS NO 1,EMERY,RAINBOW,1000,10.77,7/28/2026,2026
POTTERS NO 2,EMERY,RAINBOW,2006,9.03,5/19/2026,2026
POTTERS NO 2,EMERY,RAINBOW,1008,9.63,6/29/2026,2026
POTTERS NO 2,EMERY,RAINBOW,1000,10.28,7/14/2026,2026
POTTERS NO 2,EMERY,RAINBOW,1000,10.77,7/28/2026,2026
PRICE R,UTAH,BROWN TROUT,5005,2.97,5/27/2026,2026
PRICE R(LWR FISH CR),UTAH,BROWN TROUT,8004,3.04,6/4/2026,2026
PRICE R(LWR FISH CR),CARBON,BROWN TROUT,15998,3.04,6/4/2026,2026
PROVO DELTA COMM FISHERY,UTAH,RAINBOW,500,9.42,3/2/2026,2026
PROVO DELTA COMM FISHERY,UTAH,RAINBOW,499,9.46,3/17/2026,2026
PROVO DELTA COMM FISHERY,UTAH,TIGER TROUT,252,8.79,3/31/2026,2026
PROVO DELTA COMM FISHERY,UTAH,TIGER TROUT,252,8.79,3/31/2026,2026
PROVO DELTA COMM FISHERY,UTAH,RAINBOW,501,9.69,4/8/2026,2026
PROVO DELTA COMM FISHERY,UTAH,RAINBOW,499,9.82,4/13/2026,2026
PROVO DELTA COMM FISHERY,UTAH,TIGER TROUT,257,8.59,4/20/2026,2026
PROVO DELTA COMM FISHERY,UTAH,TIGER TROUT,248,10.12,6/1/2026,2026
PROVO DELTA COMM FISHERY,UTAH,WALLEYE,150,4.58,7/14/2026,2026
PROVO R,SUMMIT,RAINBOW,250,10.14,6/10/2026,2026
PROVO R,SUMMIT,RAINBOW,250,10.77,7/20/2026,2026
PURPLE L GT,GARFIELD,BROOK TROUT,200,2.77,7/13/2026,2026
QUAIL CR RES,WASHINGTON,RAINBOW,17940,4.47,2/9/2026,2026
QUAIL CR RES,WASHINGTON,RAINBOW,17940,4.47,2/9/2026,2026
QUAIL CR RES,WASHINGTON,RAINBOW,5050,4.96,2/19/2026,2026
QUARTER CORNER LG103,SUMMIT,RAINBOW,900,10.03,6/15/2026,2026
RAFT L BTN,WAYNE,BROOK TROUT,399,2.77,7/13/2026,2026
RAINBOW L U-33,DUCHESNE,TIGER TROUT,501,4.02,7/15/2026,2026
RAINBOW L U-33,DUCHESNE,BROOK TROUT,524,3.51,7/15/2026,2026
RAINBOW L U-33,DUCHESNE,BROOK TROUT,2471,3.45,7/16/2026,2026
RAINBOW L Z-25,DUCHESNE,BROOK TROUT,1000,3.03,7/24/2026,2026
RAINBOW RES,TOOELE,RAINBOW,800,10.09,4/28/2026,2026
RAINBOW RES,TOOELE,RAINBOW,702,10.33,5/14/2026,2026
RAINBOW RES,TOOELE,RAINBOW,700,11.49,6/17/2026,2026
RAINBOW RES,TOOELE,RAINBOW,806,10.7,6/29/2026,2026
RANGER L FL,SEVIER,BROOK TROUT,304,3.23,8/11/2026,2026
RAZOR RIDGE P,WASHINGTON,RAINBOW,371,9.9,1/6/2026,2026
RAZOR RIDGE P,WASHINGTON,RAINBOW,396,9.68,1/20/2026,2026
RAZOR RIDGE P,WASHINGTON,RAINBOW,265,10.42,2/3/2026,2026
RAZOR RIDGE P,WASHINGTON,RAINBOW,386,10.75,2/13/2026,2026
RAZOR RIDGE P,WASHINGTON,RAINBOW,380,10.81,2/25/2026,2026
RAZOR RIDGE P,WASHINGTON,RAINBOW,363,11.15,3/12/2026,2026
RAZOR RIDGE P,WASHINGTON,RAINBOW,301,11.19,3/26/2026,2026
RED CASTLE L G-15,SUMMIT,TIGER TROUT,5600,3.19,7/25/2026,2026
"RED CASTLE,EAST G-17",SUMMIT,TIGER TROUT,700,3.19,7/24/2026,2026
"RED CASTLE,LOWER G12",SUMMIT,BROOK TROUT,2206,3.51,7/15/2026,2026
"RED CASTLE,UPPER G16",SUMMIT,TIGER TROUT,850,3.19,7/24/2026,2026
RED FLEET RES,UINTAH,RAINBOW,4503,3.2,6/3/2026,2026
RED FLEET RES,UINTAH,WALLEYE,10001,4.58,7/15/2026,2026
RED PINE L,SALT LAKE,CUTTHROAT,3012,2.04,7/22/2026,2026
"RED PINE L, UPPER",SALT LAKE,CUTTHROAT,2008,2.04,7/22/2026,2026
REIDS L W-38,SUMMIT,BROOK TROUT,250,3.03,7/23/2026,2026
RICHES POND,SANPETE,BROOK TROUT,125,2.71,6/30/2026,2026
RIDGE L BTN,GARFIELD,BROOK TROUT,47,2.77,7/14/2026,2026
RIM L BTS,GARFIELD,BROOK TROUT,299,2.93,7/13/2026,2026
RIVERFRONT POND,SALT LAKE,RAINBOW,114,10.44,3/16/2026,2026
RIVERFRONT POND,SALT LAKE,RAINBOW,114,10.44,4/23/2026,2026
RIVERFRONT POND,SALT LAKE,RAINBOW,116,10.77,4/29/2026,2026
RIVERTON POND,SALT LAKE,RAINBOW,1001,9.69,4/8/2026,2026
RIVERTON POND,SALT LAKE,RAINBOW,501,9.43,4/23/2026,2026
RIVERTON POND,SALT LAKE,RAINBOW,495,9.69,4/27/2026,2026
RIVERTON POND,SALT LAKE,RAINBOW,499,9.55,5/5/2026,2026
RIVERTON POND,SALT LAKE,RAINBOW,499,9.46,5/21/2026,2026
RIVERTON POND,SALT LAKE,CHANNEL CATFISH,400,6.8,6/8/2026,2026
RIVERTON POND,SALT LAKE,CHANNEL CATFISH,160,6.8,6/8/2026,2026
ROAD POND,SANPETE,BROOK TROUT,100,2.71,6/30/2026,2026
ROCK CR,DUCHESNE,RAINBOW,803,10.93,6/11/2026,2026
ROCK CR,DUCHESNE,RAINBOW,859,11.91,7/2/2026,2026
ROCK CR,DUCHESNE,RAINBOW,638,12.26,7/13/2026,2026
ROCK I L X-96,DUCHESNE,BROOK TROUT,483,3.52,7/20/2026,2026
ROCKPORT RES,SUMMIT,KOKANEE,30220,3.11,4/20/2026,2026
ROCKPORT RES,SUMMIT,KOKANEE,60106,3.11,4/20/2026,2026
ROCKPORT RES,SUMMIT,RAINBOW,1386,11.75,5/20/2026,2026
ROCKPORT RES,SUMMIT,RAINBOW,1386,11.75,5/20/2026,2026
ROCKPORT RES,SUMMIT,RAINBOW,1386,11.75,5/20/2026,2026
ROCKPORT RES,SUMMIT,RAINBOW,1386,11.75,5/20/2026,2026
ROCKPORT RES,SUMMIT,RAINBOW,899,11.73,5/21/2026,2026
ROCKPORT RES,SUMMIT,RAINBOW,892,11.73,5/21/2026,2026
ROCKPORT RES,SUMMIT,RAINBOW,669,10.96,5/22/2026,2026
ROOSEVELT COMM POND,UINTAH,RAINBOW,4,11.15,3/17/2026,2026
ROOSEVELT COMM POND,UINTAH,RAINBOW,147,11.09,3/18/2026,2026
ROOSEVELT COMM POND,UINTAH,RAINBOW,101,12.3,5/7/2026,2026
ROOSEVELT COMM POND,UINTAH,RAINBOW,100,13.1,5/25/2026,2026
ROOSEVELT COMM POND,UINTAH,WIPER,150,11.84,6/17/2026,2026
ROSALIE L X-130,DUCHESNE,BROOK TROUT,805,3.52,7/20/2026,2026
ROUND L NBS,WAYNE,BROOK TROUT,998,2.77,7/13/2026,2026
ROUND L TLM,WAYNE,RAINBOW,768,3.72,5/11/2026,2026
ROUND L TLM,WAYNE,BROOK TROUT,185,3.1,8/4/2026,2026
ROUND WILLOW BOTTOM,GARFIELD,TIGER TROUT,127,2.87,7/13/2026,2026
ROUND WILLOW BOTTOM,GARFIELD,CUTTHROAT,500,2.05,7/13/2026,2026
ROW L 3 GT,GARFIELD,TIGER TROUT,161,10.73,6/10/2026,2026
ROW L 3 GT,GARFIELD,RAINBOW,202,10.54,6/18/2026,2026
ROW L 7-BANANA-GT,GARFIELD,TIGER TROUT,353,10.73,6/10/2026,2026
ROW L 7-BANANA-GT,GARFIELD,RAINBOW,350,10.54,6/18/2026,2026
ROW L 8 GT,GARFIELD,TIGER TROUT,257,10.73,6/10/2026,2026
RUDOLPH L NO 1 X-39,DUCHESNE,BROOK TROUT,289,3.52,7/20/2026,2026
RUTH L BR-40,SUMMIT,BROOK TROUT,500,3.03,7/24/2026,2026
SALAMANDER L BR-26,SUMMIT,BROOK TROUT,400,3.03,7/23/2026,2026
SALEM POND,UTAH,BROOK TROUT,288,15.92,1/21/2026,2026
SALEM POND,UTAH,RAINBOW,1000,10.28,3/11/2026,2026
SALEM POND,UTAH,RAINBOW,1000,10.28,3/17/2026,2026
SALEM POND,UTAH,RAINBOW,121,12.74,3/18/2026,2026
SALEM POND,UTAH,RAINBOW,209,18.74,3/18/2026,2026
SALEM POND,UTAH,RAINBOW,375,10,3/26/2026,2026
SALEM POND,UTAH,RAINBOW,1610,10.28,3/26/2026,2026
SALEM POND,UTAH,TIGER TROUT,3510,8.59,3/30/2026,2026
SALEM POND,UTAH,RAINBOW,504,8.86,4/8/2026,2026
SALEM POND,UTAH,TIGER TROUT,1001,9.35,4/15/2026,2026
SALEM POND,UTAH,TIGER TROUT,496,9.73,5/7/2026,2026
SALEM POND,UTAH,RAINBOW,2001,9.52,5/12/2026,2026
SALEM POND,UTAH,TIGER TROUT,497,10.12,6/1/2026,2026
SALEM POND,UTAH,RAINBOW,1002,9.81,6/9/2026,2026
SALEM POND,UTAH,RAINBOW,700,12.13,6/18/2026,2026
SALEM POND,UTAH,RAINBOW,1997,10.48,6/24/2026,2026
SALEM POND,UTAH,RAINBOW,2002,10.44,6/25/2026,2026
SALEM POND,UTAH,RAINBOW,793,10.28,7/6/2026,2026
SALEM POND,UTAH,TIGER TROUT,504,10.07,7/7/2026,2026
SALINA CITY POND,SEVIER,BROWN TROUT,83,14.44,2/10/2026,2026
SALINA CITY POND,SEVIER,BROOK TROUT,93,15.92,2/10/2026,2026
SALINA CITY POND,SEVIER,RAINBOW,520,9.83,3/12/2026,2026
SALINA CITY POND,SEVIER,RAINBOW,560,9.59,4/16/2026,2026
SALINA CITY POND,SEVIER,RAINBOW,520,10.12,5/14/2026,2026
SALINA CITY POND,SEVIER,CHANNEL CATFISH,187,6.8,6/8/2026,2026
SALINA CITY POND,SEVIER,RAINBOW,235,10.16,8/6/2026,2026
SALINA RES,SEVIER,RAINBOW,1007,10.13,6/2/2026,2026
SALINA RES,SEVIER,BROOK TROUT,499,3.51,8/11/2026,2026
"SALINA TWIN, EAST",SEVIER,TIGER TROUT,100,3.37,8/11/2026,2026
"SALINA TWIN, WEST",SEVIER,BROOK TROUT,70,3.51,8/11/2026,2026
SALT CR,JUAB,RAINBOW,999,9.75,4/14/2026,2026
SALT CR,JUAB,BROWN TROUT,499,3.8,5/21/2026,2026
SALT CR,JUAB,RAINBOW,999,9.75,6/16/2026,2026
SALT CREEK RES.,JUAB,RAINBOW,999,9.75,4/14/2026,2026
SANDY COMMUNITY FISHERY,SALT LAKE,RAINBOW,499,9.46,3/10/2026,2026
SANDY COMMUNITY FISHERY,SALT LAKE,RAINBOW,499,9.46,3/16/2026,2026
SANDY COMMUNITY FISHERY,SALT LAKE,RAINBOW,244,14.94,3/19/2026,2026
SANDY COMMUNITY FISHERY,SALT LAKE,RAINBOW,19,18.74,3/19/2026,2026
SANDY COMMUNITY FISHERY,SALT LAKE,RAINBOW,499,9.46,4/3/2026,2026
SANDY COMMUNITY FISHERY,SALT LAKE,RAINBOW,501,9.69,4/7/2026,2026
SANDY COMMUNITY FISHERY,SALT LAKE,RAINBOW,499,9.64,4/13/2026,2026
SANDY COMMUNITY FISHERY,SALT LAKE,RAINBOW,501,9.43,4/23/2026,2026
SANDY COMMUNITY FISHERY,SALT LAKE,RAINBOW,495,9.69,4/27/2026,2026
SANDY COMMUNITY FISHERY,SALT LAKE,RAINBOW,499,9.55,5/5/2026,2026
SANDY COMMUNITY FISHERY,SALT LAKE,RAINBOW,499,10.12,5/11/2026,2026
SANTAQUIN CR,UTAH,RAINBOW,900,10,5/13/2026,2026
SCOFIELD RES,CARBON,TIGER TROUT,3600,8.59,4/1/2026,2026
SCOFIELD RES,CARBON,TIGER TROUT,2100,8.79,4/1/2026,2026
SCOFIELD RES,CARBON,RAINBOW,2720,9.21,4/2/2026,2026
SCOFIELD RES,CARBON,RAINBOW,2040,9.41,4/2/2026,2026
SCOFIELD RES,CARBON,RAINBOW,1500,9.41,4/2/2026,2026
SCOFIELD RES,CARBON,RAINBOW,2768,9.21,4/2/2026,2026
SCOFIELD RES,CARBON,RAINBOW,2720,9.21,4/2/2026,2026
SCOFIELD RES,CARBON,RAINBOW,2720,9.21,4/2/2026,2026
SCOFIELD RES,CARBON,RAINBOW,2496,9.21,4/6/2026,2026
SCOFIELD RES,CARBON,RAINBOW,2496,9.21,4/6/2026,2026
SCOFIELD RES,CARBON,TIGER TROUT,4760,8.94,4/7/2026,2026
SCOFIELD RES,CARBON,TIGER TROUT,2760,8.94,4/7/2026,2026
SCOFIELD RES,CARBON,TIGER TROUT,2440,8.94,4/7/2026,2026
SCOFIELD RES,CARBON,TIGER TROUT,3400,8.94,4/7/2026,2026
SCOFIELD RES,CARBON,RAINBOW,2730,8.62,4/7/2026,2026
SCOFIELD RES,CARBON,TIGER TROUT,3400,8.94,4/7/2026,2026
SCOFIELD RES,CARBON,TIGER TROUT,3400,8.94,4/7/2026,2026
SCOFIELD RES,CARBON,CUTTHROAT,1658,9.08,4/14/2026,2026
SCOFIELD RES,CARBON,CUTTHROAT,3315,9.08,4/14/2026,2026
SCOFIELD RES,CARBON,CUTTHROAT,20514,9.08,4/14/2026,2026
SCOFIELD RES,CARBON,MUSKIE TIGER,4677,3.98,5/12/2026,2026
SCOFIELD RES,CARBON,MUSKIE TIGER,824,3.96,5/12/2026,2026
SCOFIELD RES,CARBON,RAINBOW,1001,10.12,5/19/2026,2026
SCOFIELD RES,CARBON,CUTTHROAT,5112,8.75,5/28/2026,2026
SCOFIELD RES,CARBON,RAINBOW,1935,9.41,7/2/2026,2026
SCOFIELD RES,CARBON,RAINBOW,2100,9.41,7/2/2026,2026
SCOFIELD RES,CARBON,WALLEYE,200,4.58,7/14/2026,2026
SCOFIELD RES,CARBON,WALLEYE,2192,4.58,7/17/2026,2026
SCOFIELD RES,CARBON,RAINBOW,3279,10.16,7/21/2026,2026
SCOUT L,IRON,TIGER TROUT,751,9.61,5/15/2026,2026
SCOUT L Z-12,DUCHESNE,RAINBOW,950,9.82,6/23/2026,2026
SCOUT L Z-12,DUCHESNE,BROOK TROUT,1000,2.99,6/23/2026,2026
SCOUT L Z-12,DUCHESNE,RAINBOW,750,10.98,7/8/2026,2026
SETTLEMENT CYN RES,TOOELE,RAINBOW,1000,10.28,3/16/2026,2026
SETTLEMENT CYN RES,TOOELE,RAINBOW,1000,10.28,3/16/2026,2026
SETTLEMENT CYN RES,TOOELE,RAINBOW,2880,8.86,4/8/2026,2026
SETTLEMENT CYN RES,TOOELE,RAINBOW,621,11.16,5/6/2026,2026
SETTLEMENT CYN RES,TOOELE,RAINBOW,1002,9.81,6/8/2026,2026
SETTLEMENT CYN RES,TOOELE,RAINBOW,994,9.81,6/10/2026,2026
SETTLEMENT CYN RES,TOOELE,RAINBOW,585,12.44,6/23/2026,2026
SEVIER R,SEVIER,BROWN TROUT,14653,1.71,3/10/2026,2026
SEVIER R,SEVIER,BROWN TROUT,15563,2.76,4/16/2026,2026
SEVIER R,SEVIER,RAINBOW,7452,3.12,4/29/2026,2026
SEVIER R,GARFIELD,BROWN TROUT,5015,3.28,5/4/2026,2026
SEVIER R,GARFIELD,BROWN TROUT,20061,3.28,5/6/2026,2026
SEVIER R,GARFIELD,RAINBOW,19992,4.45,5/7/2026,2026
"SEVIER R, E FK",PIUTE,RAINBOW,624,9.83,3/9/2026,2026
"SEVIER R, E FK",PIUTE,RAINBOW,728,9.83,4/16/2026,2026
"SEVIER R, E FK",PIUTE,BROWN TROUT,14567,2.76,4/16/2026,2026
"SEVIER R, E FK",GARFIELD,BROWN TROUT,3046,3.28,5/6/2026,2026
"SEVIER R, E FK",GARFIELD,BROWN TROUT,5052,3.28,5/6/2026,2026
"SEVIER R, E FK",PIUTE,RAINBOW,702,9.7,6/25/2026,2026
SHADOW L A-52,SUMMIT,BROOK TROUT,700,3.03,7/23/2026,2026
SHAMROCK L X-98,DUCHESNE,BROOK TROUT,1820,3.03,7/24/2026,2026
SHEEP CR,DAGGETT,RAINBOW,351,10.85,5/21/2026,2026
SHEEP CR,DAGGETT,KOKANEE,21350,3.86,5/21/2026,2026
SHEEP CR,DAGGETT,RAINBOW,350,11.14,6/3/2026,2026
SHEEP CR L,DAGGETT,CUTTHROAT,3472,4.83,6/22/2026,2026
"SHEEP CR, S FK",DAGGETT,CUTTHROAT,4005,3.54,8/4/2026,2026
"SHINGLE CR,EAST A-39",SUMMIT,TIGER TROUT,250,3.19,7/24/2026,2026
"SHINGLE CR,WEST P-60",SUMMIT,BROOK TROUT,250,3.03,7/23/2026,2026
SHINGLE MILL RES,SANPETE,RAINBOW,1199,10.44,7/1/2026,2026
SHORT L,GARFIELD,CUTTHROAT,300,2.6,7/13/2026,2026
SILVER L,UTAH,CUTTHROAT,3001,2.8,7/20/2026,2026
SILVER L,UTAH,BROOK TROUT,1300,3.03,7/22/2026,2026
SILVER L FLAT RES,UTAH,GRAYLING ARCTIC,298,8.51,5/4/2026,2026
SILVER L FLAT RES,UTAH,RAINBOW,999,11.02,5/12/2026,2026
SILVER L FLAT RES,UTAH,RAINBOW,999,11.16,6/2/2026,2026
SILVER L FLAT RES,UTAH,RAINBOW,899,11.49,6/18/2026,2026
SILVER L FLAT RES,UTAH,RAINBOW,900,11.22,6/29/2026,2026
SILVER L FLAT RES,UTAH,RAINBOW,900,11.22,7/13/2026,2026
SILVER L FLAT RES,UTAH,CUTTHROAT,5010,2.8,7/20/2026,2026
SILVER L FLAT RES,UTAH,BROOK TROUT,4000,3.03,7/22/2026,2026
SILVER L-BRIGHTON,SALT LAKE,RAINBOW,1000,10.44,5/20/2026,2026
SILVER L-BRIGHTON,SALT LAKE,RAINBOW,1002,10.57,6/10/2026,2026
SILVER L-BRIGHTON,SALT LAKE,RAINBOW,1501,10.7,6/23/2026,2026
SILVER L-BRIGHTON,SALT LAKE,RAINBOW,1001,11.22,7/14/2026,2026
SILVER L-BRIGHTON,SALT LAKE,BROOK TROUT,2000,3.03,7/22/2026,2026
SILVER L-BRIGHTON,SALT LAKE,CUTTHROAT,3012,2.04,7/22/2026,2026
SILVER L-BRIGHTON,SALT LAKE,RAINBOW,500,10.84,7/28/2026,2026
SIX MILE POND,SANPETE,RAINBOW,1499,9.75,5/21/2026,2026
SIX MILE POND,SANPETE,BROOK TROUT,300,2.71,6/30/2026,2026
SKUTUMPA RES,SEVIER,RAINBOW,759,10.13,6/1/2026,2026
SKUTUMPA RES,SEVIER,TIGER TROUT,257,9.75,6/17/2026,2026
SKYLERS POND,CACHE,RAINBOW,250,11.73,5/1/2026,2026
SKYLERS POND,CACHE,RAINBOW,250,10.91,5/20/2026,2026
SKYLINE P,WASHINGTON,RAINBOW,432,9.9,1/6/2026,2026
SKYLINE P,WASHINGTON,RAINBOW,462,9.68,1/20/2026,2026
SKYLINE P,WASHINGTON,RAINBOW,477,10.42,2/3/2026,2026
SKYLINE P,WASHINGTON,RAINBOW,434,10.75,2/12/2026,2026
SMITH FAMILY PARK POND,WEBER,BROWN TROUT,299,14.44,1/13/2026,2026
SMITH FAMILY PARK POND,WEBER,RAINBOW,200,17.1,2/12/2026,2026
SMITH FAMILY PARK POND,WEBER,RAINBOW,401,9.42,2/17/2026,2026
SMITH FAMILY PARK POND,WEBER,RAINBOW,401,9.46,3/16/2026,2026
SMITH FAMILY PARK POND,WEBER,RAINBOW,671,9.69,4/7/2026,2026
SMITH FAMILY PARK POND,WEBER,RAINBOW,974,9.43,4/22/2026,2026
SMITH FAMILY PARK POND,WEBER,RAINBOW,775,9.55,5/4/2026,2026
SMITH FAMILY PARK POND,WEBER,RAINBOW,976,9.46,5/19/2026,2026
SMITH FAMILY PARK POND,WEBER,RAINBOW,500,10.77,6/1/2026,2026
SMITH-MOREHOUSE RES,SUMMIT,RAINBOW,901,11.6,5/14/2026,2026
SMITH-MOREHOUSE RES,SUMMIT,RAINBOW,901,10.96,6/8/2026,2026
SMITH-MOREHOUSE RES,SUMMIT,RAINBOW,901,11.37,6/23/2026,2026
SMITH-MOREHOUSE RES,SUMMIT,RAINBOW,900,11.86,7/13/2026,2026
SMITH-MOREHOUSE RES,SUMMIT,RAINBOW,901,11.49,7/20/2026,2026
SMITH-MOREHOUSE RES,SUMMIT,SPLAKE,1751,2.95,7/22/2026,2026
SMITH-MOREHOUSE RES,SUMMIT,RAINBOW,899,10.5,8/3/2026,2026
SMITH-MOREHOUSE RES,SUMMIT,RAINBOW,672,10.77,8/17/2026,2026
SMITHFIELD CR,CACHE,RAINBOW,250,11.14,6/11/2026,2026
SMITHS FK PASS L G14,SUMMIT,TIGER TROUT,850,3.19,7/24/2026,2026
"SMITHS FK, W FK",SUMMIT,CUTTHROAT,250,14.01,7/7/2026,2026
SNOW L,SANPETE,RAINBOW,1005,9.55,6/10/2026,2026
SNOW L GR-130,SUMMIT,CUTTHROAT,951,1.98,7/15/2026,2026
SOLITAIRE L NBS,WAYNE,CUTTHROAT,113,2.6,7/13/2026,2026
SOLITAIRE L NBS,WAYNE,CUTTHROAT,387,2.05,7/13/2026,2026
SOLITAIRE L NBS,WAYNE,TIGER TROUT,74,2.87,7/13/2026,2026
SOUP BOWL RES,SANPETE,TIGER TROUT,1320,2.96,5/12/2026,2026
SOUP BOWL RES,SANPETE,RAINBOW,500,9.75,5/21/2026,2026
SOUP BOWL RES,SANPETE,RAINBOW,504,9.63,6/16/2026,2026
SOUP BOWL RES,SANPETE,RAINBOW,501,10.28,7/20/2026,2026
SPANISH FK R,UTAH,BROWN TROUT,1500,3.8,5/21/2026,2026
SPANISH OAKS P,UTAH,RAINBOW,499,9.42,2/23/2026,2026
SPANISH OAKS P,UTAH,RAINBOW,499,9.46,3/10/2026,2026
SPANISH OAKS P,UTAH,RAINBOW,499,9.46,3/16/2026,2026
SPANISH OAKS P,UTAH,RAINBOW,97,12.74,3/18/2026,2026
SPANISH OAKS P,UTAH,RAINBOW,200,18.74,3/18/2026,2026
SPANISH OAKS P,UTAH,RAINBOW,500,9.62,3/23/2026,2026
SPANISH OAKS P,UTAH,RAINBOW,501,9.69,3/30/2026,2026
SPANISH OAKS P,UTAH,RAINBOW,501,9.69,4/8/2026,2026
SPANISH OAKS P,UTAH,RAINBOW,499,9.82,4/13/2026,2026
SPANISH OAKS P,UTAH,RAINBOW,499,10.44,4/22/2026,2026
SPANISH OAKS P,UTAH,RAINBOW,501,9.69,4/27/2026,2026
SPANISH OAKS P,UTAH,RAINBOW,499,9.55,5/4/2026,2026
SPANISH OAKS P,UTAH,RAINBOW,499,10.12,5/11/2026,2026
SPANISH OAKS P,UTAH,RAINBOW,499,9.46,5/19/2026,2026
SPANISH OAKS P,UTAH,RAINBOW,499,9.46,5/26/2026,2026
SPANISH OAKS P,UTAH,RAINBOW,500,10.77,6/2/2026,2026
SPANISH OAKS P,UTAH,CUTTHROAT,132,20.53,6/8/2026,2026
SPANISH OAKS P,UTAH,CUTTHROAT,225,16.82,6/22/2026,2026
SPANISH OAKS P,UTAH,RAINBOW,501,9.69,6/22/2026,2026
SPANISH OAKS P,UTAH,RAINBOW,501,9.69,6/29/2026,2026
SPECTACLE L A-44,SUMMIT,BROOK TROUT,330,3.03,7/23/2026,2026
SPECTACLE L BTS,GARFIELD,BROOK TROUT,349,2.93,7/13/2026,2026
SPECTACLE L BTS,GARFIELD,TIGER TROUT,53,2.87,7/13/2026,2026
SPIRIT L GR-3,DAGGETT,TIGER TROUT,595,9.95,5/26/2026,2026
SPRING CR,WASATCH,CUTTHROAT,155,6.93,5/20/2026,2026
SPRING L,UTAH,RAINBOW,1001,10.28,3/11/2026,2026
SPRING L,UTAH,RAINBOW,1000,10.28,3/17/2026,2026
SPRING L,UTAH,RAINBOW,97,12.74,3/18/2026,2026
SPRING L,UTAH,RAINBOW,200,18.74,3/18/2026,2026
SPRING L,UTAH,RAINBOW,504,8.86,4/8/2026,2026
SPRING L,UTAH,TIGER TROUT,1001,9.35,4/15/2026,2026
SPRING L,UTAH,TIGER TROUT,992,9.73,5/7/2026,2026
SPRING L,UTAH,RAINBOW,497,11.08,5/18/2026,2026
SPRING L,UTAH,TIGER TROUT,911,10.12,6/1/2026,2026
SPRING L,UTAH,RAINBOW,999,9.81,6/9/2026,2026
SPRING L,UTAH,RAINBOW,2002,9.87,6/15/2026,2026
SPRING L,UTAH,RAINBOW,448,10.28,7/6/2026,2026
SPRING L,UTAH,RAINBOW,46,10.28,7/6/2026,2026
STAR L A-42,SUMMIT,TIGER TROUT,1400,3.19,7/24/2026,2026
STARVATION RES,DUCHESNE,RAINBOW,25369,2.79,1/28/2026,2026
STARVATION RES,DUCHESNE,RAINBOW,25369,2.79,1/28/2026,2026
STARVATION RES,DUCHESNE,RAINBOW,5000,3.58,3/25/2026,2026
STARVATION RES,DUCHESNE,RAINBOW,5000,3.75,3/25/2026,2026
STARVATION RES,DUCHESNE,RAINBOW,3136,8.4,3/25/2026,2026
STARVATION RES,DUCHESNE,RAINBOW,1398,8.4,3/25/2026,2026
STARVATION RES,DUCHESNE,RAINBOW,1341,8.4,3/25/2026,2026
STARVATION RES,DUCHESNE,RAINBOW,3129,8.4,3/25/2026,2026
STARVATION RES,DUCHESNE,RAINBOW,2125,10,3/26/2026,2026
STARVATION RES,DUCHESNE,RAINBOW,2125,10,3/26/2026,2026
STARVATION RES,DUCHESNE,RAINBOW,2125,10,3/26/2026,2026
STARVATION RES,DUCHESNE,RAINBOW,2125,10,3/26/2026,2026
STARVATION RES,DUCHESNE,RAINBOW,2125,10,3/26/2026,2026
STARVATION RES,DUCHESNE,RAINBOW,2125,10,3/26/2026,2026
STARVATION RES,DUCHESNE,RAINBOW,2125,10,3/26/2026,2026
STARVATION RES,DUCHESNE,RAINBOW,2125,10,3/26/2026,2026
STARVATION RES,DUCHESNE,RAINBOW,6722,1.55,4/20/2026,2026
STARVATION RES,DUCHESNE,RAINBOW,3818,1.87,4/20/2026,2026
STARVATION RES,DUCHESNE,RAINBOW,75537,1.85,4/20/2026,2026
STARVATION RES,DUCHESNE,RAINBOW,3505,10.66,5/12/2026,2026
STARVATION RES,DUCHESNE,RAINBOW,2253,10.41,5/14/2026,2026
STARVATION RES,DUCHESNE,RAINBOW,2288,2.85,5/29/2026,2026
STARVATION RES,SAN JUAN,RAINBOW,129030,2.54,6/3/2026,2026
STARVATION RES,SAN JUAN,RAINBOW,60030,2.66,6/3/2026,2026
STARVATION RES,DUCHESNE,RAINBOW,49468,2.28,6/11/2026,2026
STARVATION RES,DUCHESNE,RAINBOW,7560,10.6,7/6/2026,2026
STARVATION RES,SAN JUAN,RAINBOW,603,11.42,7/7/2026,2026
STARVATION RES,DUCHESNE,RAINBOW,1683,10.98,7/7/2026,2026
STARVATION RES,DUCHESNE,RAINBOW,1331,4.3,7/7/2026,2026
STARVATION RES,DUCHESNE,RAINBOW,46720,3.5,7/20/2026,2026
STARVATION RES,DUCHESNE,RAINBOW,46720,3.5,7/21/2026,2026
STARVATION RES,DUCHESNE,RAINBOW,26280,3.5,7/21/2026,2026
STATE MENTAL HOS PD,UTAH,RAINBOW,401,9.46,5/21/2026,2026
STATELINE RES,SUMMIT,RAINBOW,938,11.86,6/17/2026,2026
STATELINE RES,SUMMIT,RAINBOW,3068,11.86,6/17/2026,2026
STEED POND,DAVIS,RAINBOW,330,9.69,4/7/2026,2026
STEED POND,DAVIS,RAINBOW,551,9.43,4/22/2026,2026
STEED POND,DAVIS,RAINBOW,660,9.55,5/4/2026,2026
STEED POND,DAVIS,RAINBOW,661,9.46,5/19/2026,2026
STEINAKER RES,UINTAH,RAINBOW,2310,9.27,3/17/2026,2026
STEINAKER RES,UINTAH,RAINBOW,3600,8.13,3/30/2026,2026
STEINAKER RES,UINTAH,RAINBOW,2256,9.76,3/31/2026,2026
STEINAKER RES,UINTAH,RAINBOW,2819,8.45,4/3/2026,2026
STEINAKER RES,UINTAH,BROWN TROUT,5001,3.12,5/27/2026,2026
STEINAKER RES,UINTAH,RAINBOW,526,11.46,5/27/2026,2026
STILLWATER FK,SUMMIT,RAINBOW,201,10.5,6/30/2026,2026
STILLWATER FK,SUMMIT,RAINBOW,200,10.77,7/14/2026,2026
STILLWATER FK,SUMMIT,RAINBOW,200,10.77,7/27/2026,2026
STILLWATER FK,SUMMIT,RAINBOW,200,10.77,8/12/2026,2026
STODDARD SLOUGH,MORGAN,RAINBOW,300,10.57,6/4/2026,2026
STONE L FL,SEVIER,BROOK TROUT,106,2.77,7/14/2026,2026
STRATTON P,WASHINGTON,RAINBOW,432,9.9,1/6/2026,2026
STRATTON P,WASHINGTON,RAINBOW,462,9.68,1/20/2026,2026
STRATTON P,WASHINGTON,RAINBOW,318,10.42,2/3/2026,2026
STRATTON P,WASHINGTON,RAINBOW,483,10.75,2/13/2026,2026
STRATTON P,WASHINGTON,RAINBOW,428,10.81,2/25/2026,2026
STRATTON P,WASHINGTON,RAINBOW,606,11.15,3/12/2026,2026
STRATTON P,WASHINGTON,RAINBOW,415,11.15,3/12/2026,2026
STRAWBERRY R,DUCHESNE,RAINBOW,500,11.14,6/1/2026,2026
STRAWBERRY R,WASATCH,CUTTHROAT,3997,5.65,6/9/2026,2026
STRAWBERRY R,DUCHESNE,RAINBOW,500,11.67,6/26/2026,2026
STRAWBERRY RES,WASATCH,KOKANEE,150000,2,3/9/2026,2026
STRAWBERRY RES,WASATCH,KOKANEE,23222,2.19,3/11/2026,2026
STRAWBERRY RES,WASATCH,KOKANEE,200925,3.17,4/15/2026,2026
STRAWBERRY RES,WASATCH,KOKANEE,200925,3.17,4/16/2026,2026
STRAWBERRY RES,WASATCH,CUTTHROAT,9854,7.32,4/22/2026,2026
STRAWBERRY RES,WASATCH,CUTTHROAT,7967,7.49,4/23/2026,2026
STRAWBERRY RES,WASATCH,CUTTHROAT,1661,7.84,4/23/2026,2026
STRAWBERRY RES,WASATCH,KOKANEE,45510,2.95,4/29/2026,2026
STRAWBERRY RES,WASATCH,CUTTHROAT,11072,7.54,5/6/2026,2026
STRAWBERRY RES,WASATCH,RAINBOW,22410,10.57,5/26/2026,2026
STRAWBERRY RES,WASATCH,RAINBOW,2160,10.57,5/27/2026,2026
STRAWBERRY RES,WASATCH,RAINBOW,5496,11.16,6/8/2026,2026
STRAWBERRY RES,WASATCH,RAINBOW,14386,11.16,6/9/2026,2026
STRAWBERRY RES,WASATCH,RAINBOW,54044,11.16,6/9/2026,2026
STRAWBERRY RES,WASATCH,RAINBOW,9412,9.87,6/15/2026,2026
STRAWBERRY RES,WASATCH,RAINBOW,5580,10.03,6/15/2026,2026
STRAWBERRY RES,WASATCH,RAINBOW,3510,9.87,6/15/2026,2026
STRAWBERRY RES,WASATCH,RAINBOW,9015,10.03,6/15/2026,2026
STRAWBERRY RES,WASATCH,RAINBOW,9516,9.87,6/16/2026,2026
STRAWBERRY RES,WASATCH,RAINBOW,1300,9.87,6/16/2026,2026
STRAWBERRY RES,WASATCH,RAINBOW,5889,9.87,6/16/2026,2026
STRAWBERRY RES,WASATCH,RAINBOW,3510,9.87,6/16/2026,2026
SUNSET POND,SALT LAKE,RAINBOW,251,9.46,3/16/2026,2026
SUNSET POND,SALT LAKE,RAINBOW,251,9.69,3/19/2026,2026
SUNSET POND,SALT LAKE,RAINBOW,90,14.94,3/19/2026,2026
SUNSET POND,SALT LAKE,RAINBOW,10,18.74,3/19/2026,2026
SUNSET POND,SALT LAKE,RAINBOW,251,9.46,4/3/2026,2026
SUNSET POND,SALT LAKE,RAINBOW,250,9.69,4/7/2026,2026
SUNSET POND,SALT LAKE,RAINBOW,251,9.64,4/13/2026,2026
SUNSET POND,SALT LAKE,RAINBOW,250,9.43,4/23/2026,2026
SUNSET POND,SALT LAKE,RAINBOW,248,9.69,4/27/2026,2026
SUNSET POND,SALT LAKE,RAINBOW,251,9.46,5/27/2026,2026
SURVEYORS L BTN,GARFIELD,TIGER TROUT,53,2.87,7/13/2026,2026
SURVEYORS L BTN,GARFIELD,BROOK TROUT,247,2.77,7/13/2026,2026
TALL FOUR RES,GARFIELD,CUTTHROAT,107,2.37,8/18/2026,2026
TAMARACK L GR-2,SUMMIT,CUTTHROAT,8230,1.84,7/15/2026,2026
TAMARACK L GR-2,SUMMIT,CUTTHROAT,3806,1.98,7/15/2026,2026
TEAL SP,BOX ELDER,RAINBOW,500,10.4,5/11/2026,2026
TEAPOT L A-60,SUMMIT,TIGER TROUT,348,9.89,6/3/2026,2026
TEAPOT L A-60,SUMMIT,RAINBOW,240,10.14,6/8/2026,2026
TEAPOT L A-60,SUMMIT,RAINBOW,312,10.14,6/8/2026,2026
TEAPOT L A-60,SUMMIT,RAINBOW,502,9.82,6/24/2026,2026
TEAPOT L A-60,SUMMIT,BROOK TROUT,496,2.99,6/24/2026,2026
TEAPOT L A-60,SUMMIT,RAINBOW,499,10.5,6/29/2026,2026
TEAPOT L A-60,SUMMIT,TIGER TROUT,351,11.67,7/14/2026,2026
TEAPOT L A-60,SUMMIT,RAINBOW,500,10.77,7/16/2026,2026
TEAPOT L A-60,SUMMIT,RAINBOW,499,10.5,8/3/2026,2026
TEAPOT L A-60,SUMMIT,RAINBOW,500,10.77,8/17/2026,2026
"TEEPEE L,LOWER GR-29",DAGGETT,CUTTHROAT,403,1.98,7/15/2026,2026
"TEEPEE L,UPPER GR-30",DAGGETT,TIGER TROUT,600,3.19,7/25/2026,2026
THISTLE CR,UTAH,BROWN TROUT,2000,3.8,5/21/2026,2026
THOMPSON L RC-8,DUCHESNE,BROOK TROUT,1400,3.03,7/24/2026,2026
TIBBLE FK RES,UTAH,RAINBOW,500,10.53,4/22/2026,2026
TIBBLE FK RES,UTAH,RAINBOW,999,10.7,4/22/2026,2026
TIBBLE FK RES,UTAH,RAINBOW,504,11.02,5/6/2026,2026
TIBBLE FK RES,UTAH,RAINBOW,1000,10.33,5/6/2026,2026
TIBBLE FK RES,UTAH,RAINBOW,502,11.02,5/12/2026,2026
TIBBLE FK RES,UTAH,RAINBOW,1000,10.33,5/12/2026,2026
TIBBLE FK RES,UTAH,RAINBOW,1501,11.16,6/2/2026,2026
TIBBLE FK RES,UTAH,RAINBOW,1198,11.15,6/11/2026,2026
TIBBLE FK RES,UTAH,RAINBOW,490,11.22,6/11/2026,2026
TIBBLE FK RES,UTAH,RAINBOW,1206,11.22,6/29/2026,2026
TIBBLE FK RES,UTAH,RAINBOW,1201,11.22,7/13/2026,2026
TIBBLE FK RES,UTAH,RAINBOW,1001,11.93,8/4/2026,2026
TIDWELL RES,SEVIER,RAINBOW,312,3.72,5/11/2026,2026
TIDWELL RES,SEVIER,BROOK TROUT,76,3.1,8/4/2026,2026
"TIMOTHY L, EAST X-16",DUCHESNE,BROOK TROUT,1006,3.52,7/20/2026,2026
"TIMOTHY L, WEST X-19",DUCHESNE,BROOK TROUT,2255,3.52,7/20/2026,2026
TONY GROVE L,CACHE,RAINBOW,1000,11.12,6/11/2026,2026
TONY GROVE L,CACHE,RAINBOW,1000,10.96,6/30/2026,2026
TONY GROVE L,CACHE,RAINBOW,1000,11.7,7/20/2026,2026
TONY GROVE L,CACHE,RAINBOW,1248,12.88,7/22/2026,2026
"TOWA P, UPPER",WASHINGTON,RAINBOW,618,9.9,1/6/2026,2026
"TOWA P, UPPER",WASHINGTON,RAINBOW,660,9.68,1/20/2026,2026
"TOWA P, UPPER",WASHINGTON,RAINBOW,636,10.42,2/3/2026,2026
"TOWA P, UPPER",WASHINGTON,RAINBOW,579,10.75,2/12/2026,2026
"TOWA P, UPPER",WASHINGTON,RAINBOW,102,14,3/26/2026,2026
"TOWA P, UPPER",WASHINGTON,RAINBOW,301,11.19,3/26/2026,2026
TOWA P. LOWER,WASHINGTON,RAINBOW,371,9.9,1/6/2026,2026
TOWA P. LOWER,WASHINGTON,RAINBOW,396,9.68,1/20/2026,2026
TOWA P. LOWER,WASHINGTON,RAINBOW,371,10.42,2/3/2026,2026
TOWA P. LOWER,WASHINGTON,RAINBOW,338,10.75,2/12/2026,2026
TOWNE RES,SANPETE,RAINBOW,2006,9.03,5/20/2026,2026
TRIAL L A-61,SUMMIT,RAINBOW,1028,10.14,6/1/2026,2026
TRIAL L A-61,SUMMIT,RAINBOW,677,10.14,6/1/2026,2026
TRIAL L A-61,SUMMIT,TIGER TROUT,1003,9.89,6/3/2026,2026
TRIAL L A-61,SUMMIT,RAINBOW,1502,9.75,6/16/2026,2026
TRIAL L A-61,SUMMIT,BROOK TROUT,2001,2.99,6/24/2026,2026
TRIAL L A-61,SUMMIT,RAINBOW,1499,10.5,6/29/2026,2026
TRIAL L A-61,SUMMIT,TIGER TROUT,504,11.67,7/14/2026,2026
TRIAL L A-61,SUMMIT,RAINBOW,1500,10.77,7/15/2026,2026
TRIAL L A-61,SUMMIT,RAINBOW,1501,10.98,7/29/2026,2026
TRIAL L A-61,SUMMIT,RAINBOW,1500,10.77,8/10/2026,2026
TRIDENT L A-41,SUMMIT,BROOK TROUT,100,3.03,7/23/2026,2026
TROPIC RES,GARFIELD,RAINBOW,2016,9.59,4/20/2026,2026
TROPIC RES,GARFIELD,TIGER TROUT,1999,9.34,5/7/2026,2026
TULE L,GARFIELD,BROOK TROUT,149,2.93,7/13/2026,2026
TWIN L,SANPETE,RAINBOW,1003,9.03,5/20/2026,2026
TWIN L,SANPETE,TIGER TROUT,392,3.71,6/24/2026,2026
TWIN L,SALT LAKE,CUTTHROAT,4016,2.04,7/22/2026,2026
"TWIN L, LOWER A-33",SUMMIT,TIGER TROUT,300,3.19,7/25/2026,2026
"TWIN L, UPPER A-32",SUMMIT,BROOK TROUT,450,3.03,7/23/2026,2026
TWOMILE CR,SAN JUAN,CUTTHROAT,3449,1.53,6/24/2026,2026
U M CR,SEVIER,TIGER TROUT,101,3.37,8/11/2026,2026
UINTA POND,DUCHESNE,RAINBOW,502,10.53,5/20/2026,2026
UINTA POND,DUCHESNE,BROOK TROUT,100,3.18,5/31/2026,2026
UINTA POND,DUCHESNE,RAINBOW,500,11.14,5/31/2026,2026
UINTA R,DUCHESNE,RAINBOW,803,10.53,5/20/2026,2026
UINTA R,DUCHESNE,RAINBOW,801,11.54,7/3/2026,2026
UINTA R,DUCHESNE,RAINBOW,676,11.54,7/14/2026,2026
UPPER BELLS RES,SALT LAKE,CUTTHROAT,3012,2.04,7/22/2026,2026
UPPER STILLWATER RES,DUCHESNE,BROOK TROUT,3004,3.12,6/2/2026,2026
UPPER STILLWATER RES,DUCHESNE,BROOK TROUT,7319,3.45,7/16/2026,2026
UPPER WPA,SANPETE,BROOK TROUT,463,2.71,6/30/2026,2026
UPPER WPA,SANPETE,TIGER TROUT,502,2.71,6/30/2026,2026
UTAH L,UTAH,SUCKER,21575,11.26,6/17/2026,2026
UTAH L,UTAH,SUCKER,1315,11.26,6/17/2026,2026
VERNON CR RES,TOOELE,RAINBOW,494,10.28,3/16/2026,2026
VERNON CR RES,TOOELE,RAINBOW,494,10.28,3/16/2026,2026
VERNON CR RES,TOOELE,RAINBOW,2006,11.37,5/13/2026,2026
VERNON CR RES,TOOELE,RAINBOW,999,9.81,6/8/2026,2026
VERNON CR RES,TOOELE,RAINBOW,994,9.81,6/10/2026,2026
VIC'S POND,SANPETE,BROOK TROUT,125,2.71,6/30/2026,2026
"VIRGIN R, E FK",KANE,TIGER TROUT,1495,9.6,4/27/2026,2026
"VIRGIN R, E FK",KANE,TIGER TROUT,1028,10.1,5/21/2026,2026
VIRGINR RIVER PARK POND,WASHINGTON,RAINBOW,309,9.9,1/6/2026,2026
VIRGINR RIVER PARK POND,WASHINGTON,RAINBOW,330,9.68,1/20/2026,2026
VIRGINR RIVER PARK POND,WASHINGTON,RAINBOW,265,10.42,2/3/2026,2026
VIRGINR RIVER PARK POND,WASHINGTON,RAINBOW,193,10.75,2/13/2026,2026
VIRGINR RIVER PARK POND,WASHINGTON,RAINBOW,301,10.85,3/30/2026,2026
VIRGINR RIVER PARK POND,WASHINGTON,RAINBOW,324,14.56,3/30/2026,2026
VIVIAN PARK P,UTAH,RAINBOW,351,10.09,4/13/2026,2026
VIVIAN PARK P,UTAH,RAINBOW,351,10.09,4/20/2026,2026
VIVIAN PARK P,UTAH,RAINBOW,203,10.33,5/6/2026,2026
VIVIAN PARK P,UTAH,RAINBOW,798,10.33,5/14/2026,2026
VIVIAN PARK P,UTAH,RAINBOW,203,10.32,6/22/2026,2026
VIVIAN PARK P,UTAH,RAINBOW,200,11.22,7/13/2026,2026
VIVIAN PARK P,UTAH,RAINBOW,425,10.78,7/27/2026,2026
WALL L A-29,SUMMIT,TIGER TROUT,1850,3.19,7/25/2026,2026
WARNER L,GRAND,RAINBOW,1040,10.12,5/27/2026,2026
WARNER L,GRAND,RAINBOW,564,10.54,7/1/2026,2026
WASATCH MTN STATE PARK P,WASATCH,RAINBOW,500,9.27,3/25/2026,2026
WASATCH MTN STATE PARK P,WASATCH,RAINBOW,500,10.09,4/21/2026,2026
WASATCH MTN STATE PARK P,WASATCH,RAINBOW,602,10.33,5/7/2026,2026
WASATCH MTN STATE PARK P,WASATCH,RAINBOW,602,10.33,5/12/2026,2026
WASATCH MTN STATE PARK P,WASATCH,RAINBOW,1202,10.57,6/1/2026,2026
WASATCH MTN STATE PARK P,WASATCH,RAINBOW,513,10.57,6/10/2026,2026
WASATCH MTN STATE PARK P,WASATCH,RAINBOW,500,11.49,6/17/2026,2026
WASATCH MTN STATE PARK P,WASATCH,RAINBOW,499,11.22,6/22/2026,2026
WASATCH MTN STATE PARK P,WASATCH,RAINBOW,504,11.22,6/30/2026,2026
WASATCH MTN STATE PARK P,WASATCH,RAINBOW,500,11.16,7/6/2026,2026
WASHINGTON L A-23,SUMMIT,TIGER TROUT,502,9.89,6/3/2026,2026
WASHINGTON L A-23,SUMMIT,RAINBOW,1500,10.14,6/8/2026,2026
WASHINGTON L A-23,SUMMIT,BROOK TROUT,2001,2.99,6/24/2026,2026
WASHINGTON L A-23,SUMMIT,RAINBOW,1505,9.82,6/24/2026,2026
WASHINGTON L A-23,SUMMIT,RAINBOW,1499,10.5,6/29/2026,2026
WASHINGTON L A-23,SUMMIT,TIGER TROUT,504,11.67,7/14/2026,2026
WASHINGTON L A-23,SUMMIT,RAINBOW,600,10.77,7/15/2026,2026
WATSON L A-27,SUMMIT,BROOK TROUT,300,3.03,7/23/2026,2026
WEAVER RES,GRAND,CUTTHROAT,2008,5.89,6/17/2026,2026
WEBER R,WEBER,RAINBOW,666,10.9,6/18/2026,2026
WEBER R,SUMMIT,RAINBOW,100,9.82,6/23/2026,2026
WEBER R,SUMMIT,RAINBOW,100,9.82,6/23/2026,2026
WEBER R,SUMMIT,RAINBOW,100,9.82,6/23/2026,2026
WEBER R,WEBER,RAINBOW,668,10.96,7/6/2026,2026
WEBER R,SUMMIT,RAINBOW,76,10.98,7/13/2026,2026
WEBER R,SUMMIT,RAINBOW,76,10.98,7/13/2026,2026
WEBER R,SUMMIT,RAINBOW,76,10.98,7/13/2026,2026
WEBER R,SUMMIT,RAINBOW,76,10.77,8/17/2026,2026
WEBER R,SUMMIT,RAINBOW,76,10.77,8/17/2026,2026
WEBER R,SUMMIT,RAINBOW,76,10.77,8/17/2026,2026
WEIR L A-50,SUMMIT,BROOK TROUT,1000,3.03,7/23/2026,2026
WELLSVILLE RES,CACHE,RAINBOW,325,17.1,3/13/2026,2026
WELLSVILLE RES,CACHE,RAINBOW,1111,9.32,4/14/2026,2026
WELLSVILLE RES,CACHE,RAINBOW,930,9.91,4/28/2026,2026
WELLSVILLE RES,CACHE,RAINBOW,925,10.77,5/11/2026,2026
WELLSVILLE RES,CACHE,RAINBOW,740,10.83,6/1/2026,2026
WEST JORDAN BIG BEND,SALT LAKE,RAINBOW,499,9.55,5/5/2026,2026
WEYMAN CR,DAGGETT,CUTTHROAT,749,3.54,8/4/2026,2026
WHITE MILLER L X-54,DUCHESNE,BROOK TROUT,1100,3.52,7/20/2026,2026
WHITE PINE L,SALT LAKE,CUTTHROAT,3012,2.04,7/22/2026,2026
WHITNEY RES,SUMMIT,RAINBOW,2650,10.14,6/10/2026,2026
WHITNEY RES,SUMMIT,RAINBOW,2503,9.82,6/25/2026,2026
WHITNEY RES,SUMMIT,RAINBOW,2499,10.98,7/9/2026,2026
WILLARD BAY RES,BOX ELDER,WALLEYE,178868,0.19,3/30/2026,2026
WILLARD BAY RES,BOX ELDER,WALLEYE,215654,0.19,3/30/2026,2026
WILLARD BAY RES,BOX ELDER,WALLEYE,221151,0.19,3/30/2026,2026
WILLARD BAY RES,BOX ELDER,WALLEYE,72027,0.19,3/30/2026,2026
WILLARD BAY RES,BOX ELDER,WALLEYE,237542,0.31,4/5/2026,2026
WILLARD BAY RES,BOX ELDER,WALLEYE,950405,0.31,4/6/2026,2026
WILLARD BAY RES,BOX ELDER,WALLEYE,95701,0.31,4/7/2026,2026
WILLARD BAY RES,BOX ELDER,WIPER,700,7.63,5/11/2026,2026
WILLARD BAY RES,BOX ELDER,WIPER,1060,7.48,5/11/2026,2026
WILLARD BAY RES,BOX ELDER,WIPER,1058,7.79,5/11/2026,2026
WILLARD BAY RES,BOX ELDER,WIPER,219200,0.3,6/9/2026,2026
WILLARD BAY RES,BOX ELDER,WIPER,2612,9.98,6/18/2026,2026
WILLARD BAY RES,BOX ELDER,WIPER,3480,0.33,7/7/2026,2026
WILLOW CREEK POND,UTAH,RAINBOW,499,9.46,3/10/2026,2026
WILLOW CREEK POND,UTAH,RAINBOW,499,9.46,3/16/2026,2026
WILLOW CREEK POND,UTAH,RAINBOW,1001,9.69,4/7/2026,2026
WILLOW CREEK POND,UTAH,RAINBOW,1001,9.43,4/23/2026,2026
WILLOW CREEK POND,UTAH,RAINBOW,499,9.55,5/5/2026,2026
WILLOW CREEK POND,UTAH,WALLEYE,391,4.58,7/14/2026,2026
WILLOW L,SANPETE,RAINBOW,998,10.6,5/27/2026,2026
WILLOW L,SANPETE,TIGER TROUT,2968,3.71,6/24/2026,2026
WILLOW L,SANPETE,RAINBOW,999,10.44,6/24/2026,2026
WILLOW PARK PND,SALT LAKE,BROOK TROUT,291,15.92,1/21/2026,2026
WILLOW PARK PND,SALT LAKE,RAINBOW,339,10.44,3/10/2026,2026
WILLOW PARK PND,SALT LAKE,RAINBOW,339,10.44,3/16/2026,2026
WILLOW PARK PND,SALT LAKE,RAINBOW,38,18.74,3/19/2026,2026
WILLOW PARK PND,SALT LAKE,RAINBOW,263,14.94,3/19/2026,2026
WILLOW PARK PND,SALT LAKE,TIGER TROUT,1344,8.79,3/31/2026,2026
WILLOW PARK PND,SALT LAKE,TIGER TROUT,3150,8.79,3/31/2026,2026
WILLOW PARK PND,SALT LAKE,RAINBOW,339,9.46,4/3/2026,2026
WILLOW PARK PND,SALT LAKE,RAINBOW,338,10.77,4/8/2026,2026
WILLOW PARK PND,SALT LAKE,RAINBOW,339,10.44,4/13/2026,2026
WILLOW PARK PND,SALT LAKE,TIGER TROUT,893,9.35,4/15/2026,2026
WILLOW PARK PND,SALT LAKE,RAINBOW,339,10.44,4/23/2026,2026
WILLOW PARK PND,SALT LAKE,RAINBOW,338,10.77,5/4/2026,2026
WILLOW PARK PND,SALT LAKE,TIGER TROUT,992,9.73,5/7/2026,2026
WILLOW PARK PND,SALT LAKE,RAINBOW,338,11.26,5/12/2026,2026
WILLOW PARK PND,SALT LAKE,RAINBOW,338,11.86,5/19/2026,2026
WILLOW PARK PND,SALT LAKE,RAINBOW,338,11.86,5/26/2026,2026
WILLOW PARK PND,SALT LAKE,RAINBOW,338,11.86,6/1/2026,2026
WILLOW PARK PND,SALT LAKE,RAINBOW,500,10.77,6/5/2026,2026
WILLOW PARK PND,SALT LAKE,TIGER TROUT,500,10.09,6/9/2026,2026
WILLOW SPRING POND,WASHINGTON,RAINBOW,600,9.37,2/19/2026,2026
WILLOW SPRING POND,WASHINGTON,RAINBOW,401,10.09,4/8/2026,2026
WILLOW SPRING POND,WASHINGTON,TIGER TROUT,500,10.19,5/22/2026,2026
WILLOW SPRING POND,WASHINGTON,CHANNEL CATFISH,375,6.8,6/8/2026,2026
WOODS POND,IRON,RAINBOW,284,8.58,5/8/2026,2026
WOODS POND,IRON,RAINBOW,360,9.03,5/21/2026,2026
WOODS POND,IRON,RAINBOW,295,9.65,6/3/2026,2026
WOODS POND,IRON,RAINBOW,286,9.75,6/16/2026,2026
WOODS POND,IRON,RAINBOW,143,9.74,7/1/2026,2026
WOODS POND,IRON,RAINBOW,141,9.8,7/1/2026,2026
WOODS POND,IRON,RAINBOW,203,9.94,7/23/2026,2026
"WPA POND, UPPER",SANPETE,RAINBOW,154,10.44,7/1/2026,2026
"WPA POND, UPPER",SANPETE,RAINBOW,1650,10.44,7/1/2026,2026
WR-37,DUCHESNE,BROOK TROUT,300,3.51,7/15/2026,2026
WRIGLEY SPRING RES,EMERY,RAINBOW,998,10.6,5/27/2026,2026
WRIGLEY SPRING RES,EMERY,TIGER TROUT,2016,3.71,6/24/2026,2026
WRIGLEY SPRING RES,EMERY,RAINBOW,748,10.44,6/24/2026,2026
X- 86,DUCHESNE,BROOK TROUT,698,3.52,7/20/2026,2026
Y-20,DUCHESNE,BROOK TROUT,302,3.52,7/20/2026,2026
YANKEE MEADOW RES,IRON,RAINBOW,1040,9.83,4/22/2026,2026
YANKEE MEADOW RES,IRON,RAINBOW,5016,3.19,5/5/2026,2026
YANKEE MEADOW RES,IRON,BROOK TROUT,1996,2.77,7/14/2026,2026
YEARNS RES,SANPETE,TIGER TROUT,999,8.59,4/21/2026,2026
YEARNS RES,SANPETE,RAINBOW,999,9.75,4/21/2026,2026
YEARNS RES,SANPETE,RAINBOW,1000,10,5/12/2026,2026
YEARNS RES,SANPETE,TIGER TROUT,504,9.26,5/12/2026,2026
YEARNS RES,SANPETE,RAINBOW,1003,9.03,5/20/2026,2026
YEARNS RES,SANPETE,TIGER TROUT,359,10.12,6/1/2026,2026
YEARNS RES,SANPETE,RAINBOW,903,9.9,6/1/2026,2026
YELLOW LAKE NCL,GARFIELD,TIGER TROUT,53,2.87,7/13/2026,2026
YELLOW LAKE NCL,GARFIELD,BROOK TROUT,80,2.93,7/13/2026,2026
"YELLOWPINE,LOWER W66",SUMMIT,BROOK TROUT,200,3.03,7/23/2026,2026
"YELLOWPINE,UPPER W65",SUMMIT,BROOK TROUT,300,3.03,7/23/2026,2026
YELLOWSTONE R,DUCHESNE,RAINBOW,750,11.05,6/8/2026,2026
YELLOWSTONE R,DUCHESNE,RAINBOW,765,11.91,7/2/2026,2026
YELLOWSTONE R,DUCHESNE,RAINBOW,484,12.26,7/13/2026,2026
YUBA RES (SEVIER BRG,JUAB,MUSKIE TIGER,4000,1.98,4/22/2026,2026
YUBA RES (SEVIER BRG,JUAB,WALLEYE,17483,2.39,6/8/2026,2026
YUBA RES (SEVIER BRG,JUAB,WALLEYE,16625,2.41,6/8/2026,2026
YUBA RES (SEVIER BRG,JUAB,WALLEYE,26375,2.51,6/9/2026,2026
YUBA RES (SEVIER BRG,JUAB,WALLEYE,7356,2.71,6/10/2026,2026
